#VRML V2.0 utf8
# 3D model generated by easyeda2kicad.py (https://github.com/uPesy/easyeda2kicad.py)

Shape{
    appearance Appearance {
        material  Material 	{
            diffuseColor 0.39215686274509803 0.34509803921568627 0.47058823529411764
            specularColor 0.19607843137254902 0.17254901960784313 0.23529411764705882
            ambientIntensity 0.3735
            transparency 0.0
            shininess 0.5
        }
    }
    geometry IndexedFaceSet {
        ccw TRUE
        solid FALSE
        coord DEF co Coordinate {
            point [
                0.9803 0.4213 0.0197, 0.9803 0.441 0.0197, 0.9843 0.4409 0.0197, 0.9803 -0.0787 0.0197, 0.9803 -0.059 0.0197, 0.9843 -0.0591 0.0197, 0.3665 -0.0737 0.0197, 0.3661 -0.0675 0.0197, 0.3665 -0.0256 0.0197, 0.3599 -0.0448 0.0197, 0.3335 -0.0448 0.0197, 0.3461 -0.0909 0.0197, 0.1983 -0.0483 0.0197, 0.343 -0.0669 0.0197, 0.2003 -0.0448 0.0197, 0.1685 -0.208 0.0197, 0.1181 -0.4685 0.0197, -0.1181 -0.4685 0.0197, -0.9803 -0.3425 0.0197, -0.9803 -0.3623 0.0197, -0.9843 -0.3622 0.0197, -0.0983 -0.9409 0.0197, -0.0984 -0.9449 0.0197, -0.1181 -0.9409 0.0197, -0.8661 -0.9449 0.0197, 0.1685 -0.3088 0.0197, 0.3653 -0.3088 0.0197, 0.1181 -0.9409 0.0197, 0.3439 -0.1102 0.0197, 0.3387 -0.1249 0.0197, 0.3293 -0.1389 0.0197, 0.3161 -0.1507 0.0197, 0.3009 -0.1587 0.0197, 0.2796 -0.1639 0.0197, 0.2648 -0.1648 0.0197, 0.2435 -0.1628 0.0197, 0.2266 -0.1575 0.0197, 0.1877 -0.0953 0.0197, 0.2032 -0.1401 0.0197, 0.1897 -0.1136 0.0197, 0.195 -0.128 0.0197, 0.2129 -0.1493 0.0197, 0.1906 -0.0692 0.0197, 0.1787 -0.0448 0.0197, 0.1855 -0.1584 0.0197, 0.1901 -0.208 0.0197, 0.1752 -0.1424 0.0197, 0.1686 -0.1232 0.0197, -0.9803 -0.5787 0.0197, -0.5079 -0.5787 0.0197, -0.5079 -0.3425 0.0197, 0.3135 -0.1808 0.0197, 0.3319 -0.1693 0.0197, 0.3653 -0.2824 0.0197, 0.3485 -0.1522 0.0197, 0.3593 -0.1338 0.0197, 0.1701 -0.0657 0.0197, -0.5079 -0.0256 0.0197, 0.1662 -0.0935 0.0197, -0.9684 -0.8858 0.0197, -0.9802 -0.8573 0.0197, -0.9843 -0.8268 0.0197, -0.9843 -0.5591 0.0197, -0.9803 -0.559 0.0197, -0.9843 -0.0591 0.0197, -0.9803 -0.059 0.0197, -0.9803 -0.0787 0.0197, -0.5079 -0.0787 0.0197, 0.2012 -0.1731 0.0197, 0.22 -0.1835 0.0197, 0.1901 -0.2824 0.0197, 0.3659 -0.1122 0.0197, 0.3665 -0.1048 0.0197, 0.3665 -0.9449 0.0197, 0.0984 -0.9449 0.0197, 0.0983 -0.9409 0.0197, 0.1661 -0.0989 0.0197, -0.8967 -0.9409 0.0197, -0.9252 -0.9291 0.0197, -0.9497 -0.9103 0.0197, 0.2408 -0.1894 0.0197, 0.2632 -0.1912 0.0197, 0.2911 -0.1884 0.0197, 0.9803 -0.5787 0.0197, 0.9803 -0.559 0.0197, 0.9843 -0.5591 0.0197, 0.9843 -0.3622 0.0197, 0.9803 -0.3623 0.0197, 0.9803 -0.3425 0.0197, 0.5079 -0.0787 0.0197, 0.5079 -0.3425 0.0197, 0.8967 -0.9409 0.0197, 0.8661 -0.9449 0.0197, 0.9843 -0.8268 0.0197, 0.5079 -0.5787 0.0197, 0.9802 -0.8573 0.0197, 0.9684 -0.8858 0.0197, 0.9252 -0.9291 0.0197, 0.9497 -0.9103 0.0197, 0.1685 0.3393 0.0197, 0.1685 0.3105 0.0197, 0.1181 0.2323 0.0197, 0.1685 0.4594 0.0197, 0.2237 0.4394 0.0197, 0.2237 0.3581 0.0197, -0.9803 0.1575 0.0197, -0.9803 0.1377 0.0197, -0.9843 0.1378 0.0197, 0.1901 0.0993 0.0197, 0.1685 0.0993 0.0197, 0.1685 0.1377 0.0197, 0.3653 -0.0064 0.0197, 0.3653 0.0945 0.0197, 0.1685 -0.0064 0.0197, -0.9843 0.4409 0.0197, -0.9803 0.441 0.0197, -0.9803 0.4213 0.0197, -0.5079 0.1575 0.0197, -0.5079 0.4213 0.0197, -0.5079 0.6575 0.0197, 0.2224 0.2863 0.0197, 0.0983 1.0197 0.0197, 0.0984 1.0236 0.0197, 0.1181 1.0197 0.0197, 0.3665 1.0236 0.0197, 0.3437 0.0201 0.0197, 0.2789 0.0201 0.0197, 0.3437 0.0945 0.0197, 0.2789 0.0897 0.0197, 0.2573 0.0897 0.0197, 0.2573 0.0201 0.0197, 0.1901 0.0201 0.0197, 0.1685 0.4882 0.0197, 0.3653 0.4114 0.0197, 0.3623 0.2217 0.0197, 0.3542 0.2447 0.0197, 0.3653 0.3849 0.0197, 0.3187 0.2838 0.0197, 0.2995 0.2921 0.0197, 0.3653 0.1377 0.0197, -0.9684 0.9646 0.0197, -0.9497 0.989 0.0197, -0.9252 1.0078 0.0197, 0.2048 0.275 0.0197, 0.1893 0.2588 0.0197, 0.1774 0.2382 0.0197, -0.9803 0.6377 0.0197, -0.9843 0.6378 0.0197, -0.9803 0.6575 0.0197, -0.9843 0.9055 0.0197, -0.9802 0.9361 0.0197, -0.8967 1.0196 0.0197, -0.8661 1.0236 0.0197, 0.1706 0.2156 0.0197, 0.1685 0.1912 0.0197, 0.0787 0.2323 0.0197, 0.3415 0.2642 0.0197, 0.3344 0.2719 0.0197, -0.1181 0.4291 0.0197, -0.1181 1.0197 0.0197, -0.0984 1.0236 0.0197, -0.0983 1.0197 0.0197, 0.279 0.2958 0.0197, 0.2694 0.2961 0.0197, 0.243 0.2934 0.0197, 0.3653 0.1932 0.0197, 0.5079 0.6575 0.0197, 0.9803 0.6575 0.0197, 0.8661 1.0236 0.0197, 0.5079 0.4213 0.0197, 0.9684 0.9646 0.0197, 0.9802 0.9361 0.0197, 0.9843 0.9055 0.0197, 0.9843 0.6378 0.0197, 0.9803 0.6377 0.0197, 0.9843 0.1378 0.0197, 0.9803 0.1377 0.0197, 0.9803 0.1575 0.0197, 0.8967 1.0196 0.0197, 0.9252 1.0078 0.0197, 0.9497 0.989 0.0197, 0.3677 -0.0911 0.0197, 0.5079 -0.0256 0.0197, 0.5079 0.1575 0.0197, -0.9803 0.441 0.315, -0.9843 0.4409 0.4134, -0.9588 0.4443 0.315, -0.9713 0.4418 0.4141, -0.9588 0.4443 0.4162, -0.935 0.4541 0.315, -0.9537 0.4458 0.4174, -0.935 0.4541 0.4241, -0.9147 0.4698 0.315, -0.9252 0.4606 0.4292, -0.9147 0.4698 0.4361, -0.9007 0.4873 0.448, -0.899 0.4902 0.315, -0.8992 0.4903 0.4497, -0.8934 0.5015 0.456, -0.8892 0.5139 0.315, -0.8892 0.5139 0.4614, -0.887 0.5243 0.4645, -0.8858 0.5394 0.315, -0.8859 0.5352 0.4661, -0.8859 0.5394 0.4661, -0.8859 0.5426 0.4661, -0.8867 0.5524 0.4649, -0.8892 0.5648 0.315, -0.8892 0.5648 0.4614, -0.8934 0.5772 0.456, -0.899 0.5886 0.315, -0.899 0.5886 0.4497, -0.9009 0.591 0.4481, -0.9147 0.609 0.315, -0.9147 0.609 0.4361, -0.9252 0.6181 0.4292, -0.935 0.6246 0.315, -0.935 0.6246 0.4241, -0.9537 0.6329 0.4174, -0.9588 0.6344 0.315, -0.9803 0.6377 0.315, -0.9589 0.6341 0.4164, -0.9713 0.6369 0.4141, -0.9843 0.6378 0.4134, -0.9803 -0.059 0.315, -0.9843 -0.0591 0.4134, -0.9588 -0.0557 0.315, -0.9713 -0.0582 0.4141, -0.9588 -0.0557 0.4162, -0.935 -0.0459 0.315, -0.9537 -0.0542 0.4174, -0.935 -0.0459 0.4241, -0.9147 -0.0302 0.315, -0.9252 -0.0394 0.4292, -0.9147 -0.0302 0.4361, -0.9007 -0.0127 0.448, -0.899 -0.0098 0.315, -0.8992 -0.0097 0.4497, -0.8934 0.0015 0.456, -0.8892 0.0139 0.315, -0.8892 0.0139 0.4614, -0.887 0.0243 0.4645, -0.8858 0.0394 0.315, -0.8859 0.0352 0.4661, -0.8859 0.0394 0.4661, -0.8859 0.0426 0.4661, -0.8867 0.0524 0.4649, -0.8892 0.0648 0.315, -0.8892 0.0648 0.4614, -0.8934 0.0772 0.456, -0.899 0.0886 0.315, -0.899 0.0886 0.4497, -0.9009 0.091 0.4481, -0.9147 0.109 0.315, -0.9147 0.109 0.4361, -0.9252 0.1181 0.4292, -0.935 0.1246 0.315, -0.935 0.1246 0.4241, -0.9537 0.1329 0.4174, -0.9588 0.1344 0.315, -0.9803 0.1377 0.315, -0.9589 0.1341 0.4164, -0.9713 0.1369 0.4141, -0.9843 0.1378 0.4134, -0.9803 -0.559 0.315, -0.9843 -0.5591 0.4134, -0.9588 -0.5557 0.315, -0.9713 -0.5582 0.4141, -0.9588 -0.5557 0.4162, -0.935 -0.5459 0.315, -0.9537 -0.5542 0.4174, -0.935 -0.5459 0.4241, -0.9147 -0.5302 0.315, -0.9252 -0.5394 0.4292, -0.9147 -0.5302 0.4361, -0.9007 -0.5127 0.448, -0.899 -0.5098 0.315, -0.8992 -0.5097 0.4497, -0.8934 -0.4985 0.456, -0.8892 -0.4861 0.315, -0.8892 -0.4861 0.4614, -0.887 -0.4757 0.4645, -0.8858 -0.4606 0.315, -0.8859 -0.4648 0.4661, -0.8859 -0.4606 0.4661, -0.8859 -0.4574 0.4661, -0.8867 -0.4476 0.4649, -0.8892 -0.4352 0.315, -0.8892 -0.4352 0.4614, -0.8934 -0.4228 0.456, -0.899 -0.4114 0.315, -0.899 -0.4114 0.4497, -0.9009 -0.409 0.4481, -0.9147 -0.391 0.315, -0.9147 -0.391 0.4361, -0.9252 -0.3819 0.4292, -0.935 -0.3754 0.315, -0.935 -0.3754 0.4241, -0.9537 -0.3671 0.4174, -0.9588 -0.3656 0.315, -0.9803 -0.3623 0.315, -0.9589 -0.3659 0.4164, -0.9713 -0.3631 0.4141, -0.9843 -0.3622 0.4134, 0.9803 -0.3623 0.315, 0.9843 -0.3622 0.4134, 0.9588 -0.3656 0.315, 0.9713 -0.3631 0.4141, 0.9588 -0.3656 0.4162, 0.958 -0.3658 0.4164, 0.935 -0.3754 0.315, 0.9461 -0.3699 0.4197, 0.935 -0.3754 0.4241, 0.9147 -0.391 0.315, 0.933 -0.3766 0.4251, 0.9147 -0.391 0.4361, 0.9108 -0.396 0.4394, 0.899 -0.4114 0.315, 0.899 -0.4114 0.4497, 0.8919 -0.4266 0.4579, 0.8892 -0.4352 0.315, 0.8892 -0.4352 0.4614, 0.8867 -0.4476 0.4649, 0.8858 -0.4606 0.315, 0.8858 -0.4606 0.4662, 0.8867 -0.4737 0.4649, 0.8892 -0.4861 0.315, 0.8892 -0.4861 0.4614, 0.8919 -0.4947 0.4579, 0.899 -0.5098 0.315, 0.899 -0.5098 0.4497, 0.9108 -0.5252 0.4394, 0.9147 -0.5302 0.315, 0.9351 -0.5457 0.4242, 0.935 -0.5459 0.315, 0.933 -0.5447 0.4251, 0.9147 -0.5302 0.4361, 0.946 -0.5513 0.4197, 0.958 -0.5555 0.4163, 0.9588 -0.5557 0.315, 0.9803 -0.559 0.315, 0.9588 -0.5556 0.4162, 0.9713 -0.5582 0.4141, 0.9843 -0.5591 0.4134, 0.9803 0.1377 0.315, 0.9843 0.1378 0.4134, 0.9588 0.1344 0.315, 0.9713 0.1369 0.4141, 0.9588 0.1344 0.4162, 0.958 0.1342 0.4164, 0.935 0.1246 0.315, 0.9461 0.1301 0.4197, 0.935 0.1246 0.4241, 0.9147 0.109 0.315, 0.933 0.1234 0.4251, 0.9147 0.109 0.4361, 0.9108 0.104 0.4394, 0.899 0.0886 0.315, 0.899 0.0886 0.4497, 0.8919 0.0734 0.4579, 0.8892 0.0648 0.315, 0.8892 0.0648 0.4614, 0.8867 0.0524 0.4649, 0.8858 0.0394 0.315, 0.8858 0.0394 0.4662, 0.8867 0.0263 0.4649, 0.8892 0.0139 0.315, 0.8892 0.0139 0.4614, 0.8919 0.0053 0.4579, 0.899 -0.0098 0.315, 0.899 -0.0098 0.4497, 0.9108 -0.0252 0.4394, 0.9147 -0.0302 0.315, 0.9351 -0.0457 0.4242, 0.935 -0.0459 0.315, 0.933 -0.0447 0.4251, 0.9147 -0.0302 0.4361, 0.946 -0.0513 0.4197, 0.958 -0.0555 0.4163, 0.9588 -0.0557 0.315, 0.9803 -0.059 0.315, 0.9588 -0.0556 0.4162, 0.9713 -0.0582 0.4141, 0.9843 -0.0591 0.4134, 0.9803 0.6377 0.315, 0.9843 0.6378 0.4134, 0.9588 0.6344 0.315, 0.9713 0.6369 0.4141, 0.9588 0.6344 0.4162, 0.958 0.6342 0.4164, 0.935 0.6246 0.315, 0.9461 0.6301 0.4197, 0.935 0.6246 0.4241, 0.9147 0.609 0.315, 0.933 0.6234 0.4251, 0.9147 0.609 0.4361, 0.9108 0.604 0.4394, 0.899 0.5886 0.315, 0.899 0.5886 0.4497, 0.8919 0.5734 0.4579, 0.8892 0.5648 0.315, 0.8892 0.5648 0.4614, 0.8867 0.5524 0.4649, 0.8858 0.5394 0.315, 0.8858 0.5394 0.4662, 0.8867 0.5263 0.4649, 0.8892 0.5139 0.315, 0.8892 0.5139 0.4614, 0.8919 0.5053 0.4579, 0.899 0.4902 0.315, 0.899 0.4902 0.4497, 0.9108 0.4748 0.4394, 0.9147 0.4698 0.315, 0.9351 0.4543 0.4242, 0.935 0.4541 0.315, 0.933 0.4553 0.4251, 0.9147 0.4698 0.4361, 0.946 0.4487 0.4197, 0.958 0.4445 0.4163, 0.9588 0.4443 0.315, 0.9803 0.441 0.315, 0.9588 0.4444 0.4162, 0.9713 0.4418 0.4141, 0.9843 0.4409 0.4134, -0.0984 -0.9449 0.4134, -0.0983 -0.9409 0.315, -0.0976 -0.9319 0.4141, -0.0951 -0.9194 0.315, -0.0947 -0.9195 0.4164, -0.0936 -0.9143 0.4174, -0.0852 -0.8957 0.315, -0.0852 -0.8957 0.4241, -0.0787 -0.8858 0.4292, -0.0696 -0.8753 0.315, -0.0696 -0.8753 0.4361, -0.0516 -0.8615 0.4481, -0.0492 -0.8596 0.315, -0.0492 -0.8596 0.4497, -0.0379 -0.8541 0.456, -0.0255 -0.8498 0.315, -0.0255 -0.8498 0.4614, -0.0131 -0.8473 0.4649, 0.0 -0.8465 0.315, 0.0 -0.8465 0.4662, 0.0131 -0.8473 0.4649, 0.0255 -0.8498 0.315, 0.0255 -0.8498 0.4614, 0.0379 -0.854 0.456, 0.0492 -0.8596 0.315, 0.0491 -0.8598 0.4497, 0.0521 -0.8614 0.448, 0.0696 -0.8753 0.315, 0.0696 -0.8753 0.4361, 0.0852 -0.8957 0.315, 0.0951 -0.9194 0.315, 0.0951 -0.9194 0.4162, 0.0936 -0.9143 0.4174, 0.0852 -0.8957 0.4241, 0.0787 -0.8858 0.4292, 0.0983 -0.9409 0.315, 0.0984 -0.9449 0.4134, 0.0976 -0.932 0.4141, -0.0983 1.0197 0.315, -0.0984 1.0236 0.4134, -0.0951 0.9981 0.315, -0.0976 1.0107 0.4141, -0.0951 0.9981 0.4162, -0.0948 0.9974 0.4164, -0.0852 0.9744 0.315, -0.0907 0.9854 0.4197, -0.0852 0.9744 0.4241, -0.0696 0.954 0.315, -0.084 0.9724 0.4251, -0.0696 0.954 0.4361, -0.0646 0.9502 0.4394, -0.0492 0.9384 0.315, -0.0492 0.9384 0.4497, -0.0341 0.9313 0.4579, -0.0255 0.9286 0.315, -0.0255 0.9286 0.4614, -0.0131 0.9261 0.4649, 0.0 0.9252 0.315, 0.0 0.9252 0.4662, 0.0131 0.9261 0.4649, 0.0255 0.9286 0.315, 0.0255 0.9286 0.4614, 0.0341 0.9313 0.4579, 0.0492 0.9384 0.315, 0.0492 0.9384 0.4497, 0.0646 0.9502 0.4394, 0.0696 0.954 0.315, 0.0851 0.9745 0.4242, 0.0852 0.9744 0.315, 0.084 0.9724 0.4251, 0.0696 0.954 0.4361, 0.0907 0.9854 0.4197, 0.0949 0.9973 0.4163, 0.0951 0.9981 0.315, 0.0983 1.0197 0.315, 0.095 0.9982 0.4162, 0.0976 1.0107 0.4141, 0.0984 1.0236 0.4134, 0.9843 -0.8268 0.4134, 0.9843 -0.7087 0.4134, 0.8661 1.0236 0.4134, 0.748 1.0236 0.4134, -0.9843 0.9055 0.4134, -0.9843 0.7874 0.4134, -0.8661 -0.9449 0.4134, -0.748 -0.9449 0.4134, -0.785 -0.942 0.4134, -0.9843 -0.7087 0.4134, -0.9843 -0.8268 0.4134, -0.9813 -0.7456 0.4134, -0.9727 -0.7817 0.4134, -0.9585 -0.8159 0.4134, -0.9802 -0.8573 0.4134, -0.9391 -0.8475 0.4134, -0.9684 -0.8858 0.4134, -0.9151 -0.8757 0.4134, -0.9497 -0.9103 0.4134, -0.8869 -0.8998 0.4134, -0.821 -0.9333 0.4134, -0.8553 -0.9191 0.4134, -0.8967 -0.9409 0.4134, -0.9252 -0.9291 0.4134, -0.785 1.0207 0.4134, -0.748 1.0236 0.4134, -0.8661 1.0236 0.4134, -0.9391 0.9262 0.4134, -0.9151 0.9544 0.4134, -0.9497 0.989 0.4134, -0.9813 0.8244 0.4134, -0.9252 1.0078 0.4134, -0.8869 0.9785 0.4134, -0.8967 1.0196 0.4134, -0.8553 0.9979 0.4134, -0.821 1.0121 0.4134, -0.9727 0.8604 0.4134, -0.9585 0.8946 0.4134, -0.9802 0.9361 0.4134, -0.9684 0.9646 0.4134, 0.785 1.0207 0.4134, 0.9843 0.7874 0.4134, 0.9843 0.9055 0.4134, 0.9813 0.8244 0.4134, 0.9727 0.8604 0.4134, 0.9585 0.8946 0.4134, 0.9802 0.9361 0.4134, 0.9391 0.9262 0.4134, 0.9684 0.9646 0.4134, 0.9151 0.9544 0.4134, 0.9497 0.989 0.4134, 0.8869 0.9785 0.4134, 0.821 1.0121 0.4134, 0.8553 0.9979 0.4134, 0.8967 1.0196 0.4134, 0.9252 1.0078 0.4134, 0.785 -0.942 0.4134, 0.748 -0.9449 0.4134, 0.8661 -0.9449 0.4134, 0.9391 -0.8475 0.4134, 0.9151 -0.8757 0.4134, 0.9497 -0.9103 0.4134, 0.9813 -0.7456 0.4134, 0.9252 -0.9291 0.4134, 0.8869 -0.8998 0.4134, 0.8967 -0.9409 0.4134, 0.8553 -0.9191 0.4134, 0.821 -0.9333 0.4134, 0.9727 -0.7817 0.4134, 0.9585 -0.8159 0.4134, 0.9802 -0.8573 0.4134, 0.9684 -0.8858 0.4134
            ]
        }
        coordIndex [
            0,1,2,-1,3,4,5,-1,6,7,8,-1,8,7,9,-1,8,9,10,-1,11,12,13,-1,13,12,14,-1,15,16,17,-1,18,19,20,-1,21,22,23,-1,23,22,24,-1,15,25,16,-1,16,25,26,-1,16,26,27,-1,11,28,12,-1,12,28,29,-1,12,29,30,-1,30,31,12,-1,12,31,32,-1,12,32,33,-1,33,34,12,-1,12,34,35,-1,12,35,36,-1,37,38,39,-1,39,38,40,-1,36,41,12,-1,12,41,38,-1,12,38,42,-1,42,38,37,-1,43,8,14,-1,14,8,10,-1,14,10,13,-1,44,45,46,-1,46,45,47,-1,24,48,23,-1,23,48,49,-1,23,49,17,-1,17,49,50,-1,51,52,53,-1,53,52,54,-1,53,54,55,-1,43,56,57,-1,57,56,58,-1,59,60,24,-1,24,60,61,-1,24,61,48,-1,48,61,62,-1,48,62,63,-1,64,65,66,-1,20,64,18,-1,18,64,66,-1,18,66,50,-1,50,66,67,-1,50,67,17,-1,17,67,57,-1,17,57,15,-1,44,68,45,-1,45,68,69,-1,45,69,70,-1,55,71,53,-1,53,71,72,-1,53,72,26,-1,26,72,73,-1,26,73,27,-1,27,73,74,-1,27,74,75,-1,45,15,47,-1,47,15,57,-1,47,57,76,-1,76,57,58,-1,77,78,24,-1,24,78,79,-1,24,79,59,-1,69,80,70,-1,70,80,81,-1,70,81,53,-1,53,81,82,-1,53,82,51,-1,83,84,85,-1,86,87,88,-1,5,86,3,-1,3,86,88,-1,3,88,89,-1,89,88,90,-1,91,92,93,-1,85,93,83,-1,83,93,92,-1,83,92,94,-1,94,92,73,-1,94,73,90,-1,90,73,72,-1,90,72,89,-1,93,95,91,-1,91,95,96,-1,91,96,97,-1,97,96,98,-1,99,100,101,-1,102,103,104,-1,105,106,107,-1,108,109,110,-1,8,111,112,-1,43,57,8,-1,8,57,113,-1,8,113,111,-1,114,115,116,-1,107,114,105,-1,105,114,116,-1,105,116,117,-1,117,116,118,-1,57,117,113,-1,113,117,118,-1,113,118,109,-1,109,118,119,-1,101,100,120,-1,121,122,123,-1,123,122,124,-1,125,126,127,-1,127,126,128,-1,129,130,131,-1,104,99,102,-1,102,99,101,-1,102,101,132,-1,132,101,123,-1,132,123,133,-1,133,123,124,-1,134,135,136,-1,136,137,138,-1,131,108,129,-1,129,108,110,-1,129,110,128,-1,128,110,139,-1,128,139,127,-1,140,141,119,-1,119,141,142,-1,120,143,101,-1,101,143,144,-1,101,144,145,-1,146,147,148,-1,148,147,149,-1,148,149,119,-1,119,149,150,-1,119,150,140,-1,142,151,119,-1,119,151,152,-1,119,152,109,-1,145,153,101,-1,101,153,154,-1,101,154,155,-1,135,156,136,-1,136,156,157,-1,136,157,137,-1,154,110,155,-1,155,110,109,-1,155,109,158,-1,158,109,152,-1,158,152,159,-1,159,152,160,-1,159,160,161,-1,138,162,136,-1,136,162,163,-1,136,163,100,-1,100,163,164,-1,100,164,120,-1,134,136,165,-1,165,136,8,-1,165,8,139,-1,139,8,112,-1,139,112,127,-1,166,124,167,-1,167,124,168,-1,136,133,8,-1,8,133,124,-1,8,124,169,-1,169,124,166,-1,170,171,168,-1,168,171,172,-1,168,172,167,-1,167,172,173,-1,167,173,174,-1,175,176,177,-1,178,179,168,-1,168,179,180,-1,168,180,170,-1,72,181,89,-1,89,181,6,-1,89,6,182,-1,182,6,8,-1,182,8,183,-1,183,8,169,-1,183,169,177,-1,177,169,0,-1,177,0,175,-1,175,0,2,-1,115,114,184,-1,184,114,185,-1,184,185,186,-1,185,187,186,-1,186,187,188,-1,186,188,189,-1,188,190,189,-1,189,190,191,-1,189,191,192,-1,192,191,193,-1,193,194,192,-1,192,194,195,-1,192,195,196,-1,195,197,196,-1,196,197,198,-1,196,198,199,-1,198,200,199,-1,199,200,201,-1,199,201,202,-1,202,201,203,-1,202,203,204,-1,204,205,202,-1,202,205,206,-1,202,206,207,-1,206,208,207,-1,207,208,209,-1,207,209,210,-1,209,211,210,-1,210,211,212,-1,210,212,213,-1,212,214,213,-1,213,214,215,-1,213,215,216,-1,215,217,216,-1,216,217,218,-1,216,218,219,-1,147,146,220,-1,218,221,219,-1,219,221,222,-1,219,222,220,-1,220,222,223,-1,220,223,147,-1,65,64,224,-1,224,64,225,-1,224,225,226,-1,225,227,226,-1,226,227,228,-1,226,228,229,-1,228,230,229,-1,229,230,231,-1,229,231,232,-1,232,231,233,-1,233,234,232,-1,232,234,235,-1,232,235,236,-1,235,237,236,-1,236,237,238,-1,236,238,239,-1,238,240,239,-1,239,240,241,-1,239,241,242,-1,242,241,243,-1,242,243,244,-1,244,245,242,-1,242,245,246,-1,242,246,247,-1,246,248,247,-1,247,248,249,-1,247,249,250,-1,249,251,250,-1,250,251,252,-1,250,252,253,-1,252,254,253,-1,253,254,255,-1,253,255,256,-1,255,257,256,-1,256,257,258,-1,256,258,259,-1,107,106,260,-1,258,261,259,-1,259,261,262,-1,259,262,260,-1,260,262,263,-1,260,263,107,-1,63,62,264,-1,264,62,265,-1,264,265,266,-1,265,267,266,-1,266,267,268,-1,266,268,269,-1,268,270,269,-1,269,270,271,-1,269,271,272,-1,272,271,273,-1,273,274,272,-1,272,274,275,-1,272,275,276,-1,275,277,276,-1,276,277,278,-1,276,278,279,-1,278,280,279,-1,279,280,281,-1,279,281,282,-1,282,281,283,-1,282,283,284,-1,284,285,282,-1,282,285,286,-1,282,286,287,-1,286,288,287,-1,287,288,289,-1,287,289,290,-1,289,291,290,-1,290,291,292,-1,290,292,293,-1,292,294,293,-1,293,294,295,-1,293,295,296,-1,295,297,296,-1,296,297,298,-1,296,298,299,-1,20,19,300,-1,298,301,299,-1,299,301,302,-1,299,302,300,-1,300,302,303,-1,300,303,20,-1,87,86,304,-1,304,86,305,-1,304,305,306,-1,306,305,307,-1,307,308,306,-1,306,308,309,-1,306,309,310,-1,309,311,310,-1,310,311,312,-1,310,312,313,-1,313,312,314,-1,314,315,313,-1,313,315,316,-1,313,316,317,-1,316,318,317,-1,317,318,319,-1,317,319,320,-1,319,321,320,-1,320,321,322,-1,320,322,323,-1,322,324,323,-1,323,324,325,-1,323,325,326,-1,325,327,326,-1,326,327,328,-1,326,328,329,-1,328,330,329,-1,329,330,331,-1,329,331,332,-1,333,334,335,-1,335,334,332,-1,335,332,336,-1,336,332,331,-1,333,337,334,-1,334,337,338,-1,334,338,339,-1,85,84,340,-1,338,341,339,-1,339,341,342,-1,339,342,340,-1,340,342,343,-1,340,343,85,-1,176,175,344,-1,344,175,345,-1,344,345,346,-1,346,345,347,-1,347,348,346,-1,346,348,349,-1,346,349,350,-1,349,351,350,-1,350,351,352,-1,350,352,353,-1,353,352,354,-1,354,355,353,-1,353,355,356,-1,353,356,357,-1,356,358,357,-1,357,358,359,-1,357,359,360,-1,359,361,360,-1,360,361,362,-1,360,362,363,-1,362,364,363,-1,363,364,365,-1,363,365,366,-1,365,367,366,-1,366,367,368,-1,366,368,369,-1,368,370,369,-1,369,370,371,-1,369,371,372,-1,373,374,375,-1,375,374,372,-1,375,372,376,-1,376,372,371,-1,373,377,374,-1,374,377,378,-1,374,378,379,-1,5,4,380,-1,378,381,379,-1,379,381,382,-1,379,382,380,-1,380,382,383,-1,380,383,5,-1,174,173,384,-1,384,173,385,-1,384,385,386,-1,386,385,387,-1,387,388,386,-1,386,388,389,-1,386,389,390,-1,389,391,390,-1,390,391,392,-1,390,392,393,-1,393,392,394,-1,394,395,393,-1,393,395,396,-1,393,396,397,-1,396,398,397,-1,397,398,399,-1,397,399,400,-1,399,401,400,-1,400,401,402,-1,400,402,403,-1,402,404,403,-1,403,404,405,-1,403,405,406,-1,405,407,406,-1,406,407,408,-1,406,408,409,-1,408,410,409,-1,409,410,411,-1,409,411,412,-1,413,414,415,-1,415,414,412,-1,415,412,416,-1,416,412,411,-1,413,417,414,-1,414,417,418,-1,414,418,419,-1,2,1,420,-1,418,421,419,-1,419,421,422,-1,419,422,420,-1,420,422,423,-1,420,423,2,-1,424,22,425,-1,425,22,21,-1,424,425,426,-1,426,425,427,-1,426,427,428,-1,428,427,429,-1,429,427,430,-1,429,430,431,-1,431,430,432,-1,432,430,433,-1,432,433,434,-1,434,433,435,-1,435,433,436,-1,435,436,437,-1,437,436,438,-1,438,436,439,-1,438,439,440,-1,440,439,441,-1,441,439,442,-1,441,442,443,-1,443,442,444,-1,444,442,445,-1,444,445,446,-1,446,445,447,-1,447,445,448,-1,447,448,449,-1,449,448,450,-1,450,448,451,-1,450,451,452,-1,453,454,455,-1,455,456,453,-1,453,456,457,-1,453,457,451,-1,451,457,458,-1,451,458,452,-1,75,74,459,-1,459,74,460,-1,459,460,454,-1,454,460,461,-1,454,461,455,-1,161,160,462,-1,462,160,463,-1,462,463,464,-1,464,463,465,-1,465,466,464,-1,464,466,467,-1,464,467,468,-1,467,469,468,-1,468,469,470,-1,468,470,471,-1,471,470,472,-1,472,473,471,-1,471,473,474,-1,471,474,475,-1,474,476,475,-1,475,476,477,-1,475,477,478,-1,477,479,478,-1,478,479,480,-1,478,480,481,-1,480,482,481,-1,481,482,483,-1,481,483,484,-1,483,485,484,-1,484,485,486,-1,484,486,487,-1,486,488,487,-1,487,488,489,-1,487,489,490,-1,491,492,493,-1,493,492,490,-1,493,490,494,-1,494,490,489,-1,491,495,492,-1,492,495,496,-1,492,496,497,-1,122,121,498,-1,496,499,497,-1,497,499,500,-1,497,500,498,-1,498,500,501,-1,498,501,122,-1,502,93,503,-1,503,93,85,-1,503,85,343,-1,86,5,305,-1,305,5,383,-1,175,2,345,-1,345,2,423,-1,504,168,505,-1,505,168,122,-1,505,122,501,-1,263,185,107,-1,107,185,114,-1,506,149,507,-1,507,149,147,-1,507,147,223,-1,64,20,225,-1,225,20,303,-1,508,24,509,-1,509,24,22,-1,509,22,424,-1,508,509,510,-1,511,512,513,-1,513,512,514,-1,514,512,515,-1,515,512,516,-1,515,516,517,-1,517,516,518,-1,517,518,519,-1,519,518,520,-1,519,520,521,-1,510,522,508,-1,508,522,523,-1,508,523,524,-1,524,523,521,-1,524,521,525,-1,525,521,520,-1,526,527,528,-1,529,530,531,-1,506,507,532,-1,531,530,533,-1,533,530,534,-1,533,534,535,-1,535,534,536,-1,535,536,528,-1,528,536,537,-1,528,537,526,-1,532,538,506,-1,506,538,539,-1,506,539,540,-1,540,539,529,-1,540,529,541,-1,541,529,531,-1,504,505,542,-1,543,544,545,-1,545,544,546,-1,546,544,547,-1,547,544,548,-1,547,548,549,-1,549,548,550,-1,549,550,551,-1,551,550,552,-1,551,552,553,-1,542,554,504,-1,504,554,555,-1,504,555,556,-1,556,555,553,-1,556,553,557,-1,557,553,552,-1,558,559,560,-1,561,562,563,-1,502,503,564,-1,563,562,565,-1,565,562,566,-1,565,566,567,-1,567,566,568,-1,567,568,560,-1,560,568,569,-1,560,569,558,-1,564,570,502,-1,502,570,571,-1,502,571,572,-1,572,571,561,-1,572,561,573,-1,573,561,563,-1,385,173,543,-1,543,173,172,-1,543,172,544,-1,463,160,527,-1,527,160,152,-1,527,152,528,-1,265,62,511,-1,511,62,61,-1,511,61,512,-1,460,74,559,-1,559,74,92,-1,559,92,560,-1,560,92,91,-1,560,91,567,-1,567,91,97,-1,567,97,565,-1,565,97,98,-1,565,98,563,-1,563,98,96,-1,563,96,573,-1,573,96,95,-1,573,95,572,-1,572,95,93,-1,572,93,502,-1,512,61,60,-1,512,60,516,-1,516,60,59,-1,516,59,518,-1,518,59,79,-1,518,79,520,-1,520,79,78,-1,520,78,525,-1,525,78,77,-1,525,77,524,-1,524,77,24,-1,524,24,508,-1,544,172,171,-1,544,171,548,-1,548,171,170,-1,548,170,550,-1,550,170,180,-1,550,180,552,-1,552,180,179,-1,552,179,557,-1,557,179,178,-1,557,178,556,-1,556,178,168,-1,556,168,504,-1,528,152,151,-1,528,151,535,-1,535,151,142,-1,535,142,533,-1,533,142,141,-1,533,141,531,-1,531,141,140,-1,531,140,541,-1,541,140,150,-1,541,150,540,-1,540,150,149,-1,540,149,506,-1,
        ]
    }
}
Shape{
    appearance Appearance {
        material  Material 	{
            diffuseColor 0.2235294117647059 0.2235294117647059 0.2235294117647059
            specularColor 0.11372549019607843 0.11372549019607843 0.11372549019607843
            ambientIntensity 0.2235
            transparency 0.0
            shininess 0.5
        }
    }
    geometry IndexedFaceSet {
        ccw TRUE
        solid FALSE
        coord DEF co Coordinate {
            point [
                0.8661 -0.6398 0.6102, 0.8661 -0.7087 0.6102, 0.8661 -0.7087 0.5315, 0.8661 0.7874 0.5315, 0.8661 0.7874 0.6102, 0.8661 0.2362 0.6102, 0.8661 -0.1575 0.6102, 0.6791 0.9055 0.6102, 0.748 0.9055 0.6102, 0.748 0.9055 0.5315, -0.748 0.9055 0.5315, -0.748 0.9055 0.6102, -0.1969 0.9055 0.6102, 0.1969 0.9055 0.6102, -0.8661 -0.7087 0.5315, -0.8661 -0.7087 0.6102, -0.8661 -0.6398 0.6102, -0.8661 -0.1575 0.6102, -0.8661 0.2362 0.6102, -0.8661 0.7874 0.5315, -0.8661 0.7874 0.6102, 0.748 -0.8268 0.5315, 0.748 -0.8268 0.6102, 0.6791 -0.8268 0.6102, 0.1969 -0.8268 0.6102, -0.1969 -0.8268 0.6102, -0.748 -0.8268 0.5315, -0.748 -0.8268 0.6102
            ]
        }
        coordIndex [
            0,1,2,-1,3,4,5,-1,3,5,2,-1,2,5,6,-1,2,6,0,-1,7,8,9,-1,10,11,12,-1,10,12,9,-1,9,12,13,-1,9,13,7,-1,14,15,16,-1,16,17,14,-1,14,17,18,-1,14,18,19,-1,19,18,20,-1,21,22,23,-1,23,24,21,-1,21,24,25,-1,21,25,26,-1,26,25,27,-1,
        ]
    }
}
Shape{
    appearance Appearance {
        material  Material 	{
            diffuseColor 0.6470588235294118 0.6196078431372549 0.5882352941176471
            specularColor 0.45098039215686275 0.43529411764705883 0.4117647058823529
            ambientIntensity 0.6242
            transparency 0.0
            shininess 0.5
        }
    }
    geometry IndexedFaceSet {
        ccw TRUE
        solid FALSE
        coord DEF co Coordinate {
            point [
                0.6791 -0.6398 0.6102, 0.6791 -0.8268 0.6102, 0.748 -0.8268 0.6102, 0.7786 -0.8227 0.6102, 0.8071 -0.8109 0.6102, 0.8315 -0.7922 0.6102, 0.8503 -0.7677 0.6102, 0.8621 -0.7392 0.6102, 0.8661 -0.7087 0.6102, -0.8661 -0.7087 0.6102, -0.8621 -0.7392 0.6102, -0.748 -0.8268 0.6102, -0.8503 -0.7677 0.6102, -0.8315 -0.7922 0.6102, -0.8071 -0.8109 0.6102, -0.7786 -0.8227 0.6102, -0.4429 0.5183 0.6102, -0.4192 0.5281 0.6102, -0.748 0.9055 0.6102, -0.8071 0.8897 0.6102, -0.8315 0.8709 0.6102, -0.4633 0.5027 0.6102, -0.3241 0.5027 0.6102, -0.1969 0.9055 0.6102, -0.3445 0.5183 0.6102, -0.3682 0.5281 0.6102, -0.3937 0.5315 0.6102, -0.3085 0.4823 0.6102, -0.2986 0.4585 0.6102, -0.1969 0.2362 0.6102, -0.2953 0.4331 0.6102, -0.2986 0.4076 0.6102, -0.3085 0.3839 0.6102, -0.3241 0.3635 0.6102, -0.3445 0.3478 0.6102, -0.8661 0.7874 0.6102, -0.4789 0.4823 0.6102, -0.8621 0.818 0.6102, -0.8503 0.8465 0.6102, -0.4429 0.3478 0.6102, -0.4633 0.3635 0.6102, -0.8661 0.2362 0.6102, -0.4789 0.3839 0.6102, -0.7786 0.9015 0.6102, -0.3682 0.338 0.6102, -0.3937 0.3346 0.6102, -0.4192 0.338 0.6102, -0.4888 0.4076 0.6102, -0.4921 0.4331 0.6102, -0.4888 0.4585 0.6102, 0.8661 0.7874 0.6102, 0.8621 0.818 0.6102, 0.748 0.9055 0.6102, 0.8503 0.8465 0.6102, 0.8315 0.8709 0.6102, 0.8071 0.8897 0.6102, 0.7786 0.9015 0.6102, 0.1969 -0.8268 0.6102, 0.1969 -0.6398 0.6102, -0.1969 -0.8268 0.6102, -0.1969 -0.6398 0.6102, -0.8661 -0.6398 0.6102, -0.1969 -0.1575 0.6102, -0.2953 -0.3543 0.6102, -0.2986 -0.3798 0.6102, -0.4429 -0.4396 0.6102, -0.4633 -0.4239 0.6102, -0.3085 -0.4035 0.6102, -0.3241 -0.4239 0.6102, -0.3445 -0.4396 0.6102, -0.3682 -0.4494 0.6102, -0.3937 -0.4528 0.6102, -0.4192 -0.4494 0.6102, -0.4789 -0.4035 0.6102, -0.4888 -0.3798 0.6102, -0.8661 -0.1575 0.6102, -0.4921 -0.3543 0.6102, -0.4888 -0.3289 0.6102, -0.4789 -0.3051 0.6102, -0.4633 -0.2847 0.6102, -0.4429 -0.2691 0.6102, -0.4192 -0.2593 0.6102, -0.3937 -0.2559 0.6102, -0.3682 -0.2593 0.6102, -0.3445 -0.2691 0.6102, -0.3241 -0.2847 0.6102, -0.3085 -0.3051 0.6102, -0.2986 -0.3289 0.6102, 0.0696 -0.4239 0.6102, 0.0492 -0.4396 0.6102, 0.0852 -0.4035 0.6102, 0.1969 -0.1575 0.6102, 0.0 -0.2559 0.6102, 0.0255 -0.2593 0.6102, -0.0492 -0.4396 0.6102, -0.0696 -0.4239 0.6102, 0.0492 -0.2691 0.6102, 0.0696 -0.2847 0.6102, 0.0852 -0.3051 0.6102, 0.0951 -0.3289 0.6102, 0.0984 -0.3543 0.6102, 0.0951 -0.3798 0.6102, 0.0255 -0.4494 0.6102, 0.0 -0.4528 0.6102, -0.0255 -0.4494 0.6102, -0.0255 -0.2593 0.6102, -0.0492 -0.2691 0.6102, -0.0951 -0.3289 0.6102, -0.0852 -0.3051 0.6102, -0.0696 -0.2847 0.6102, -0.0852 -0.4035 0.6102, -0.0951 -0.3798 0.6102, -0.0984 -0.3543 0.6102, 0.4789 -0.4035 0.6102, 0.4633 -0.4239 0.6102, 0.2953 -0.3543 0.6102, 0.2986 -0.3289 0.6102, 0.4429 -0.2691 0.6102, 0.4633 -0.2847 0.6102, 0.6791 -0.1575 0.6102, 0.4789 -0.3051 0.6102, 0.4429 -0.4396 0.6102, 0.4192 -0.4494 0.6102, 0.3937 -0.4528 0.6102, 0.3682 -0.4494 0.6102, 0.2986 -0.3798 0.6102, 0.3085 -0.4035 0.6102, 0.3085 -0.3051 0.6102, 0.3241 -0.2847 0.6102, 0.3445 -0.2691 0.6102, 0.4888 -0.3289 0.6102, 0.4921 -0.3543 0.6102, 0.4888 -0.3798 0.6102, 0.3445 -0.4396 0.6102, 0.3241 -0.4239 0.6102, 0.3682 -0.2593 0.6102, 0.3937 -0.2559 0.6102, 0.4192 -0.2593 0.6102, -0.4789 0.0886 0.6102, -0.4633 0.109 0.6102, -0.2986 0.0139 0.6102, -0.3085 -0.0098 0.6102, -0.3241 -0.0302 0.6102, -0.3445 -0.0459 0.6102, -0.3682 -0.0557 0.6102, -0.3937 -0.0591 0.6102, -0.4192 -0.0557 0.6102, -0.4429 -0.0459 0.6102, -0.4633 -0.0302 0.6102, -0.4789 -0.0098 0.6102, -0.3937 0.1378 0.6102, -0.4192 0.1344 0.6102, -0.4429 0.1246 0.6102, -0.3682 0.1344 0.6102, -0.3445 0.1246 0.6102, -0.3241 0.109 0.6102, -0.3085 0.0886 0.6102, -0.2986 0.0648 0.6102, -0.2953 0.0394 0.6102, -0.4888 0.0139 0.6102, -0.4921 0.0394 0.6102, -0.4888 0.0648 0.6102, 0.1969 0.2362 0.6102, 0.0984 0.0394 0.6102, 0.0951 0.0139 0.6102, -0.0492 -0.0459 0.6102, -0.0696 -0.0302 0.6102, 0.0852 -0.0098 0.6102, 0.0696 -0.0302 0.6102, 0.0492 -0.0459 0.6102, 0.0255 -0.0557 0.6102, 0.0 -0.0591 0.6102, -0.0255 -0.0557 0.6102, 0.0255 0.1344 0.6102, 0.0492 0.1246 0.6102, 0.0696 0.109 0.6102, -0.0852 -0.0098 0.6102, -0.0951 0.0139 0.6102, -0.0984 0.0394 0.6102, -0.0951 0.0648 0.6102, -0.0852 0.0886 0.6102, -0.0696 0.109 0.6102, 0.0852 0.0886 0.6102, 0.0951 0.0648 0.6102, -0.0492 0.1246 0.6102, -0.0255 0.1344 0.6102, 0.0 0.1378 0.6102, 0.2986 0.0648 0.6102, 0.3085 0.0886 0.6102, 0.3241 0.109 0.6102, 0.3937 0.1378 0.6102, 0.4192 0.1344 0.6102, 0.6791 0.2362 0.6102, 0.3445 0.1246 0.6102, 0.3682 0.1344 0.6102, 0.4429 0.1246 0.6102, 0.4633 0.109 0.6102, 0.4789 0.0886 0.6102, 0.4789 -0.0098 0.6102, 0.4633 -0.0302 0.6102, 0.3241 -0.0302 0.6102, 0.3445 -0.0459 0.6102, 0.3682 -0.0557 0.6102, 0.3085 -0.0098 0.6102, 0.2986 0.0139 0.6102, 0.2953 0.0394 0.6102, 0.4888 0.0648 0.6102, 0.4921 0.0394 0.6102, 0.4888 0.0139 0.6102, 0.4429 -0.0459 0.6102, 0.4192 -0.0557 0.6102, 0.3937 -0.0591 0.6102, 0.8661 -0.6398 0.6102, 0.8661 -0.1575 0.6102, 0.8661 0.2362 0.6102, 0.1969 0.9055 0.6102, 0.0492 0.5183 0.6102, 0.0696 0.5027 0.6102, -0.0852 0.4823 0.6102, -0.0696 0.5027 0.6102, -0.0492 0.5183 0.6102, 0.0984 0.4331 0.6102, 0.0951 0.4585 0.6102, 0.0852 0.4823 0.6102, 0.0951 0.4076 0.6102, 0.0852 0.3839 0.6102, 0.0696 0.3635 0.6102, -0.0255 0.338 0.6102, -0.0492 0.3478 0.6102, -0.0696 0.3635 0.6102, -0.0852 0.3839 0.6102, -0.0255 0.5281 0.6102, 0.0 0.5315 0.6102, 0.0255 0.5281 0.6102, 0.0492 0.3478 0.6102, 0.0255 0.338 0.6102, 0.0 0.3346 0.6102, -0.0951 0.4076 0.6102, -0.0984 0.4331 0.6102, -0.0951 0.4585 0.6102, 0.4429 0.5183 0.6102, 0.4633 0.5027 0.6102, 0.6791 0.9055 0.6102, 0.4789 0.4823 0.6102, 0.4888 0.4585 0.6102, 0.3085 0.4823 0.6102, 0.3241 0.5027 0.6102, 0.3445 0.5183 0.6102, 0.3682 0.5281 0.6102, 0.3937 0.5315 0.6102, 0.4192 0.5281 0.6102, 0.3937 0.3346 0.6102, 0.3682 0.338 0.6102, 0.4921 0.4331 0.6102, 0.4888 0.4076 0.6102, 0.4789 0.3839 0.6102, 0.4192 0.338 0.6102, 0.3445 0.3478 0.6102, 0.3241 0.3635 0.6102, 0.3085 0.3839 0.6102, 0.2986 0.4076 0.6102, 0.2953 0.4331 0.6102, 0.2986 0.4585 0.6102, 0.4633 0.3635 0.6102, 0.4429 0.3478 0.6102
            ]
        }
        coordIndex [
            0,1,2,-1,2,3,0,-1,0,3,4,-1,0,4,5,-1,5,6,0,-1,0,6,7,-1,0,7,8,-1,9,10,11,-1,11,10,12,-1,12,13,11,-1,11,13,14,-1,11,14,15,-1,16,17,18,-1,19,20,21,-1,22,23,24,-1,24,23,25,-1,18,17,23,-1,23,17,26,-1,23,26,25,-1,22,27,23,-1,23,27,28,-1,23,28,29,-1,29,28,30,-1,29,30,31,-1,31,32,29,-1,29,32,33,-1,29,33,34,-1,35,36,37,-1,37,36,21,-1,37,21,38,-1,38,21,20,-1,39,40,41,-1,41,40,42,-1,16,18,21,-1,21,18,43,-1,21,43,19,-1,34,44,29,-1,29,44,45,-1,29,45,41,-1,41,45,46,-1,41,46,39,-1,42,47,41,-1,41,47,48,-1,41,48,35,-1,35,48,49,-1,35,49,36,-1,50,51,52,-1,52,51,53,-1,53,54,52,-1,52,54,55,-1,52,55,56,-1,1,0,57,-1,57,0,58,-1,57,58,59,-1,59,58,60,-1,59,60,11,-1,11,60,61,-1,11,61,9,-1,62,63,60,-1,60,63,64,-1,61,65,66,-1,64,67,60,-1,60,67,68,-1,60,68,69,-1,69,70,60,-1,60,70,71,-1,60,71,61,-1,61,71,72,-1,61,72,65,-1,66,73,61,-1,61,73,74,-1,61,74,75,-1,75,74,76,-1,76,77,75,-1,75,77,78,-1,75,78,79,-1,79,80,75,-1,75,80,81,-1,75,81,62,-1,62,81,82,-1,82,83,62,-1,62,83,84,-1,62,84,85,-1,85,86,62,-1,62,86,87,-1,62,87,63,-1,88,89,58,-1,88,58,90,-1,91,92,93,-1,94,95,60,-1,93,96,91,-1,91,96,97,-1,91,97,98,-1,98,99,91,-1,91,99,100,-1,91,100,58,-1,58,100,101,-1,58,101,90,-1,89,102,58,-1,58,102,103,-1,58,103,60,-1,60,103,104,-1,60,104,94,-1,92,91,105,-1,105,91,62,-1,105,62,106,-1,107,108,62,-1,62,108,109,-1,62,109,106,-1,95,110,60,-1,60,110,111,-1,60,111,62,-1,62,111,112,-1,62,112,107,-1,0,113,114,-1,91,115,116,-1,117,118,119,-1,119,118,120,-1,114,121,0,-1,0,121,122,-1,0,122,58,-1,58,122,123,-1,58,123,124,-1,115,91,125,-1,125,91,58,-1,125,58,126,-1,116,127,91,-1,91,127,128,-1,91,128,129,-1,120,130,119,-1,119,130,131,-1,119,131,0,-1,0,131,132,-1,0,132,113,-1,124,133,58,-1,58,133,134,-1,58,134,126,-1,129,135,91,-1,91,135,136,-1,91,136,119,-1,119,136,137,-1,119,137,117,-1,138,139,41,-1,140,141,62,-1,62,141,142,-1,62,142,143,-1,143,144,62,-1,62,144,145,-1,62,145,75,-1,75,145,146,-1,146,147,75,-1,75,147,148,-1,75,148,149,-1,150,29,151,-1,151,29,41,-1,151,41,152,-1,152,41,139,-1,150,153,29,-1,29,153,154,-1,29,154,155,-1,155,156,29,-1,29,156,157,-1,29,157,62,-1,62,157,158,-1,62,158,140,-1,149,159,75,-1,75,159,160,-1,75,160,41,-1,41,160,161,-1,41,161,138,-1,162,163,91,-1,91,163,164,-1,165,166,62,-1,164,167,91,-1,91,167,168,-1,91,168,169,-1,169,170,91,-1,91,170,171,-1,91,171,62,-1,62,171,172,-1,62,172,165,-1,173,174,162,-1,162,174,175,-1,166,176,62,-1,62,176,177,-1,62,177,29,-1,29,177,178,-1,178,179,29,-1,29,179,180,-1,29,180,181,-1,175,182,162,-1,162,182,183,-1,162,183,163,-1,181,184,29,-1,29,184,185,-1,29,185,162,-1,162,185,186,-1,162,186,173,-1,187,188,162,-1,162,188,189,-1,190,191,192,-1,189,193,162,-1,162,193,194,-1,162,194,190,-1,191,195,192,-1,192,195,196,-1,192,196,197,-1,198,199,119,-1,200,91,201,-1,201,91,202,-1,200,203,91,-1,91,203,204,-1,91,204,162,-1,162,204,205,-1,162,205,187,-1,197,206,192,-1,192,206,207,-1,192,207,119,-1,119,207,208,-1,119,208,198,-1,199,209,119,-1,119,209,210,-1,119,210,91,-1,91,210,211,-1,91,211,202,-1,8,212,0,-1,0,212,213,-1,0,213,119,-1,119,213,214,-1,119,214,192,-1,215,216,217,-1,218,219,23,-1,23,219,220,-1,221,162,222,-1,222,162,215,-1,222,215,223,-1,223,215,217,-1,221,224,162,-1,162,224,225,-1,162,225,226,-1,227,228,29,-1,29,228,229,-1,29,229,230,-1,220,231,23,-1,23,231,232,-1,23,232,215,-1,215,232,233,-1,215,233,216,-1,226,234,162,-1,162,234,235,-1,162,235,29,-1,29,235,236,-1,29,236,227,-1,230,237,29,-1,29,237,238,-1,29,238,23,-1,23,238,239,-1,23,239,218,-1,240,241,242,-1,242,241,243,-1,243,244,242,-1,242,244,192,-1,242,192,52,-1,52,192,214,-1,52,214,50,-1,245,246,215,-1,215,246,247,-1,247,248,215,-1,215,248,249,-1,215,249,242,-1,242,249,250,-1,242,250,240,-1,162,251,252,-1,244,253,192,-1,192,253,254,-1,192,254,255,-1,190,192,162,-1,162,192,256,-1,162,256,251,-1,252,257,162,-1,162,257,258,-1,162,258,259,-1,259,260,162,-1,162,260,261,-1,162,261,215,-1,215,261,262,-1,215,262,245,-1,255,263,192,-1,192,263,264,-1,192,264,256,-1,
        ]
    }
}
Shape{
    appearance Appearance {
        material  Material 	{
            diffuseColor 0.2235294117647059 0.2235294117647059 0.2235294117647059
            specularColor 0.11372549019607843 0.11372549019607843 0.11372549019607843
            ambientIntensity 0.2235
            transparency 0.0
            shininess 0.5
        }
    }
    geometry IndexedFaceSet {
        ccw TRUE
        solid FALSE
        coord DEF co Coordinate {
            point [
                0.8618 0.8179 0.5315, 0.8621 0.818 0.6102, 0.8647 0.8059 0.5315, 0.8661 0.7874 0.6102, 0.8661 0.7874 0.5315, 0.8604 0.8239 0.5315, 0.8533 0.841 0.5315, 0.8503 0.8465 0.6102, 0.85 0.8463 0.5315, 0.8436 0.8568 0.5315, 0.8315 0.8709 0.6102, 0.8069 0.8894 0.5315, 0.8071 0.8897 0.6102, 0.8175 0.883 0.5315, 0.8315 0.8709 0.5315, 0.8017 0.8926 0.5315, 0.7845 0.8997 0.5315, 0.7786 0.9015 0.6102, 0.748 0.9055 0.5315, 0.748 0.9055 0.6102, 0.7665 0.9041 0.5315, 0.7785 0.9012 0.5315, -0.7785 0.9012 0.5315, -0.7786 0.9015 0.6102, -0.7665 0.9041 0.5315, -0.748 0.9055 0.6102, -0.748 0.9055 0.5315, -0.7845 0.8997 0.5315, -0.8017 0.8926 0.5315, -0.8071 0.8897 0.6102, -0.8069 0.8894 0.5315, -0.8175 0.883 0.5315, -0.8315 0.8709 0.6102, -0.85 0.8463 0.5315, -0.8503 0.8465 0.6102, -0.8436 0.8568 0.5315, -0.8315 0.8709 0.5315, -0.8533 0.841 0.5315, -0.8604 0.8239 0.5315, -0.8621 0.818 0.6102, -0.8661 0.7874 0.5315, -0.8661 0.7874 0.6102, -0.8647 0.8059 0.5315, -0.8618 0.8179 0.5315, -0.8618 -0.7392 0.5315, -0.8621 -0.7392 0.6102, -0.8647 -0.7271 0.5315, -0.8661 -0.7087 0.6102, -0.8661 -0.7087 0.5315, -0.8604 -0.7452 0.5315, -0.8533 -0.7623 0.5315, -0.8503 -0.7677 0.6102, -0.85 -0.7675 0.5315, -0.8436 -0.7781 0.5315, -0.8315 -0.7922 0.6102, -0.8069 -0.8107 0.5315, -0.8071 -0.8109 0.6102, -0.8175 -0.8042 0.5315, -0.8315 -0.7922 0.5315, -0.8017 -0.8139 0.5315, -0.7845 -0.821 0.5315, -0.7786 -0.8227 0.6102, -0.748 -0.8268 0.5315, -0.748 -0.8268 0.6102, -0.7665 -0.8253 0.5315, -0.7785 -0.8224 0.5315, 0.7785 -0.8224 0.5315, 0.7786 -0.8227 0.6102, 0.7665 -0.8253 0.5315, 0.748 -0.8268 0.6102, 0.748 -0.8268 0.5315, 0.7845 -0.821 0.5315, 0.8017 -0.8139 0.5315, 0.8071 -0.8109 0.6102, 0.8069 -0.8107 0.5315, 0.8175 -0.8042 0.5315, 0.8315 -0.7922 0.6102, 0.85 -0.7675 0.5315, 0.8503 -0.7677 0.6102, 0.8436 -0.7781 0.5315, 0.8315 -0.7922 0.5315, 0.8533 -0.7623 0.5315, 0.8604 -0.7452 0.5315, 0.8621 -0.7392 0.6102, 0.8661 -0.7087 0.5315, 0.8661 -0.7087 0.6102, 0.8647 -0.7271 0.5315, 0.8618 -0.7392 0.5315
            ]
        }
        coordIndex [
            0,1,2,-1,2,1,3,-1,2,3,4,-1,0,5,1,-1,1,5,6,-1,1,6,7,-1,6,8,7,-1,7,8,9,-1,7,9,10,-1,11,12,13,-1,13,12,10,-1,13,10,14,-1,14,10,9,-1,11,15,12,-1,12,15,16,-1,12,16,17,-1,18,19,20,-1,20,19,17,-1,20,17,21,-1,21,17,16,-1,22,23,24,-1,24,23,25,-1,24,25,26,-1,22,27,23,-1,23,27,28,-1,23,28,29,-1,28,30,29,-1,29,30,31,-1,29,31,32,-1,33,34,35,-1,35,34,32,-1,35,32,36,-1,36,32,31,-1,33,37,34,-1,34,37,38,-1,34,38,39,-1,40,41,42,-1,42,41,39,-1,42,39,43,-1,43,39,38,-1,44,45,46,-1,46,45,47,-1,46,47,48,-1,44,49,45,-1,45,49,50,-1,45,50,51,-1,50,52,51,-1,51,52,53,-1,51,53,54,-1,55,56,57,-1,57,56,54,-1,57,54,58,-1,58,54,53,-1,55,59,56,-1,56,59,60,-1,56,60,61,-1,62,63,64,-1,64,63,61,-1,64,61,65,-1,65,61,60,-1,66,67,68,-1,68,67,69,-1,68,69,70,-1,66,71,67,-1,67,71,72,-1,67,72,73,-1,72,74,73,-1,73,74,75,-1,73,75,76,-1,77,78,79,-1,79,78,76,-1,79,76,80,-1,80,76,75,-1,77,81,78,-1,78,81,82,-1,78,82,83,-1,84,85,86,-1,86,85,83,-1,86,83,87,-1,87,83,82,-1,
        ]
    }
}
Shape{
    appearance Appearance {
        material  Material 	{
            diffuseColor 0.9686274509803922 0.8784313725490196 0.6
            specularColor 0.6784313725490196 0.615686274509804 0.4196078431372549
            ambientIntensity 0.8737
            transparency 0.0
            shininess 0.5
        }
    }
    geometry IndexedFaceSet {
        ccw TRUE
        solid FALSE
        coord DEF co Coordinate {
            point [
                0.9179 0.9108 0.4163, 0.8965 0.9359 0.4163, 0.8788 0.9182 0.4251, 0.785 1.0207 0.4134, 0.748 1.0236 0.4134, 0.748 0.9973 0.4163, 0.9813 0.8244 0.4134, 0.9727 0.8604 0.4134, 0.9477 0.8523 0.4163, 0.9843 0.7874 0.4134, 0.9554 0.8202 0.4163, 0.9151 0.9544 0.4134, 0.9391 0.9262 0.4134, 0.9585 0.8946 0.4134, 0.8436 0.9189 0.4392, 0.8568 0.937 0.4251, 0.8714 0.9572 0.4163, 0.8869 0.9785 0.4134, 0.8134 0.9156 0.4579, 0.8218 0.9323 0.4392, 0.832 0.9522 0.4251, 0.8433 0.9745 0.4163, 0.8553 0.9979 0.4134, 0.8498 0.8891 0.4579, 0.8644 0.872 0.4579, 0.8796 0.883 0.4392, 0.7881 0.9109 0.4803, 0.7925 0.9242 0.4579, 0.7983 0.942 0.4392, 0.8052 0.9633 0.4251, 0.8129 0.9871 0.4163, 0.821 1.0121 0.4134, 0.853 0.8637 0.4803, 0.8398 0.8792 0.4803, 0.8243 0.8924 0.4803, 0.767 0.907 0.5052, 0.7683 0.9156 0.4803, 0.7705 0.9295 0.4579, 0.7735 0.948 0.4392, 0.777 0.9701 0.4251, 0.7809 0.9948 0.4163, 0.846 0.8586 0.5052, 0.8336 0.873 0.5052, 0.8192 0.8854 0.5052, 0.803 0.8953 0.5052, 0.7785 0.9012 0.5315, 0.7845 0.8997 0.5315, 0.7854 0.9025 0.5052, 0.807 0.9031 0.4803, 0.8326 0.9038 0.4579, 0.863 0.9024 0.4392, 0.8977 0.8961 0.4251, 0.958 0.7874 0.4163, 0.9307 0.8163 0.4251, 0.933 0.7874 0.4251, 0.9086 0.8128 0.4392, 0.9106 0.7874 0.4392, 0.8901 0.8099 0.4579, 0.8919 0.7874 0.4579, 0.8762 0.8077 0.4803, 0.8778 0.7874 0.4803, 0.8676 0.8063 0.5052, 0.8691 0.7874 0.5052, 0.8647 0.8059 0.5315, 0.8661 0.7874 0.5315, 0.8632 0.8248 0.5052, 0.8604 0.8239 0.5315, 0.8618 0.8179 0.5315, 0.924 0.8446 0.4251, 0.9027 0.8376 0.4392, 0.8849 0.8319 0.4579, 0.8715 0.8275 0.4803, 0.9351 0.8827 0.4163, 0.9128 0.8714 0.4251, 0.8929 0.8612 0.4392, 0.8762 0.8527 0.4579, 0.8637 0.8463 0.4803, 0.8559 0.8424 0.5052, 0.8533 0.841 0.5315, 0.85 0.8463 0.5315, 0.8017 0.8926 0.5315, 0.8069 0.8894 0.5315, 0.8175 0.883 0.5315, 0.8315 0.8709 0.5315, 0.8436 0.8568 0.5315, 0.7665 0.9041 0.5315, 0.748 0.9724 0.4251, 0.748 0.95 0.4392, 0.748 0.9313 0.4579, 0.748 0.9172 0.4803, 0.748 0.9085 0.5052, 0.748 0.9055 0.5315, 0.9351 -0.5457 0.4242, 0.933 -0.5447 0.4251, 0.933 -0.7087 0.4251, 0.9843 0.6378 0.4134, 0.9713 0.6369 0.4141, 0.9588 0.6344 0.4162, 0.958 0.6342 0.4164, 0.9461 0.6301 0.4197, 0.935 0.6246 0.4241, 0.9147 0.609 0.4361, 0.933 0.6234 0.4251, 0.899 0.5886 0.4497, 0.9108 0.604 0.4394, 0.8858 0.5394 0.4662, 0.8858 0.0394 0.4662, 0.8919 -0.7087 0.4579, 0.8919 -0.4947 0.4579, 0.8778 -0.7087 0.4803, 0.8892 -0.4861 0.4614, 0.8867 0.0524 0.4649, 0.8919 0.5053 0.4579, 0.8892 0.5139 0.4614, 0.8867 0.5263 0.4649, 0.8867 0.5524 0.4649, 0.8892 0.5648 0.4614, 0.8919 0.5734 0.4579, 0.8892 0.0648 0.4614, 0.8919 0.0734 0.4579, 0.899 0.0886 0.4497, 0.946 0.4487 0.4197, 0.9351 0.4543 0.4242, 0.933 0.1234 0.4251, 0.933 0.4553 0.4251, 0.9147 0.109 0.4361, 0.9147 0.4698 0.4361, 0.9108 0.104 0.4394, 0.9108 0.4748 0.4394, 0.899 0.4902 0.4497, 0.9843 0.1378 0.4134, 0.9843 0.4409 0.4134, 0.9713 0.1369 0.4141, 0.9713 0.4418 0.4141, 0.9588 0.1344 0.4162, 0.958 0.1342 0.4164, 0.935 0.1246 0.4241, 0.9461 0.1301 0.4197, 0.958 0.4445 0.4163, 0.9588 0.4444 0.4162, 0.8867 -0.4737 0.4649, 0.8858 -0.4606 0.4662, 0.8867 0.0263 0.4649, 0.8867 -0.4476 0.4649, 0.8892 0.0139 0.4614, 0.8892 -0.4352 0.4614, 0.8919 0.0053 0.4579, 0.8919 -0.4266 0.4579, 0.899 -0.4114 0.4497, 0.946 -0.0513 0.4197, 0.9351 -0.0457 0.4242, 0.933 -0.3766 0.4251, 0.933 -0.0447 0.4251, 0.9147 -0.391 0.4361, 0.9147 -0.0302 0.4361, 0.9108 -0.396 0.4394, 0.9108 -0.0252 0.4394, 0.899 -0.0098 0.4497, 0.9843 -0.3622 0.4134, 0.9843 -0.0591 0.4134, 0.9713 -0.3631 0.4141, 0.9713 -0.0582 0.4141, 0.9588 -0.3656 0.4162, 0.958 -0.3658 0.4164, 0.935 -0.3754 0.4241, 0.9461 -0.3699 0.4197, 0.958 -0.0555 0.4163, 0.9588 -0.0556 0.4162, 0.9106 -0.7087 0.4392, 0.9147 -0.5302 0.4361, 0.9108 -0.5252 0.4394, 0.899 -0.5098 0.4497, 0.9843 -0.7087 0.4134, 0.9843 -0.5591 0.4134, 0.958 -0.7087 0.4163, 0.9713 -0.5582 0.4141, 0.9588 -0.5556 0.4162, 0.958 -0.5555 0.4163, 0.946 -0.5513 0.4197, 0.8661 -0.7087 0.5315, 0.8691 -0.7087 0.5052, 0.0851 0.9745 0.4242, 0.084 0.9724 0.4251, -0.0984 1.0236 0.4134, -0.748 1.0236 0.4134, -0.0976 1.0107 0.4141, -0.748 0.9973 0.4163, -0.0951 0.9981 0.4162, -0.084 0.9724 0.4251, -0.0852 0.9744 0.4241, -0.748 0.9724 0.4251, -0.0907 0.9854 0.4197, -0.0948 0.9974 0.4164, -0.0696 0.954 0.4361, -0.748 0.95 0.4392, -0.0646 0.9502 0.4394, -0.0492 0.9384 0.4497, -0.748 0.9313 0.4579, -0.0341 0.9313 0.4579, 0.0341 0.9313 0.4579, 0.0255 0.9286 0.4614, 0.0131 0.9261 0.4649, -0.748 0.9172 0.4803, 0.0 0.9252 0.4662, -0.0131 0.9261 0.4649, -0.0255 0.9286 0.4614, 0.0696 0.954 0.4361, 0.0646 0.9502 0.4394, 0.0492 0.9384 0.4497, 0.0984 1.0236 0.4134, 0.0976 1.0107 0.4141, 0.095 0.9982 0.4162, 0.0949 0.9973 0.4163, 0.0907 0.9854 0.4197, -0.748 0.9055 0.5315, -0.748 0.9085 0.5052, 0.8714 -0.8785 0.4163, 0.8965 -0.8571 0.4163, 0.8788 -0.8395 0.4251, 0.9813 -0.7456 0.4134, 0.785 -0.942 0.4134, 0.821 -0.9333 0.4134, 0.8129 -0.9083 0.4163, 0.7809 -0.916 0.4163, 0.748 -0.9449 0.4134, 0.748 -0.9186 0.4163, 0.9151 -0.8757 0.4134, 0.8869 -0.8998 0.4134, 0.8553 -0.9191 0.4134, 0.748 -0.9144 0.4178, 0.777 -0.8914 0.4251, 0.748 -0.8936 0.4251, 0.8796 -0.8042 0.4392, 0.8977 -0.8174 0.4251, 0.9179 -0.8321 0.4163, 0.9391 -0.8475 0.4134, 0.748 -0.8862 0.4298, 0.7735 -0.8692 0.4392, 0.748 -0.8712 0.4392, 0.8762 -0.774 0.4579, 0.8929 -0.7825 0.4392, 0.9128 -0.7926 0.4251, 0.9351 -0.804 0.4163, 0.9585 -0.8159 0.4134, 0.748 -0.8619 0.4485, 0.7705 -0.8508 0.4579, 0.748 -0.8525 0.4579, 0.8498 -0.8104 0.4579, 0.8326 -0.8251 0.4579, 0.8436 -0.8402 0.4392, 0.8715 -0.7488 0.4803, 0.8849 -0.7531 0.4579, 0.9027 -0.7589 0.4392, 0.924 -0.7658 0.4251, 0.9477 -0.7735 0.4163, 0.9727 -0.7817 0.4134, 0.748 -0.8432 0.4728, 0.7683 -0.8369 0.4803, 0.748 -0.8385 0.4803, 0.8243 -0.8137 0.4803, 0.8398 -0.8004 0.4803, 0.853 -0.785 0.4803, 0.8676 -0.7276 0.5052, 0.8762 -0.729 0.4803, 0.8901 -0.7312 0.4579, 0.9086 -0.7341 0.4392, 0.9307 -0.7376 0.4251, 0.9554 -0.7415 0.4163, 0.8192 -0.8066 0.5052, 0.8336 -0.7943 0.5052, 0.846 -0.7798 0.5052, 0.8559 -0.7636 0.5052, 0.8618 -0.7392 0.5315, 0.8604 -0.7452 0.5315, 0.8632 -0.7461 0.5052, 0.8637 -0.7676 0.4803, 0.8644 -0.7932 0.4579, 0.863 -0.8236 0.4392, 0.8568 -0.8583 0.4251, 0.748 -0.8312 0.5011, 0.767 -0.8282 0.5052, 0.748 -0.8297 0.5052, 0.7665 -0.8253 0.5315, 0.748 -0.8268 0.5315, 0.7854 -0.8238 0.5052, 0.7845 -0.821 0.5315, 0.7785 -0.8224 0.5315, 0.8052 -0.8846 0.4251, 0.7983 -0.8633 0.4392, 0.7925 -0.8455 0.4579, 0.7881 -0.8321 0.4803, 0.8433 -0.8957 0.4163, 0.832 -0.8735 0.4251, 0.8218 -0.8535 0.4392, 0.8134 -0.8369 0.4579, 0.807 -0.8243 0.4803, 0.803 -0.8165 0.5052, 0.8017 -0.8139 0.5315, 0.8069 -0.8107 0.5315, 0.8533 -0.7623 0.5315, 0.85 -0.7675 0.5315, 0.8436 -0.7781 0.5315, 0.8315 -0.7922 0.5315, 0.8175 -0.8042 0.5315, 0.8647 -0.7271 0.5315, -0.8676 0.8063 0.5052, -0.8691 0.7874 0.5052, -0.8661 0.7874 0.5315, -0.8706 0.7874 0.5011, -0.8825 0.7874 0.4728, -0.8778 0.7874 0.4803, -0.8762 0.8077 0.4803, -0.924 0.8446 0.4251, -0.9307 0.8163 0.4251, -0.9086 0.8128 0.4392, -0.9151 0.9544 0.4134, -0.9391 0.9262 0.4134, -0.9179 0.9108 0.4163, -0.8869 0.9785 0.4134, -0.8965 0.9359 0.4163, -0.8553 0.9979 0.4134, -0.8714 0.9572 0.4163, -0.821 1.0121 0.4134, -0.8433 0.9745 0.4163, -0.785 1.0207 0.4134, -0.8129 0.9871 0.4163, -0.7809 0.9948 0.4163, -0.9843 0.7874 0.4134, -0.958 0.7874 0.4163, -0.9813 0.8244 0.4134, -0.9554 0.8202 0.4163, -0.9727 0.8604 0.4134, -0.9477 0.8523 0.4163, -0.9585 0.8946 0.4134, -0.9351 0.8827 0.4163, -0.9538 0.7874 0.4178, -0.9128 0.8714 0.4251, -0.9027 0.8376 0.4392, -0.8929 0.8612 0.4392, -0.8762 0.8527 0.4579, -0.8849 0.8319 0.4579, -0.8901 0.8099 0.4579, -0.933 0.7874 0.4251, -0.9255 0.7874 0.4298, -0.9106 0.7874 0.4392, -0.9013 0.7874 0.4485, -0.8919 0.7874 0.4579, -0.8715 0.8275 0.4803, -0.8637 0.8463 0.4803, -0.8632 0.8248 0.5052, -0.8559 0.8424 0.5052, -0.777 0.9701 0.4251, -0.7735 0.948 0.4392, -0.7705 0.9295 0.4579, -0.7683 0.9156 0.4803, -0.767 0.907 0.5052, -0.7665 0.9041 0.5315, -0.7854 0.9025 0.5052, -0.7845 0.8997 0.5315, -0.7785 0.9012 0.5315, -0.8052 0.9633 0.4251, -0.7983 0.942 0.4392, -0.7925 0.9242 0.4579, -0.7881 0.9109 0.4803, -0.832 0.9522 0.4251, -0.8218 0.9323 0.4392, -0.8134 0.9156 0.4579, -0.807 0.9031 0.4803, -0.803 0.8953 0.5052, -0.8017 0.8926 0.5315, -0.8192 0.8854 0.5052, -0.8175 0.883 0.5315, -0.8069 0.8894 0.5315, -0.8568 0.937 0.4251, -0.8436 0.9189 0.4392, -0.8326 0.9038 0.4579, -0.8243 0.8924 0.4803, -0.8788 0.9182 0.4251, -0.863 0.9024 0.4392, -0.8498 0.8891 0.4579, -0.8398 0.8792 0.4803, -0.8336 0.873 0.5052, -0.8315 0.8709 0.5315, -0.8977 0.8961 0.4251, -0.8796 0.883 0.4392, -0.8644 0.872 0.4579, -0.853 0.8637 0.4803, -0.846 0.8586 0.5052, -0.8436 0.8568 0.5315, -0.85 0.8463 0.5315, -0.8647 0.8059 0.5315, -0.8618 0.8179 0.5315, -0.8604 0.8239 0.5315, -0.8533 0.841 0.5315, 0.0976 -0.932 0.4141, 0.0984 -0.9449 0.4134, 0.0787 -0.8858 0.4292, 0.0852 -0.8957 0.4241, 0.0936 -0.9143 0.4174, 0.0951 -0.9194 0.4162, 0.0696 -0.8753 0.4361, -0.0255 -0.8498 0.4614, -0.0131 -0.8473 0.4649, -0.748 -0.8432 0.4728, 0.0131 -0.8473 0.4649, 0.0 -0.8465 0.4662, 0.0255 -0.8498 0.4614, 0.0379 -0.854 0.456, 0.0491 -0.8598 0.4497, 0.0521 -0.8614 0.448, -0.748 -0.9449 0.4134, -0.0984 -0.9449 0.4134, -0.748 -0.9186 0.4163, -0.0976 -0.9319 0.4141, -0.748 -0.9144 0.4178, -0.0947 -0.9195 0.4164, -0.0936 -0.9143 0.4174, -0.748 -0.8936 0.4251, -0.0852 -0.8957 0.4241, -0.748 -0.8862 0.4298, -0.0787 -0.8858 0.4292, -0.748 -0.8712 0.4392, -0.0696 -0.8753 0.4361, -0.748 -0.8619 0.4485, -0.0516 -0.8615 0.4481, -0.748 -0.8525 0.4579, -0.0492 -0.8596 0.4497, -0.0379 -0.8541 0.456, -0.748 -0.8268 0.5315, -0.748 -0.8297 0.5052, -0.748 -0.8312 0.5011, -0.748 -0.8385 0.4803, -0.9843 0.4409 0.4134, -0.9843 0.1378 0.4134, -0.9713 0.4418 0.4141, -0.9713 0.1369 0.4141, -0.9588 0.4443 0.4162, -0.9537 0.4458 0.4174, -0.9589 0.1341 0.4164, -0.9537 0.1329 0.4174, -0.935 0.4541 0.4241, -0.935 0.1246 0.4241, -0.9252 0.1181 0.4292, -0.8892 0.5648 0.4614, -0.8867 0.5524 0.4649, -0.8859 0.5426 0.4661, -0.8859 0.5394 0.4661, -0.8892 0.5139 0.4614, -0.8934 0.5015 0.456, -0.899 0.0886 0.4497, -0.8992 0.4903 0.4497, -0.9009 0.091 0.4481, -0.9007 0.4873 0.448, -0.9147 0.109 0.4361, -0.9147 0.4698 0.4361, -0.9252 0.4606 0.4292, -0.8934 0.0772 0.456, -0.8892 0.0648 0.4614, -0.887 0.5243 0.4645, -0.8867 0.0524 0.4649, -0.8859 0.5352 0.4661, -0.8859 0.0394 0.4661, -0.8867 -0.4476 0.4649, -0.8859 0.0426 0.4661, -0.8859 0.0352 0.4661, -0.887 0.0243 0.4645, -0.8892 -0.4352 0.4614, -0.8892 0.0139 0.4614, -0.8934 -0.4228 0.456, -0.899 -0.4114 0.4497, -0.8825 -0.7087 0.4728, -0.8859 -0.4574 0.4661, -0.8859 -0.4606 0.4661, -0.8859 -0.4648 0.4661, -0.887 -0.4757 0.4645, -0.8892 -0.4861 0.4614, -0.8934 -0.4985 0.456, -0.8992 -0.5097 0.4497, -0.8919 -0.7087 0.4579, -0.9843 0.6378 0.4134, -0.9713 0.6369 0.4141, -0.9589 0.6341 0.4164, -0.9537 0.6329 0.4174, -0.935 0.6246 0.4241, -0.9252 0.6181 0.4292, -0.9147 0.609 0.4361, -0.9009 0.591 0.4481, -0.899 0.5886 0.4497, -0.8934 0.5772 0.456, -0.9538 -0.7087 0.4178, -0.9713 -0.5582 0.4141, -0.958 -0.7087 0.4163, -0.9843 -0.5591 0.4134, -0.9843 -0.7087 0.4134, -0.9255 -0.7087 0.4298, -0.9252 -0.5394 0.4292, -0.935 -0.5459 0.4241, -0.933 -0.7087 0.4251, -0.9537 -0.5542 0.4174, -0.9588 -0.5557 0.4162, -0.9013 -0.7087 0.4485, -0.9007 -0.5127 0.448, -0.9147 -0.5302 0.4361, -0.9106 -0.7087 0.4392, -0.8934 0.0015 0.456, -0.8992 -0.0097 0.4497, -0.9009 -0.409 0.4481, -0.9007 -0.0127 0.448, -0.9147 -0.391 0.4361, -0.9147 -0.0302 0.4361, -0.9252 -0.3819 0.4292, -0.9252 -0.0394 0.4292, -0.935 -0.0459 0.4241, -0.9843 -0.0591 0.4134, -0.9843 -0.3622 0.4134, -0.9713 -0.0582 0.4141, -0.9713 -0.3631 0.4141, -0.9588 -0.0557 0.4162, -0.9537 -0.0542 0.4174, -0.9589 -0.3659 0.4164, -0.9537 -0.3671 0.4174, -0.935 -0.3754 0.4241, -0.8661 -0.7087 0.5315, -0.8691 -0.7087 0.5052, -0.8706 -0.7087 0.5011, -0.8778 -0.7087 0.4803, -0.767 -0.8282 0.5052, -0.7683 -0.8369 0.4803, -0.8052 -0.8846 0.4251, -0.777 -0.8914 0.4251, -0.7735 -0.8692 0.4392, -0.9151 -0.8757 0.4134, -0.8869 -0.8998 0.4134, -0.8714 -0.8785 0.4163, -0.9391 -0.8475 0.4134, -0.8965 -0.8571 0.4163, -0.9585 -0.8159 0.4134, -0.9179 -0.8321 0.4163, -0.9727 -0.7817 0.4134, -0.9351 -0.804 0.4163, -0.9813 -0.7456 0.4134, -0.9477 -0.7735 0.4163, -0.9554 -0.7415 0.4163, -0.785 -0.942 0.4134, -0.7809 -0.916 0.4163, -0.821 -0.9333 0.4134, -0.8129 -0.9083 0.4163, -0.8553 -0.9191 0.4134, -0.8433 -0.8957 0.4163, -0.9307 -0.7376 0.4251, -0.832 -0.8735 0.4251, -0.9086 -0.7341 0.4392, -0.7983 -0.8633 0.4392, -0.8218 -0.8535 0.4392, -0.8901 -0.7312 0.4579, -0.8134 -0.8369 0.4579, -0.7925 -0.8455 0.4579, -0.7705 -0.8508 0.4579, -0.8762 -0.729 0.4803, -0.7881 -0.8321 0.4803, -0.807 -0.8243 0.4803, -0.7854 -0.8238 0.5052, -0.803 -0.8165 0.5052, -0.8676 -0.7276 0.5052, -0.8647 -0.7271 0.5315, -0.8632 -0.7461 0.5052, -0.8604 -0.7452 0.5315, -0.8618 -0.7392 0.5315, -0.924 -0.7658 0.4251, -0.9027 -0.7589 0.4392, -0.8849 -0.7531 0.4579, -0.8715 -0.7488 0.4803, -0.9128 -0.7926 0.4251, -0.8929 -0.7825 0.4392, -0.8762 -0.774 0.4579, -0.8637 -0.7676 0.4803, -0.8559 -0.7636 0.5052, -0.8533 -0.7623 0.5315, -0.846 -0.7798 0.5052, -0.8436 -0.7781 0.5315, -0.85 -0.7675 0.5315, -0.8977 -0.8174 0.4251, -0.8796 -0.8042 0.4392, -0.8644 -0.7932 0.4579, -0.853 -0.785 0.4803, -0.8788 -0.8395 0.4251, -0.863 -0.8236 0.4392, -0.8498 -0.8104 0.4579, -0.8398 -0.8004 0.4803, -0.8336 -0.7943 0.5052, -0.8315 -0.7922 0.5315, -0.8568 -0.8583 0.4251, -0.8436 -0.8402 0.4392, -0.8326 -0.8251 0.4579, -0.8243 -0.8137 0.4803, -0.8192 -0.8066 0.5052, -0.8175 -0.8042 0.5315, -0.8069 -0.8107 0.5315, -0.7665 -0.8253 0.5315, -0.7785 -0.8224 0.5315, -0.7845 -0.821 0.5315, -0.8017 -0.8139 0.5315, -0.0886 1.0197 0.315, -0.0983 1.0197 0.315, -0.0856 0.9968 0.315, -0.0951 0.9981 0.315, -0.0767 0.9754 0.315, -0.0852 0.9744 0.315, -0.0626 0.957 0.315, -0.0696 0.954 0.315, -0.0443 0.943 0.315, -0.0492 0.9384 0.315, -0.0229 0.9341 0.315, -0.0255 0.9286 0.315, 0.0 0.9311 0.315, 0.0 0.9252 0.315, 0.0229 0.9341 0.315, 0.0255 0.9286 0.315, 0.0443 0.943 0.315, 0.0492 0.9384 0.315, 0.0626 0.957 0.315, 0.0696 0.954 0.315, 0.0767 0.9754 0.315, 0.0852 0.9744 0.315, 0.0856 0.9968 0.315, 0.0951 0.9981 0.315, 0.0886 1.0197 0.315, 0.0983 1.0197 0.315, -0.0983 1.0197 0.0197, -0.0886 1.0197 0.0, -0.1181 1.0197 0.0197, -0.1181 1.0197 0.0, -0.1181 0.4291 0.0, -0.1181 0.4291 0.0197, 0.0787 0.2323 0.0, 0.0787 0.2323 0.0197, 0.1181 0.2323 0.0, 0.1181 0.2323 0.0197, 0.1181 1.0197 0.0, 0.1181 1.0197 0.0197, 0.0983 1.0197 0.0197, 0.0886 1.0197 0.0, 0.0856 0.9968 0.0, 0.0767 0.9754 0.0, 0.0626 0.957 0.0, 0.0443 0.943 0.0, 0.0229 0.9341 0.0, 0.0 0.9311 0.0, -0.0229 0.9341 0.0, -0.0443 0.943 0.0, -0.0626 0.957 0.0, -0.0767 0.9754 0.0, -0.0856 0.9968 0.0, 0.0886 -0.9409 0.315, 0.0983 -0.9409 0.315, 0.0856 -0.918 0.315, 0.0951 -0.9194 0.315, 0.0767 -0.8967 0.315, 0.0852 -0.8957 0.315, 0.0626 -0.8783 0.315, 0.0696 -0.8753 0.315, 0.0443 -0.8642 0.315, 0.0492 -0.8596 0.315, 0.0229 -0.8554 0.315, 0.0255 -0.8498 0.315, 0.0 -0.8524 0.315, 0.0 -0.8465 0.315, -0.0229 -0.8554 0.315, -0.0255 -0.8498 0.315, -0.0443 -0.8642 0.315, -0.0492 -0.8596 0.315, -0.0626 -0.8783 0.315, -0.0696 -0.8753 0.315, -0.0767 -0.8967 0.315, -0.0852 -0.8957 0.315, -0.0856 -0.918 0.315, -0.0951 -0.9194 0.315, -0.0886 -0.9409 0.315, -0.0983 -0.9409 0.315, -0.1181 -0.9409 0.0197, -0.1181 -0.9409 0.0, -0.0983 -0.9409 0.0197, -0.0886 -0.9409 0.0, -0.0856 -0.918 0.0, -0.0767 -0.8967 0.0, -0.0626 -0.8783 0.0, -0.0443 -0.8642 0.0, -0.0229 -0.8554 0.0, 0.0 -0.8524 0.0, 0.0229 -0.8554 0.0, 0.0443 -0.8642 0.0, 0.0626 -0.8783 0.0, 0.0767 -0.8967 0.0, 0.0856 -0.918 0.0, 0.0886 -0.9409 0.0, 0.0983 -0.9409 0.0197, 0.1181 -0.9409 0.0197, 0.1181 -0.9409 0.0, 0.1181 -0.4685 0.0, 0.1181 -0.4685 0.0197, -0.1181 -0.4685 0.0, -0.1181 -0.4685 0.0197, 0.9803 0.628 0.315, 0.9803 0.6377 0.315, 0.9574 0.6249 0.315, 0.9588 0.6344 0.315, 0.936 0.6161 0.315, 0.935 0.6246 0.315, 0.9177 0.602 0.315, 0.9147 0.609 0.315, 0.9036 0.5837 0.315, 0.899 0.5886 0.315, 0.8948 0.5623 0.315, 0.8892 0.5648 0.315, 0.8917 0.5394 0.315, 0.8858 0.5394 0.315, 0.8948 0.5164 0.315, 0.8892 0.5139 0.315, 0.9036 0.4951 0.315, 0.899 0.4902 0.315, 0.9177 0.4767 0.315, 0.9147 0.4698 0.315, 0.936 0.4627 0.315, 0.935 0.4541 0.315, 0.9574 0.4538 0.315, 0.9588 0.4443 0.315, 0.9803 0.4508 0.315, 0.9803 0.441 0.315, 0.9803 0.6377 0.0197, 0.9803 0.628 0.0, 0.9803 0.6575 0.0197, 0.9803 0.6575 0.0, 0.5079 0.6575 0.0, 0.5079 0.6575 0.0197, 0.5079 0.4213 0.0, 0.5079 0.4213 0.0197, 0.9803 0.4213 0.0, 0.9803 0.4213 0.0197, 0.9803 0.441 0.0197, 0.9803 0.4508 0.0, 0.9574 0.4538 0.0, 0.936 0.4627 0.0, 0.9177 0.4767 0.0, 0.9036 0.4951 0.0, 0.8948 0.5164 0.0, 0.8917 0.5394 0.0, 0.8948 0.5623 0.0, 0.9036 0.5837 0.0, 0.9177 0.602 0.0, 0.936 0.6161 0.0, 0.9574 0.6249 0.0, 0.9803 0.128 0.315, 0.9803 0.1377 0.315, 0.9574 0.1249 0.315, 0.9588 0.1344 0.315, 0.936 0.1161 0.315, 0.935 0.1246 0.315, 0.9177 0.102 0.315, 0.9147 0.109 0.315, 0.9036 0.0837 0.315, 0.899 0.0886 0.315, 0.8948 0.0623 0.315, 0.8892 0.0648 0.315, 0.8917 0.0394 0.315, 0.8858 0.0394 0.315, 0.8948 0.0164 0.315, 0.8892 0.0139 0.315, 0.9036 -0.0049 0.315, 0.899 -0.0098 0.315, 0.9177 -0.0233 0.315, 0.9147 -0.0302 0.315, 0.936 -0.0373 0.315, 0.935 -0.0459 0.315, 0.9574 -0.0462 0.315, 0.9588 -0.0557 0.315, 0.9803 -0.0492 0.315, 0.9803 -0.059 0.315, 0.9803 0.1377 0.0197, 0.9803 0.128 0.0, 0.9803 0.1575 0.0197, 0.9803 0.1575 0.0, 0.5079 0.1575 0.0, 0.5079 0.1575 0.0197, 0.5079 -0.0787 0.0, 0.5079 -0.0787 0.0197, 0.9803 -0.0787 0.0, 0.9803 -0.0787 0.0197, 0.9803 -0.059 0.0197, 0.9803 -0.0492 0.0, 0.9574 -0.0462 0.0, 0.936 -0.0373 0.0, 0.9177 -0.0233 0.0, 0.9036 -0.0049 0.0, 0.8948 0.0164 0.0, 0.8917 0.0394 0.0, 0.8948 0.0623 0.0, 0.9036 0.0837 0.0, 0.9177 0.102 0.0, 0.936 0.1161 0.0, 0.9574 0.1249 0.0, 0.9803 -0.372 0.315, 0.9803 -0.3623 0.315, 0.9574 -0.3751 0.315, 0.9588 -0.3656 0.315, 0.936 -0.3839 0.315, 0.935 -0.3754 0.315, 0.9177 -0.398 0.315, 0.9147 -0.391 0.315, 0.9036 -0.4163 0.315, 0.899 -0.4114 0.315, 0.8948 -0.4377 0.315, 0.8892 -0.4352 0.315, 0.8917 -0.4606 0.315, 0.8858 -0.4606 0.315, 0.8948 -0.4836 0.315, 0.8892 -0.4861 0.315, 0.9036 -0.5049 0.315, 0.899 -0.5098 0.315, 0.9177 -0.5233 0.315, 0.9147 -0.5302 0.315, 0.936 -0.5373 0.315, 0.935 -0.5459 0.315, 0.9574 -0.5462 0.315, 0.9588 -0.5557 0.315, 0.9803 -0.5492 0.315, 0.9803 -0.559 0.315, 0.9803 -0.3623 0.0197, 0.9803 -0.372 0.0, 0.9803 -0.3425 0.0197, 0.9803 -0.3425 0.0, 0.5079 -0.3425 0.0, 0.5079 -0.3425 0.0197, 0.5079 -0.5787 0.0, 0.5079 -0.5787 0.0197, 0.9803 -0.5787 0.0, 0.9803 -0.5787 0.0197, 0.9803 -0.559 0.0197, 0.9803 -0.5492 0.0, 0.9574 -0.5462 0.0, 0.936 -0.5373 0.0, 0.9177 -0.5233 0.0, 0.9036 -0.5049 0.0, 0.8948 -0.4836 0.0, 0.8917 -0.4606 0.0, 0.8948 -0.4377 0.0, 0.9036 -0.4163 0.0, 0.9177 -0.398 0.0, 0.936 -0.3839 0.0, 0.9574 -0.3751 0.0, -0.9803 -0.5492 0.315, -0.9803 -0.559 0.315, -0.9574 -0.5462 0.315, -0.9588 -0.5557 0.315, -0.936 -0.5373 0.315, -0.935 -0.5459 0.315, -0.9177 -0.5233 0.315, -0.9147 -0.5302 0.315, -0.9036 -0.5049 0.315, -0.899 -0.5098 0.315, -0.8948 -0.4836 0.315, -0.8892 -0.4861 0.315, -0.8917 -0.4606 0.315, -0.8858 -0.4606 0.315, -0.8948 -0.4377 0.315, -0.8892 -0.4352 0.315, -0.9036 -0.4163 0.315, -0.899 -0.4114 0.315, -0.9177 -0.398 0.315, -0.9147 -0.391 0.315, -0.936 -0.3839 0.315, -0.935 -0.3754 0.315, -0.9574 -0.3751 0.315, -0.9588 -0.3656 0.315, -0.9803 -0.372 0.315, -0.9803 -0.3623 0.315, -0.9803 -0.559 0.0197, -0.9803 -0.5492 0.0, -0.9803 -0.5787 0.0197, -0.9803 -0.5787 0.0, -0.5079 -0.5787 0.0, -0.5079 -0.5787 0.0197, -0.5079 -0.3425 0.0, -0.5079 -0.3425 0.0197, -0.9803 -0.3425 0.0, -0.9803 -0.3425 0.0197, -0.9803 -0.3623 0.0197, -0.9803 -0.372 0.0, -0.9574 -0.3751 0.0, -0.936 -0.3839 0.0, -0.9177 -0.398 0.0, -0.9036 -0.4163 0.0, -0.8948 -0.4377 0.0, -0.8917 -0.4606 0.0, -0.8948 -0.4836 0.0, -0.9036 -0.5049 0.0, -0.9177 -0.5233 0.0, -0.936 -0.5373 0.0, -0.9574 -0.5462 0.0, -0.9803 -0.0492 0.315, -0.9803 -0.059 0.315, -0.9574 -0.0462 0.315, -0.9588 -0.0557 0.315, -0.936 -0.0373 0.315, -0.935 -0.0459 0.315, -0.9177 -0.0233 0.315, -0.9147 -0.0302 0.315, -0.9036 -0.0049 0.315, -0.899 -0.0098 0.315, -0.8948 0.0164 0.315, -0.8892 0.0139 0.315, -0.8917 0.0394 0.315, -0.8858 0.0394 0.315, -0.8948 0.0623 0.315, -0.8892 0.0648 0.315, -0.9036 0.0837 0.315, -0.899 0.0886 0.315, -0.9177 0.102 0.315, -0.9147 0.109 0.315, -0.936 0.1161 0.315, -0.935 0.1246 0.315, -0.9574 0.1249 0.315, -0.9588 0.1344 0.315, -0.9803 0.128 0.315, -0.9803 0.1377 0.315, -0.9803 -0.059 0.0197, -0.9803 -0.0492 0.0, -0.9803 -0.0787 0.0197, -0.9803 -0.0787 0.0, -0.5079 -0.0787 0.0, -0.5079 -0.0787 0.0197, -0.5079 0.1575 0.0, -0.5079 0.1575 0.0197, -0.9803 0.1575 0.0, -0.9803 0.1575 0.0197, -0.9803 0.1377 0.0197, -0.9803 0.128 0.0, -0.9574 0.1249 0.0, -0.936 0.1161 0.0, -0.9177 0.102 0.0, -0.9036 0.0837 0.0, -0.8948 0.0623 0.0, -0.8917 0.0394 0.0, -0.8948 0.0164 0.0, -0.9036 -0.0049 0.0, -0.9177 -0.0233 0.0, -0.936 -0.0373 0.0, -0.9574 -0.0462 0.0, -0.9803 0.4508 0.315, -0.9803 0.441 0.315, -0.9574 0.4538 0.315, -0.9588 0.4443 0.315, -0.936 0.4627 0.315, -0.935 0.4541 0.315, -0.9177 0.4767 0.315, -0.9147 0.4698 0.315, -0.9036 0.4951 0.315, -0.899 0.4902 0.315, -0.8948 0.5164 0.315, -0.8892 0.5139 0.315, -0.8917 0.5394 0.315, -0.8858 0.5394 0.315, -0.8948 0.5623 0.315, -0.8892 0.5648 0.315, -0.9036 0.5837 0.315, -0.899 0.5886 0.315, -0.9177 0.602 0.315, -0.9147 0.609 0.315, -0.936 0.6161 0.315, -0.935 0.6246 0.315, -0.9574 0.6249 0.315, -0.9588 0.6344 0.315, -0.9803 0.628 0.315, -0.9803 0.6377 0.315, -0.9803 0.441 0.0197, -0.9803 0.4508 0.0, -0.9803 0.4213 0.0197, -0.9803 0.4213 0.0, -0.5079 0.4213 0.0, -0.5079 0.4213 0.0197, -0.5079 0.6575 0.0, -0.5079 0.6575 0.0197, -0.9803 0.6575 0.0, -0.9803 0.6575 0.0197, -0.9803 0.6377 0.0197, -0.9803 0.628 0.0, -0.9574 0.6249 0.0, -0.936 0.6161 0.0, -0.9177 0.602 0.0, -0.9036 0.5837 0.0, -0.8948 0.5623 0.0, -0.8917 0.5394 0.0, -0.8948 0.5164 0.0, -0.9036 0.4951 0.0, -0.9177 0.4767 0.0, -0.936 0.4627 0.0, -0.9574 0.4538 0.0
            ]
        }
        coordIndex [
            0,1,2,-1,3,4,5,-1,6,7,8,-1,9,6,10,-1,11,1,12,-1,12,1,0,-1,12,0,13,-1,14,2,15,-1,15,2,1,-1,15,1,16,-1,16,1,11,-1,16,11,17,-1,18,14,19,-1,19,14,15,-1,19,15,20,-1,20,15,16,-1,20,16,21,-1,21,16,17,-1,21,17,22,-1,23,24,25,-1,26,18,27,-1,27,18,19,-1,27,19,28,-1,28,19,20,-1,28,20,29,-1,29,20,21,-1,29,21,30,-1,30,21,22,-1,30,22,31,-1,32,24,33,-1,33,24,23,-1,33,23,34,-1,35,26,36,-1,36,26,27,-1,36,27,37,-1,37,27,28,-1,37,28,38,-1,38,28,29,-1,38,29,39,-1,39,29,30,-1,39,30,40,-1,40,30,31,-1,40,31,3,-1,41,32,42,-1,42,32,33,-1,42,33,43,-1,43,33,34,-1,43,34,44,-1,45,46,47,-1,47,46,44,-1,47,44,48,-1,48,44,34,-1,48,34,49,-1,49,34,23,-1,49,23,50,-1,50,23,25,-1,50,25,51,-1,9,10,52,-1,52,10,53,-1,52,53,54,-1,54,53,55,-1,54,55,56,-1,56,55,57,-1,56,57,58,-1,58,57,59,-1,58,59,60,-1,60,59,61,-1,60,61,62,-1,62,61,63,-1,62,63,64,-1,65,66,67,-1,6,8,10,-1,10,8,68,-1,10,68,53,-1,53,68,69,-1,53,69,55,-1,55,69,70,-1,55,70,57,-1,57,70,71,-1,57,71,59,-1,59,71,65,-1,59,65,61,-1,61,65,67,-1,61,67,63,-1,7,72,8,-1,8,72,73,-1,8,73,68,-1,68,73,74,-1,68,74,69,-1,69,74,75,-1,69,75,70,-1,70,75,76,-1,70,76,71,-1,71,76,77,-1,71,77,65,-1,65,77,78,-1,65,78,66,-1,72,51,73,-1,73,51,25,-1,73,25,74,-1,74,25,24,-1,74,24,75,-1,75,24,32,-1,75,32,76,-1,76,32,41,-1,76,41,77,-1,77,41,79,-1,77,79,78,-1,46,80,44,-1,44,80,81,-1,44,81,43,-1,43,81,82,-1,43,82,42,-1,42,82,83,-1,42,83,41,-1,41,83,84,-1,41,84,79,-1,85,45,35,-1,35,45,47,-1,35,47,26,-1,26,47,48,-1,26,48,18,-1,18,48,49,-1,18,49,14,-1,14,49,50,-1,14,50,2,-1,2,50,51,-1,2,51,0,-1,0,51,72,-1,0,72,13,-1,13,72,7,-1,3,5,40,-1,40,5,86,-1,40,86,39,-1,39,86,87,-1,39,87,38,-1,38,87,88,-1,38,88,37,-1,37,88,89,-1,37,89,36,-1,36,89,90,-1,36,90,35,-1,35,90,91,-1,35,91,85,-1,92,93,94,-1,95,9,96,-1,96,9,52,-1,96,52,97,-1,97,52,98,-1,98,52,99,-1,99,52,54,-1,99,54,100,-1,56,101,54,-1,54,101,102,-1,54,102,100,-1,58,103,56,-1,56,103,104,-1,56,104,101,-1,105,60,106,-1,107,108,109,-1,109,108,110,-1,111,112,113,-1,111,113,106,-1,106,113,114,-1,106,114,105,-1,105,115,60,-1,60,115,116,-1,60,116,58,-1,58,116,117,-1,58,117,103,-1,111,118,112,-1,112,118,119,-1,112,119,120,-1,121,122,123,-1,123,122,124,-1,123,124,125,-1,125,124,126,-1,125,126,127,-1,127,126,128,-1,127,128,120,-1,120,128,129,-1,120,129,112,-1,130,131,132,-1,132,131,133,-1,132,133,134,-1,134,133,135,-1,123,136,121,-1,121,136,137,-1,121,137,138,-1,138,137,135,-1,138,135,139,-1,139,135,133,-1,110,140,109,-1,109,140,141,-1,109,141,142,-1,142,141,143,-1,142,143,144,-1,144,143,145,-1,144,145,146,-1,146,145,147,-1,146,147,148,-1,149,150,151,-1,151,150,152,-1,151,152,153,-1,153,152,154,-1,153,154,155,-1,155,154,156,-1,155,156,148,-1,148,156,157,-1,148,157,146,-1,158,159,160,-1,160,159,161,-1,160,161,162,-1,162,161,163,-1,151,164,149,-1,149,164,165,-1,149,165,166,-1,166,165,163,-1,166,163,167,-1,167,163,161,-1,94,93,168,-1,93,169,168,-1,168,169,170,-1,168,170,107,-1,107,170,171,-1,107,171,108,-1,172,173,174,-1,174,173,175,-1,175,176,174,-1,174,176,177,-1,174,177,94,-1,94,177,178,-1,94,178,92,-1,64,179,62,-1,62,179,180,-1,62,180,60,-1,60,180,109,-1,60,109,106,-1,106,109,142,-1,181,182,86,-1,183,184,185,-1,185,184,186,-1,185,186,187,-1,188,189,190,-1,190,189,191,-1,190,191,186,-1,186,191,192,-1,186,192,187,-1,188,190,193,-1,193,190,194,-1,193,194,195,-1,195,194,196,-1,196,194,197,-1,196,197,198,-1,88,199,89,-1,89,199,200,-1,89,200,201,-1,202,203,204,-1,202,204,197,-1,197,204,205,-1,197,205,198,-1,86,182,87,-1,182,206,87,-1,87,206,207,-1,87,207,88,-1,88,207,208,-1,88,208,199,-1,4,209,5,-1,5,209,210,-1,210,211,5,-1,5,211,212,-1,5,212,86,-1,86,212,213,-1,86,213,181,-1,214,91,215,-1,215,91,90,-1,215,90,202,-1,202,90,89,-1,202,89,203,-1,203,89,201,-1,216,217,218,-1,219,172,174,-1,220,221,222,-1,220,223,224,-1,224,223,225,-1,226,217,227,-1,227,217,216,-1,227,216,228,-1,225,223,229,-1,229,223,230,-1,229,230,231,-1,232,218,233,-1,233,218,217,-1,233,217,234,-1,234,217,226,-1,234,226,235,-1,231,230,236,-1,236,230,237,-1,236,237,238,-1,239,232,240,-1,240,232,233,-1,240,233,241,-1,241,233,234,-1,241,234,242,-1,242,234,235,-1,242,235,243,-1,238,237,244,-1,244,237,245,-1,244,245,246,-1,247,248,249,-1,250,239,251,-1,251,239,240,-1,251,240,252,-1,252,240,241,-1,252,241,253,-1,253,241,242,-1,253,242,254,-1,254,242,243,-1,254,243,255,-1,246,245,256,-1,256,245,257,-1,256,257,258,-1,259,248,260,-1,260,248,247,-1,260,247,261,-1,262,250,263,-1,263,250,251,-1,263,251,264,-1,264,251,252,-1,264,252,265,-1,265,252,253,-1,265,253,266,-1,266,253,254,-1,266,254,267,-1,267,254,255,-1,267,255,219,-1,268,259,269,-1,269,259,260,-1,269,260,270,-1,270,260,261,-1,270,261,271,-1,272,273,274,-1,274,273,271,-1,274,271,275,-1,275,271,261,-1,275,261,276,-1,276,261,247,-1,276,247,277,-1,277,247,249,-1,277,249,278,-1,258,257,279,-1,279,257,280,-1,279,280,281,-1,281,280,282,-1,281,282,283,-1,284,285,286,-1,220,222,223,-1,223,222,287,-1,223,287,230,-1,230,287,288,-1,230,288,237,-1,237,288,289,-1,237,289,245,-1,245,289,290,-1,245,290,257,-1,257,290,284,-1,257,284,280,-1,280,284,286,-1,280,286,282,-1,221,291,222,-1,222,291,292,-1,222,292,287,-1,287,292,293,-1,287,293,288,-1,288,293,294,-1,288,294,289,-1,289,294,295,-1,289,295,290,-1,290,295,296,-1,290,296,284,-1,284,296,297,-1,284,297,285,-1,291,278,292,-1,292,278,249,-1,292,249,293,-1,293,249,248,-1,293,248,294,-1,294,248,259,-1,294,259,295,-1,295,259,268,-1,295,268,296,-1,296,268,298,-1,296,298,297,-1,273,299,271,-1,271,299,300,-1,271,300,270,-1,270,300,301,-1,270,301,269,-1,269,301,302,-1,269,302,268,-1,268,302,303,-1,268,303,298,-1,304,272,262,-1,262,272,274,-1,262,274,250,-1,250,274,275,-1,250,275,239,-1,239,275,276,-1,239,276,232,-1,232,276,277,-1,232,277,218,-1,218,277,278,-1,218,278,216,-1,216,278,291,-1,216,291,228,-1,228,291,221,-1,219,174,267,-1,267,174,94,-1,267,94,266,-1,266,94,168,-1,266,168,265,-1,265,168,107,-1,265,107,264,-1,264,107,109,-1,264,109,263,-1,263,109,180,-1,263,180,262,-1,262,180,179,-1,262,179,304,-1,305,306,307,-1,306,305,308,-1,309,310,311,-1,312,313,314,-1,315,316,317,-1,318,315,319,-1,320,318,321,-1,322,320,323,-1,324,322,325,-1,184,324,326,-1,327,328,329,-1,329,328,330,-1,329,330,331,-1,331,330,332,-1,331,332,333,-1,333,332,334,-1,333,334,316,-1,328,335,330,-1,330,335,313,-1,330,313,332,-1,332,313,312,-1,332,312,334,-1,334,312,336,-1,337,338,336,-1,339,338,340,-1,340,338,337,-1,340,337,341,-1,335,342,313,-1,313,342,343,-1,313,343,314,-1,314,343,344,-1,314,344,345,-1,336,312,337,-1,337,312,314,-1,337,314,341,-1,341,314,345,-1,341,345,346,-1,346,309,341,-1,341,309,311,-1,341,311,340,-1,340,311,347,-1,340,347,339,-1,339,347,348,-1,310,308,311,-1,311,308,305,-1,311,305,347,-1,347,305,349,-1,347,349,348,-1,348,349,350,-1,184,326,186,-1,186,326,351,-1,186,351,190,-1,190,351,352,-1,190,352,194,-1,194,352,353,-1,194,353,197,-1,197,353,354,-1,197,354,202,-1,202,354,355,-1,202,355,215,-1,215,355,356,-1,215,356,214,-1,357,358,359,-1,324,325,326,-1,326,325,360,-1,326,360,351,-1,351,360,361,-1,351,361,352,-1,352,361,362,-1,352,362,353,-1,353,362,363,-1,353,363,354,-1,354,363,357,-1,354,357,355,-1,355,357,359,-1,355,359,356,-1,322,323,325,-1,325,323,364,-1,325,364,360,-1,360,364,365,-1,360,365,361,-1,361,365,366,-1,361,366,362,-1,362,366,367,-1,362,367,363,-1,363,367,368,-1,363,368,357,-1,357,368,369,-1,357,369,358,-1,370,371,372,-1,320,321,323,-1,323,321,373,-1,323,373,364,-1,364,373,374,-1,364,374,365,-1,365,374,375,-1,365,375,366,-1,366,375,376,-1,366,376,367,-1,367,376,370,-1,367,370,368,-1,368,370,372,-1,368,372,369,-1,318,319,321,-1,321,319,377,-1,321,377,373,-1,373,377,378,-1,373,378,374,-1,374,378,379,-1,374,379,375,-1,375,379,380,-1,375,380,376,-1,376,380,381,-1,376,381,370,-1,370,381,382,-1,370,382,371,-1,315,317,319,-1,319,317,383,-1,319,383,377,-1,377,383,384,-1,377,384,378,-1,378,384,385,-1,378,385,379,-1,379,385,386,-1,379,386,380,-1,380,386,387,-1,380,387,381,-1,381,387,388,-1,381,388,382,-1,316,334,317,-1,317,334,336,-1,317,336,383,-1,383,336,338,-1,383,338,384,-1,384,338,339,-1,384,339,385,-1,385,339,348,-1,385,348,386,-1,386,348,350,-1,386,350,387,-1,387,350,389,-1,387,389,388,-1,307,390,305,-1,305,390,391,-1,305,391,349,-1,349,391,392,-1,349,392,350,-1,350,392,393,-1,350,393,389,-1,229,394,225,-1,225,394,395,-1,225,395,224,-1,236,396,397,-1,236,397,231,-1,231,397,398,-1,231,398,229,-1,229,398,399,-1,229,399,394,-1,396,236,400,-1,400,236,238,-1,400,238,244,-1,401,402,403,-1,246,256,404,-1,404,256,405,-1,246,404,244,-1,244,404,406,-1,244,406,407,-1,407,408,244,-1,244,408,409,-1,244,409,400,-1,410,411,412,-1,412,411,413,-1,412,413,414,-1,413,415,414,-1,414,415,416,-1,414,416,417,-1,417,416,418,-1,417,418,419,-1,419,418,420,-1,419,420,421,-1,421,420,422,-1,421,422,423,-1,423,422,424,-1,423,424,425,-1,425,424,426,-1,425,426,403,-1,403,426,427,-1,403,427,401,-1,283,428,281,-1,281,428,429,-1,281,429,279,-1,279,429,430,-1,279,430,258,-1,258,430,431,-1,258,431,256,-1,256,431,403,-1,256,403,405,-1,405,403,402,-1,432,433,434,-1,434,433,435,-1,434,435,436,-1,436,435,437,-1,435,438,437,-1,437,438,439,-1,437,439,440,-1,440,439,441,-1,440,441,442,-1,443,444,309,-1,309,444,445,-1,309,445,446,-1,447,448,449,-1,449,448,450,-1,449,450,451,-1,451,450,452,-1,451,452,453,-1,453,452,454,-1,453,454,442,-1,442,454,455,-1,442,455,440,-1,449,456,447,-1,447,456,457,-1,447,457,458,-1,458,457,459,-1,458,459,460,-1,461,462,463,-1,463,462,309,-1,463,309,459,-1,459,309,446,-1,459,446,460,-1,461,464,462,-1,462,464,465,-1,462,465,466,-1,466,465,467,-1,466,467,468,-1,468,467,469,-1,470,471,472,-1,472,473,470,-1,470,473,474,-1,470,474,475,-1,475,476,470,-1,470,476,477,-1,470,477,478,-1,327,479,328,-1,328,479,480,-1,328,480,335,-1,480,481,335,-1,335,481,482,-1,335,482,342,-1,342,482,483,-1,342,483,343,-1,343,483,484,-1,343,484,344,-1,344,484,485,-1,344,485,345,-1,345,485,486,-1,345,486,346,-1,346,486,487,-1,346,487,309,-1,309,487,488,-1,309,488,443,-1,489,490,491,-1,491,490,492,-1,491,492,493,-1,494,495,496,-1,494,496,497,-1,497,496,498,-1,497,498,489,-1,489,498,499,-1,489,499,490,-1,478,477,500,-1,500,477,501,-1,500,501,502,-1,495,494,502,-1,502,494,503,-1,502,503,500,-1,467,504,469,-1,469,504,505,-1,469,505,506,-1,506,505,507,-1,506,507,508,-1,508,507,509,-1,508,509,510,-1,510,509,511,-1,510,511,512,-1,513,514,515,-1,515,514,516,-1,515,516,517,-1,517,516,518,-1,516,519,518,-1,518,519,520,-1,518,520,512,-1,512,520,521,-1,512,521,510,-1,522,307,523,-1,523,307,306,-1,523,306,524,-1,524,306,308,-1,524,308,525,-1,525,308,310,-1,525,310,470,-1,470,310,309,-1,470,309,471,-1,471,309,462,-1,526,429,428,-1,429,526,430,-1,403,431,527,-1,528,529,530,-1,531,532,533,-1,534,531,535,-1,536,534,537,-1,538,536,539,-1,540,538,541,-1,540,542,493,-1,493,542,491,-1,410,412,543,-1,543,412,544,-1,543,544,545,-1,545,544,546,-1,545,546,547,-1,547,546,548,-1,547,548,532,-1,491,542,489,-1,489,542,549,-1,489,549,497,-1,412,414,544,-1,544,414,529,-1,544,529,546,-1,546,529,528,-1,546,528,548,-1,548,528,550,-1,497,549,494,-1,494,549,551,-1,494,551,503,-1,552,553,550,-1,503,551,500,-1,500,551,554,-1,500,554,478,-1,555,553,556,-1,556,553,552,-1,556,552,557,-1,414,417,529,-1,529,417,419,-1,529,419,530,-1,530,419,421,-1,530,421,423,-1,550,528,552,-1,552,528,530,-1,552,530,557,-1,557,530,423,-1,557,423,425,-1,478,554,470,-1,470,554,558,-1,470,558,525,-1,425,403,557,-1,557,403,527,-1,557,527,556,-1,556,527,559,-1,556,559,555,-1,555,559,560,-1,431,430,527,-1,527,430,526,-1,527,526,559,-1,559,526,561,-1,559,561,560,-1,560,561,562,-1,525,558,524,-1,524,558,563,-1,524,563,523,-1,523,563,564,-1,523,564,522,-1,565,566,567,-1,540,541,542,-1,542,541,568,-1,542,568,549,-1,549,568,569,-1,549,569,551,-1,551,569,570,-1,551,570,554,-1,554,570,571,-1,554,571,558,-1,558,571,565,-1,558,565,563,-1,563,565,567,-1,563,567,564,-1,538,539,541,-1,541,539,572,-1,541,572,568,-1,568,572,573,-1,568,573,569,-1,569,573,574,-1,569,574,570,-1,570,574,575,-1,570,575,571,-1,571,575,576,-1,571,576,565,-1,565,576,577,-1,565,577,566,-1,578,579,580,-1,536,537,539,-1,539,537,581,-1,539,581,572,-1,572,581,582,-1,572,582,573,-1,573,582,583,-1,573,583,574,-1,574,583,584,-1,574,584,575,-1,575,584,578,-1,575,578,576,-1,576,578,580,-1,576,580,577,-1,534,535,537,-1,537,535,585,-1,537,585,581,-1,581,585,586,-1,581,586,582,-1,582,586,587,-1,582,587,583,-1,583,587,588,-1,583,588,584,-1,584,588,589,-1,584,589,578,-1,578,589,590,-1,578,590,579,-1,531,533,535,-1,535,533,591,-1,535,591,585,-1,585,591,592,-1,585,592,586,-1,586,592,593,-1,586,593,587,-1,587,593,594,-1,587,594,588,-1,588,594,595,-1,588,595,589,-1,589,595,596,-1,589,596,590,-1,532,548,533,-1,533,548,550,-1,533,550,591,-1,591,550,553,-1,591,553,592,-1,592,553,555,-1,592,555,593,-1,593,555,560,-1,593,560,594,-1,594,560,562,-1,594,562,595,-1,595,562,597,-1,595,597,596,-1,428,598,526,-1,526,598,599,-1,526,599,561,-1,561,599,600,-1,561,600,562,-1,562,600,601,-1,562,601,597,-1,602,603,604,-1,604,603,605,-1,604,605,606,-1,606,605,607,-1,606,607,608,-1,608,607,609,-1,608,609,610,-1,610,609,611,-1,610,611,612,-1,612,611,613,-1,612,613,614,-1,614,613,615,-1,614,615,616,-1,616,615,617,-1,616,617,618,-1,618,617,619,-1,618,619,620,-1,620,619,621,-1,620,621,622,-1,622,621,623,-1,622,623,624,-1,624,623,625,-1,624,625,626,-1,626,625,627,-1,603,602,628,-1,628,602,629,-1,628,629,630,-1,630,629,631,-1,631,632,630,-1,630,632,633,-1,632,634,633,-1,633,634,635,-1,634,636,635,-1,635,636,637,-1,636,638,637,-1,637,638,639,-1,639,638,640,-1,640,638,641,-1,640,641,627,-1,627,641,626,-1,626,641,624,-1,624,641,642,-1,624,642,622,-1,622,642,643,-1,622,643,620,-1,620,643,644,-1,620,644,618,-1,618,644,645,-1,618,645,616,-1,616,645,646,-1,616,646,614,-1,614,646,647,-1,614,647,612,-1,612,647,648,-1,612,648,610,-1,610,648,649,-1,610,649,608,-1,608,649,650,-1,608,650,606,-1,606,650,651,-1,606,651,604,-1,604,651,652,-1,604,652,602,-1,602,652,629,-1,631,629,652,-1,631,652,632,-1,632,652,651,-1,632,651,650,-1,650,649,632,-1,632,649,648,-1,632,648,634,-1,634,648,647,-1,634,647,636,-1,636,647,646,-1,636,646,645,-1,645,644,636,-1,636,644,643,-1,636,643,638,-1,638,643,642,-1,638,642,641,-1,653,654,655,-1,655,654,656,-1,655,656,657,-1,657,656,658,-1,657,658,659,-1,659,658,660,-1,659,660,661,-1,661,660,662,-1,661,662,663,-1,663,662,664,-1,663,664,665,-1,665,664,666,-1,665,666,667,-1,667,666,668,-1,667,668,669,-1,669,668,670,-1,669,670,671,-1,671,670,672,-1,671,672,673,-1,673,672,674,-1,673,674,675,-1,675,674,676,-1,675,676,677,-1,677,676,678,-1,679,680,681,-1,681,680,682,-1,681,682,678,-1,678,682,677,-1,677,682,675,-1,675,682,683,-1,675,683,673,-1,673,683,684,-1,673,684,671,-1,671,684,685,-1,671,685,669,-1,669,685,686,-1,669,686,667,-1,667,686,687,-1,667,687,665,-1,665,687,688,-1,665,688,663,-1,663,688,689,-1,663,689,661,-1,661,689,690,-1,661,690,659,-1,659,690,691,-1,659,691,657,-1,657,691,692,-1,657,692,655,-1,655,692,693,-1,655,693,653,-1,653,693,694,-1,654,653,695,-1,695,653,694,-1,695,694,696,-1,696,694,697,-1,697,698,696,-1,696,698,699,-1,698,700,699,-1,699,700,701,-1,700,680,701,-1,701,680,679,-1,687,686,700,-1,698,692,691,-1,691,690,698,-1,698,690,689,-1,698,689,700,-1,700,689,688,-1,700,688,687,-1,692,698,693,-1,693,698,697,-1,693,697,694,-1,686,685,700,-1,700,685,684,-1,700,684,680,-1,680,684,683,-1,680,683,682,-1,702,703,704,-1,704,703,705,-1,704,705,706,-1,706,705,707,-1,706,707,708,-1,708,707,709,-1,708,709,710,-1,710,709,711,-1,710,711,712,-1,712,711,713,-1,712,713,714,-1,714,713,715,-1,714,715,716,-1,716,715,717,-1,716,717,718,-1,718,717,719,-1,718,719,720,-1,720,719,721,-1,720,721,722,-1,722,721,723,-1,722,723,724,-1,724,723,725,-1,724,725,726,-1,726,725,727,-1,703,702,728,-1,728,702,729,-1,728,729,730,-1,730,729,731,-1,731,732,730,-1,730,732,733,-1,732,734,733,-1,733,734,735,-1,734,736,735,-1,735,736,737,-1,737,736,738,-1,738,736,739,-1,738,739,727,-1,727,739,726,-1,726,739,724,-1,724,739,740,-1,724,740,722,-1,722,740,741,-1,722,741,720,-1,720,741,742,-1,720,742,718,-1,718,742,743,-1,718,743,716,-1,716,743,744,-1,716,744,714,-1,714,744,745,-1,714,745,712,-1,712,745,746,-1,712,746,710,-1,710,746,747,-1,710,747,708,-1,708,747,748,-1,708,748,706,-1,706,748,749,-1,706,749,704,-1,704,749,750,-1,704,750,702,-1,702,750,729,-1,744,743,734,-1,731,729,750,-1,748,747,732,-1,732,747,746,-1,732,746,734,-1,734,746,745,-1,734,745,744,-1,743,742,734,-1,734,742,741,-1,734,741,736,-1,736,741,740,-1,736,740,739,-1,731,750,732,-1,732,750,749,-1,732,749,748,-1,751,752,753,-1,753,752,754,-1,753,754,755,-1,755,754,756,-1,755,756,757,-1,757,756,758,-1,757,758,759,-1,759,758,760,-1,759,760,761,-1,761,760,762,-1,761,762,763,-1,763,762,764,-1,763,764,765,-1,765,764,766,-1,765,766,767,-1,767,766,768,-1,767,768,769,-1,769,768,770,-1,769,770,771,-1,771,770,772,-1,771,772,773,-1,773,772,774,-1,773,774,775,-1,775,774,776,-1,752,751,777,-1,777,751,778,-1,777,778,779,-1,779,778,780,-1,780,781,779,-1,779,781,782,-1,781,783,782,-1,782,783,784,-1,783,785,784,-1,784,785,786,-1,786,785,787,-1,787,785,788,-1,787,788,776,-1,776,788,775,-1,775,788,773,-1,773,788,789,-1,773,789,771,-1,771,789,790,-1,771,790,769,-1,769,790,791,-1,769,791,767,-1,767,791,792,-1,767,792,765,-1,765,792,793,-1,765,793,763,-1,763,793,794,-1,763,794,761,-1,761,794,795,-1,761,795,759,-1,759,795,796,-1,759,796,757,-1,757,796,797,-1,757,797,755,-1,755,797,798,-1,755,798,753,-1,753,798,799,-1,753,799,751,-1,751,799,778,-1,796,781,797,-1,797,781,798,-1,798,781,799,-1,799,781,780,-1,799,780,778,-1,796,795,781,-1,781,795,794,-1,781,794,783,-1,783,794,793,-1,783,793,792,-1,792,791,783,-1,783,791,790,-1,783,790,785,-1,785,790,789,-1,785,789,788,-1,800,801,802,-1,802,801,803,-1,802,803,804,-1,804,803,805,-1,804,805,806,-1,806,805,807,-1,806,807,808,-1,808,807,809,-1,808,809,810,-1,810,809,811,-1,810,811,812,-1,812,811,813,-1,812,813,814,-1,814,813,815,-1,814,815,816,-1,816,815,817,-1,816,817,818,-1,818,817,819,-1,818,819,820,-1,820,819,821,-1,820,821,822,-1,822,821,823,-1,822,823,824,-1,824,823,825,-1,801,800,826,-1,826,800,827,-1,826,827,828,-1,828,827,829,-1,829,830,828,-1,828,830,831,-1,830,832,831,-1,831,832,833,-1,832,834,833,-1,833,834,835,-1,835,834,836,-1,836,834,837,-1,836,837,825,-1,825,837,824,-1,824,837,822,-1,822,837,838,-1,822,838,820,-1,820,838,839,-1,820,839,818,-1,818,839,840,-1,818,840,816,-1,816,840,841,-1,816,841,814,-1,814,841,842,-1,814,842,812,-1,812,842,843,-1,812,843,810,-1,810,843,844,-1,810,844,808,-1,808,844,845,-1,808,845,806,-1,806,845,846,-1,806,846,804,-1,804,846,847,-1,804,847,802,-1,802,847,848,-1,802,848,800,-1,800,848,827,-1,846,845,830,-1,829,827,848,-1,829,848,830,-1,830,848,847,-1,830,847,846,-1,845,844,830,-1,830,844,843,-1,830,843,832,-1,832,843,842,-1,832,842,841,-1,841,840,832,-1,832,840,839,-1,832,839,834,-1,834,839,838,-1,834,838,837,-1,849,850,851,-1,851,850,852,-1,851,852,853,-1,853,852,854,-1,853,854,855,-1,855,854,856,-1,855,856,857,-1,857,856,858,-1,857,858,859,-1,859,858,860,-1,859,860,861,-1,861,860,862,-1,861,862,863,-1,863,862,864,-1,863,864,865,-1,865,864,866,-1,865,866,867,-1,867,866,868,-1,867,868,869,-1,869,868,870,-1,869,870,871,-1,871,870,872,-1,871,872,873,-1,873,872,874,-1,850,849,875,-1,875,849,876,-1,875,876,877,-1,877,876,878,-1,878,879,877,-1,877,879,880,-1,879,881,880,-1,880,881,882,-1,881,883,882,-1,882,883,884,-1,884,883,885,-1,885,883,886,-1,885,886,874,-1,874,886,873,-1,873,886,871,-1,871,886,887,-1,871,887,869,-1,869,887,888,-1,869,888,867,-1,867,888,889,-1,867,889,865,-1,865,889,890,-1,865,890,863,-1,863,890,891,-1,863,891,861,-1,861,891,892,-1,861,892,859,-1,859,892,893,-1,859,893,857,-1,857,893,894,-1,857,894,855,-1,855,894,895,-1,855,895,853,-1,853,895,896,-1,853,896,851,-1,851,896,897,-1,851,897,849,-1,849,897,876,-1,891,890,881,-1,878,876,897,-1,878,897,879,-1,879,897,896,-1,879,896,895,-1,895,894,879,-1,879,894,893,-1,879,893,881,-1,881,893,892,-1,881,892,891,-1,890,889,881,-1,881,889,888,-1,881,888,883,-1,883,888,887,-1,883,887,886,-1,898,899,900,-1,900,899,901,-1,900,901,902,-1,902,901,903,-1,902,903,904,-1,904,903,905,-1,904,905,906,-1,906,905,907,-1,906,907,908,-1,908,907,909,-1,908,909,910,-1,910,909,911,-1,910,911,912,-1,912,911,913,-1,912,913,914,-1,914,913,915,-1,914,915,916,-1,916,915,917,-1,916,917,918,-1,918,917,919,-1,918,919,920,-1,920,919,921,-1,920,921,922,-1,922,921,923,-1,899,898,924,-1,924,898,925,-1,924,925,926,-1,926,925,927,-1,927,928,926,-1,926,928,929,-1,928,930,929,-1,929,930,931,-1,930,932,931,-1,931,932,933,-1,933,932,934,-1,934,932,935,-1,934,935,923,-1,923,935,922,-1,922,935,920,-1,920,935,936,-1,920,936,918,-1,918,936,937,-1,918,937,916,-1,916,937,938,-1,916,938,914,-1,914,938,939,-1,914,939,912,-1,912,939,940,-1,912,940,910,-1,910,940,941,-1,910,941,908,-1,908,941,942,-1,908,942,906,-1,906,942,943,-1,906,943,904,-1,904,943,944,-1,904,944,902,-1,902,944,945,-1,902,945,900,-1,900,945,946,-1,900,946,898,-1,898,946,925,-1,944,943,928,-1,927,925,946,-1,927,946,928,-1,928,946,945,-1,928,945,944,-1,943,942,928,-1,928,942,941,-1,928,941,930,-1,930,941,940,-1,930,940,939,-1,939,938,930,-1,930,938,937,-1,930,937,932,-1,932,937,936,-1,932,936,935,-1,947,948,949,-1,949,948,950,-1,949,950,951,-1,951,950,952,-1,951,952,953,-1,953,952,954,-1,953,954,955,-1,955,954,956,-1,955,956,957,-1,957,956,958,-1,957,958,959,-1,959,958,960,-1,959,960,961,-1,961,960,962,-1,961,962,963,-1,963,962,964,-1,963,964,965,-1,965,964,966,-1,965,966,967,-1,967,966,968,-1,967,968,969,-1,969,968,970,-1,969,970,971,-1,971,970,972,-1,948,947,973,-1,973,947,974,-1,973,974,975,-1,975,974,976,-1,976,977,975,-1,975,977,978,-1,977,979,978,-1,978,979,980,-1,979,981,980,-1,980,981,982,-1,982,981,983,-1,983,981,984,-1,983,984,972,-1,972,984,971,-1,971,984,969,-1,969,984,985,-1,969,985,967,-1,967,985,986,-1,967,986,965,-1,965,986,987,-1,965,987,963,-1,963,987,988,-1,963,988,961,-1,961,988,989,-1,961,989,959,-1,959,989,990,-1,959,990,957,-1,957,990,991,-1,957,991,955,-1,955,991,992,-1,955,992,953,-1,953,992,993,-1,953,993,951,-1,951,993,994,-1,951,994,949,-1,949,994,995,-1,949,995,947,-1,947,995,974,-1,989,988,979,-1,976,974,995,-1,993,992,977,-1,977,992,991,-1,977,991,979,-1,979,991,990,-1,979,990,989,-1,976,995,977,-1,977,995,994,-1,977,994,993,-1,988,987,979,-1,979,987,986,-1,979,986,981,-1,981,986,985,-1,981,985,984,-1,
        ]
    }
}
Shape{
    appearance Appearance {
        material  Material 	{
            diffuseColor 0.0 0.0 0.0
            specularColor 0.0 0.0 0.0
            ambientIntensity 0.0
            transparency 0.0
            shininess 0.5
        }
    }
    geometry IndexedFaceSet {
        ccw TRUE
        solid FALSE
        coord DEF co Coordinate {
            point [
                0.4921 0.4331 0.2953, 0.4921 0.4331 0.6102, 0.4888 0.4585 0.2953, 0.4888 0.4585 0.6102, 0.4789 0.4823 0.2953, 0.4789 0.4823 0.6102, 0.4633 0.5027 0.2953, 0.4633 0.5027 0.6102, 0.4429 0.5183 0.2953, 0.4429 0.5183 0.6102, 0.4192 0.5281 0.2953, 0.4192 0.5281 0.6102, 0.3937 0.5315 0.2953, 0.3937 0.5315 0.6102, 0.3682 0.5281 0.2953, 0.3682 0.5281 0.6102, 0.3445 0.5183 0.2953, 0.3445 0.5183 0.6102, 0.3241 0.5027 0.2953, 0.3241 0.5027 0.6102, 0.3085 0.4823 0.2953, 0.3085 0.4823 0.6102, 0.2986 0.4585 0.2953, 0.2986 0.4585 0.6102, 0.2953 0.4331 0.2953, 0.2953 0.4331 0.6102, 0.2986 0.4076 0.2953, 0.2986 0.4076 0.6102, 0.3085 0.3839 0.2953, 0.3085 0.3839 0.6102, 0.3241 0.3635 0.2953, 0.3241 0.3635 0.6102, 0.3445 0.3478 0.2953, 0.3445 0.3478 0.6102, 0.3682 0.338 0.2953, 0.3682 0.338 0.6102, 0.3937 0.3346 0.2953, 0.3937 0.3346 0.6102, 0.4192 0.338 0.2953, 0.4192 0.338 0.6102, 0.4429 0.3478 0.2953, 0.4429 0.3478 0.6102, 0.4633 0.3635 0.2953, 0.4633 0.3635 0.6102, 0.4789 0.3839 0.2953, 0.4789 0.3839 0.6102, 0.4888 0.4076 0.2953, 0.4888 0.4076 0.6102, 0.3937 0.4331 0.2953, 0.4921 -0.3543 0.2953, 0.4921 -0.3543 0.6102, 0.4888 -0.3289 0.2953, 0.4888 -0.3289 0.6102, 0.4789 -0.3051 0.2953, 0.4789 -0.3051 0.6102, 0.4633 -0.2847 0.2953, 0.4633 -0.2847 0.6102, 0.4429 -0.2691 0.2953, 0.4429 -0.2691 0.6102, 0.4192 -0.2593 0.2953, 0.4192 -0.2593 0.6102, 0.3937 -0.2559 0.2953, 0.3937 -0.2559 0.6102, 0.3682 -0.2593 0.2953, 0.3682 -0.2593 0.6102, 0.3445 -0.2691 0.2953, 0.3445 -0.2691 0.6102, 0.3241 -0.2847 0.2953, 0.3241 -0.2847 0.6102, 0.3085 -0.3051 0.2953, 0.3085 -0.3051 0.6102, 0.2986 -0.3289 0.2953, 0.2986 -0.3289 0.6102, 0.2953 -0.3543 0.2953, 0.2953 -0.3543 0.6102, 0.2986 -0.3798 0.2953, 0.2986 -0.3798 0.6102, 0.3085 -0.4035 0.2953, 0.3085 -0.4035 0.6102, 0.3241 -0.4239 0.2953, 0.3241 -0.4239 0.6102, 0.3445 -0.4396 0.2953, 0.3445 -0.4396 0.6102, 0.3682 -0.4494 0.2953, 0.3682 -0.4494 0.6102, 0.3937 -0.4528 0.2953, 0.3937 -0.4528 0.6102, 0.4192 -0.4494 0.2953, 0.4192 -0.4494 0.6102, 0.4429 -0.4396 0.2953, 0.4429 -0.4396 0.6102, 0.4633 -0.4239 0.2953, 0.4633 -0.4239 0.6102, 0.4789 -0.4035 0.2953, 0.4789 -0.4035 0.6102, 0.4888 -0.3798 0.2953, 0.4888 -0.3798 0.6102, 0.3937 -0.3543 0.2953, 0.4921 0.0394 0.2953, 0.4921 0.0394 0.6102, 0.4888 0.0648 0.2953, 0.4888 0.0648 0.6102, 0.4789 0.0886 0.2953, 0.4789 0.0886 0.6102, 0.4633 0.109 0.2953, 0.4633 0.109 0.6102, 0.4429 0.1246 0.2953, 0.4429 0.1246 0.6102, 0.4192 0.1344 0.2953, 0.4192 0.1344 0.6102, 0.3937 0.1378 0.2953, 0.3937 0.1378 0.6102, 0.3682 0.1344 0.2953, 0.3682 0.1344 0.6102, 0.3445 0.1246 0.2953, 0.3445 0.1246 0.6102, 0.3241 0.109 0.2953, 0.3241 0.109 0.6102, 0.3085 0.0886 0.2953, 0.3085 0.0886 0.6102, 0.2986 0.0648 0.2953, 0.2986 0.0648 0.6102, 0.2953 0.0394 0.2953, 0.2953 0.0394 0.6102, 0.2986 0.0139 0.2953, 0.2986 0.0139 0.6102, 0.3085 -0.0098 0.2953, 0.3085 -0.0098 0.6102, 0.3241 -0.0302 0.2953, 0.3241 -0.0302 0.6102, 0.3445 -0.0459 0.2953, 0.3445 -0.0459 0.6102, 0.3682 -0.0557 0.2953, 0.3682 -0.0557 0.6102, 0.3937 -0.0591 0.2953, 0.3937 -0.0591 0.6102, 0.4192 -0.0557 0.2953, 0.4192 -0.0557 0.6102, 0.4429 -0.0459 0.2953, 0.4429 -0.0459 0.6102, 0.4633 -0.0302 0.2953, 0.4633 -0.0302 0.6102, 0.4789 -0.0098 0.2953, 0.4789 -0.0098 0.6102, 0.4888 0.0139 0.2953, 0.4888 0.0139 0.6102, 0.3937 0.0394 0.2953, -0.2953 -0.3543 0.2953, -0.2953 -0.3543 0.6102, -0.2986 -0.3289 0.2953, -0.2986 -0.3289 0.6102, -0.3085 -0.3051 0.2953, -0.3085 -0.3051 0.6102, -0.3241 -0.2847 0.2953, -0.3241 -0.2847 0.6102, -0.3445 -0.2691 0.2953, -0.3445 -0.2691 0.6102, -0.3682 -0.2593 0.2953, -0.3682 -0.2593 0.6102, -0.3937 -0.2559 0.2953, -0.3937 -0.2559 0.6102, -0.4192 -0.2593 0.2953, -0.4192 -0.2593 0.6102, -0.4429 -0.2691 0.2953, -0.4429 -0.2691 0.6102, -0.4633 -0.2847 0.2953, -0.4633 -0.2847 0.6102, -0.4789 -0.3051 0.2953, -0.4789 -0.3051 0.6102, -0.4888 -0.3289 0.2953, -0.4888 -0.3289 0.6102, -0.4921 -0.3543 0.2953, -0.4921 -0.3543 0.6102, -0.4888 -0.3798 0.2953, -0.4888 -0.3798 0.6102, -0.4789 -0.4035 0.2953, -0.4789 -0.4035 0.6102, -0.4633 -0.4239 0.2953, -0.4633 -0.4239 0.6102, -0.4429 -0.4396 0.2953, -0.4429 -0.4396 0.6102, -0.4192 -0.4494 0.2953, -0.4192 -0.4494 0.6102, -0.3937 -0.4528 0.2953, -0.3937 -0.4528 0.6102, -0.3682 -0.4494 0.2953, -0.3682 -0.4494 0.6102, -0.3445 -0.4396 0.2953, -0.3445 -0.4396 0.6102, -0.3241 -0.4239 0.2953, -0.3241 -0.4239 0.6102, -0.3085 -0.4035 0.2953, -0.3085 -0.4035 0.6102, -0.2986 -0.3798 0.2953, -0.2986 -0.3798 0.6102, -0.3937 -0.3543 0.2953, 0.0984 -0.3543 0.2953, 0.0984 -0.3543 0.6102, 0.0951 -0.3289 0.2953, 0.0951 -0.3289 0.6102, 0.0852 -0.3051 0.2953, 0.0852 -0.3051 0.6102, 0.0696 -0.2847 0.2953, 0.0696 -0.2847 0.6102, 0.0492 -0.2691 0.2953, 0.0492 -0.2691 0.6102, 0.0255 -0.2593 0.2953, 0.0255 -0.2593 0.6102, 0.0 -0.2559 0.2953, 0.0 -0.2559 0.6102, -0.0255 -0.2593 0.2953, -0.0255 -0.2593 0.6102, -0.0492 -0.2691 0.2953, -0.0492 -0.2691 0.6102, -0.0696 -0.2847 0.2953, -0.0696 -0.2847 0.6102, -0.0852 -0.3051 0.2953, -0.0852 -0.3051 0.6102, -0.0951 -0.3289 0.2953, -0.0951 -0.3289 0.6102, -0.0984 -0.3543 0.2953, -0.0984 -0.3543 0.6102, -0.0951 -0.3798 0.2953, -0.0951 -0.3798 0.6102, -0.0852 -0.4035 0.2953, -0.0852 -0.4035 0.6102, -0.0696 -0.4239 0.2953, -0.0696 -0.4239 0.6102, -0.0492 -0.4396 0.2953, -0.0492 -0.4396 0.6102, -0.0255 -0.4494 0.2953, -0.0255 -0.4494 0.6102, 0.0 -0.4528 0.2953, 0.0 -0.4528 0.6102, 0.0255 -0.4494 0.2953, 0.0255 -0.4494 0.6102, 0.0492 -0.4396 0.2953, 0.0492 -0.4396 0.6102, 0.0696 -0.4239 0.2953, 0.0696 -0.4239 0.6102, 0.0852 -0.4035 0.2953, 0.0852 -0.4035 0.6102, 0.0951 -0.3798 0.2953, 0.0951 -0.3798 0.6102, 0.0 -0.3543 0.2953, -0.2953 0.0394 0.2953, -0.2953 0.0394 0.6102, -0.2986 0.0648 0.2953, -0.2986 0.0648 0.6102, -0.3085 0.0886 0.2953, -0.3085 0.0886 0.6102, -0.3241 0.109 0.2953, -0.3241 0.109 0.6102, -0.3445 0.1246 0.2953, -0.3445 0.1246 0.6102, -0.3682 0.1344 0.2953, -0.3682 0.1344 0.6102, -0.3937 0.1378 0.2953, -0.3937 0.1378 0.6102, -0.4192 0.1344 0.2953, -0.4192 0.1344 0.6102, -0.4429 0.1246 0.2953, -0.4429 0.1246 0.6102, -0.4633 0.109 0.2953, -0.4633 0.109 0.6102, -0.4789 0.0886 0.2953, -0.4789 0.0886 0.6102, -0.4888 0.0648 0.2953, -0.4888 0.0648 0.6102, -0.4921 0.0394 0.2953, -0.4921 0.0394 0.6102, -0.4888 0.0139 0.2953, -0.4888 0.0139 0.6102, -0.4789 -0.0098 0.2953, -0.4789 -0.0098 0.6102, -0.4633 -0.0302 0.2953, -0.4633 -0.0302 0.6102, -0.4429 -0.0459 0.2953, -0.4429 -0.0459 0.6102, -0.4192 -0.0557 0.2953, -0.4192 -0.0557 0.6102, -0.3937 -0.0591 0.2953, -0.3937 -0.0591 0.6102, -0.3682 -0.0557 0.2953, -0.3682 -0.0557 0.6102, -0.3445 -0.0459 0.2953, -0.3445 -0.0459 0.6102, -0.3241 -0.0302 0.2953, -0.3241 -0.0302 0.6102, -0.3085 -0.0098 0.2953, -0.3085 -0.0098 0.6102, -0.2986 0.0139 0.2953, -0.2986 0.0139 0.6102, -0.3937 0.0394 0.2953, 0.0984 0.0394 0.2953, 0.0984 0.0394 0.6102, 0.0951 0.0648 0.2953, 0.0951 0.0648 0.6102, 0.0852 0.0886 0.2953, 0.0852 0.0886 0.6102, 0.0696 0.109 0.2953, 0.0696 0.109 0.6102, 0.0492 0.1246 0.2953, 0.0492 0.1246 0.6102, 0.0255 0.1344 0.2953, 0.0255 0.1344 0.6102, 0.0 0.1378 0.2953, 0.0 0.1378 0.6102, -0.0255 0.1344 0.2953, -0.0255 0.1344 0.6102, -0.0492 0.1246 0.2953, -0.0492 0.1246 0.6102, -0.0696 0.109 0.2953, -0.0696 0.109 0.6102, -0.0852 0.0886 0.2953, -0.0852 0.0886 0.6102, -0.0951 0.0648 0.2953, -0.0951 0.0648 0.6102, -0.0984 0.0394 0.2953, -0.0984 0.0394 0.6102, -0.0951 0.0139 0.2953, -0.0951 0.0139 0.6102, -0.0852 -0.0098 0.2953, -0.0852 -0.0098 0.6102, -0.0696 -0.0302 0.2953, -0.0696 -0.0302 0.6102, -0.0492 -0.0459 0.2953, -0.0492 -0.0459 0.6102, -0.0255 -0.0557 0.2953, -0.0255 -0.0557 0.6102, 0.0 -0.0591 0.2953, 0.0 -0.0591 0.6102, 0.0255 -0.0557 0.2953, 0.0255 -0.0557 0.6102, 0.0492 -0.0459 0.2953, 0.0492 -0.0459 0.6102, 0.0696 -0.0302 0.2953, 0.0696 -0.0302 0.6102, 0.0852 -0.0098 0.2953, 0.0852 -0.0098 0.6102, 0.0951 0.0139 0.2953, 0.0951 0.0139 0.6102, 0.0 0.0394 0.2953, -0.2953 0.4331 0.2953, -0.2953 0.4331 0.6102, -0.2986 0.4585 0.2953, -0.2986 0.4585 0.6102, -0.3085 0.4823 0.2953, -0.3085 0.4823 0.6102, -0.3241 0.5027 0.2953, -0.3241 0.5027 0.6102, -0.3445 0.5183 0.2953, -0.3445 0.5183 0.6102, -0.3682 0.5281 0.2953, -0.3682 0.5281 0.6102, -0.3937 0.5315 0.2953, -0.3937 0.5315 0.6102, -0.4192 0.5281 0.2953, -0.4192 0.5281 0.6102, -0.4429 0.5183 0.2953, -0.4429 0.5183 0.6102, -0.4633 0.5027 0.2953, -0.4633 0.5027 0.6102, -0.4789 0.4823 0.2953, -0.4789 0.4823 0.6102, -0.4888 0.4585 0.2953, -0.4888 0.4585 0.6102, -0.4921 0.4331 0.2953, -0.4921 0.4331 0.6102, -0.4888 0.4076 0.2953, -0.4888 0.4076 0.6102, -0.4789 0.3839 0.2953, -0.4789 0.3839 0.6102, -0.4633 0.3635 0.2953, -0.4633 0.3635 0.6102, -0.4429 0.3478 0.2953, -0.4429 0.3478 0.6102, -0.4192 0.338 0.2953, -0.4192 0.338 0.6102, -0.3937 0.3346 0.2953, -0.3937 0.3346 0.6102, -0.3682 0.338 0.2953, -0.3682 0.338 0.6102, -0.3445 0.3478 0.2953, -0.3445 0.3478 0.6102, -0.3241 0.3635 0.2953, -0.3241 0.3635 0.6102, -0.3085 0.3839 0.2953, -0.3085 0.3839 0.6102, -0.2986 0.4076 0.2953, -0.2986 0.4076 0.6102, -0.3937 0.4331 0.2953, 0.0984 0.4331 0.2953, 0.0984 0.4331 0.6102, 0.0951 0.4585 0.2953, 0.0951 0.4585 0.6102, 0.0852 0.4823 0.2953, 0.0852 0.4823 0.6102, 0.0696 0.5027 0.2953, 0.0696 0.5027 0.6102, 0.0492 0.5183 0.2953, 0.0492 0.5183 0.6102, 0.0255 0.5281 0.2953, 0.0255 0.5281 0.6102, 0.0 0.5315 0.2953, 0.0 0.5315 0.6102, -0.0255 0.5281 0.2953, -0.0255 0.5281 0.6102, -0.0492 0.5183 0.2953, -0.0492 0.5183 0.6102, -0.0696 0.5027 0.2953, -0.0696 0.5027 0.6102, -0.0852 0.4823 0.2953, -0.0852 0.4823 0.6102, -0.0951 0.4585 0.2953, -0.0951 0.4585 0.6102, -0.0984 0.4331 0.2953, -0.0984 0.4331 0.6102, -0.0951 0.4076 0.2953, -0.0951 0.4076 0.6102, -0.0852 0.3839 0.2953, -0.0852 0.3839 0.6102, -0.0696 0.3635 0.2953, -0.0696 0.3635 0.6102, -0.0492 0.3478 0.2953, -0.0492 0.3478 0.6102, -0.0255 0.338 0.2953, -0.0255 0.338 0.6102, 0.0 0.3346 0.2953, 0.0 0.3346 0.6102, 0.0255 0.338 0.2953, 0.0255 0.338 0.6102, 0.0492 0.3478 0.2953, 0.0492 0.3478 0.6102, 0.0696 0.3635 0.2953, 0.0696 0.3635 0.6102, 0.0852 0.3839 0.2953, 0.0852 0.3839 0.6102, 0.0951 0.4076 0.2953, 0.0951 0.4076 0.6102, 0.0 0.4331 0.2953, 0.3653 0.4114 0.0236, 0.1685 0.4882 0.0236, 0.3653 0.4114 0.0197, 0.1685 0.4882 0.0197, 0.1685 0.4594 0.0236, 0.1685 0.4594 0.0197, 0.2237 0.4394 0.0236, 0.2237 0.4394 0.0197, 0.2237 0.3581 0.0236, 0.2237 0.3581 0.0197, 0.1685 0.3393 0.0236, 0.1685 0.3393 0.0197, 0.1685 0.3105 0.0236, 0.1685 0.3105 0.0197, 0.3653 0.3849 0.0236, 0.3653 0.3849 0.0197, 0.2453 0.3648 0.0236, 0.3275 0.3941 0.0236, 0.3343 0.396 0.0236, 0.3413 0.3973 0.0236, 0.3413 0.3979 0.0236, 0.3344 0.3992 0.0236, 0.2453 0.4306 0.0236, 0.3275 0.401 0.0236, 0.2453 0.3648 0.0197, 0.2453 0.4306 0.0197, 0.3275 0.3941 0.0197, 0.3343 0.396 0.0197, 0.3413 0.3973 0.0197, 0.3413 0.3979 0.0197, 0.3344 0.3992 0.0197, 0.3275 0.401 0.0197, 0.1685 0.1912 0.0236, 0.1685 0.1377 0.0236, 0.1685 0.1912 0.0197, 0.1685 0.1377 0.0197, 0.3653 0.1377 0.0236, 0.3653 0.1377 0.0197, 0.3653 0.1932 0.0236, 0.3653 0.1932 0.0197, 0.2694 0.2961 0.0236, 0.2694 0.2961 0.0197, 0.279 0.2958 0.0197, 0.279 0.2958 0.0236, 0.2995 0.2921 0.0197, 0.2995 0.2921 0.0236, 0.3187 0.2838 0.0197, 0.3187 0.2838 0.0236, 0.3344 0.2719 0.0197, 0.3344 0.2719 0.0236, 0.3415 0.2642 0.0197, 0.3415 0.2642 0.0236, 0.3542 0.2447 0.0197, 0.3542 0.2447 0.0236, 0.3623 0.2217 0.0197, 0.3623 0.2217 0.0236, 0.1706 0.2156 0.0197, 0.1706 0.2156 0.0236, 0.1774 0.2382 0.0197, 0.1774 0.2382 0.0236, 0.1893 0.2588 0.0197, 0.1893 0.2588 0.0236, 0.2048 0.275 0.0197, 0.2048 0.275 0.0236, 0.2224 0.2863 0.0197, 0.2224 0.2863 0.0236, 0.243 0.2934 0.0197, 0.243 0.2934 0.0236, 0.2688 0.2697 0.0236, 0.2884 0.268 0.0236, 0.3039 0.2634 0.0236, 0.316 0.2567 0.0236, 0.3262 0.2471 0.0236, 0.3355 0.2328 0.0236, 0.3412 0.2165 0.0236, 0.3437 0.1931 0.0236, 0.3437 0.1641 0.0236, 0.1901 0.1641 0.0236, 0.1901 0.192 0.0236, 0.192 0.2128 0.0236, 0.1972 0.2294 0.0236, 0.205 0.2426 0.0236, 0.2159 0.2536 0.0236, 0.2295 0.2621 0.0236, 0.2449 0.2672 0.0236, 0.3437 0.1931 0.0197, 0.3437 0.1641 0.0197, 0.3412 0.2165 0.0197, 0.3355 0.2328 0.0197, 0.3262 0.2471 0.0197, 0.316 0.2567 0.0197, 0.3039 0.2634 0.0197, 0.2884 0.268 0.0197, 0.2688 0.2697 0.0197, 0.2449 0.2672 0.0197, 0.2295 0.2621 0.0197, 0.2159 0.2536 0.0197, 0.205 0.2426 0.0197, 0.1972 0.2294 0.0197, 0.192 0.2128 0.0197, 0.1901 0.192 0.0197, 0.1901 0.1641 0.0197, 0.1901 0.0993 0.0236, 0.1685 0.0993 0.0236, 0.1901 0.0993 0.0197, 0.1685 0.0993 0.0197, 0.1685 -0.0064 0.0236, 0.1685 -0.0064 0.0197, 0.3653 -0.0064 0.0236, 0.3653 -0.0064 0.0197, 0.3653 0.0945 0.0236, 0.3653 0.0945 0.0197, 0.3437 0.0945 0.0236, 0.3437 0.0945 0.0197, 0.3437 0.0201 0.0236, 0.3437 0.0201 0.0197, 0.2789 0.0201 0.0236, 0.2789 0.0201 0.0197, 0.2789 0.0897 0.0236, 0.2789 0.0897 0.0197, 0.2573 0.0897 0.0236, 0.2573 0.0897 0.0197, 0.2573 0.0201 0.0236, 0.2573 0.0201 0.0197, 0.1901 0.0201 0.0236, 0.1901 0.0201 0.0197, 0.2003 -0.0448 0.0236, 0.1787 -0.0448 0.0236, 0.2003 -0.0448 0.0197, 0.1787 -0.0448 0.0197, 0.1661 -0.0989 0.0236, 0.1661 -0.0989 0.0197, 0.1662 -0.0935 0.0197, 0.1662 -0.0935 0.0236, 0.1701 -0.0657 0.0197, 0.1701 -0.0657 0.0236, 0.2632 -0.1912 0.0236, 0.2632 -0.1912 0.0197, 0.2408 -0.1894 0.0197, 0.2408 -0.1894 0.0236, 0.22 -0.1835 0.0197, 0.22 -0.1835 0.0236, 0.2012 -0.1731 0.0197, 0.2012 -0.1731 0.0236, 0.1855 -0.1584 0.0197, 0.1855 -0.1584 0.0236, 0.1752 -0.1424 0.0197, 0.1752 -0.1424 0.0236, 0.1686 -0.1232 0.0197, 0.1686 -0.1232 0.0236, 0.3677 -0.0911 0.0236, 0.3677 -0.0911 0.0197, 0.3659 -0.1122 0.0236, 0.3665 -0.1048 0.0197, 0.3659 -0.1122 0.0197, 0.3593 -0.1338 0.0197, 0.3593 -0.1338 0.0236, 0.3485 -0.1522 0.0197, 0.3485 -0.1522 0.0236, 0.3319 -0.1693 0.0197, 0.3319 -0.1693 0.0236, 0.3135 -0.1808 0.0197, 0.3135 -0.1808 0.0236, 0.2911 -0.1884 0.0197, 0.2911 -0.1884 0.0236, 0.3665 -0.0737 0.0197, 0.3661 -0.0675 0.0236, 0.3661 -0.0675 0.0197, 0.3599 -0.0448 0.0236, 0.3599 -0.0448 0.0197, 0.3335 -0.0448 0.0236, 0.3335 -0.0448 0.0197, 0.3461 -0.0909 0.0236, 0.3461 -0.0909 0.0197, 0.343 -0.0669 0.0197, 0.343 -0.0669 0.0236, 0.2648 -0.1648 0.0236, 0.2648 -0.1648 0.0197, 0.2796 -0.1639 0.0197, 0.2796 -0.1639 0.0236, 0.3009 -0.1587 0.0197, 0.3009 -0.1587 0.0236, 0.3161 -0.1507 0.0197, 0.3161 -0.1507 0.0236, 0.3293 -0.1389 0.0197, 0.3293 -0.1389 0.0236, 0.3387 -0.1249 0.0197, 0.3387 -0.1249 0.0236, 0.3439 -0.1102 0.0197, 0.3439 -0.1102 0.0236, 0.1877 -0.0953 0.0236, 0.1877 -0.0953 0.0197, 0.1897 -0.1136 0.0197, 0.1897 -0.1136 0.0236, 0.195 -0.128 0.0197, 0.195 -0.128 0.0236, 0.2032 -0.1401 0.0197, 0.2032 -0.1401 0.0236, 0.2129 -0.1493 0.0197, 0.2129 -0.1493 0.0236, 0.2266 -0.1575 0.0197, 0.2266 -0.1575 0.0236, 0.2435 -0.1628 0.0197, 0.2435 -0.1628 0.0236, 0.1983 -0.0483 0.0197, 0.1983 -0.0483 0.0236, 0.1906 -0.0692 0.0197, 0.1906 -0.0692 0.0236, 0.1901 -0.208 0.0236, 0.1685 -0.208 0.0236, 0.1901 -0.208 0.0197, 0.1685 -0.208 0.0197, 0.1685 -0.3088 0.0236, 0.1685 -0.3088 0.0197, 0.3653 -0.3088 0.0236, 0.3653 -0.3088 0.0197, 0.3653 -0.2824 0.0236, 0.3653 -0.2824 0.0197, 0.1901 -0.2824 0.0236, 0.1901 -0.2824 0.0197
            ]
        }
        coordIndex [
            0,1,2,-1,2,1,3,-1,2,3,4,-1,4,3,5,-1,4,5,6,-1,6,5,7,-1,6,7,8,-1,8,7,9,-1,8,9,10,-1,10,9,11,-1,10,11,12,-1,12,11,13,-1,12,13,14,-1,14,13,15,-1,14,15,16,-1,16,15,17,-1,16,17,18,-1,18,17,19,-1,18,19,20,-1,20,19,21,-1,20,21,22,-1,22,21,23,-1,22,23,24,-1,24,23,25,-1,24,25,26,-1,26,25,27,-1,26,27,28,-1,28,27,29,-1,28,29,30,-1,30,29,31,-1,30,31,32,-1,32,31,33,-1,32,33,34,-1,34,33,35,-1,34,35,36,-1,36,35,37,-1,36,37,38,-1,38,37,39,-1,38,39,40,-1,40,39,41,-1,40,41,42,-1,42,41,43,-1,42,43,44,-1,44,43,45,-1,44,45,46,-1,46,45,47,-1,46,47,0,-1,0,47,1,-1,44,46,48,-1,48,46,0,-1,48,0,2,-1,38,40,48,-1,48,40,42,-1,48,42,44,-1,32,34,48,-1,48,34,36,-1,48,36,38,-1,26,28,48,-1,48,28,30,-1,48,30,32,-1,20,22,48,-1,48,22,24,-1,48,24,26,-1,14,16,48,-1,48,16,18,-1,48,18,20,-1,8,10,48,-1,48,10,12,-1,48,12,14,-1,2,4,48,-1,48,4,6,-1,48,6,8,-1,49,50,51,-1,51,50,52,-1,51,52,53,-1,53,52,54,-1,53,54,55,-1,55,54,56,-1,55,56,57,-1,57,56,58,-1,57,58,59,-1,59,58,60,-1,59,60,61,-1,61,60,62,-1,61,62,63,-1,63,62,64,-1,63,64,65,-1,65,64,66,-1,65,66,67,-1,67,66,68,-1,67,68,69,-1,69,68,70,-1,69,70,71,-1,71,70,72,-1,71,72,73,-1,73,72,74,-1,73,74,75,-1,75,74,76,-1,75,76,77,-1,77,76,78,-1,77,78,79,-1,79,78,80,-1,79,80,81,-1,81,80,82,-1,81,82,83,-1,83,82,84,-1,83,84,85,-1,85,84,86,-1,85,86,87,-1,87,86,88,-1,87,88,89,-1,89,88,90,-1,89,90,91,-1,91,90,92,-1,91,92,93,-1,93,92,94,-1,93,94,95,-1,95,94,96,-1,95,96,49,-1,49,96,50,-1,93,95,97,-1,97,95,49,-1,97,49,51,-1,87,89,97,-1,97,89,91,-1,97,91,93,-1,81,83,97,-1,97,83,85,-1,97,85,87,-1,75,77,97,-1,97,77,79,-1,97,79,81,-1,69,71,97,-1,97,71,73,-1,97,73,75,-1,63,65,97,-1,97,65,67,-1,97,67,69,-1,57,59,97,-1,97,59,61,-1,97,61,63,-1,51,53,97,-1,97,53,55,-1,97,55,57,-1,98,99,100,-1,100,99,101,-1,100,101,102,-1,102,101,103,-1,102,103,104,-1,104,103,105,-1,104,105,106,-1,106,105,107,-1,106,107,108,-1,108,107,109,-1,108,109,110,-1,110,109,111,-1,110,111,112,-1,112,111,113,-1,112,113,114,-1,114,113,115,-1,114,115,116,-1,116,115,117,-1,116,117,118,-1,118,117,119,-1,118,119,120,-1,120,119,121,-1,120,121,122,-1,122,121,123,-1,122,123,124,-1,124,123,125,-1,124,125,126,-1,126,125,127,-1,126,127,128,-1,128,127,129,-1,128,129,130,-1,130,129,131,-1,130,131,132,-1,132,131,133,-1,132,133,134,-1,134,133,135,-1,134,135,136,-1,136,135,137,-1,136,137,138,-1,138,137,139,-1,138,139,140,-1,140,139,141,-1,140,141,142,-1,142,141,143,-1,142,143,144,-1,144,143,145,-1,144,145,98,-1,98,145,99,-1,142,144,146,-1,146,144,98,-1,146,98,100,-1,136,138,146,-1,146,138,140,-1,146,140,142,-1,130,132,146,-1,146,132,134,-1,146,134,136,-1,124,126,146,-1,146,126,128,-1,146,128,130,-1,118,120,146,-1,146,120,122,-1,146,122,124,-1,112,114,146,-1,146,114,116,-1,146,116,118,-1,106,108,146,-1,146,108,110,-1,146,110,112,-1,100,102,146,-1,146,102,104,-1,146,104,106,-1,147,148,149,-1,149,148,150,-1,149,150,151,-1,151,150,152,-1,151,152,153,-1,153,152,154,-1,153,154,155,-1,155,154,156,-1,155,156,157,-1,157,156,158,-1,157,158,159,-1,159,158,160,-1,159,160,161,-1,161,160,162,-1,161,162,163,-1,163,162,164,-1,163,164,165,-1,165,164,166,-1,165,166,167,-1,167,166,168,-1,167,168,169,-1,169,168,170,-1,169,170,171,-1,171,170,172,-1,171,172,173,-1,173,172,174,-1,173,174,175,-1,175,174,176,-1,175,176,177,-1,177,176,178,-1,177,178,179,-1,179,178,180,-1,179,180,181,-1,181,180,182,-1,181,182,183,-1,183,182,184,-1,183,184,185,-1,185,184,186,-1,185,186,187,-1,187,186,188,-1,187,188,189,-1,189,188,190,-1,189,190,191,-1,191,190,192,-1,191,192,193,-1,193,192,194,-1,193,194,147,-1,147,194,148,-1,191,193,195,-1,195,193,147,-1,195,147,149,-1,185,187,195,-1,195,187,189,-1,195,189,191,-1,179,181,195,-1,195,181,183,-1,195,183,185,-1,173,175,195,-1,195,175,177,-1,195,177,179,-1,167,169,195,-1,195,169,171,-1,195,171,173,-1,161,163,195,-1,195,163,165,-1,195,165,167,-1,155,157,195,-1,195,157,159,-1,195,159,161,-1,149,151,195,-1,195,151,153,-1,195,153,155,-1,196,197,198,-1,198,197,199,-1,198,199,200,-1,200,199,201,-1,200,201,202,-1,202,201,203,-1,202,203,204,-1,204,203,205,-1,204,205,206,-1,206,205,207,-1,206,207,208,-1,208,207,209,-1,208,209,210,-1,210,209,211,-1,210,211,212,-1,212,211,213,-1,212,213,214,-1,214,213,215,-1,214,215,216,-1,216,215,217,-1,216,217,218,-1,218,217,219,-1,218,219,220,-1,220,219,221,-1,220,221,222,-1,222,221,223,-1,222,223,224,-1,224,223,225,-1,224,225,226,-1,226,225,227,-1,226,227,228,-1,228,227,229,-1,228,229,230,-1,230,229,231,-1,230,231,232,-1,232,231,233,-1,232,233,234,-1,234,233,235,-1,234,235,236,-1,236,235,237,-1,236,237,238,-1,238,237,239,-1,238,239,240,-1,240,239,241,-1,240,241,242,-1,242,241,243,-1,242,243,196,-1,196,243,197,-1,240,242,244,-1,244,242,196,-1,244,196,198,-1,234,236,244,-1,244,236,238,-1,244,238,240,-1,228,230,244,-1,244,230,232,-1,244,232,234,-1,222,224,244,-1,244,224,226,-1,244,226,228,-1,216,218,244,-1,244,218,220,-1,244,220,222,-1,210,212,244,-1,244,212,214,-1,244,214,216,-1,204,206,244,-1,244,206,208,-1,244,208,210,-1,198,200,244,-1,244,200,202,-1,244,202,204,-1,245,246,247,-1,247,246,248,-1,247,248,249,-1,249,248,250,-1,249,250,251,-1,251,250,252,-1,251,252,253,-1,253,252,254,-1,253,254,255,-1,255,254,256,-1,255,256,257,-1,257,256,258,-1,257,258,259,-1,259,258,260,-1,259,260,261,-1,261,260,262,-1,261,262,263,-1,263,262,264,-1,263,264,265,-1,265,264,266,-1,265,266,267,-1,267,266,268,-1,267,268,269,-1,269,268,270,-1,269,270,271,-1,271,270,272,-1,271,272,273,-1,273,272,274,-1,273,274,275,-1,275,274,276,-1,275,276,277,-1,277,276,278,-1,277,278,279,-1,279,278,280,-1,279,280,281,-1,281,280,282,-1,281,282,283,-1,283,282,284,-1,283,284,285,-1,285,284,286,-1,285,286,287,-1,287,286,288,-1,287,288,289,-1,289,288,290,-1,289,290,291,-1,291,290,292,-1,291,292,245,-1,245,292,246,-1,289,291,293,-1,293,291,245,-1,293,245,247,-1,283,285,293,-1,293,285,287,-1,293,287,289,-1,277,279,293,-1,293,279,281,-1,293,281,283,-1,271,273,293,-1,293,273,275,-1,293,275,277,-1,265,267,293,-1,293,267,269,-1,293,269,271,-1,259,261,293,-1,293,261,263,-1,293,263,265,-1,253,255,293,-1,293,255,257,-1,293,257,259,-1,247,249,293,-1,293,249,251,-1,293,251,253,-1,294,295,296,-1,296,295,297,-1,296,297,298,-1,298,297,299,-1,298,299,300,-1,300,299,301,-1,300,301,302,-1,302,301,303,-1,302,303,304,-1,304,303,305,-1,304,305,306,-1,306,305,307,-1,306,307,308,-1,308,307,309,-1,308,309,310,-1,310,309,311,-1,310,311,312,-1,312,311,313,-1,312,313,314,-1,314,313,315,-1,314,315,316,-1,316,315,317,-1,316,317,318,-1,318,317,319,-1,318,319,320,-1,320,319,321,-1,320,321,322,-1,322,321,323,-1,322,323,324,-1,324,323,325,-1,324,325,326,-1,326,325,327,-1,326,327,328,-1,328,327,329,-1,328,329,330,-1,330,329,331,-1,330,331,332,-1,332,331,333,-1,332,333,334,-1,334,333,335,-1,334,335,336,-1,336,335,337,-1,336,337,338,-1,338,337,339,-1,338,339,340,-1,340,339,341,-1,340,341,294,-1,294,341,295,-1,338,340,342,-1,342,340,294,-1,342,294,296,-1,332,334,342,-1,342,334,336,-1,342,336,338,-1,326,328,342,-1,342,328,330,-1,342,330,332,-1,320,322,342,-1,342,322,324,-1,342,324,326,-1,314,316,342,-1,342,316,318,-1,342,318,320,-1,308,310,342,-1,342,310,312,-1,342,312,314,-1,302,304,342,-1,342,304,306,-1,342,306,308,-1,296,298,342,-1,342,298,300,-1,342,300,302,-1,343,344,345,-1,345,344,346,-1,345,346,347,-1,347,346,348,-1,347,348,349,-1,349,348,350,-1,349,350,351,-1,351,350,352,-1,351,352,353,-1,353,352,354,-1,353,354,355,-1,355,354,356,-1,355,356,357,-1,357,356,358,-1,357,358,359,-1,359,358,360,-1,359,360,361,-1,361,360,362,-1,361,362,363,-1,363,362,364,-1,363,364,365,-1,365,364,366,-1,365,366,367,-1,367,366,368,-1,367,368,369,-1,369,368,370,-1,369,370,371,-1,371,370,372,-1,371,372,373,-1,373,372,374,-1,373,374,375,-1,375,374,376,-1,375,376,377,-1,377,376,378,-1,377,378,379,-1,379,378,380,-1,379,380,381,-1,381,380,382,-1,381,382,383,-1,383,382,384,-1,383,384,385,-1,385,384,386,-1,385,386,387,-1,387,386,388,-1,387,388,389,-1,389,388,390,-1,389,390,343,-1,343,390,344,-1,387,389,391,-1,391,389,343,-1,391,343,345,-1,381,383,391,-1,391,383,385,-1,391,385,387,-1,375,377,391,-1,391,377,379,-1,391,379,381,-1,369,371,391,-1,391,371,373,-1,391,373,375,-1,363,365,391,-1,391,365,367,-1,391,367,369,-1,357,359,391,-1,391,359,361,-1,391,361,363,-1,351,353,391,-1,391,353,355,-1,391,355,357,-1,345,347,391,-1,391,347,349,-1,391,349,351,-1,392,393,394,-1,394,393,395,-1,394,395,396,-1,396,395,397,-1,396,397,398,-1,398,397,399,-1,398,399,400,-1,400,399,401,-1,400,401,402,-1,402,401,403,-1,402,403,404,-1,404,403,405,-1,404,405,406,-1,406,405,407,-1,406,407,408,-1,408,407,409,-1,408,409,410,-1,410,409,411,-1,410,411,412,-1,412,411,413,-1,412,413,414,-1,414,413,415,-1,414,415,416,-1,416,415,417,-1,416,417,418,-1,418,417,419,-1,418,419,420,-1,420,419,421,-1,420,421,422,-1,422,421,423,-1,422,423,424,-1,424,423,425,-1,424,425,426,-1,426,425,427,-1,426,427,428,-1,428,427,429,-1,428,429,430,-1,430,429,431,-1,430,431,432,-1,432,431,433,-1,432,433,434,-1,434,433,435,-1,434,435,436,-1,436,435,437,-1,436,437,438,-1,438,437,439,-1,438,439,392,-1,392,439,393,-1,436,438,440,-1,440,438,392,-1,440,392,394,-1,430,432,440,-1,440,432,434,-1,440,434,436,-1,424,426,440,-1,440,426,428,-1,440,428,430,-1,418,420,440,-1,440,420,422,-1,440,422,424,-1,412,414,440,-1,440,414,416,-1,440,416,418,-1,406,408,440,-1,440,408,410,-1,440,410,412,-1,400,402,440,-1,440,402,404,-1,440,404,406,-1,394,396,440,-1,440,396,398,-1,440,398,400,-1,441,442,443,-1,443,442,444,-1,442,445,444,-1,444,445,446,-1,445,447,446,-1,446,447,448,-1,447,449,448,-1,448,449,450,-1,449,451,450,-1,450,451,452,-1,451,453,452,-1,452,453,454,-1,453,455,454,-1,454,455,456,-1,455,441,456,-1,456,441,443,-1,457,458,455,-1,453,451,449,-1,458,459,455,-1,455,459,460,-1,455,460,441,-1,441,460,461,-1,441,461,462,-1,455,453,457,-1,457,453,449,-1,457,449,463,-1,463,449,447,-1,462,464,441,-1,441,464,463,-1,441,463,442,-1,442,463,447,-1,442,447,445,-1,457,463,465,-1,465,463,466,-1,458,457,467,-1,467,457,465,-1,458,467,468,-1,458,468,459,-1,459,468,469,-1,459,469,460,-1,461,460,470,-1,470,460,469,-1,461,470,471,-1,461,471,462,-1,462,471,472,-1,462,472,464,-1,463,464,466,-1,466,464,472,-1,473,474,475,-1,475,474,476,-1,474,477,476,-1,476,477,478,-1,477,479,478,-1,478,479,480,-1,481,482,483,-1,481,483,484,-1,484,483,485,-1,484,485,486,-1,486,485,487,-1,486,487,488,-1,488,487,489,-1,488,489,490,-1,490,489,491,-1,490,491,492,-1,492,491,493,-1,492,493,494,-1,494,493,495,-1,494,495,496,-1,496,495,480,-1,496,480,479,-1,473,475,497,-1,473,497,498,-1,498,497,499,-1,498,499,500,-1,500,499,501,-1,500,501,502,-1,502,501,503,-1,502,503,504,-1,504,503,505,-1,504,505,506,-1,506,505,507,-1,506,507,508,-1,508,507,482,-1,508,482,481,-1,508,481,509,-1,509,481,484,-1,509,484,510,-1,510,484,486,-1,510,486,511,-1,511,486,488,-1,511,488,512,-1,512,488,490,-1,512,490,513,-1,513,490,492,-1,513,492,514,-1,514,492,494,-1,514,494,515,-1,515,494,496,-1,515,496,516,-1,516,496,479,-1,516,479,517,-1,517,479,477,-1,517,477,518,-1,518,477,474,-1,518,474,519,-1,519,474,473,-1,519,473,520,-1,520,473,498,-1,520,498,521,-1,521,498,500,-1,521,500,522,-1,522,500,502,-1,522,502,523,-1,523,502,504,-1,523,504,524,-1,524,504,506,-1,524,506,525,-1,525,506,508,-1,525,508,509,-1,516,517,526,-1,526,517,527,-1,516,526,528,-1,516,528,515,-1,515,528,529,-1,515,529,514,-1,514,529,530,-1,514,530,513,-1,513,530,531,-1,513,531,512,-1,512,531,532,-1,512,532,511,-1,511,532,533,-1,511,533,510,-1,510,533,534,-1,510,534,509,-1,509,534,535,-1,509,535,525,-1,525,535,536,-1,525,536,524,-1,524,536,537,-1,524,537,523,-1,523,537,538,-1,523,538,522,-1,522,538,539,-1,522,539,521,-1,521,539,540,-1,521,540,520,-1,520,540,541,-1,520,541,519,-1,518,519,542,-1,542,519,541,-1,517,518,527,-1,527,518,542,-1,543,544,545,-1,545,544,546,-1,544,547,546,-1,546,547,548,-1,547,549,548,-1,548,549,550,-1,549,551,550,-1,550,551,552,-1,551,553,552,-1,552,553,554,-1,553,555,554,-1,554,555,556,-1,555,557,556,-1,556,557,558,-1,557,559,558,-1,558,559,560,-1,559,561,560,-1,560,561,562,-1,561,563,562,-1,562,563,564,-1,563,565,564,-1,564,565,566,-1,565,543,566,-1,566,543,545,-1,547,544,543,-1,543,565,547,-1,547,565,563,-1,547,563,549,-1,553,551,555,-1,555,551,549,-1,555,549,557,-1,557,549,563,-1,557,563,559,-1,559,563,561,-1,567,568,569,-1,569,568,570,-1,571,572,573,-1,571,573,574,-1,574,573,575,-1,574,575,576,-1,576,575,570,-1,576,570,568,-1,577,578,579,-1,577,579,580,-1,580,579,581,-1,580,581,582,-1,582,581,583,-1,582,583,584,-1,584,583,585,-1,584,585,586,-1,586,585,587,-1,586,587,588,-1,588,587,589,-1,588,589,590,-1,590,589,572,-1,590,572,571,-1,591,592,593,-1,593,592,594,-1,594,595,593,-1,593,595,596,-1,593,596,597,-1,597,596,598,-1,597,598,599,-1,599,598,600,-1,599,600,601,-1,601,600,602,-1,601,602,603,-1,603,602,604,-1,603,604,605,-1,605,604,578,-1,605,578,577,-1,592,591,606,-1,606,591,607,-1,606,607,608,-1,608,607,609,-1,608,609,610,-1,609,611,610,-1,610,611,612,-1,613,614,615,-1,613,615,616,-1,616,615,612,-1,616,612,611,-1,617,618,619,-1,617,619,620,-1,620,619,621,-1,620,621,622,-1,622,621,623,-1,622,623,624,-1,624,623,625,-1,624,625,626,-1,626,625,627,-1,626,627,628,-1,628,627,629,-1,628,629,630,-1,630,629,614,-1,630,614,613,-1,631,632,633,-1,631,633,634,-1,634,633,635,-1,634,635,636,-1,636,635,637,-1,636,637,638,-1,638,637,639,-1,638,639,640,-1,640,639,641,-1,640,641,642,-1,642,641,643,-1,642,643,644,-1,644,643,618,-1,644,618,617,-1,567,569,645,-1,567,645,646,-1,646,645,647,-1,646,647,648,-1,648,647,632,-1,648,632,631,-1,634,571,631,-1,631,571,574,-1,631,574,648,-1,648,574,576,-1,648,576,646,-1,646,576,568,-1,646,568,567,-1,611,609,616,-1,616,609,607,-1,616,607,613,-1,613,607,591,-1,613,591,630,-1,630,591,593,-1,630,593,628,-1,628,593,597,-1,628,597,626,-1,626,597,599,-1,626,599,624,-1,624,599,601,-1,624,601,622,-1,622,601,603,-1,622,603,620,-1,620,603,605,-1,620,605,617,-1,617,605,577,-1,617,577,644,-1,644,577,580,-1,644,580,642,-1,642,580,582,-1,642,582,640,-1,640,582,584,-1,640,584,638,-1,638,584,586,-1,638,586,636,-1,636,586,588,-1,636,588,634,-1,634,588,590,-1,634,590,571,-1,649,650,651,-1,651,650,652,-1,650,653,652,-1,652,653,654,-1,653,655,654,-1,654,655,656,-1,655,657,656,-1,656,657,658,-1,657,659,658,-1,658,659,660,-1,659,649,660,-1,660,649,651,-1,657,655,659,-1,659,655,653,-1,659,653,649,-1,649,653,650,-1,
        ]
    }
}
Shape{
    appearance Appearance {
        material  Material 	{
            diffuseColor 0.39215686274509803 0.34509803921568627 0.47058823529411764
            specularColor 0.19607843137254902 0.17254901960784313 0.23529411764705882
            ambientIntensity 0.3735
            transparency 0.0
            shininess 0.5
        }
    }
    geometry IndexedFaceSet {
        ccw TRUE
        solid FALSE
        coord DEF co Coordinate {
            point [
                0.2453 0.3648 0.0197, 0.2453 0.4306 0.0197, 0.3275 0.3941 0.0197, 0.3275 0.401 0.0197, 0.3343 0.396 0.0197, 0.3344 0.3992 0.0197, 0.3413 0.3973 0.0197, 0.3413 0.3979 0.0197, 0.3437 0.1931 0.0197, 0.3437 0.1641 0.0197, 0.1901 0.1641 0.0197, 0.2449 0.2672 0.0197, 0.2688 0.2697 0.0197, 0.2295 0.2621 0.0197, 0.2884 0.268 0.0197, 0.3039 0.2634 0.0197, 0.3412 0.2165 0.0197, 0.1901 0.192 0.0197, 0.192 0.2128 0.0197, 0.1972 0.2294 0.0197, 0.316 0.2567 0.0197, 0.3262 0.2471 0.0197, 0.3355 0.2328 0.0197, 0.205 0.2426 0.0197, 0.2159 0.2536 0.0197
            ]
        }
        coordIndex [
            0,1,2,-1,2,1,3,-1,2,3,4,-1,4,3,5,-1,4,5,6,-1,6,5,7,-1,8,9,10,-1,11,12,8,-1,11,8,13,-1,12,14,8,-1,8,14,15,-1,8,15,16,-1,10,17,8,-1,8,17,18,-1,8,18,19,-1,20,21,15,-1,15,21,22,-1,15,22,16,-1,19,23,8,-1,8,23,24,-1,8,24,13,-1,
        ]
    }
}