solid OpenSCAD_Model
  facet normal -0.194945 0.980814 0
    outer loop
      vertex -3.89157 30.8743 0
      vertex -4.27646 30.7978 4.5
      vertex -3.89157 30.8743 4.5
    endloop
  endfacet
  facet normal -0.194945 0.980814 0
    outer loop
      vertex -4.27646 30.7978 4.5
      vertex -3.89157 30.8743 0
      vertex -4.27646 30.7978 0
    endloop
  endfacet
  facet normal 0.1945 -0.980903 0
    outer loop
      vertex -0.108429 18.9257 0
      vertex 0 18.9472 4.5
      vertex -0.108429 18.9257 4.5
    endloop
  endfacet
  facet normal 0.1945 -0.980903 0
    outer loop
      vertex 0 18.9472 4.5
      vertex -0.108429 18.9257 0
      vertex 0 18.9472 0
    endloop
  endfacet
  facet normal -0.555547 0.831485 0
    outer loop
      vertex -5 30.4981 0
      vertex -5.32628 30.2801 4.5
      vertex -5 30.4981 4.5
    endloop
  endfacet
  facet normal -0.555547 0.831485 0
    outer loop
      vertex -5.32628 30.2801 4.5
      vertex -5 30.4981 0
      vertex -5.32628 30.2801 0
    endloop
  endfacet
  facet normal 0 0 -1
    outer loop
      vertex -0.5 18.9 0
      vertex 0 18.9472 0
      vertex -0.108429 18.9257 0
    endloop
  endfacet
  facet normal 0 0 -1
    outer loop
      vertex 0 18.9472 0
      vertex -1.1 24.9 0
      vertex 0 30.8528 0
    endloop
  endfacet
  facet normal -0 0 -1
    outer loop
      vertex 0 18.9472 0
      vertex -0.5 18.9 0
      vertex -1.9216 23.234 0
    endloop
  endfacet
  facet normal 0 0 -1
    outer loop
      vertex -1.11797 25.1741 0
      vertex 0 30.8528 0
      vertex -1.1 24.9 0
    endloop
  endfacet
  facet normal 0 0 -1
    outer loop
      vertex -1.17156 25.4435 0
      vertex 0 30.8528 0
      vertex -1.11797 25.1741 0
    endloop
  endfacet
  facet normal 0 0 -1
    outer loop
      vertex 0 18.9472 0
      vertex -1.11797 24.6259 0
      vertex -1.1 24.9 0
    endloop
  endfacet
  facet normal 0 0 -1
    outer loop
      vertex 0 18.9472 0
      vertex -1.17156 24.3565 0
      vertex -1.11797 24.6259 0
    endloop
  endfacet
  facet normal 0 0 -1
    outer loop
      vertex 0 18.9472 0
      vertex -1.25985 24.0964 0
      vertex -1.17156 24.3565 0
    endloop
  endfacet
  facet normal 0 0 -1
    outer loop
      vertex 0 18.9472 0
      vertex -1.38135 23.85 0
      vertex -1.25985 24.0964 0
    endloop
  endfacet
  facet normal 0 0 -1
    outer loop
      vertex 0 18.9472 0
      vertex -1.53396 23.6216 0
      vertex -1.38135 23.85 0
    endloop
  endfacet
  facet normal 0 0 -1
    outer loop
      vertex 0 18.9472 0
      vertex -1.71508 23.4151 0
      vertex -1.53396 23.6216 0
    endloop
  endfacet
  facet normal 0 0 -1
    outer loop
      vertex 0 18.9472 0
      vertex -1.9216 23.234 0
      vertex -1.71508 23.4151 0
    endloop
  endfacet
  facet normal 0 0 -1
    outer loop
      vertex -0.5 18.9 0
      vertex -2.15 23.0813 0
      vertex -1.9216 23.234 0
    endloop
  endfacet
  facet normal 0 0 -1
    outer loop
      vertex -0.5 18.9 0
      vertex -2.39636 22.9599 0
      vertex -2.15 23.0813 0
    endloop
  endfacet
  facet normal 0 0 -1
    outer loop
      vertex -0.5 18.9 0
      vertex -2.65648 22.8716 0
      vertex -2.39636 22.9599 0
    endloop
  endfacet
  facet normal 0 0 -1
    outer loop
      vertex -3.5 18.9 0
      vertex -2.65648 22.8716 0
      vertex -0.5 18.9 0
    endloop
  endfacet
  facet normal 0 0 -1
    outer loop
      vertex -2.65648 22.8716 0
      vertex -3.5 18.9 0
      vertex -2.92589 22.818 0
    endloop
  endfacet
  facet normal 0 0 -1
    outer loop
      vertex -2.92589 22.818 0
      vertex -3.5 18.9 0
      vertex -3.2 22.8 0
    endloop
  endfacet
  facet normal -0 0 -1
    outer loop
      vertex -3.2 22.8 0
      vertex -3.5 18.9 0
      vertex -3.4741 22.818 0
    endloop
  endfacet
  facet normal 0 0 -1
    outer loop
      vertex -3.89157 18.9257 0
      vertex -3.4741 22.818 0
      vertex -3.5 18.9 0
    endloop
  endfacet
  facet normal 0 0 -1
    outer loop
      vertex -4.27646 19.0022 0
      vertex -3.4741 22.818 0
      vertex -3.89157 18.9257 0
    endloop
  endfacet
  facet normal 0 0 -1
    outer loop
      vertex -4.64806 19.1284 0
      vertex -3.4741 22.818 0
      vertex -4.27646 19.0022 0
    endloop
  endfacet
  facet normal -0 0 -1
    outer loop
      vertex -3.4741 22.818 0
      vertex -4.64806 19.1284 0
      vertex -3.74352 22.8716 0
    endloop
  endfacet
  facet normal 0 0 -1
    outer loop
      vertex -5 19.3019 0
      vertex -3.74352 22.8716 0
      vertex -4.64806 19.1284 0
    endloop
  endfacet
  facet normal 0 0 -1
    outer loop
      vertex -5.32628 19.5199 0
      vertex -3.74352 22.8716 0
      vertex -5 19.3019 0
    endloop
  endfacet
  facet normal 0 0 -1
    outer loop
      vertex -5.62132 19.7787 0
      vertex -3.74352 22.8716 0
      vertex -5.32628 19.5199 0
    endloop
  endfacet
  facet normal 0 0 -1
    outer loop
      vertex -5.8 19.9824 0
      vertex -3.74352 22.8716 0
      vertex -5.62132 19.7787 0
    endloop
  endfacet
  facet normal -0 0 -1
    outer loop
      vertex -3.74352 22.8716 0
      vertex -5.8 19.9824 0
      vertex -4.00363 22.9599 0
    endloop
  endfacet
  facet normal -0 0 -1
    outer loop
      vertex -4.00363 22.9599 0
      vertex -5.8 19.9824 0
      vertex -4.25 23.0813 0
    endloop
  endfacet
  facet normal -0 0 -1
    outer loop
      vertex -4.25 23.0813 0
      vertex -5.8 19.9824 0
      vertex -4.4784 23.234 0
    endloop
  endfacet
  facet normal -0 0 -1
    outer loop
      vertex -4.68492 23.4151 0
      vertex -5.8 19.9824 0
      vertex -4.86604 23.6216 0
    endloop
  endfacet
  facet normal -0 0 -1
    outer loop
      vertex -5.01865 23.85 0
      vertex -5.8 19.9824 0
      vertex -5.14015 24.0964 0
    endloop
  endfacet
  facet normal -0 0 -1
    outer loop
      vertex -5.14015 24.0964 0
      vertex -5.8 19.9824 0
      vertex -5.22844 24.3565 0
    endloop
  endfacet
  facet normal -0 0 -1
    outer loop
      vertex -5.22844 24.3565 0
      vertex -5.8 19.9824 0
      vertex -5.28203 24.6259 0
    endloop
  endfacet
  facet normal -0 0 -1
    outer loop
      vertex -4.86604 23.6216 0
      vertex -5.8 19.9824 0
      vertex -5.01865 23.85 0
    endloop
  endfacet
  facet normal 0 0 -1
    outer loop
      vertex -1.25985 25.7036 0
      vertex 0 30.8528 0
      vertex -1.17156 25.4435 0
    endloop
  endfacet
  facet normal 0 0 -1
    outer loop
      vertex -1.38135 25.95 0
      vertex 0 30.8528 0
      vertex -1.25985 25.7036 0
    endloop
  endfacet
  facet normal 0 0 -1
    outer loop
      vertex -1.53396 26.1784 0
      vertex 0 30.8528 0
      vertex -1.38135 25.95 0
    endloop
  endfacet
  facet normal 0 0 -1
    outer loop
      vertex -1.71508 26.3849 0
      vertex 0 30.8528 0
      vertex -1.53396 26.1784 0
    endloop
  endfacet
  facet normal 0 0 -1
    outer loop
      vertex -1.9216 26.566 0
      vertex 0 30.8528 0
      vertex -1.71508 26.3849 0
    endloop
  endfacet
  facet normal 0 -0 -1
    outer loop
      vertex -0.5 30.9 0
      vertex 0 30.8528 0
      vertex -1.9216 26.566 0
    endloop
  endfacet
  facet normal 0 0 -1
    outer loop
      vertex 0 30.8528 0
      vertex -0.5 30.9 0
      vertex -0.108429 30.8743 0
    endloop
  endfacet
  facet normal 0 0 -1
    outer loop
      vertex -2.15 26.7187 0
      vertex -0.5 30.9 0
      vertex -1.9216 26.566 0
    endloop
  endfacet
  facet normal 0 0 -1
    outer loop
      vertex -2.39636 26.8401 0
      vertex -0.5 30.9 0
      vertex -2.15 26.7187 0
    endloop
  endfacet
  facet normal 0 0 -1
    outer loop
      vertex -2.65648 26.9284 0
      vertex -0.5 30.9 0
      vertex -2.39636 26.8401 0
    endloop
  endfacet
  facet normal 0 0 -1
    outer loop
      vertex -3.5 30.9 0
      vertex -2.65648 26.9284 0
      vertex -2.92589 26.982 0
    endloop
  endfacet
  facet normal 0 0 -1
    outer loop
      vertex -3.5 30.9 0
      vertex -2.92589 26.982 0
      vertex -3.2 27 0
    endloop
  endfacet
  facet normal 0 0 -1
    outer loop
      vertex -3.5 30.9 0
      vertex -3.2 27 0
      vertex -3.4741 26.982 0
    endloop
  endfacet
  facet normal 0 0 -1
    outer loop
      vertex -2.65648 26.9284 0
      vertex -3.5 30.9 0
      vertex -0.5 30.9 0
    endloop
  endfacet
  facet normal 0 0 -1
    outer loop
      vertex -4.64806 30.6716 0
      vertex -3.4741 26.982 0
      vertex -3.74352 26.9284 0
    endloop
  endfacet
  facet normal 0 0 -1
    outer loop
      vertex -3.4741 26.982 0
      vertex -3.89157 30.8743 0
      vertex -3.5 30.9 0
    endloop
  endfacet
  facet normal 0 0 -1
    outer loop
      vertex -5.8 29.8176 0
      vertex -3.74352 26.9284 0
      vertex -4.00363 26.8401 0
    endloop
  endfacet
  facet normal 0 0 -1
    outer loop
      vertex -5.8 29.8176 0
      vertex -4.00363 26.8401 0
      vertex -4.25 26.7187 0
    endloop
  endfacet
  facet normal 0 0 -1
    outer loop
      vertex -3.4741 26.982 0
      vertex -4.27646 30.7978 0
      vertex -3.89157 30.8743 0
    endloop
  endfacet
  facet normal 0 0 -1
    outer loop
      vertex -5.8 29.8176 0
      vertex -4.25 26.7187 0
      vertex -4.4784 26.566 0
    endloop
  endfacet
  facet normal 0 0 -1
    outer loop
      vertex -3.4741 26.982 0
      vertex -4.64806 30.6716 0
      vertex -4.27646 30.7978 0
    endloop
  endfacet
  facet normal 0 0 -1
    outer loop
      vertex -5.8 29.8176 0
      vertex -4.4784 26.566 0
      vertex -4.68492 26.3849 0
    endloop
  endfacet
  facet normal 0 0 -1
    outer loop
      vertex -5.8 29.8176 0
      vertex -4.68492 26.3849 0
      vertex -4.86604 26.1784 0
    endloop
  endfacet
  facet normal 0 0 -1
    outer loop
      vertex -3.74352 26.9284 0
      vertex -5 30.4981 0
      vertex -4.64806 30.6716 0
    endloop
  endfacet
  facet normal 0 0 -1
    outer loop
      vertex -5.8 29.8176 0
      vertex -4.86604 26.1784 0
      vertex -5.01865 25.95 0
    endloop
  endfacet
  facet normal 0 0 -1
    outer loop
      vertex -5.8 29.8176 0
      vertex -5.01865 25.95 0
      vertex -5.14015 25.7036 0
    endloop
  endfacet
  facet normal 0 0 -1
    outer loop
      vertex -5.8 29.8176 0
      vertex -5.14015 25.7036 0
      vertex -5.22844 25.4435 0
    endloop
  endfacet
  facet normal 0 0 -1
    outer loop
      vertex -5.8 29.8176 0
      vertex -5.22844 25.4435 0
      vertex -5.28203 25.1741 0
    endloop
  endfacet
  facet normal 0 0 -1
    outer loop
      vertex -5.8 29.8176 0
      vertex -5.28203 25.1741 0
      vertex -5.3 24.9 0
    endloop
  endfacet
  facet normal 0 0 -1
    outer loop
      vertex -3.74352 26.9284 0
      vertex -5.8 29.8176 0
      vertex -5.62132 30.0213 0
    endloop
  endfacet
  facet normal -0 0 -1
    outer loop
      vertex -5.28203 24.6259 0
      vertex -5.8 19.9824 0
      vertex -5.3 24.9 0
    endloop
  endfacet
  facet normal -0 0 -1
    outer loop
      vertex -4.4784 23.234 0
      vertex -5.8 19.9824 0
      vertex -4.68492 23.4151 0
    endloop
  endfacet
  facet normal 0 0 -1
    outer loop
      vertex -5.8 29.8176 0
      vertex -5.3 24.9 0
      vertex -5.8 19.9824 0
    endloop
  endfacet
  facet normal 0 0 -1
    outer loop
      vertex -3.74352 26.9284 0
      vertex -5.32628 30.2801 0
      vertex -5 30.4981 0
    endloop
  endfacet
  facet normal 0 0 -1
    outer loop
      vertex -3.74352 26.9284 0
      vertex -5.62132 30.0213 0
      vertex -5.32628 30.2801 0
    endloop
  endfacet
  facet normal 0 0 -1
    outer loop
      vertex 16.55 38.8253 0
      vertex 19.35 37.5907 0
      vertex 17.25 37.5907 0
    endloop
  endfacet
  facet normal 0 0 -1
    outer loop
      vertex 19.35 37.5907 0
      vertex 16.55 38.8253 0
      vertex 17.6 40.644 0
    endloop
  endfacet
  facet normal 0 0 -1
    outer loop
      vertex 14.8 35.772 0
      vertex 17.25 37.5907 0
      vertex 16.2 35.772 0
    endloop
  endfacet
  facet normal 0 0 -1
    outer loop
      vertex 13.75 37.5907 0
      vertex 17.25 37.5907 0
      vertex 14.8 35.772 0
    endloop
  endfacet
  facet normal 0 0 -1
    outer loop
      vertex 17.25 37.5907 0
      vertex 13.75 37.5907 0
      vertex 16.55 38.8253 0
    endloop
  endfacet
  facet normal -0 0 -1
    outer loop
      vertex 16.55 38.8253 0
      vertex 13.75 37.5907 0
      vertex 14.45 38.8253 0
    endloop
  endfacet
  facet normal 0 0 -1
    outer loop
      vertex 10.95 38.8253 0
      vertex 14.45 38.8253 0
      vertex 13.75 37.5907 0
    endloop
  endfacet
  facet normal 0 0 -1
    outer loop
      vertex 14.45 38.8253 0
      vertex 12 40.644 0
      vertex 13.4 40.644 0
    endloop
  endfacet
  facet normal 0 0 -1
    outer loop
      vertex 10.95 38.8253 0
      vertex 13.75 37.5907 0
      vertex 11.65 37.5907 0
    endloop
  endfacet
  facet normal 0 0 -1
    outer loop
      vertex 14.45 38.8253 0
      vertex 10.95 38.8253 0
      vertex 12 40.644 0
    endloop
  endfacet
  facet normal 0 0 -1
    outer loop
      vertex 8.85 38.8253 0
      vertex 11.65 37.5907 0
      vertex 10.6 35.772 0
    endloop
  endfacet
  facet normal 0 0 -1
    outer loop
      vertex 8.85 38.8253 0
      vertex 10.6 35.772 0
      vertex 8.85 32.7187 0
    endloop
  endfacet
  facet normal 0 0 -1
    outer loop
      vertex 11.65 37.5907 0
      vertex 8.85 38.8253 0
      vertex 10.95 38.8253 0
    endloop
  endfacet
  facet normal 0 0 -1
    outer loop
      vertex 0 30.8528 0
      vertex 8.85 32.7187 0
      vertex 7.8 30.9 0
    endloop
  endfacet
  facet normal -0 0 -1
    outer loop
      vertex 8.85 32.7187 0
      vertex 0 30.8528 0
      vertex 8.85 38.8253 0
    endloop
  endfacet
  facet normal 0 0 -1
    outer loop
      vertex 16.55 32.7187 0
      vertex 19.35 33.9533 0
      vertex 17.6 30.9 0
    endloop
  endfacet
  facet normal -0 0 -1
    outer loop
      vertex 19.35 33.9533 0
      vertex 16.55 32.7187 0
      vertex 17.25 33.9533 0
    endloop
  endfacet
  facet normal 0 0 -1
    outer loop
      vertex 13.75 33.9533 0
      vertex 17.25 33.9533 0
      vertex 16.55 32.7187 0
    endloop
  endfacet
  facet normal 0 0 -1
    outer loop
      vertex 17.25 33.9533 0
      vertex 14.8 35.772 0
      vertex 16.2 35.772 0
    endloop
  endfacet
  facet normal 0 0 -1
    outer loop
      vertex 13.75 33.9533 0
      vertex 16.55 32.7187 0
      vertex 14.45 32.7187 0
    endloop
  endfacet
  facet normal 0 0 -1
    outer loop
      vertex 17.25 33.9533 0
      vertex 13.75 33.9533 0
      vertex 14.8 35.772 0
    endloop
  endfacet
  facet normal 0 0 -1
    outer loop
      vertex 12 30.9 0
      vertex 14.45 32.7187 0
      vertex 13.4 30.9 0
    endloop
  endfacet
  facet normal 0 0 -1
    outer loop
      vertex 10.95 32.7187 0
      vertex 14.45 32.7187 0
      vertex 12 30.9 0
    endloop
  endfacet
  facet normal 0 0 -1
    outer loop
      vertex 14.45 32.7187 0
      vertex 10.95 32.7187 0
      vertex 13.75 33.9533 0
    endloop
  endfacet
  facet normal -0 0 -1
    outer loop
      vertex 13.75 33.9533 0
      vertex 10.95 32.7187 0
      vertex 11.65 33.9533 0
    endloop
  endfacet
  facet normal 0 0 -1
    outer loop
      vertex 8.85 32.7187 0
      vertex 11.65 33.9533 0
      vertex 10.95 32.7187 0
    endloop
  endfacet
  facet normal -0 0 -1
    outer loop
      vertex 11.65 33.9533 0
      vertex 8.85 32.7187 0
      vertex 10.6 35.772 0
    endloop
  endfacet
  facet normal 0 0 -1
    outer loop
      vertex 59.55 36.3133 0
      vertex 63.05 36.3133 0
      vertex 59.55 30.2067 0
    endloop
  endfacet
  facet normal 0 0 -1
    outer loop
      vertex 63.05 36.3133 0
      vertex 59.55 36.3133 0
      vertex 60.6 38.132 0
    endloop
  endfacet
  facet normal 0 0 -1
    outer loop
      vertex 59.55 30.2067 0
      vertex 57.8 33.26 0
      vertex 59.55 36.3133 0
    endloop
  endfacet
  facet normal 0 0 -1
    outer loop
      vertex 56.75 31.4413 0
      vertex 59.55 30.2067 0
      vertex 57.45 30.2067 0
    endloop
  endfacet
  facet normal 0 0 -1
    outer loop
      vertex 59.55 30.2067 0
      vertex 56.75 31.4413 0
      vertex 57.8 33.26 0
    endloop
  endfacet
  facet normal 0 0 -1
    outer loop
      vertex 55 28.388 0
      vertex 57.45 30.2067 0
      vertex 56.4 28.388 0
    endloop
  endfacet
  facet normal 0 0 -1
    outer loop
      vertex 53.95 30.2067 0
      vertex 57.45 30.2067 0
      vertex 55 28.388 0
    endloop
  endfacet
  facet normal 0 0 -1
    outer loop
      vertex 57.45 30.2067 0
      vertex 53.95 30.2067 0
      vertex 56.75 31.4413 0
    endloop
  endfacet
  facet normal -0 0 -1
    outer loop
      vertex 56.75 31.4413 0
      vertex 53.95 30.2067 0
      vertex 54.65 31.4413 0
    endloop
  endfacet
  facet normal 0 0 -1
    outer loop
      vertex 51.85 30.2067 0
      vertex 54.65 31.4413 0
      vertex 53.95 30.2067 0
    endloop
  endfacet
  facet normal -0 0 -1
    outer loop
      vertex 54.65 31.4413 0
      vertex 51.85 30.2067 0
      vertex 53.6 33.26 0
    endloop
  endfacet
  facet normal 0 0 -1
    outer loop
      vertex 59.55 20.4627 0
      vertex 60.6 28.388 0
      vertex 60.6 18.644 0
    endloop
  endfacet
  facet normal 0 0 -1
    outer loop
      vertex 59.55 20.4627 0
      vertex 59.55 26.5693 0
      vertex 60.6 28.388 0
    endloop
  endfacet
  facet normal 0 0 -1
    outer loop
      vertex 59.55 20.4627 0
      vertex 57.8 23.516 0
      vertex 59.55 26.5693 0
    endloop
  endfacet
  facet normal 0 0 -1
    outer loop
      vertex 56.75 21.6973 0
      vertex 59.55 20.4627 0
      vertex 57.45 20.4627 0
    endloop
  endfacet
  facet normal 0 0 -1
    outer loop
      vertex 59.55 20.4627 0
      vertex 56.75 21.6973 0
      vertex 57.8 23.516 0
    endloop
  endfacet
  facet normal 0 0 -1
    outer loop
      vertex 55 18.644 0
      vertex 57.45 20.4627 0
      vertex 56.4 18.644 0
    endloop
  endfacet
  facet normal 0 0 -1
    outer loop
      vertex 53.95 20.4627 0
      vertex 57.45 20.4627 0
      vertex 55 18.644 0
    endloop
  endfacet
  facet normal 0 0 -1
    outer loop
      vertex 57.45 20.4627 0
      vertex 53.95 20.4627 0
      vertex 56.75 21.6973 0
    endloop
  endfacet
  facet normal -0 0 -1
    outer loop
      vertex 56.75 21.6973 0
      vertex 53.95 20.4627 0
      vertex 54.65 21.6973 0
    endloop
  endfacet
  facet normal 0 0 -1
    outer loop
      vertex 51.85 20.4627 0
      vertex 54.65 21.6973 0
      vertex 53.95 20.4627 0
    endloop
  endfacet
  facet normal -0 0 -1
    outer loop
      vertex 54.65 21.6973 0
      vertex 51.85 20.4627 0
      vertex 53.6 23.516 0
    endloop
  endfacet
  facet normal 0 0 -1
    outer loop
      vertex 59.55 10.7187 0
      vertex 60.6 18.644 0
      vertex 60.6 8.9 0
    endloop
  endfacet
  facet normal 0 0 -1
    outer loop
      vertex 59.55 10.7187 0
      vertex 59.55 16.8253 0
      vertex 60.6 18.644 0
    endloop
  endfacet
  facet normal 0 0 -1
    outer loop
      vertex 59.55 10.7187 0
      vertex 57.8 13.772 0
      vertex 59.55 16.8253 0
    endloop
  endfacet
  facet normal 0 0 -1
    outer loop
      vertex 56.75 11.9533 0
      vertex 59.55 10.7187 0
      vertex 57.45 10.7187 0
    endloop
  endfacet
  facet normal 0 0 -1
    outer loop
      vertex 59.55 10.7187 0
      vertex 56.75 11.9533 0
      vertex 57.8 13.772 0
    endloop
  endfacet
  facet normal 0 0 -1
    outer loop
      vertex 55 8.9 0
      vertex 57.45 10.7187 0
      vertex 56.4 8.9 0
    endloop
  endfacet
  facet normal 0 0 -1
    outer loop
      vertex 53.95 10.7187 0
      vertex 57.45 10.7187 0
      vertex 55 8.9 0
    endloop
  endfacet
  facet normal 0 0 -1
    outer loop
      vertex 57.45 10.7187 0
      vertex 53.95 10.7187 0
      vertex 56.75 11.9533 0
    endloop
  endfacet
  facet normal -0 0 -1
    outer loop
      vertex 56.75 11.9533 0
      vertex 53.95 10.7187 0
      vertex 54.65 11.9533 0
    endloop
  endfacet
  facet normal 0 0 -1
    outer loop
      vertex 51.85 10.7187 0
      vertex 54.65 11.9533 0
      vertex 53.95 10.7187 0
    endloop
  endfacet
  facet normal -0 0 -1
    outer loop
      vertex 54.65 11.9533 0
      vertex 51.85 10.7187 0
      vertex 53.6 13.772 0
    endloop
  endfacet
  facet normal 0 0 -1
    outer loop
      vertex 75.8 0 0
      vertex 79.8 4 0
      vertex 79.7658 3.47789 0
    endloop
  endfacet
  facet normal 0 0 -1
    outer loop
      vertex 79.8 4 0
      vertex 70.75 36.3133 0
      vertex 79.8 45.8 0
    endloop
  endfacet
  facet normal 0 0 -1
    outer loop
      vertex 75.8 0 0
      vertex 79.7658 3.47789 0
      vertex 79.6637 2.96472 0
    endloop
  endfacet
  facet normal 0 0 -1
    outer loop
      vertex 70.75 39.9507 0
      vertex 79.8 45.8 0
      vertex 71.8 38.132 0
    endloop
  endfacet
  facet normal 0 0 -1
    outer loop
      vertex 75.8 0 0
      vertex 79.6637 2.96472 0
      vertex 79.4955 2.46927 0
    endloop
  endfacet
  facet normal 0 -0 -1
    outer loop
      vertex 75.8 49.8 0
      vertex 79.8 45.8 0
      vertex 70.75 39.9507 0
    endloop
  endfacet
  facet normal 0 0 -1
    outer loop
      vertex 75.8 0 0
      vertex 79.4955 2.46927 0
      vertex 79.2641 2 0
    endloop
  endfacet
  facet normal 0 0 -1
    outer loop
      vertex 79.8 45.8 0
      vertex 75.8 49.8 0
      vertex 79.7658 46.3221 0
    endloop
  endfacet
  facet normal 0 0 -1
    outer loop
      vertex 75.8 0 0
      vertex 79.2641 2 0
      vertex 78.9734 1.56496 0
    endloop
  endfacet
  facet normal 0 0 -1
    outer loop
      vertex 79.7658 46.3221 0
      vertex 75.8 49.8 0
      vertex 79.6637 46.8353 0
    endloop
  endfacet
  facet normal 0 0 -1
    outer loop
      vertex 75.8 0 0
      vertex 78.9734 1.56496 0
      vertex 78.6284 1.17157 0
    endloop
  endfacet
  facet normal 0 0 -1
    outer loop
      vertex 79.6637 46.8353 0
      vertex 75.8 49.8 0
      vertex 79.4955 47.3307 0
    endloop
  endfacet
  facet normal 0 0 -1
    outer loop
      vertex 75.8 0 0
      vertex 78.6284 1.17157 0
      vertex 78.235 0.826584 0
    endloop
  endfacet
  facet normal 0 0 -1
    outer loop
      vertex 79.4955 47.3307 0
      vertex 75.8 49.8 0
      vertex 79.2641 47.8 0
    endloop
  endfacet
  facet normal 0 0 -1
    outer loop
      vertex 75.8 0 0
      vertex 78.235 0.826584 0
      vertex 77.8 0.535904 0
    endloop
  endfacet
  facet normal 0 0 -1
    outer loop
      vertex 79.2641 47.8 0
      vertex 75.8 49.8 0
      vertex 78.9734 48.235 0
    endloop
  endfacet
  facet normal 0 0 -1
    outer loop
      vertex 75.8 0 0
      vertex 77.8 0.535904 0
      vertex 77.3307 0.304489 0
    endloop
  endfacet
  facet normal 0 0 -1
    outer loop
      vertex 78.9734 48.235 0
      vertex 75.8 49.8 0
      vertex 78.6284 48.6284 0
    endloop
  endfacet
  facet normal 0 0 -1
    outer loop
      vertex 75.8 0 0
      vertex 77.3307 0.304489 0
      vertex 76.8353 0.136292 0
    endloop
  endfacet
  facet normal 0 0 -1
    outer loop
      vertex 78.6284 48.6284 0
      vertex 75.8 49.8 0
      vertex 78.235 48.9734 0
    endloop
  endfacet
  facet normal 0 0 -1
    outer loop
      vertex 75.8 0 0
      vertex 76.8353 0.136292 0
      vertex 76.3221 0.0342255 0
    endloop
  endfacet
  facet normal 0 0 -1
    outer loop
      vertex 78.235 48.9734 0
      vertex 75.8 49.8 0
      vertex 77.8 49.2641 0
    endloop
  endfacet
  facet normal -0 0 -1
    outer loop
      vertex 79.8 4 0
      vertex 75.8 0 0
      vertex 60.6 8.9 0
    endloop
  endfacet
  facet normal 0 0 -1
    outer loop
      vertex 77.8 49.2641 0
      vertex 75.8 49.8 0
      vertex 77.3307 49.4955 0
    endloop
  endfacet
  facet normal 0 0 -1
    outer loop
      vertex 77.3307 49.4955 0
      vertex 75.8 49.8 0
      vertex 76.8353 49.6637 0
    endloop
  endfacet
  facet normal 0 0 -1
    outer loop
      vertex 79.8 45.8 0
      vertex 70.75 36.3133 0
      vertex 71.8 38.132 0
    endloop
  endfacet
  facet normal 0 0 -1
    outer loop
      vertex 79.8 4 0
      vertex 60.6 18.644 0
      vertex 70.75 36.3133 0
    endloop
  endfacet
  facet normal 0 0 -1
    outer loop
      vertex 60.6 28.388 0
      vertex 70.75 36.3133 0
      vertex 60.6 18.644 0
    endloop
  endfacet
  facet normal -0 0 -1
    outer loop
      vertex 70.75 36.3133 0
      vertex 60.6 28.388 0
      vertex 68.65 36.3133 0
    endloop
  endfacet
  facet normal -0 0 -1
    outer loop
      vertex 67.6 38.132 0
      vertex 65.15 36.3133 0
      vertex 66.2 38.132 0
    endloop
  endfacet
  facet normal 0 -0 -1
    outer loop
      vertex 65.15 36.3133 0
      vertex 68.65 36.3133 0
      vertex 60.6 28.388 0
    endloop
  endfacet
  facet normal -0 0 -1
    outer loop
      vertex 65.15 36.3133 0
      vertex 60.6 28.388 0
      vertex 63.05 36.3133 0
    endloop
  endfacet
  facet normal 0 0 -1
    outer loop
      vertex 79.8 4 0
      vertex 60.6 8.9 0
      vertex 60.6 18.644 0
    endloop
  endfacet
  facet normal 0 0 -1
    outer loop
      vertex 75.8 0 0
      vertex 59.55 7.08135 0
      vertex 60.6 8.9 0
    endloop
  endfacet
  facet normal 0 0 -1
    outer loop
      vertex 75.8 0 0
      vertex 57.45 7.08135 0
      vertex 59.55 7.08135 0
    endloop
  endfacet
  facet normal 0 0 -1
    outer loop
      vertex 57.45 7.08135 0
      vertex 55 8.9 0
      vertex 56.4 8.9 0
    endloop
  endfacet
  facet normal 0 0 -1
    outer loop
      vertex 57.45 7.08135 0
      vertex 53.95 7.08135 0
      vertex 55 8.9 0
    endloop
  endfacet
  facet normal 0 0 -1
    outer loop
      vertex 75.8 0 0
      vertex 53.95 7.08135 0
      vertex 57.45 7.08135 0
    endloop
  endfacet
  facet normal 0 0 -1
    outer loop
      vertex 75.8 0 0
      vertex 51.85 7.08135 0
      vertex 53.95 7.08135 0
    endloop
  endfacet
  facet normal 0 0 -1
    outer loop
      vertex 16.55 29.0813 0
      vertex 50.8 18.644 0
      vertex 50.8 8.9 0
    endloop
  endfacet
  facet normal 0 -0 -1
    outer loop
      vertex 17.6 30.9 0
      vertex 50.8 18.644 0
      vertex 16.55 29.0813 0
    endloop
  endfacet
  facet normal 0 -0 -1
    outer loop
      vertex 20.4 35.772 0
      vertex 50.8 28.388 0
      vertex 19.35 33.9533 0
    endloop
  endfacet
  facet normal 0 0 -1
    outer loop
      vertex 4 0 0
      vertex 50.8 8.9 0
      vertex 51.85 7.08135 0
    endloop
  endfacet
  facet normal 0 0 -1
    outer loop
      vertex 50.8 28.388 0
      vertex 20.4 35.772 0
      vertex 50.8 38.132 0
    endloop
  endfacet
  facet normal 0 0 -1
    outer loop
      vertex 50.8 28.388 0
      vertex 17.6 30.9 0
      vertex 19.35 33.9533 0
    endloop
  endfacet
  facet normal 0 0 -1
    outer loop
      vertex 50.8 18.644 0
      vertex 17.6 30.9 0
      vertex 50.8 28.388 0
    endloop
  endfacet
  facet normal -0 0 -1
    outer loop
      vertex 50.8 8.9 0
      vertex 4 0 0
      vertex 16.55 29.0813 0
    endloop
  endfacet
  facet normal 0 0 -1
    outer loop
      vertex 14.45 29.0813 0
      vertex 12 30.9 0
      vertex 13.4 30.9 0
    endloop
  endfacet
  facet normal 0 0 -1
    outer loop
      vertex 14.45 29.0813 0
      vertex 10.95 29.0813 0
      vertex 12 30.9 0
    endloop
  endfacet
  facet normal -0 0 -1
    outer loop
      vertex 16.55 29.0813 0
      vertex 4 0 0
      vertex 14.45 29.0813 0
    endloop
  endfacet
  facet normal 0 0 -1
    outer loop
      vertex 0 18.9472 0
      vertex 14.45 29.0813 0
      vertex 4 0 0
    endloop
  endfacet
  facet normal 0 0 -1
    outer loop
      vertex 0 30.8528 0
      vertex 8.85 29.0813 0
      vertex 0 18.9472 0
    endloop
  endfacet
  facet normal -0 0 -1
    outer loop
      vertex 10.95 29.0813 0
      vertex 0 18.9472 0
      vertex 8.85 29.0813 0
    endloop
  endfacet
  facet normal -0 0 -1
    outer loop
      vertex 14.45 29.0813 0
      vertex 0 18.9472 0
      vertex 10.95 29.0813 0
    endloop
  endfacet
  facet normal 0 0 -1
    outer loop
      vertex 4 0 0
      vertex 51.85 7.08135 0
      vertex 75.8 0 0
    endloop
  endfacet
  facet normal 0 0 -1
    outer loop
      vertex 76.8353 49.6637 0
      vertex 75.8 49.8 0
      vertex 76.3221 49.7658 0
    endloop
  endfacet
  facet normal 0 0 -1
    outer loop
      vertex 68.65 39.9507 0
      vertex 75.8 49.8 0
      vertex 70.75 39.9507 0
    endloop
  endfacet
  facet normal 0 0 -1
    outer loop
      vertex 66.2 38.132 0
      vertex 68.65 39.9507 0
      vertex 67.6 38.132 0
    endloop
  endfacet
  facet normal 0 0 -1
    outer loop
      vertex 65.15 39.9507 0
      vertex 68.65 39.9507 0
      vertex 66.2 38.132 0
    endloop
  endfacet
  facet normal 0 0 -1
    outer loop
      vertex 68.65 39.9507 0
      vertex 65.15 39.9507 0
      vertex 75.8 49.8 0
    endloop
  endfacet
  facet normal 0 0 -1
    outer loop
      vertex 63.05 39.9507 0
      vertex 75.8 49.8 0
      vertex 65.15 39.9507 0
    endloop
  endfacet
  facet normal 0 0 -1
    outer loop
      vertex 68.65 36.3133 0
      vertex 65.15 36.3133 0
      vertex 67.6 38.132 0
    endloop
  endfacet
  facet normal 0 0 -1
    outer loop
      vertex 59.55 30.2067 0
      vertex 63.05 36.3133 0
      vertex 60.6 28.388 0
    endloop
  endfacet
  facet normal 0 0 -1
    outer loop
      vertex 63.05 36.3133 0
      vertex 60.6 38.132 0
      vertex 62 38.132 0
    endloop
  endfacet
  facet normal 0 0 -1
    outer loop
      vertex 60.6 38.132 0
      vertex 63.05 39.9507 0
      vertex 62 38.132 0
    endloop
  endfacet
  facet normal 0 0 -1
    outer loop
      vertex 59.55 39.9507 0
      vertex 63.05 39.9507 0
      vertex 60.6 38.132 0
    endloop
  endfacet
  facet normal 0 0 -1
    outer loop
      vertex 63.05 39.9507 0
      vertex 59.55 39.9507 0
      vertex 75.8 49.8 0
    endloop
  endfacet
  facet normal 0 0 -1
    outer loop
      vertex 57.45 39.9507 0
      vertex 75.8 49.8 0
      vertex 59.55 39.9507 0
    endloop
  endfacet
  facet normal 0 0 -1
    outer loop
      vertex 55 38.132 0
      vertex 57.45 39.9507 0
      vertex 56.4 38.132 0
    endloop
  endfacet
  facet normal 0 0 -1
    outer loop
      vertex 53.95 39.9507 0
      vertex 57.45 39.9507 0
      vertex 55 38.132 0
    endloop
  endfacet
  facet normal 0 0 -1
    outer loop
      vertex 53.95 39.9507 0
      vertex 75.8 49.8 0
      vertex 57.45 39.9507 0
    endloop
  endfacet
  facet normal 0 0 -1
    outer loop
      vertex 51.85 39.9507 0
      vertex 75.8 49.8 0
      vertex 53.95 39.9507 0
    endloop
  endfacet
  facet normal 0 0 -1
    outer loop
      vertex 19.35 37.5907 0
      vertex 50.8 38.132 0
      vertex 20.4 35.772 0
    endloop
  endfacet
  facet normal -0 0 -1
    outer loop
      vertex 50.8 38.132 0
      vertex 19.35 37.5907 0
      vertex 51.85 39.9507 0
    endloop
  endfacet
  facet normal 0 0 -1
    outer loop
      vertex 17.6 40.644 0
      vertex 51.85 39.9507 0
      vertex 19.35 37.5907 0
    endloop
  endfacet
  facet normal 0 0 -1
    outer loop
      vertex 16.55 42.4627 0
      vertex 51.85 39.9507 0
      vertex 17.6 40.644 0
    endloop
  endfacet
  facet normal 0 0 -1
    outer loop
      vertex 4 49.8 0
      vertex 51.85 39.9507 0
      vertex 16.55 42.4627 0
    endloop
  endfacet
  facet normal 0 0 -1
    outer loop
      vertex 4 49.8 0
      vertex 16.55 42.4627 0
      vertex 14.45 42.4627 0
    endloop
  endfacet
  facet normal 0 0 -1
    outer loop
      vertex 12 40.644 0
      vertex 14.45 42.4627 0
      vertex 13.4 40.644 0
    endloop
  endfacet
  facet normal 0 0 -1
    outer loop
      vertex 10.95 42.4627 0
      vertex 14.45 42.4627 0
      vertex 12 40.644 0
    endloop
  endfacet
  facet normal 0 0 -1
    outer loop
      vertex 4 49.8 0
      vertex 14.45 42.4627 0
      vertex 10.95 42.4627 0
    endloop
  endfacet
  facet normal 0 0 -1
    outer loop
      vertex 4 49.8 0
      vertex 10.95 42.4627 0
      vertex 8.85 42.4627 0
    endloop
  endfacet
  facet normal 0 0 -1
    outer loop
      vertex 51.85 39.9507 0
      vertex 4 49.8 0
      vertex 75.8 49.8 0
    endloop
  endfacet
  facet normal 0 0 -1
    outer loop
      vertex 0 45.8 0
      vertex 8.85 42.4627 0
      vertex 7.8 40.644 0
    endloop
  endfacet
  facet normal 0 0 -1
    outer loop
      vertex 8.85 29.0813 0
      vertex 0 30.8528 0
      vertex 7.8 30.9 0
    endloop
  endfacet
  facet normal 0 0 -1
    outer loop
      vertex 0 4 0
      vertex 4 0 0
      vertex 3.47789 0.0342255 0
    endloop
  endfacet
  facet normal -0 0 -1
    outer loop
      vertex 8.85 38.8253 0
      vertex 0 30.8528 0
      vertex 7.8 40.644 0
    endloop
  endfacet
  facet normal 0 0 -1
    outer loop
      vertex 0 4 0
      vertex 3.47789 0.0342255 0
      vertex 2.96472 0.136292 0
    endloop
  endfacet
  facet normal 0 0 -1
    outer loop
      vertex 0 45.8 0
      vertex 7.8 40.644 0
      vertex 0 30.8528 0
    endloop
  endfacet
  facet normal 0 0 -1
    outer loop
      vertex 0 4 0
      vertex 2.96472 0.136292 0
      vertex 2.46927 0.304489 0
    endloop
  endfacet
  facet normal 0 0 -1
    outer loop
      vertex 8.85 42.4627 0
      vertex 0 45.8 0
      vertex 4 49.8 0
    endloop
  endfacet
  facet normal 0 0 -1
    outer loop
      vertex 0 4 0
      vertex 2.46927 0.304489 0
      vertex 2 0.535904 0
    endloop
  endfacet
  facet normal 0 0 -1
    outer loop
      vertex 4 49.8 0
      vertex 0 45.8 0
      vertex 3.47789 49.7658 0
    endloop
  endfacet
  facet normal 0 0 -1
    outer loop
      vertex 0 4 0
      vertex 2 0.535904 0
      vertex 1.56496 0.826584 0
    endloop
  endfacet
  facet normal 0 0 -1
    outer loop
      vertex 3.47789 49.7658 0
      vertex 0 45.8 0
      vertex 2.96472 49.6637 0
    endloop
  endfacet
  facet normal 0 0 -1
    outer loop
      vertex 0 4 0
      vertex 1.56496 0.826584 0
      vertex 1.17157 1.17157 0
    endloop
  endfacet
  facet normal 0 0 -1
    outer loop
      vertex 2.96472 49.6637 0
      vertex 0 45.8 0
      vertex 2.46927 49.4955 0
    endloop
  endfacet
  facet normal 0 0 -1
    outer loop
      vertex 0 4 0
      vertex 1.17157 1.17157 0
      vertex 0.826584 1.56496 0
    endloop
  endfacet
  facet normal 0 0 -1
    outer loop
      vertex 2.46927 49.4955 0
      vertex 0 45.8 0
      vertex 2 49.2641 0
    endloop
  endfacet
  facet normal 0 0 -1
    outer loop
      vertex 0 4 0
      vertex 0.826584 1.56496 0
      vertex 0.535904 2 0
    endloop
  endfacet
  facet normal 0 0 -1
    outer loop
      vertex 2 49.2641 0
      vertex 0 45.8 0
      vertex 1.56496 48.9734 0
    endloop
  endfacet
  facet normal 0 0 -1
    outer loop
      vertex 0 4 0
      vertex 0.535904 2 0
      vertex 0.304489 2.46927 0
    endloop
  endfacet
  facet normal 0 0 -1
    outer loop
      vertex 1.56496 48.9734 0
      vertex 0 45.8 0
      vertex 1.17157 48.6284 0
    endloop
  endfacet
  facet normal 0 0 -1
    outer loop
      vertex 0 4 0
      vertex 0.304489 2.46927 0
      vertex 0.136292 2.96472 0
    endloop
  endfacet
  facet normal 0 0 -1
    outer loop
      vertex 1.17157 48.6284 0
      vertex 0 45.8 0
      vertex 0.826584 48.235 0
    endloop
  endfacet
  facet normal 0 0 -1
    outer loop
      vertex 0 4 0
      vertex 0.136292 2.96472 0
      vertex 0.0342255 3.47789 0
    endloop
  endfacet
  facet normal 0 0 -1
    outer loop
      vertex 0.826584 48.235 0
      vertex 0 45.8 0
      vertex 0.535904 47.8 0
    endloop
  endfacet
  facet normal 0 0 -1
    outer loop
      vertex 4 0 0
      vertex 0 4 0
      vertex 0 18.9472 0
    endloop
  endfacet
  facet normal 0 0 -1
    outer loop
      vertex 0.535904 47.8 0
      vertex 0 45.8 0
      vertex 0.304489 47.3307 0
    endloop
  endfacet
  facet normal 0 0 -1
    outer loop
      vertex 0.304489 47.3307 0
      vertex 0 45.8 0
      vertex 0.136292 46.8353 0
    endloop
  endfacet
  facet normal 0 0 -1
    outer loop
      vertex 0.136292 46.8353 0
      vertex 0 45.8 0
      vertex 0.0342255 46.3221 0
    endloop
  endfacet
  facet normal 0 0 -1
    outer loop
      vertex 56.75 15.5907 0
      vertex 59.55 16.8253 0
      vertex 57.8 13.772 0
    endloop
  endfacet
  facet normal -0 0 -1
    outer loop
      vertex 59.55 16.8253 0
      vertex 56.75 15.5907 0
      vertex 57.45 16.8253 0
    endloop
  endfacet
  facet normal 0 0 -1
    outer loop
      vertex 53.95 16.8253 0
      vertex 57.45 16.8253 0
      vertex 56.75 15.5907 0
    endloop
  endfacet
  facet normal 0 0 -1
    outer loop
      vertex 57.45 16.8253 0
      vertex 55 18.644 0
      vertex 56.4 18.644 0
    endloop
  endfacet
  facet normal 0 0 -1
    outer loop
      vertex 53.95 16.8253 0
      vertex 56.75 15.5907 0
      vertex 54.65 15.5907 0
    endloop
  endfacet
  facet normal 0 0 -1
    outer loop
      vertex 57.45 16.8253 0
      vertex 53.95 16.8253 0
      vertex 55 18.644 0
    endloop
  endfacet
  facet normal 0 0 -1
    outer loop
      vertex 51.85 16.8253 0
      vertex 54.65 15.5907 0
      vertex 53.6 13.772 0
    endloop
  endfacet
  facet normal 0 0 -1
    outer loop
      vertex 51.85 16.8253 0
      vertex 53.6 13.772 0
      vertex 51.85 10.7187 0
    endloop
  endfacet
  facet normal 0 0 -1
    outer loop
      vertex 54.65 15.5907 0
      vertex 51.85 16.8253 0
      vertex 53.95 16.8253 0
    endloop
  endfacet
  facet normal 0 0 -1
    outer loop
      vertex 50.8 8.9 0
      vertex 51.85 16.8253 0
      vertex 51.85 10.7187 0
    endloop
  endfacet
  facet normal -0 0 -1
    outer loop
      vertex 51.85 16.8253 0
      vertex 50.8 8.9 0
      vertex 50.8 18.644 0
    endloop
  endfacet
  facet normal 0 0 -1
    outer loop
      vertex 56.75 25.3347 0
      vertex 59.55 26.5693 0
      vertex 57.8 23.516 0
    endloop
  endfacet
  facet normal -0 0 -1
    outer loop
      vertex 59.55 26.5693 0
      vertex 56.75 25.3347 0
      vertex 57.45 26.5693 0
    endloop
  endfacet
  facet normal 0 0 -1
    outer loop
      vertex 53.95 26.5693 0
      vertex 57.45 26.5693 0
      vertex 56.75 25.3347 0
    endloop
  endfacet
  facet normal 0 0 -1
    outer loop
      vertex 57.45 26.5693 0
      vertex 55 28.388 0
      vertex 56.4 28.388 0
    endloop
  endfacet
  facet normal 0 0 -1
    outer loop
      vertex 53.95 26.5693 0
      vertex 56.75 25.3347 0
      vertex 54.65 25.3347 0
    endloop
  endfacet
  facet normal 0 0 -1
    outer loop
      vertex 57.45 26.5693 0
      vertex 53.95 26.5693 0
      vertex 55 28.388 0
    endloop
  endfacet
  facet normal 0 0 -1
    outer loop
      vertex 51.85 26.5693 0
      vertex 54.65 25.3347 0
      vertex 53.6 23.516 0
    endloop
  endfacet
  facet normal 0 0 -1
    outer loop
      vertex 51.85 26.5693 0
      vertex 53.6 23.516 0
      vertex 51.85 20.4627 0
    endloop
  endfacet
  facet normal 0 0 -1
    outer loop
      vertex 54.65 25.3347 0
      vertex 51.85 26.5693 0
      vertex 53.95 26.5693 0
    endloop
  endfacet
  facet normal 0 0 -1
    outer loop
      vertex 50.8 18.644 0
      vertex 51.85 26.5693 0
      vertex 51.85 20.4627 0
    endloop
  endfacet
  facet normal -0 0 -1
    outer loop
      vertex 51.85 26.5693 0
      vertex 50.8 18.644 0
      vertex 50.8 28.388 0
    endloop
  endfacet
  facet normal 0 0 -1
    outer loop
      vertex 56.75 35.0787 0
      vertex 59.55 36.3133 0
      vertex 57.8 33.26 0
    endloop
  endfacet
  facet normal -0 0 -1
    outer loop
      vertex 59.55 36.3133 0
      vertex 56.75 35.0787 0
      vertex 57.45 36.3133 0
    endloop
  endfacet
  facet normal 0 0 -1
    outer loop
      vertex 53.95 36.3133 0
      vertex 57.45 36.3133 0
      vertex 56.75 35.0787 0
    endloop
  endfacet
  facet normal 0 0 -1
    outer loop
      vertex 57.45 36.3133 0
      vertex 55 38.132 0
      vertex 56.4 38.132 0
    endloop
  endfacet
  facet normal 0 0 -1
    outer loop
      vertex 53.95 36.3133 0
      vertex 56.75 35.0787 0
      vertex 54.65 35.0787 0
    endloop
  endfacet
  facet normal 0 0 -1
    outer loop
      vertex 57.45 36.3133 0
      vertex 53.95 36.3133 0
      vertex 55 38.132 0
    endloop
  endfacet
  facet normal 0 0 -1
    outer loop
      vertex 51.85 36.3133 0
      vertex 54.65 35.0787 0
      vertex 53.6 33.26 0
    endloop
  endfacet
  facet normal 0 0 -1
    outer loop
      vertex 51.85 36.3133 0
      vertex 53.6 33.26 0
      vertex 51.85 30.2067 0
    endloop
  endfacet
  facet normal 0 0 -1
    outer loop
      vertex 54.65 35.0787 0
      vertex 51.85 36.3133 0
      vertex 53.95 36.3133 0
    endloop
  endfacet
  facet normal 0 0 -1
    outer loop
      vertex 50.8 28.388 0
      vertex 51.85 36.3133 0
      vertex 51.85 30.2067 0
    endloop
  endfacet
  facet normal -0 0 -1
    outer loop
      vertex 51.85 36.3133 0
      vertex 50.8 28.388 0
      vertex 50.8 38.132 0
    endloop
  endfacet
  facet normal -0.321574 -0.946885 0
    outer loop
      vertex -4.64806 19.1284 0
      vertex -4.27646 19.0022 4.5
      vertex -4.64806 19.1284 4.5
    endloop
  endfacet
  facet normal -0.321574 -0.946885 -0
    outer loop
      vertex -4.27646 19.0022 4.5
      vertex -4.64806 19.1284 0
      vertex -4.27646 19.0022 0
    endloop
  endfacet
  facet normal -0.194945 -0.980814 0
    outer loop
      vertex -4.27646 19.0022 0
      vertex -3.89157 18.9257 4.5
      vertex -4.27646 19.0022 4.5
    endloop
  endfacet
  facet normal -0.194945 -0.980814 -0
    outer loop
      vertex -3.89157 18.9257 4.5
      vertex -4.27646 19.0022 0
      vertex -3.89157 18.9257 0
    endloop
  endfacet
  facet normal 0 -1 0
    outer loop
      vertex -3.5 18.9 0
      vertex -0.5 18.9 4.5
      vertex -3.5 18.9 4.5
    endloop
  endfacet
  facet normal 0 -1 -0
    outer loop
      vertex -0.5 18.9 4.5
      vertex -3.5 18.9 0
      vertex -0.5 18.9 0
    endloop
  endfacet
  facet normal 0 1 -0
    outer loop
      vertex -0.5 30.9 0
      vertex -3.5 30.9 4.5
      vertex -0.5 30.9 4.5
    endloop
  endfacet
  facet normal 0 1 0
    outer loop
      vertex -3.5 30.9 4.5
      vertex -0.5 30.9 0
      vertex -3.5 30.9 0
    endloop
  endfacet
  facet normal -0.0654923 0.997853 0
    outer loop
      vertex -3.5 30.9 0
      vertex -3.89157 30.8743 4.5
      vertex -3.5 30.9 4.5
    endloop
  endfacet
  facet normal -0.0654923 0.997853 0
    outer loop
      vertex -3.89157 30.8743 4.5
      vertex -3.5 30.9 0
      vertex -3.89157 30.8743 0
    endloop
  endfacet
  facet normal -0.442171 0.896931 0
    outer loop
      vertex -4.64806 30.6716 0
      vertex -5 30.4981 4.5
      vertex -4.64806 30.6716 4.5
    endloop
  endfacet
  facet normal -0.442171 0.896931 0
    outer loop
      vertex -5 30.4981 4.5
      vertex -4.64806 30.6716 0
      vertex -5 30.4981 0
    endloop
  endfacet
  facet normal -0.321574 0.946885 0
    outer loop
      vertex -4.27646 30.7978 0
      vertex -4.64806 30.6716 4.5
      vertex -4.27646 30.7978 4.5
    endloop
  endfacet
  facet normal -0.321574 0.946885 0
    outer loop
      vertex -4.64806 30.6716 4.5
      vertex -4.27646 30.7978 0
      vertex -4.64806 30.6716 0
    endloop
  endfacet
  facet normal -0.659428 0.751768 0
    outer loop
      vertex -5.32628 30.2801 0
      vertex -5.62132 30.0213 4.5
      vertex -5.32628 30.2801 4.5
    endloop
  endfacet
  facet normal -0.659428 0.751768 0
    outer loop
      vertex -5.62132 30.0213 4.5
      vertex -5.32628 30.2801 0
      vertex -5.62132 30.0213 0
    endloop
  endfacet
  facet normal -0.751767 0.659429 0
    outer loop
      vertex -5.8 29.8176 0
      vertex -5.62132 30.0213 4.5
      vertex -5.62132 30.0213 0
    endloop
  endfacet
  facet normal -0.751767 0.659429 0
    outer loop
      vertex -5.62132 30.0213 4.5
      vertex -5.8 29.8176 0
      vertex -5.8 29.8176 4.5
    endloop
  endfacet
  facet normal 0 0 1
    outer loop
      vertex -0.5 30.9 4.5
      vertex 0 30.8528 4.5
      vertex -0.108429 30.8743 4.5
    endloop
  endfacet
  facet normal 0 0 1
    outer loop
      vertex 0 30.8528 4.5
      vertex -1.1 24.9 4.5
      vertex 0 18.9472 4.5
    endloop
  endfacet
  facet normal 0 0 1
    outer loop
      vertex 0 30.8528 4.5
      vertex -0.5 30.9 4.5
      vertex -1.9216 26.566 4.5
    endloop
  endfacet
  facet normal -0 0 1
    outer loop
      vertex -1.11797 24.6259 4.5
      vertex 0 18.9472 4.5
      vertex -1.1 24.9 4.5
    endloop
  endfacet
  facet normal -0 0 1
    outer loop
      vertex -1.17156 24.3565 4.5
      vertex 0 18.9472 4.5
      vertex -1.11797 24.6259 4.5
    endloop
  endfacet
  facet normal 0 0 1
    outer loop
      vertex 0 30.8528 4.5
      vertex -1.11797 25.1741 4.5
      vertex -1.1 24.9 4.5
    endloop
  endfacet
  facet normal 0 0 1
    outer loop
      vertex 0 30.8528 4.5
      vertex -1.17156 25.4435 4.5
      vertex -1.11797 25.1741 4.5
    endloop
  endfacet
  facet normal 0 0 1
    outer loop
      vertex 0 30.8528 4.5
      vertex -1.25985 25.7036 4.5
      vertex -1.17156 25.4435 4.5
    endloop
  endfacet
  facet normal 0 0 1
    outer loop
      vertex 0 30.8528 4.5
      vertex -1.38135 25.95 4.5
      vertex -1.25985 25.7036 4.5
    endloop
  endfacet
  facet normal 0 0 1
    outer loop
      vertex 0 30.8528 4.5
      vertex -1.53396 26.1784 4.5
      vertex -1.38135 25.95 4.5
    endloop
  endfacet
  facet normal 0 0 1
    outer loop
      vertex 0 30.8528 4.5
      vertex -1.71508 26.3849 4.5
      vertex -1.53396 26.1784 4.5
    endloop
  endfacet
  facet normal 0 0 1
    outer loop
      vertex 0 30.8528 4.5
      vertex -1.9216 26.566 4.5
      vertex -1.71508 26.3849 4.5
    endloop
  endfacet
  facet normal 0 0 1
    outer loop
      vertex -0.5 30.9 4.5
      vertex -2.15 26.7187 4.5
      vertex -1.9216 26.566 4.5
    endloop
  endfacet
  facet normal 0 0 1
    outer loop
      vertex -0.5 30.9 4.5
      vertex -2.39636 26.8401 4.5
      vertex -2.15 26.7187 4.5
    endloop
  endfacet
  facet normal 0 0 1
    outer loop
      vertex -0.5 30.9 4.5
      vertex -2.65648 26.9284 4.5
      vertex -2.39636 26.8401 4.5
    endloop
  endfacet
  facet normal -0 0 1
    outer loop
      vertex -3.5 30.9 4.5
      vertex -2.65648 26.9284 4.5
      vertex -0.5 30.9 4.5
    endloop
  endfacet
  facet normal 0 0 1
    outer loop
      vertex -2.65648 26.9284 4.5
      vertex -3.5 30.9 4.5
      vertex -2.92589 26.982 4.5
    endloop
  endfacet
  facet normal 0 0 1
    outer loop
      vertex -2.92589 26.982 4.5
      vertex -3.5 30.9 4.5
      vertex -3.2 27 4.5
    endloop
  endfacet
  facet normal 0 0 1
    outer loop
      vertex -3.2 27 4.5
      vertex -3.5 30.9 4.5
      vertex -3.4741 26.982 4.5
    endloop
  endfacet
  facet normal -0 0 1
    outer loop
      vertex -3.89157 30.8743 4.5
      vertex -3.4741 26.982 4.5
      vertex -3.5 30.9 4.5
    endloop
  endfacet
  facet normal -0 0 1
    outer loop
      vertex -4.27646 30.7978 4.5
      vertex -3.4741 26.982 4.5
      vertex -3.89157 30.8743 4.5
    endloop
  endfacet
  facet normal -0 0 1
    outer loop
      vertex -4.64806 30.6716 4.5
      vertex -3.4741 26.982 4.5
      vertex -4.27646 30.7978 4.5
    endloop
  endfacet
  facet normal 0 0 1
    outer loop
      vertex -3.4741 26.982 4.5
      vertex -4.64806 30.6716 4.5
      vertex -3.74352 26.9284 4.5
    endloop
  endfacet
  facet normal -0 0 1
    outer loop
      vertex -5 30.4981 4.5
      vertex -3.74352 26.9284 4.5
      vertex -4.64806 30.6716 4.5
    endloop
  endfacet
  facet normal -0 0 1
    outer loop
      vertex -5.32628 30.2801 4.5
      vertex -3.74352 26.9284 4.5
      vertex -5 30.4981 4.5
    endloop
  endfacet
  facet normal -0 0 1
    outer loop
      vertex -5.62132 30.0213 4.5
      vertex -3.74352 26.9284 4.5
      vertex -5.32628 30.2801 4.5
    endloop
  endfacet
  facet normal -0 0 1
    outer loop
      vertex -5.8 29.8176 4.5
      vertex -3.74352 26.9284 4.5
      vertex -5.62132 30.0213 4.5
    endloop
  endfacet
  facet normal 0 0 1
    outer loop
      vertex -3.74352 26.9284 4.5
      vertex -5.8 29.8176 4.5
      vertex -4.00363 26.8401 4.5
    endloop
  endfacet
  facet normal 0 0 1
    outer loop
      vertex -4.00363 26.8401 4.5
      vertex -5.8 29.8176 4.5
      vertex -4.25 26.7187 4.5
    endloop
  endfacet
  facet normal 0 0 1
    outer loop
      vertex -4.25 26.7187 4.5
      vertex -5.8 29.8176 4.5
      vertex -4.4784 26.566 4.5
    endloop
  endfacet
  facet normal 0 0 1
    outer loop
      vertex -4.68492 26.3849 4.5
      vertex -5.8 29.8176 4.5
      vertex -4.86604 26.1784 4.5
    endloop
  endfacet
  facet normal 0 0 1
    outer loop
      vertex -5.01865 25.95 4.5
      vertex -5.8 29.8176 4.5
      vertex -5.14015 25.7036 4.5
    endloop
  endfacet
  facet normal 0 0 1
    outer loop
      vertex -5.14015 25.7036 4.5
      vertex -5.8 29.8176 4.5
      vertex -5.22844 25.4435 4.5
    endloop
  endfacet
  facet normal 0 0 1
    outer loop
      vertex -5.22844 25.4435 4.5
      vertex -5.8 29.8176 4.5
      vertex -5.28203 25.1741 4.5
    endloop
  endfacet
  facet normal 0 0 1
    outer loop
      vertex -4.86604 26.1784 4.5
      vertex -5.8 29.8176 4.5
      vertex -5.01865 25.95 4.5
    endloop
  endfacet
  facet normal -0 0 1
    outer loop
      vertex -1.25985 24.0964 4.5
      vertex 0 18.9472 4.5
      vertex -1.17156 24.3565 4.5
    endloop
  endfacet
  facet normal -0 0 1
    outer loop
      vertex -1.38135 23.85 4.5
      vertex 0 18.9472 4.5
      vertex -1.25985 24.0964 4.5
    endloop
  endfacet
  facet normal -0 0 1
    outer loop
      vertex -1.53396 23.6216 4.5
      vertex 0 18.9472 4.5
      vertex -1.38135 23.85 4.5
    endloop
  endfacet
  facet normal -0 0 1
    outer loop
      vertex -1.71508 23.4151 4.5
      vertex 0 18.9472 4.5
      vertex -1.53396 23.6216 4.5
    endloop
  endfacet
  facet normal -0 0 1
    outer loop
      vertex -1.9216 23.234 4.5
      vertex 0 18.9472 4.5
      vertex -1.71508 23.4151 4.5
    endloop
  endfacet
  facet normal 0 -0 1
    outer loop
      vertex -0.5 18.9 4.5
      vertex 0 18.9472 4.5
      vertex -1.9216 23.234 4.5
    endloop
  endfacet
  facet normal 0 0 1
    outer loop
      vertex 0 18.9472 4.5
      vertex -0.5 18.9 4.5
      vertex -0.108429 18.9257 4.5
    endloop
  endfacet
  facet normal -0 0 1
    outer loop
      vertex -2.15 23.0813 4.5
      vertex -0.5 18.9 4.5
      vertex -1.9216 23.234 4.5
    endloop
  endfacet
  facet normal -0 0 1
    outer loop
      vertex -2.39636 22.9599 4.5
      vertex -0.5 18.9 4.5
      vertex -2.15 23.0813 4.5
    endloop
  endfacet
  facet normal -0 0 1
    outer loop
      vertex -2.65648 22.8716 4.5
      vertex -0.5 18.9 4.5
      vertex -2.39636 22.9599 4.5
    endloop
  endfacet
  facet normal 0 0 1
    outer loop
      vertex -3.5 18.9 4.5
      vertex -2.65648 22.8716 4.5
      vertex -2.92589 22.818 4.5
    endloop
  endfacet
  facet normal 0 0 1
    outer loop
      vertex -3.5 18.9 4.5
      vertex -2.92589 22.818 4.5
      vertex -3.2 22.8 4.5
    endloop
  endfacet
  facet normal 0 0 1
    outer loop
      vertex -3.5 18.9 4.5
      vertex -3.2 22.8 4.5
      vertex -3.4741 22.818 4.5
    endloop
  endfacet
  facet normal 0 0 1
    outer loop
      vertex -2.65648 22.8716 4.5
      vertex -3.5 18.9 4.5
      vertex -0.5 18.9 4.5
    endloop
  endfacet
  facet normal 0 0 1
    outer loop
      vertex -4.64806 19.1284 4.5
      vertex -3.4741 22.818 4.5
      vertex -3.74352 22.8716 4.5
    endloop
  endfacet
  facet normal 0 0 1
    outer loop
      vertex -3.4741 22.818 4.5
      vertex -3.89157 18.9257 4.5
      vertex -3.5 18.9 4.5
    endloop
  endfacet
  facet normal 0 0 1
    outer loop
      vertex -5.8 19.9824 4.5
      vertex -3.74352 22.8716 4.5
      vertex -4.00363 22.9599 4.5
    endloop
  endfacet
  facet normal 0 0 1
    outer loop
      vertex -5.8 19.9824 4.5
      vertex -4.00363 22.9599 4.5
      vertex -4.25 23.0813 4.5
    endloop
  endfacet
  facet normal 0 0 1
    outer loop
      vertex -3.4741 22.818 4.5
      vertex -4.27646 19.0022 4.5
      vertex -3.89157 18.9257 4.5
    endloop
  endfacet
  facet normal 0 0 1
    outer loop
      vertex -5.8 19.9824 4.5
      vertex -4.25 23.0813 4.5
      vertex -4.4784 23.234 4.5
    endloop
  endfacet
  facet normal 0 0 1
    outer loop
      vertex -3.4741 22.818 4.5
      vertex -4.64806 19.1284 4.5
      vertex -4.27646 19.0022 4.5
    endloop
  endfacet
  facet normal 0 0 1
    outer loop
      vertex -5.8 19.9824 4.5
      vertex -4.4784 23.234 4.5
      vertex -4.68492 23.4151 4.5
    endloop
  endfacet
  facet normal 0 0 1
    outer loop
      vertex -5.8 19.9824 4.5
      vertex -4.68492 23.4151 4.5
      vertex -4.86604 23.6216 4.5
    endloop
  endfacet
  facet normal 0 0 1
    outer loop
      vertex -3.74352 22.8716 4.5
      vertex -5 19.3019 4.5
      vertex -4.64806 19.1284 4.5
    endloop
  endfacet
  facet normal 0 0 1
    outer loop
      vertex -5.8 19.9824 4.5
      vertex -4.86604 23.6216 4.5
      vertex -5.01865 23.85 4.5
    endloop
  endfacet
  facet normal 0 0 1
    outer loop
      vertex -5.8 19.9824 4.5
      vertex -5.01865 23.85 4.5
      vertex -5.14015 24.0964 4.5
    endloop
  endfacet
  facet normal 0 0 1
    outer loop
      vertex -5.8 19.9824 4.5
      vertex -5.14015 24.0964 4.5
      vertex -5.22844 24.3565 4.5
    endloop
  endfacet
  facet normal 0 0 1
    outer loop
      vertex -5.8 19.9824 4.5
      vertex -5.22844 24.3565 4.5
      vertex -5.28203 24.6259 4.5
    endloop
  endfacet
  facet normal 0 0 1
    outer loop
      vertex -5.8 19.9824 4.5
      vertex -5.28203 24.6259 4.5
      vertex -5.3 24.9 4.5
    endloop
  endfacet
  facet normal 0 0 1
    outer loop
      vertex -3.74352 22.8716 4.5
      vertex -5.8 19.9824 4.5
      vertex -5.62132 19.7787 4.5
    endloop
  endfacet
  facet normal 0 0 1
    outer loop
      vertex -5.28203 25.1741 4.5
      vertex -5.8 29.8176 4.5
      vertex -5.3 24.9 4.5
    endloop
  endfacet
  facet normal 0 0 1
    outer loop
      vertex -4.4784 26.566 4.5
      vertex -5.8 29.8176 4.5
      vertex -4.68492 26.3849 4.5
    endloop
  endfacet
  facet normal 0 0 1
    outer loop
      vertex -5.8 19.9824 4.5
      vertex -5.3 24.9 4.5
      vertex -5.8 29.8176 4.5
    endloop
  endfacet
  facet normal 0 0 1
    outer loop
      vertex -3.74352 22.8716 4.5
      vertex -5.32628 19.5199 4.5
      vertex -5 19.3019 4.5
    endloop
  endfacet
  facet normal 0 0 1
    outer loop
      vertex -3.74352 22.8716 4.5
      vertex -5.62132 19.7787 4.5
      vertex -5.32628 19.5199 4.5
    endloop
  endfacet
  facet normal -0.659428 -0.751768 0
    outer loop
      vertex -5.62132 19.7787 0
      vertex -5.32628 19.5199 4.5
      vertex -5.62132 19.7787 4.5
    endloop
  endfacet
  facet normal -0.659428 -0.751768 -0
    outer loop
      vertex -5.32628 19.5199 4.5
      vertex -5.62132 19.7787 0
      vertex -5.32628 19.5199 0
    endloop
  endfacet
  facet normal -0.442171 -0.896931 0
    outer loop
      vertex -5 19.3019 0
      vertex -4.64806 19.1284 4.5
      vertex -5 19.3019 4.5
    endloop
  endfacet
  facet normal -0.442171 -0.896931 -0
    outer loop
      vertex -4.64806 19.1284 4.5
      vertex -5 19.3019 0
      vertex -4.64806 19.1284 0
    endloop
  endfacet
  facet normal -0.555547 -0.831485 0
    outer loop
      vertex -5.32628 19.5199 0
      vertex -5 19.3019 4.5
      vertex -5.32628 19.5199 4.5
    endloop
  endfacet
  facet normal -0.555547 -0.831485 -0
    outer loop
      vertex -5 19.3019 4.5
      vertex -5.32628 19.5199 0
      vertex -5 19.3019 0
    endloop
  endfacet
  facet normal -0.0654923 -0.997853 0
    outer loop
      vertex -3.89157 18.9257 0
      vertex -3.5 18.9 4.5
      vertex -3.89157 18.9257 4.5
    endloop
  endfacet
  facet normal -0.0654923 -0.997853 -0
    outer loop
      vertex -3.5 18.9 4.5
      vertex -3.89157 18.9257 0
      vertex -3.5 18.9 0
    endloop
  endfacet
  facet normal 0.0654921 -0.997853 0
    outer loop
      vertex -0.5 18.9 0
      vertex -0.108429 18.9257 4.5
      vertex -0.5 18.9 4.5
    endloop
  endfacet
  facet normal 0.0654921 -0.997853 0
    outer loop
      vertex -0.108429 18.9257 4.5
      vertex -0.5 18.9 0
      vertex -0.108429 18.9257 0
    endloop
  endfacet
  facet normal 0.0654921 0.997853 -0
    outer loop
      vertex -0.108429 30.8743 0
      vertex -0.5 30.9 4.5
      vertex -0.108429 30.8743 4.5
    endloop
  endfacet
  facet normal 0.0654921 0.997853 0
    outer loop
      vertex -0.5 30.9 4.5
      vertex -0.108429 30.8743 0
      vertex -0.5 30.9 0
    endloop
  endfacet
  facet normal -0.751767 -0.659429 0
    outer loop
      vertex -5.62132 19.7787 0
      vertex -5.8 19.9824 4.5
      vertex -5.8 19.9824 0
    endloop
  endfacet
  facet normal -0.751767 -0.659429 0
    outer loop
      vertex -5.8 19.9824 4.5
      vertex -5.62132 19.7787 0
      vertex -5.62132 19.7787 4.5
    endloop
  endfacet
  facet normal 0.1945 0.980903 -0
    outer loop
      vertex 0 30.8528 0
      vertex -0.108429 30.8743 4.5
      vertex 0 30.8528 4.5
    endloop
  endfacet
  facet normal 0.1945 0.980903 0
    outer loop
      vertex -0.108429 30.8743 4.5
      vertex 0 30.8528 0
      vertex -0.108429 30.8743 0
    endloop
  endfacet
  facet normal -0.997858 -0.0654196 0
    outer loop
      vertex -1.1 24.9 0
      vertex -1.11797 25.1741 4.5
      vertex -1.11797 25.1741 0
    endloop
  endfacet
  facet normal -0.997858 -0.0654196 0
    outer loop
      vertex -1.11797 25.1741 4.5
      vertex -1.1 24.9 0
      vertex -1.1 24.9 4.5
    endloop
  endfacet
  facet normal 0.997858 0.0654196 0
    outer loop
      vertex -5.28203 24.6259 4.5
      vertex -5.3 24.9 0
      vertex -5.3 24.9 4.5
    endloop
  endfacet
  facet normal 0.997858 0.0654196 0
    outer loop
      vertex -5.3 24.9 0
      vertex -5.28203 24.6259 4.5
      vertex -5.28203 24.6259 0
    endloop
  endfacet
  facet normal 0.0655283 -0.997851 0
    outer loop
      vertex -3.4741 26.982 0
      vertex -3.2 27 4.5
      vertex -3.4741 26.982 4.5
    endloop
  endfacet
  facet normal 0.0655283 -0.997851 0
    outer loop
      vertex -3.2 27 4.5
      vertex -3.4741 26.982 0
      vertex -3.2 27 0
    endloop
  endfacet
  facet normal -0.0655259 0.997851 0
    outer loop
      vertex -2.92589 22.818 0
      vertex -3.2 22.8 4.5
      vertex -2.92589 22.818 4.5
    endloop
  endfacet
  facet normal -0.0655259 0.997851 0
    outer loop
      vertex -3.2 22.8 4.5
      vertex -2.92589 22.818 0
      vertex -3.2 22.8 0
    endloop
  endfacet
  facet normal -0.659319 -0.751864 0
    outer loop
      vertex -1.9216 26.566 0
      vertex -1.71508 26.3849 4.5
      vertex -1.9216 26.566 4.5
    endloop
  endfacet
  facet normal -0.659319 -0.751864 -0
    outer loop
      vertex -1.71508 26.3849 4.5
      vertex -1.9216 26.566 0
      vertex -1.71508 26.3849 0
    endloop
  endfacet
  facet normal 0.751796 -0.659396 0
    outer loop
      vertex -4.86604 26.1784 4.5
      vertex -4.68492 26.3849 0
      vertex -4.68492 26.3849 4.5
    endloop
  endfacet
  facet normal 0.751796 -0.659396 0
    outer loop
      vertex -4.68492 26.3849 0
      vertex -4.86604 26.1784 4.5
      vertex -4.86604 26.1784 0
    endloop
  endfacet
  facet normal 0.442007 -0.897012 0
    outer loop
      vertex -4.25 26.7187 0
      vertex -4.00363 26.8401 4.5
      vertex -4.25 26.7187 4.5
    endloop
  endfacet
  facet normal 0.442007 -0.897012 0
    outer loop
      vertex -4.00363 26.8401 4.5
      vertex -4.25 26.7187 0
      vertex -4.00363 26.8401 0
    endloop
  endfacet
  facet normal -0.831473 0.555565 0
    outer loop
      vertex -1.53396 23.6216 0
      vertex -1.38135 23.85 4.5
      vertex -1.38135 23.85 0
    endloop
  endfacet
  facet normal -0.831473 0.555565 0
    outer loop
      vertex -1.38135 23.85 4.5
      vertex -1.53396 23.6216 0
      vertex -1.53396 23.6216 4.5
    endloop
  endfacet
  facet normal -0.896889 -0.442256 0
    outer loop
      vertex -1.25985 25.7036 0
      vertex -1.38135 25.95 4.5
      vertex -1.38135 25.95 0
    endloop
  endfacet
  facet normal -0.896889 -0.442256 0
    outer loop
      vertex -1.38135 25.95 4.5
      vertex -1.25985 25.7036 0
      vertex -1.25985 25.7036 4.5
    endloop
  endfacet
  facet normal -0.980783 -0.195101 0
    outer loop
      vertex -1.11797 25.1741 0
      vertex -1.17156 25.4435 4.5
      vertex -1.17156 25.4435 0
    endloop
  endfacet
  facet normal -0.980783 -0.195101 0
    outer loop
      vertex -1.17156 25.4435 4.5
      vertex -1.11797 25.1741 0
      vertex -1.11797 25.1741 4.5
    endloop
  endfacet
  facet normal -0.321443 -0.946929 0
    outer loop
      vertex -2.65648 26.9284 0
      vertex -2.39636 26.8401 4.5
      vertex -2.65648 26.9284 4.5
    endloop
  endfacet
  facet normal -0.321443 -0.946929 -0
    outer loop
      vertex -2.39636 26.8401 4.5
      vertex -2.65648 26.9284 0
      vertex -2.39636 26.8401 0
    endloop
  endfacet
  facet normal -0.555792 -0.831322 0
    outer loop
      vertex -2.15 26.7187 0
      vertex -1.9216 26.566 4.5
      vertex -2.15 26.7187 4.5
    endloop
  endfacet
  facet normal -0.555792 -0.831322 -0
    outer loop
      vertex -1.9216 26.566 4.5
      vertex -2.15 26.7187 0
      vertex -1.9216 26.566 0
    endloop
  endfacet
  facet normal 0.896889 -0.442256 0
    outer loop
      vertex -5.14015 25.7036 4.5
      vertex -5.01865 25.95 0
      vertex -5.01865 25.95 4.5
    endloop
  endfacet
  facet normal 0.896889 -0.442256 0
    outer loop
      vertex -5.01865 25.95 0
      vertex -5.14015 25.7036 4.5
      vertex -5.14015 25.7036 0
    endloop
  endfacet
  facet normal 0.831473 -0.555565 0
    outer loop
      vertex -5.01865 25.95 4.5
      vertex -4.86604 26.1784 0
      vertex -4.86604 26.1784 4.5
    endloop
  endfacet
  facet normal 0.831473 -0.555565 0
    outer loop
      vertex -4.86604 26.1784 0
      vertex -5.01865 25.95 4.5
      vertex -5.01865 25.95 0
    endloop
  endfacet
  facet normal 0.980783 -0.195101 0
    outer loop
      vertex -5.28203 25.1741 4.5
      vertex -5.22844 25.4435 0
      vertex -5.22844 25.4435 4.5
    endloop
  endfacet
  facet normal 0.980783 -0.195101 0
    outer loop
      vertex -5.22844 25.4435 0
      vertex -5.28203 25.1741 4.5
      vertex -5.28203 25.1741 0
    endloop
  endfacet
  facet normal 0.659319 -0.751864 0
    outer loop
      vertex -4.68492 26.3849 0
      vertex -4.4784 26.566 4.5
      vertex -4.68492 26.3849 4.5
    endloop
  endfacet
  facet normal 0.659319 -0.751864 0
    outer loop
      vertex -4.4784 26.566 4.5
      vertex -4.68492 26.3849 0
      vertex -4.4784 26.566 0
    endloop
  endfacet
  facet normal 0.195122 -0.980779 0
    outer loop
      vertex -3.74352 26.9284 0
      vertex -3.4741 26.982 4.5
      vertex -3.74352 26.9284 4.5
    endloop
  endfacet
  facet normal 0.195122 -0.980779 0
    outer loop
      vertex -3.4741 26.982 4.5
      vertex -3.74352 26.9284 0
      vertex -3.4741 26.982 0
    endloop
  endfacet
  facet normal -0.946932 0.321433 0
    outer loop
      vertex -1.25985 24.0964 0
      vertex -1.17156 24.3565 4.5
      vertex -1.17156 24.3565 0
    endloop
  endfacet
  facet normal -0.946932 0.321433 0
    outer loop
      vertex -1.17156 24.3565 4.5
      vertex -1.25985 24.0964 0
      vertex -1.25985 24.0964 4.5
    endloop
  endfacet
  facet normal -0.195129 0.980778 0
    outer loop
      vertex -2.65648 22.8716 0
      vertex -2.92589 22.818 4.5
      vertex -2.65648 22.8716 4.5
    endloop
  endfacet
  facet normal -0.195129 0.980778 0
    outer loop
      vertex -2.92589 22.818 4.5
      vertex -2.65648 22.8716 0
      vertex -2.92589 22.818 0
    endloop
  endfacet
  facet normal -0.946932 -0.321433 0
    outer loop
      vertex -1.17156 25.4435 0
      vertex -1.25985 25.7036 4.5
      vertex -1.25985 25.7036 0
    endloop
  endfacet
  facet normal -0.946932 -0.321433 0
    outer loop
      vertex -1.25985 25.7036 4.5
      vertex -1.17156 25.4435 0
      vertex -1.17156 25.4435 4.5
    endloop
  endfacet
  facet normal -0.751796 -0.659396 0
    outer loop
      vertex -1.53396 26.1784 0
      vertex -1.71508 26.3849 4.5
      vertex -1.71508 26.3849 0
    endloop
  endfacet
  facet normal -0.751796 -0.659396 0
    outer loop
      vertex -1.71508 26.3849 4.5
      vertex -1.53396 26.1784 0
      vertex -1.53396 26.1784 4.5
    endloop
  endfacet
  facet normal -0.831473 -0.555565 0
    outer loop
      vertex -1.38135 25.95 0
      vertex -1.53396 26.1784 4.5
      vertex -1.53396 26.1784 0
    endloop
  endfacet
  facet normal -0.831473 -0.555565 0
    outer loop
      vertex -1.53396 26.1784 4.5
      vertex -1.38135 25.95 0
      vertex -1.38135 25.95 4.5
    endloop
  endfacet
  facet normal -0.195129 -0.980778 0
    outer loop
      vertex -2.92589 26.982 0
      vertex -2.65648 26.9284 4.5
      vertex -2.92589 26.982 4.5
    endloop
  endfacet
  facet normal -0.195129 -0.980778 -0
    outer loop
      vertex -2.65648 26.9284 4.5
      vertex -2.92589 26.982 0
      vertex -2.65648 26.9284 0
    endloop
  endfacet
  facet normal -0.0655259 -0.997851 0
    outer loop
      vertex -3.2 27 0
      vertex -2.92589 26.982 4.5
      vertex -3.2 27 4.5
    endloop
  endfacet
  facet normal -0.0655259 -0.997851 -0
    outer loop
      vertex -2.92589 26.982 4.5
      vertex -3.2 27 0
      vertex -2.92589 26.982 0
    endloop
  endfacet
  facet normal -0.442021 -0.897005 0
    outer loop
      vertex -2.39636 26.8401 0
      vertex -2.15 26.7187 4.5
      vertex -2.39636 26.8401 4.5
    endloop
  endfacet
  facet normal -0.442021 -0.897005 -0
    outer loop
      vertex -2.15 26.7187 4.5
      vertex -2.39636 26.8401 0
      vertex -2.15 26.7187 0
    endloop
  endfacet
  facet normal 0.946932 -0.321433 0
    outer loop
      vertex -5.22844 25.4435 4.5
      vertex -5.14015 25.7036 0
      vertex -5.14015 25.7036 4.5
    endloop
  endfacet
  facet normal 0.946932 -0.321433 0
    outer loop
      vertex -5.14015 25.7036 0
      vertex -5.22844 25.4435 4.5
      vertex -5.22844 25.4435 0
    endloop
  endfacet
  facet normal 0.997858 -0.0654196 0
    outer loop
      vertex -5.3 24.9 4.5
      vertex -5.28203 25.1741 0
      vertex -5.28203 25.1741 4.5
    endloop
  endfacet
  facet normal 0.997858 -0.0654196 0
    outer loop
      vertex -5.28203 25.1741 0
      vertex -5.3 24.9 4.5
      vertex -5.3 24.9 0
    endloop
  endfacet
  facet normal 0.555792 -0.831322 0
    outer loop
      vertex -4.4784 26.566 0
      vertex -4.25 26.7187 4.5
      vertex -4.4784 26.566 4.5
    endloop
  endfacet
  facet normal 0.555792 -0.831322 0
    outer loop
      vertex -4.25 26.7187 4.5
      vertex -4.4784 26.566 0
      vertex -4.25 26.7187 0
    endloop
  endfacet
  facet normal 0.321454 -0.946925 0
    outer loop
      vertex -4.00363 26.8401 0
      vertex -3.74352 26.9284 4.5
      vertex -4.00363 26.8401 4.5
    endloop
  endfacet
  facet normal 0.321454 -0.946925 0
    outer loop
      vertex -3.74352 26.9284 4.5
      vertex -4.00363 26.8401 0
      vertex -3.74352 26.9284 0
    endloop
  endfacet
  facet normal -0.751796 0.659396 0
    outer loop
      vertex -1.71508 23.4151 0
      vertex -1.53396 23.6216 4.5
      vertex -1.53396 23.6216 0
    endloop
  endfacet
  facet normal -0.751796 0.659396 0
    outer loop
      vertex -1.53396 23.6216 4.5
      vertex -1.71508 23.4151 0
      vertex -1.71508 23.4151 4.5
    endloop
  endfacet
  facet normal -0.980783 0.195101 0
    outer loop
      vertex -1.17156 24.3565 0
      vertex -1.11797 24.6259 4.5
      vertex -1.11797 24.6259 0
    endloop
  endfacet
  facet normal -0.980783 0.195101 0
    outer loop
      vertex -1.11797 24.6259 4.5
      vertex -1.17156 24.3565 0
      vertex -1.17156 24.3565 4.5
    endloop
  endfacet
  facet normal 0.980783 0.195101 0
    outer loop
      vertex -5.22844 24.3565 4.5
      vertex -5.28203 24.6259 0
      vertex -5.28203 24.6259 4.5
    endloop
  endfacet
  facet normal 0.980783 0.195101 0
    outer loop
      vertex -5.28203 24.6259 0
      vertex -5.22844 24.3565 4.5
      vertex -5.22844 24.3565 0
    endloop
  endfacet
  facet normal -0.442021 0.897005 0
    outer loop
      vertex -2.15 23.0813 0
      vertex -2.39636 22.9599 4.5
      vertex -2.15 23.0813 4.5
    endloop
  endfacet
  facet normal -0.442021 0.897005 0
    outer loop
      vertex -2.39636 22.9599 4.5
      vertex -2.15 23.0813 0
      vertex -2.39636 22.9599 0
    endloop
  endfacet
  facet normal -0.555792 0.831322 0
    outer loop
      vertex -1.9216 23.234 0
      vertex -2.15 23.0813 4.5
      vertex -1.9216 23.234 4.5
    endloop
  endfacet
  facet normal -0.555792 0.831322 0
    outer loop
      vertex -2.15 23.0813 4.5
      vertex -1.9216 23.234 0
      vertex -2.15 23.0813 0
    endloop
  endfacet
  facet normal -0.659319 0.751864 0
    outer loop
      vertex -1.71508 23.4151 0
      vertex -1.9216 23.234 4.5
      vertex -1.71508 23.4151 4.5
    endloop
  endfacet
  facet normal -0.659319 0.751864 0
    outer loop
      vertex -1.9216 23.234 4.5
      vertex -1.71508 23.4151 0
      vertex -1.9216 23.234 0
    endloop
  endfacet
  facet normal -0.896889 0.442256 0
    outer loop
      vertex -1.38135 23.85 0
      vertex -1.25985 24.0964 4.5
      vertex -1.25985 24.0964 0
    endloop
  endfacet
  facet normal -0.896889 0.442256 0
    outer loop
      vertex -1.25985 24.0964 4.5
      vertex -1.38135 23.85 0
      vertex -1.38135 23.85 4.5
    endloop
  endfacet
  facet normal -0.997858 0.0654196 0
    outer loop
      vertex -1.11797 24.6259 0
      vertex -1.1 24.9 4.5
      vertex -1.1 24.9 0
    endloop
  endfacet
  facet normal -0.997858 0.0654196 0
    outer loop
      vertex -1.1 24.9 4.5
      vertex -1.11797 24.6259 0
      vertex -1.11797 24.6259 4.5
    endloop
  endfacet
  facet normal 0.321454 0.946925 -0
    outer loop
      vertex -3.74352 22.8716 0
      vertex -4.00363 22.9599 4.5
      vertex -3.74352 22.8716 4.5
    endloop
  endfacet
  facet normal 0.321454 0.946925 0
    outer loop
      vertex -4.00363 22.9599 4.5
      vertex -3.74352 22.8716 0
      vertex -4.00363 22.9599 0
    endloop
  endfacet
  facet normal 0.659319 0.751864 -0
    outer loop
      vertex -4.4784 23.234 0
      vertex -4.68492 23.4151 4.5
      vertex -4.4784 23.234 4.5
    endloop
  endfacet
  facet normal 0.659319 0.751864 0
    outer loop
      vertex -4.68492 23.4151 4.5
      vertex -4.4784 23.234 0
      vertex -4.68492 23.4151 0
    endloop
  endfacet
  facet normal 0.831473 0.555565 0
    outer loop
      vertex -4.86604 23.6216 4.5
      vertex -5.01865 23.85 0
      vertex -5.01865 23.85 4.5
    endloop
  endfacet
  facet normal 0.831473 0.555565 0
    outer loop
      vertex -5.01865 23.85 0
      vertex -4.86604 23.6216 4.5
      vertex -4.86604 23.6216 0
    endloop
  endfacet
  facet normal 0.946932 0.321433 0
    outer loop
      vertex -5.14015 24.0964 4.5
      vertex -5.22844 24.3565 0
      vertex -5.22844 24.3565 4.5
    endloop
  endfacet
  facet normal 0.946932 0.321433 0
    outer loop
      vertex -5.22844 24.3565 0
      vertex -5.14015 24.0964 4.5
      vertex -5.14015 24.0964 0
    endloop
  endfacet
  facet normal 0.896889 0.442256 0
    outer loop
      vertex -5.01865 23.85 4.5
      vertex -5.14015 24.0964 0
      vertex -5.14015 24.0964 4.5
    endloop
  endfacet
  facet normal 0.896889 0.442256 0
    outer loop
      vertex -5.14015 24.0964 0
      vertex -5.01865 23.85 4.5
      vertex -5.01865 23.85 0
    endloop
  endfacet
  facet normal -0.321443 0.946929 0
    outer loop
      vertex -2.39636 22.9599 0
      vertex -2.65648 22.8716 4.5
      vertex -2.39636 22.9599 4.5
    endloop
  endfacet
  facet normal -0.321443 0.946929 0
    outer loop
      vertex -2.65648 22.8716 4.5
      vertex -2.39636 22.9599 0
      vertex -2.65648 22.8716 0
    endloop
  endfacet
  facet normal 0.0655283 0.997851 -0
    outer loop
      vertex -3.2 22.8 0
      vertex -3.4741 22.818 4.5
      vertex -3.2 22.8 4.5
    endloop
  endfacet
  facet normal 0.0655283 0.997851 0
    outer loop
      vertex -3.4741 22.818 4.5
      vertex -3.2 22.8 0
      vertex -3.4741 22.818 0
    endloop
  endfacet
  facet normal 0.555792 0.831322 -0
    outer loop
      vertex -4.25 23.0813 0
      vertex -4.4784 23.234 4.5
      vertex -4.25 23.0813 4.5
    endloop
  endfacet
  facet normal 0.555792 0.831322 0
    outer loop
      vertex -4.4784 23.234 4.5
      vertex -4.25 23.0813 0
      vertex -4.4784 23.234 0
    endloop
  endfacet
  facet normal 0.195122 0.980779 -0
    outer loop
      vertex -3.4741 22.818 0
      vertex -3.74352 22.8716 4.5
      vertex -3.4741 22.818 4.5
    endloop
  endfacet
  facet normal 0.195122 0.980779 0
    outer loop
      vertex -3.74352 22.8716 4.5
      vertex -3.4741 22.818 0
      vertex -3.74352 22.8716 0
    endloop
  endfacet
  facet normal 0.751796 0.659396 0
    outer loop
      vertex -4.68492 23.4151 4.5
      vertex -4.86604 23.6216 0
      vertex -4.86604 23.6216 4.5
    endloop
  endfacet
  facet normal 0.751796 0.659396 0
    outer loop
      vertex -4.86604 23.6216 0
      vertex -4.68492 23.4151 4.5
      vertex -4.68492 23.4151 0
    endloop
  endfacet
  facet normal 0.442007 0.897012 -0
    outer loop
      vertex -4.00363 22.9599 0
      vertex -4.25 23.0813 4.5
      vertex -4.00363 22.9599 4.5
    endloop
  endfacet
  facet normal 0.442007 0.897012 0
    outer loop
      vertex -4.25 23.0813 4.5
      vertex -4.00363 22.9599 0
      vertex -4.25 23.0813 0
    endloop
  endfacet
  facet normal -1 0 0
    outer loop
      vertex -5.8 19.9824 0
      vertex -5.8 29.8176 4.5
      vertex -5.8 29.8176 0
    endloop
  endfacet
  facet normal -1 -0 0
    outer loop
      vertex -5.8 29.8176 4.5
      vertex -5.8 19.9824 0
      vertex -5.8 19.9824 4.5
    endloop
  endfacet
  facet normal 0.321493 -0.946912 0
    outer loop
      vertex 76.8353 0.136292 0
      vertex 77.3307 0.304489 17.7
      vertex 76.8353 0.136292 17.7
    endloop
  endfacet
  facet normal 0.321493 -0.946912 0
    outer loop
      vertex 77.3307 0.304489 17.7
      vertex 76.8353 0.136292 0
      vertex 77.3307 0.304489 0
    endloop
  endfacet
  facet normal 0.195062 -0.980791 0
    outer loop
      vertex 76.3221 0.0342255 0
      vertex 76.8353 0.136292 17.7
      vertex 76.3221 0.0342255 17.7
    endloop
  endfacet
  facet normal 0.195062 -0.980791 0
    outer loop
      vertex 76.8353 0.136292 17.7
      vertex 76.3221 0.0342255 0
      vertex 76.8353 0.136292 0
    endloop
  endfacet
  facet normal 0.997862 -0.0653634 0
    outer loop
      vertex 79.7658 3.47789 17.7
      vertex 79.8 4 0
      vertex 79.8 4 17.7
    endloop
  endfacet
  facet normal 0.997862 -0.0653634 0
    outer loop
      vertex 79.8 4 0
      vertex 79.7658 3.47789 17.7
      vertex 79.7658 3.47789 0
    endloop
  endfacet
  facet normal -1 0 0
    outer loop
      vertex 0 4 0
      vertex 0 18.9472 4.5
      vertex 0 18.9472 0
    endloop
  endfacet
  facet normal -1 0 0
    outer loop
      vertex 0 18.9472 4.5
      vertex 0 13.4 10.3
      vertex 0 16.4 10.3
    endloop
  endfacet
  facet normal -1 0 0
    outer loop
      vertex 0 4 17.7
      vertex 0 13.4 10.3
      vertex 0 4 0
    endloop
  endfacet
  facet normal -1 -0 0
    outer loop
      vertex 0 18.9472 4.5
      vertex 0 4 0
      vertex 0 13.4 10.3
    endloop
  endfacet
  facet normal -1 0 0
    outer loop
      vertex 0 45.8 0
      vertex 0 32.4 10.3
      vertex 0 45.8 17.7
    endloop
  endfacet
  facet normal -1 0 0
    outer loop
      vertex 0 30.8528 4.5
      vertex 0 45.8 0
      vertex 0 30.8528 0
    endloop
  endfacet
  facet normal -1 0 0
    outer loop
      vertex 0 45.8 0
      vertex 0 30.8528 4.5
      vertex 0 32.4 10.3
    endloop
  endfacet
  facet normal -1 0 0
    outer loop
      vertex 0 30.8528 4.5
      vertex 0 29.4 10.3
      vertex 0 32.4 10.3
    endloop
  endfacet
  facet normal -1 0 0
    outer loop
      vertex 0 29.4 10.3
      vertex 0 24.4 10.3
      vertex 0 29.4 14.3
    endloop
  endfacet
  facet normal -1 0 0
    outer loop
      vertex 0 30.8528 4.5
      vertex 0 24.4 10.3
      vertex 0 29.4 10.3
    endloop
  endfacet
  facet normal -1 0 0
    outer loop
      vertex 0 18.9472 4.5
      vertex 0 24.4 10.3
      vertex 0 30.8528 4.5
    endloop
  endfacet
  facet normal -1 0 0
    outer loop
      vertex 0 16.4 10.3
      vertex 0 21.4 10.3
      vertex 0 18.9472 4.5
    endloop
  endfacet
  facet normal -1 -0 0
    outer loop
      vertex 0 24.4 10.3
      vertex 0 18.9472 4.5
      vertex 0 21.4 10.3
    endloop
  endfacet
  facet normal -1 0 0
    outer loop
      vertex 0 32.4 14.3
      vertex 0 45.8 17.7
      vertex 0 32.4 10.3
    endloop
  endfacet
  facet normal -1 0 0
    outer loop
      vertex 0 29.4 14.3
      vertex 0 45.8 17.7
      vertex 0 32.4 14.3
    endloop
  endfacet
  facet normal -1 0 0
    outer loop
      vertex 0 24.4 14.3
      vertex 0 29.4 14.3
      vertex 0 24.4 10.3
    endloop
  endfacet
  facet normal -1 0 0
    outer loop
      vertex 0 24.4 14.3
      vertex 0 45.8 17.7
      vertex 0 29.4 14.3
    endloop
  endfacet
  facet normal -1 0 0
    outer loop
      vertex 0 4 17.7
      vertex 0 24.4 14.3
      vertex 0 21.4 14.3
    endloop
  endfacet
  facet normal -1 0 0
    outer loop
      vertex 0 21.4 10.3
      vertex 0 16.4 10.3
      vertex 0 21.4 14.3
    endloop
  endfacet
  facet normal -1 0 0
    outer loop
      vertex 0 16.4 14.3
      vertex 0 21.4 14.3
      vertex 0 16.4 10.3
    endloop
  endfacet
  facet normal -1 0 0
    outer loop
      vertex 0 4 17.7
      vertex 0 21.4 14.3
      vertex 0 16.4 14.3
    endloop
  endfacet
  facet normal -1 0 0
    outer loop
      vertex 0 4 17.7
      vertex 0 16.4 14.3
      vertex 0 13.4 14.3
    endloop
  endfacet
  facet normal -1 0 0
    outer loop
      vertex 0 24.4 14.3
      vertex 0 4 17.7
      vertex 0 45.8 17.7
    endloop
  endfacet
  facet normal -1 0 0
    outer loop
      vertex 0 13.4 10.3
      vertex 0 4 17.7
      vertex 0 13.4 14.3
    endloop
  endfacet
  facet normal 0.0654131 -0.997858 0
    outer loop
      vertex 75.8 0 0
      vertex 76.3221 0.0342255 17.7
      vertex 75.8 0 17.7
    endloop
  endfacet
  facet normal 0.0654131 -0.997858 0
    outer loop
      vertex 76.3221 0.0342255 17.7
      vertex 75.8 0 0
      vertex 76.3221 0.0342255 0
    endloop
  endfacet
  facet normal 0.442238 0.896898 -0
    outer loop
      vertex 77.8 49.2641 0
      vertex 77.3307 49.4955 17.7
      vertex 77.8 49.2641 17.7
    endloop
  endfacet
  facet normal 0.442238 0.896898 0
    outer loop
      vertex 77.3307 49.4955 17.7
      vertex 77.8 49.2641 0
      vertex 77.3307 49.4955 0
    endloop
  endfacet
  facet normal 0 -1 0
    outer loop
      vertex 66.4 0 10.3
      vertex 69.4 0 14.3
      vertex 66.4 0 14.3
    endloop
  endfacet
  facet normal 0 -1 -0
    outer loop
      vertex 69.4 0 14.3
      vertex 66.4 0 10.3
      vertex 69.4 0 10.3
    endloop
  endfacet
  facet normal 0 -1 0
    outer loop
      vertex 60.4 0 10.3
      vertex 63.4 0 14.3
      vertex 60.4 0 14.3
    endloop
  endfacet
  facet normal 0 -1 -0
    outer loop
      vertex 63.4 0 14.3
      vertex 60.4 0 10.3
      vertex 63.4 0 10.3
    endloop
  endfacet
  facet normal 0 -1 0
    outer loop
      vertex 54.4 0 10.3
      vertex 57.4 0 14.3
      vertex 54.4 0 14.3
    endloop
  endfacet
  facet normal 0 -1 -0
    outer loop
      vertex 57.4 0 14.3
      vertex 54.4 0 10.3
      vertex 57.4 0 10.3
    endloop
  endfacet
  facet normal 0 -1 0
    outer loop
      vertex 45.4 0 14.5
      vertex 51.4 0 10.3
      vertex 51.4 0 14.3
    endloop
  endfacet
  facet normal 0 -1 0
    outer loop
      vertex 75.8 0 0
      vertex 54.4 0 10.3
      vertex 51.4 0 10.3
    endloop
  endfacet
  facet normal 0 -1 0
    outer loop
      vertex 54.4 0 10.3
      vertex 75.8 0 0
      vertex 57.4 0 10.3
    endloop
  endfacet
  facet normal 0 -1 0
    outer loop
      vertex 57.4 0 10.3
      vertex 75.8 0 0
      vertex 60.4 0 10.3
    endloop
  endfacet
  facet normal 0 -1 0
    outer loop
      vertex 60.4 0 10.3
      vertex 75.8 0 0
      vertex 63.4 0 10.3
    endloop
  endfacet
  facet normal 0 -1 0
    outer loop
      vertex 63.4 0 10.3
      vertex 75.8 0 0
      vertex 66.4 0 10.3
    endloop
  endfacet
  facet normal 0 -1 0
    outer loop
      vertex 66.4 0 10.3
      vertex 75.8 0 0
      vertex 69.4 0 10.3
    endloop
  endfacet
  facet normal 0 -1 0
    outer loop
      vertex 75.8 0 0
      vertex 51.4 0 10.3
      vertex 45.4 0 9.9
    endloop
  endfacet
  facet normal 0 -1 0
    outer loop
      vertex 45.4 0 9.9
      vertex 51.4 0 10.3
      vertex 45.4 0 14.5
    endloop
  endfacet
  facet normal 0 -1 0
    outer loop
      vertex 4 0 17.7
      vertex 34.4 0 14.5
      vertex 75.8 0 17.7
    endloop
  endfacet
  facet normal 0 -1 0
    outer loop
      vertex 4 0 17.7
      vertex 34.4 0 9.9
      vertex 34.4 0 14.5
    endloop
  endfacet
  facet normal 0 -1 -0
    outer loop
      vertex 34.4 0 9.9
      vertex 4 0 0
      vertex 45.4 0 9.9
    endloop
  endfacet
  facet normal 0 -1 0
    outer loop
      vertex 4 0 0
      vertex 34.4 0 9.9
      vertex 4 0 17.7
    endloop
  endfacet
  facet normal 0 -1 0
    outer loop
      vertex 45.4 0 14.5
      vertex 75.8 0 17.7
      vertex 34.4 0 14.5
    endloop
  endfacet
  facet normal 0 -1 0
    outer loop
      vertex 51.4 0 14.3
      vertex 75.8 0 17.7
      vertex 45.4 0 14.5
    endloop
  endfacet
  facet normal 0 -1 0
    outer loop
      vertex 54.4 0 14.3
      vertex 75.8 0 17.7
      vertex 51.4 0 14.3
    endloop
  endfacet
  facet normal 0 -1 0
    outer loop
      vertex 57.4 0 14.3
      vertex 75.8 0 17.7
      vertex 54.4 0 14.3
    endloop
  endfacet
  facet normal 0 -1 0
    outer loop
      vertex 60.4 0 14.3
      vertex 75.8 0 17.7
      vertex 57.4 0 14.3
    endloop
  endfacet
  facet normal 0 -1 0
    outer loop
      vertex 63.4 0 14.3
      vertex 75.8 0 17.7
      vertex 60.4 0 14.3
    endloop
  endfacet
  facet normal 0 -1 0
    outer loop
      vertex 66.4 0 14.3
      vertex 75.8 0 17.7
      vertex 63.4 0 14.3
    endloop
  endfacet
  facet normal 0 -1 0
    outer loop
      vertex 69.4 0 14.3
      vertex 75.8 0 17.7
      vertex 66.4 0 14.3
    endloop
  endfacet
  facet normal 0 -1 0
    outer loop
      vertex 72.4 0 14.3
      vertex 75.8 0 17.7
      vertex 69.4 0 14.3
    endloop
  endfacet
  facet normal 0 -1 0
    outer loop
      vertex 72.4 0 10.3
      vertex 75.8 0 17.7
      vertex 72.4 0 14.3
    endloop
  endfacet
  facet normal 0 -1 0
    outer loop
      vertex 75.8 0 0
      vertex 45.4 0 9.9
      vertex 4 0 0
    endloop
  endfacet
  facet normal 0 -1 0
    outer loop
      vertex 72.4 0 10.3
      vertex 75.8 0 0
      vertex 75.8 0 17.7
    endloop
  endfacet
  facet normal 0 -1 0
    outer loop
      vertex 69.4 0 10.3
      vertex 75.8 0 0
      vertex 72.4 0 10.3
    endloop
  endfacet
  facet normal 0 1 -0
    outer loop
      vertex 14.4 49.8 10.3
      vertex 11.4 49.8 14.3
      vertex 14.4 49.8 14.3
    endloop
  endfacet
  facet normal 0 1 0
    outer loop
      vertex 11.4 49.8 14.3
      vertex 14.4 49.8 10.3
      vertex 11.4 49.8 10.3
    endloop
  endfacet
  facet normal 0 1 -0
    outer loop
      vertex 20.4 49.8 10.3
      vertex 17.4 49.8 14.3
      vertex 20.4 49.8 14.3
    endloop
  endfacet
  facet normal 0 1 0
    outer loop
      vertex 17.4 49.8 14.3
      vertex 20.4 49.8 10.3
      vertex 17.4 49.8 10.3
    endloop
  endfacet
  facet normal 0 1 0
    outer loop
      vertex 34.9 49.8 14.1
      vertex 50.4 49.8 16.6
      vertex 44.9 49.8 14.1
    endloop
  endfacet
  facet normal 0 1 -0
    outer loop
      vertex 50.4 49.8 10.1
      vertex 44.9 49.8 14.1
      vertex 50.4 49.8 16.6
    endloop
  endfacet
  facet normal 0 1 0
    outer loop
      vertex 44.9 49.8 14.1
      vertex 50.4 49.8 10.1
      vertex 44.9 49.8 10.1
    endloop
  endfacet
  facet normal 0 1 -0
    outer loop
      vertex 69.4 49.8 10.3
      vertex 66.4 49.8 14.3
      vertex 69.4 49.8 14.3
    endloop
  endfacet
  facet normal 0 1 0
    outer loop
      vertex 66.4 49.8 14.3
      vertex 69.4 49.8 10.3
      vertex 66.4 49.8 10.3
    endloop
  endfacet
  facet normal 0 1 0
    outer loop
      vertex 50.4 49.8 16.6
      vertex 75.8 49.8 17.7
      vertex 63.4 49.8 16.6
    endloop
  endfacet
  facet normal 0 1 0
    outer loop
      vertex 69.4 49.8 14.3
      vertex 75.8 49.8 17.7
      vertex 72.4 49.8 14.3
    endloop
  endfacet
  facet normal 0 1 0
    outer loop
      vertex 75.8 49.8 17.7
      vertex 72.4 49.8 10.3
      vertex 72.4 49.8 14.3
    endloop
  endfacet
  facet normal 0 1 0
    outer loop
      vertex 75.8 49.8 0
      vertex 69.4 49.8 10.3
      vertex 72.4 49.8 10.3
    endloop
  endfacet
  facet normal 0 1 0
    outer loop
      vertex 69.4 49.8 10.3
      vertex 75.8 49.8 0
      vertex 66.4 49.8 10.3
    endloop
  endfacet
  facet normal 0 1 0
    outer loop
      vertex 66.4 49.8 10.3
      vertex 63.4 49.8 10.1
      vertex 63.4 49.8 10.3
    endloop
  endfacet
  facet normal 0 1 0
    outer loop
      vertex 75.8 49.8 0
      vertex 50.4 49.8 10.1
      vertex 63.4 49.8 10.1
    endloop
  endfacet
  facet normal 0 1 0
    outer loop
      vertex 50.4 49.8 10.1
      vertex 75.8 49.8 0
      vertex 44.9 49.8 10.1
    endloop
  endfacet
  facet normal 0 1 0
    outer loop
      vertex 44.9 49.8 10.1
      vertex 75.8 49.8 0
      vertex 34.9 49.8 10.1
    endloop
  endfacet
  facet normal 0 1 0
    outer loop
      vertex 66.4 49.8 10.3
      vertex 75.8 49.8 0
      vertex 63.4 49.8 10.1
    endloop
  endfacet
  facet normal 0 1 -0
    outer loop
      vertex 75.8 49.8 0
      vertex 72.4 49.8 10.3
      vertex 75.8 49.8 17.7
    endloop
  endfacet
  facet normal 0 1 0
    outer loop
      vertex 75.8 49.8 17.7
      vertex 50.4 49.8 16.6
      vertex 4 49.8 17.7
    endloop
  endfacet
  facet normal 0 1 -0
    outer loop
      vertex 23.4 49.8 14.3
      vertex 4 49.8 17.7
      vertex 50.4 49.8 16.6
    endloop
  endfacet
  facet normal 0 1 -0
    outer loop
      vertex 20.4 49.8 14.3
      vertex 4 49.8 17.7
      vertex 23.4 49.8 14.3
    endloop
  endfacet
  facet normal 0 1 -0
    outer loop
      vertex 17.4 49.8 14.3
      vertex 4 49.8 17.7
      vertex 20.4 49.8 14.3
    endloop
  endfacet
  facet normal 0 1 -0
    outer loop
      vertex 14.4 49.8 14.3
      vertex 4 49.8 17.7
      vertex 17.4 49.8 14.3
    endloop
  endfacet
  facet normal 0 1 -0
    outer loop
      vertex 11.4 49.8 14.3
      vertex 4 49.8 17.7
      vertex 14.4 49.8 14.3
    endloop
  endfacet
  facet normal 0 1 -0
    outer loop
      vertex 8.4 49.8 14.3
      vertex 4 49.8 17.7
      vertex 11.4 49.8 14.3
    endloop
  endfacet
  facet normal 0 1 -0
    outer loop
      vertex 8.4 49.8 10.3
      vertex 4 49.8 17.7
      vertex 8.4 49.8 14.3
    endloop
  endfacet
  facet normal 0 1 0
    outer loop
      vertex 14.4 49.8 10.3
      vertex 4 49.8 0
      vertex 11.4 49.8 10.3
    endloop
  endfacet
  facet normal 0 1 0
    outer loop
      vertex 8.4 49.8 10.3
      vertex 4 49.8 0
      vertex 4 49.8 17.7
    endloop
  endfacet
  facet normal 0 1 0
    outer loop
      vertex 11.4 49.8 10.3
      vertex 4 49.8 0
      vertex 8.4 49.8 10.3
    endloop
  endfacet
  facet normal 0 1 0
    outer loop
      vertex 75.8 49.8 17.7
      vertex 69.4 49.8 14.3
      vertex 63.4 49.8 16.6
    endloop
  endfacet
  facet normal 0 1 -0
    outer loop
      vertex 66.4 49.8 14.3
      vertex 63.4 49.8 16.6
      vertex 69.4 49.8 14.3
    endloop
  endfacet
  facet normal 0 1 0
    outer loop
      vertex 63.4 49.8 16.6
      vertex 66.4 49.8 14.3
      vertex 63.4 49.8 14.3
    endloop
  endfacet
  facet normal 0 1 0
    outer loop
      vertex 50.4 49.8 16.6
      vertex 34.9 49.8 14.1
      vertex 23.4 49.8 14.3
    endloop
  endfacet
  facet normal 0 1 0
    outer loop
      vertex 34.9 49.8 14.1
      vertex 23.4 49.8 10.3
      vertex 23.4 49.8 14.3
    endloop
  endfacet
  facet normal 0 1 0
    outer loop
      vertex 34.9 49.8 10.1
      vertex 4 49.8 0
      vertex 23.4 49.8 10.3
    endloop
  endfacet
  facet normal 0 1 0
    outer loop
      vertex 23.4 49.8 10.3
      vertex 4 49.8 0
      vertex 20.4 49.8 10.3
    endloop
  endfacet
  facet normal 0 1 0
    outer loop
      vertex 20.4 49.8 10.3
      vertex 4 49.8 0
      vertex 17.4 49.8 10.3
    endloop
  endfacet
  facet normal 0 1 0
    outer loop
      vertex 17.4 49.8 10.3
      vertex 4 49.8 0
      vertex 14.4 49.8 10.3
    endloop
  endfacet
  facet normal 0 1 0
    outer loop
      vertex 4 49.8 0
      vertex 34.9 49.8 10.1
      vertex 75.8 49.8 0
    endloop
  endfacet
  facet normal 0 1 -0
    outer loop
      vertex 34.9 49.8 10.1
      vertex 23.4 49.8 10.3
      vertex 34.9 49.8 14.1
    endloop
  endfacet
  facet normal -0.0653634 0.997862 0
    outer loop
      vertex 4 49.8 0
      vertex 3.47789 49.7658 17.7
      vertex 4 49.8 17.7
    endloop
  endfacet
  facet normal -0.0653634 0.997862 0
    outer loop
      vertex 3.47789 49.7658 17.7
      vertex 4 49.8 0
      vertex 3.47789 49.7658 0
    endloop
  endfacet
  facet normal 1 0 0
    outer loop
      vertex 79.8 36.4 10.3
      vertex 79.8 45.8 17.7
      vertex 79.8 36.4 14.3
    endloop
  endfacet
  facet normal 1 0 0
    outer loop
      vertex 79.8 45.8 17.7
      vertex 79.8 33.4 14.3
      vertex 79.8 36.4 14.3
    endloop
  endfacet
  facet normal 1 0 0
    outer loop
      vertex 79.8 33.4 14.3
      vertex 79.8 30.4 14.3
      vertex 79.8 33.4 10.3
    endloop
  endfacet
  facet normal 1 0 0
    outer loop
      vertex 79.8 45.8 17.7
      vertex 79.8 30.4 14.3
      vertex 79.8 33.4 14.3
    endloop
  endfacet
  facet normal 1 0 0
    outer loop
      vertex 79.8 45.8 17.7
      vertex 79.8 27.4 14.3
      vertex 79.8 30.4 14.3
    endloop
  endfacet
  facet normal 1 0 0
    outer loop
      vertex 79.8 27.4 14.3
      vertex 79.8 24.4 14.3
      vertex 79.8 27.4 10.3
    endloop
  endfacet
  facet normal 1 0 0
    outer loop
      vertex 79.8 45.8 17.7
      vertex 79.8 24.4 14.3
      vertex 79.8 27.4 14.3
    endloop
  endfacet
  facet normal 1 -0 0
    outer loop
      vertex 79.8 4 17.7
      vertex 79.8 24.4 14.3
      vertex 79.8 45.8 17.7
    endloop
  endfacet
  facet normal 1 0 0
    outer loop
      vertex 79.8 21.4 14.3
      vertex 79.8 18.4 14.3
      vertex 79.8 21.4 10.3
    endloop
  endfacet
  facet normal 1 0 0
    outer loop
      vertex 79.8 24.4 14.3
      vertex 79.8 4 17.7
      vertex 79.8 21.4 14.3
    endloop
  endfacet
  facet normal 1 0 0
    outer loop
      vertex 79.8 21.4 14.3
      vertex 79.8 4 17.7
      vertex 79.8 18.4 14.3
    endloop
  endfacet
  facet normal 1 0 0
    outer loop
      vertex 79.8 15.4 14.3
      vertex 79.8 12.4 14.3
      vertex 79.8 15.4 10.3
    endloop
  endfacet
  facet normal 1 0 0
    outer loop
      vertex 79.8 18.4 14.3
      vertex 79.8 4 17.7
      vertex 79.8 15.4 14.3
    endloop
  endfacet
  facet normal 1 0 0
    outer loop
      vertex 79.8 15.4 14.3
      vertex 79.8 4 17.7
      vertex 79.8 12.4 14.3
    endloop
  endfacet
  facet normal 1 0 0
    outer loop
      vertex 79.8 9.4 14.3
      vertex 79.8 4 17.7
      vertex 79.8 9.4 10.3
    endloop
  endfacet
  facet normal 1 0 0
    outer loop
      vertex 79.8 12.4 14.3
      vertex 79.8 4 17.7
      vertex 79.8 9.4 14.3
    endloop
  endfacet
  facet normal 1 0 0
    outer loop
      vertex 79.8 45.8 17.7
      vertex 79.8 36.4 10.3
      vertex 79.8 45.8 0
    endloop
  endfacet
  facet normal 1 -0 0
    outer loop
      vertex 79.8 33.4 10.3
      vertex 79.8 45.8 0
      vertex 79.8 36.4 10.3
    endloop
  endfacet
  facet normal 1 0 0
    outer loop
      vertex 79.8 30.4 10.3
      vertex 79.8 33.4 10.3
      vertex 79.8 30.4 14.3
    endloop
  endfacet
  facet normal 1 -0 0
    outer loop
      vertex 79.8 30.4 10.3
      vertex 79.8 45.8 0
      vertex 79.8 33.4 10.3
    endloop
  endfacet
  facet normal 1 -0 0
    outer loop
      vertex 79.8 27.4 10.3
      vertex 79.8 45.8 0
      vertex 79.8 30.4 10.3
    endloop
  endfacet
  facet normal 1 0 0
    outer loop
      vertex 79.8 24.4 10.3
      vertex 79.8 27.4 10.3
      vertex 79.8 24.4 14.3
    endloop
  endfacet
  facet normal 1 -0 0
    outer loop
      vertex 79.8 24.4 10.3
      vertex 79.8 45.8 0
      vertex 79.8 27.4 10.3
    endloop
  endfacet
  facet normal 1 0 0
    outer loop
      vertex 79.8 4 0
      vertex 79.8 24.4 10.3
      vertex 79.8 21.4 10.3
    endloop
  endfacet
  facet normal 1 0 0
    outer loop
      vertex 79.8 18.4 10.3
      vertex 79.8 21.4 10.3
      vertex 79.8 18.4 14.3
    endloop
  endfacet
  facet normal 1 0 0
    outer loop
      vertex 79.8 4 0
      vertex 79.8 21.4 10.3
      vertex 79.8 18.4 10.3
    endloop
  endfacet
  facet normal 1 0 0
    outer loop
      vertex 79.8 4 0
      vertex 79.8 18.4 10.3
      vertex 79.8 15.4 10.3
    endloop
  endfacet
  facet normal 1 0 0
    outer loop
      vertex 79.8 12.4 10.3
      vertex 79.8 15.4 10.3
      vertex 79.8 12.4 14.3
    endloop
  endfacet
  facet normal 1 0 0
    outer loop
      vertex 79.8 4 0
      vertex 79.8 15.4 10.3
      vertex 79.8 12.4 10.3
    endloop
  endfacet
  facet normal 1 0 0
    outer loop
      vertex 79.8 4 0
      vertex 79.8 12.4 10.3
      vertex 79.8 9.4 10.3
    endloop
  endfacet
  facet normal 1 0 0
    outer loop
      vertex 79.8 24.4 10.3
      vertex 79.8 4 0
      vertex 79.8 45.8 0
    endloop
  endfacet
  facet normal 1 0 0
    outer loop
      vertex 79.8 4 0
      vertex 79.8 9.4 10.3
      vertex 79.8 4 17.7
    endloop
  endfacet
  facet normal 0.751834 -0.659353 0
    outer loop
      vertex 78.6284 1.17157 17.7
      vertex 78.9734 1.56496 0
      vertex 78.9734 1.56496 17.7
    endloop
  endfacet
  facet normal 0.751834 -0.659353 0
    outer loop
      vertex 78.9734 1.56496 0
      vertex 78.6284 1.17157 17.7
      vertex 78.6284 1.17157 0
    endloop
  endfacet
  facet normal 0 0 1
    outer loop
      vertex 77.3829 45.661 17.7
      vertex 79.8 45.8 17.7
      vertex 79.7658 46.3221 17.7
    endloop
  endfacet
  facet normal 0 0 1
    outer loop
      vertex 79.8 45.8 17.7
      vertex 77.4 45.4 17.7
      vertex 79.8 4 17.7
    endloop
  endfacet
  facet normal 0 0 1
    outer loop
      vertex 77.3319 45.9176 17.7
      vertex 79.7658 46.3221 17.7
      vertex 79.6637 46.8353 17.7
    endloop
  endfacet
  facet normal -0 0 1
    outer loop
      vertex 77.4 4.4 17.7
      vertex 79.8 4 17.7
      vertex 77.4 45.4 17.7
    endloop
  endfacet
  facet normal 0 0 1
    outer loop
      vertex 77.2478 46.1654 17.7
      vertex 79.6637 46.8353 17.7
      vertex 79.4955 47.3307 17.7
    endloop
  endfacet
  facet normal -0 0 1
    outer loop
      vertex 77.3829 4.13895 17.7
      vertex 79.8 4 17.7
      vertex 77.4 4.4 17.7
    endloop
  endfacet
  facet normal 0 0 1
    outer loop
      vertex 77.1321 46.4 17.7
      vertex 79.4955 47.3307 17.7
      vertex 79.2641 47.8 17.7
    endloop
  endfacet
  facet normal 0 0 1
    outer loop
      vertex 79.8 4 17.7
      vertex 77.3829 4.13895 17.7
      vertex 79.7658 3.47789 17.7
    endloop
  endfacet
  facet normal 0 0 1
    outer loop
      vertex 76.9867 46.6175 17.7
      vertex 79.2641 47.8 17.7
      vertex 78.9734 48.235 17.7
    endloop
  endfacet
  facet normal -0 0 1
    outer loop
      vertex 77.3319 3.88236 17.7
      vertex 79.7658 3.47789 17.7
      vertex 77.3829 4.13895 17.7
    endloop
  endfacet
  facet normal 0 0 1
    outer loop
      vertex 76.8142 46.8142 17.7
      vertex 78.9734 48.235 17.7
      vertex 78.6284 48.6284 17.7
    endloop
  endfacet
  facet normal 0 0 1
    outer loop
      vertex 79.7658 3.47789 17.7
      vertex 77.3319 3.88236 17.7
      vertex 79.6637 2.96472 17.7
    endloop
  endfacet
  facet normal 0 0 1
    outer loop
      vertex 76.8142 46.8142 17.7
      vertex 78.6284 48.6284 17.7
      vertex 78.235 48.9734 17.7
    endloop
  endfacet
  facet normal -0 0 1
    outer loop
      vertex 77.2478 3.63463 17.7
      vertex 79.6637 2.96472 17.7
      vertex 77.3319 3.88236 17.7
    endloop
  endfacet
  facet normal 0 0 1
    outer loop
      vertex 76.6175 46.9867 17.7
      vertex 78.235 48.9734 17.7
      vertex 77.8 49.2641 17.7
    endloop
  endfacet
  facet normal 0 0 1
    outer loop
      vertex 79.6637 2.96472 17.7
      vertex 77.2478 3.63463 17.7
      vertex 79.4955 2.46927 17.7
    endloop
  endfacet
  facet normal -0 0 1
    outer loop
      vertex 77.1321 3.4 17.7
      vertex 79.4955 2.46927 17.7
      vertex 77.2478 3.63463 17.7
    endloop
  endfacet
  facet normal 0 0 1
    outer loop
      vertex 79.8 45.8 17.7
      vertex 77.3829 45.661 17.7
      vertex 77.4 45.4 17.7
    endloop
  endfacet
  facet normal 0 0 1
    outer loop
      vertex 79.7658 46.3221 17.7
      vertex 77.3319 45.9176 17.7
      vertex 77.3829 45.661 17.7
    endloop
  endfacet
  facet normal 0 0 1
    outer loop
      vertex 76.4 47.1321 17.7
      vertex 77.8 49.2641 17.7
      vertex 77.3307 49.4955 17.7
    endloop
  endfacet
  facet normal 0 0 1
    outer loop
      vertex 79.6637 46.8353 17.7
      vertex 77.2478 46.1654 17.7
      vertex 77.3319 45.9176 17.7
    endloop
  endfacet
  facet normal 0 0 1
    outer loop
      vertex 79.4955 47.3307 17.7
      vertex 77.1321 46.4 17.7
      vertex 77.2478 46.1654 17.7
    endloop
  endfacet
  facet normal 0 0 1
    outer loop
      vertex 79.2641 47.8 17.7
      vertex 76.9867 46.6175 17.7
      vertex 77.1321 46.4 17.7
    endloop
  endfacet
  facet normal 0 0 1
    outer loop
      vertex 76.1654 47.2478 17.7
      vertex 77.3307 49.4955 17.7
      vertex 76.8353 49.6637 17.7
    endloop
  endfacet
  facet normal 0 0 1
    outer loop
      vertex 78.9734 48.235 17.7
      vertex 76.8142 46.8142 17.7
      vertex 76.9867 46.6175 17.7
    endloop
  endfacet
  facet normal 0 0 1
    outer loop
      vertex 78.235 48.9734 17.7
      vertex 76.6175 46.9867 17.7
      vertex 76.8142 46.8142 17.7
    endloop
  endfacet
  facet normal 0 0 1
    outer loop
      vertex 77.8 49.2641 17.7
      vertex 76.4 47.1321 17.7
      vertex 76.6175 46.9867 17.7
    endloop
  endfacet
  facet normal 0 0 1
    outer loop
      vertex 75.9176 47.3319 17.7
      vertex 76.8353 49.6637 17.7
      vertex 76.3221 49.7658 17.7
    endloop
  endfacet
  facet normal 0 0 1
    outer loop
      vertex 77.3307 49.4955 17.7
      vertex 76.1654 47.2478 17.7
      vertex 76.4 47.1321 17.7
    endloop
  endfacet
  facet normal 0 0 1
    outer loop
      vertex 76.8353 49.6637 17.7
      vertex 75.9176 47.3319 17.7
      vertex 76.1654 47.2478 17.7
    endloop
  endfacet
  facet normal 0 0 1
    outer loop
      vertex 75.661 47.3829 17.7
      vertex 76.3221 49.7658 17.7
      vertex 75.8 49.8 17.7
    endloop
  endfacet
  facet normal 0 0 1
    outer loop
      vertex 76.3221 49.7658 17.7
      vertex 75.661 47.3829 17.7
      vertex 75.9176 47.3319 17.7
    endloop
  endfacet
  facet normal 0 0 1
    outer loop
      vertex 75.8 49.8 17.7
      vertex 75.4 47.4 17.7
      vertex 75.661 47.3829 17.7
    endloop
  endfacet
  facet normal 0 0 1
    outer loop
      vertex 75.8 49.8 17.7
      vertex 4.4 47.4 17.7
      vertex 75.4 47.4 17.7
    endloop
  endfacet
  facet normal -0 0 1
    outer loop
      vertex 4 49.8 17.7
      vertex 4.4 47.4 17.7
      vertex 75.8 49.8 17.7
    endloop
  endfacet
  facet normal 0 0 1
    outer loop
      vertex 4 49.8 17.7
      vertex 4.13895 47.3829 17.7
      vertex 4.4 47.4 17.7
    endloop
  endfacet
  facet normal -0 0 1
    outer loop
      vertex 3.47789 49.7658 17.7
      vertex 4.13895 47.3829 17.7
      vertex 4 49.8 17.7
    endloop
  endfacet
  facet normal 0 0 1
    outer loop
      vertex 4.13895 47.3829 17.7
      vertex 3.47789 49.7658 17.7
      vertex 3.88236 47.3319 17.7
    endloop
  endfacet
  facet normal -0 0 1
    outer loop
      vertex 2.96472 49.6637 17.7
      vertex 3.88236 47.3319 17.7
      vertex 3.47789 49.7658 17.7
    endloop
  endfacet
  facet normal 0 0 1
    outer loop
      vertex 3.88236 47.3319 17.7
      vertex 2.96472 49.6637 17.7
      vertex 3.63463 47.2478 17.7
    endloop
  endfacet
  facet normal -0 0 1
    outer loop
      vertex 2.46927 49.4955 17.7
      vertex 3.63463 47.2478 17.7
      vertex 2.96472 49.6637 17.7
    endloop
  endfacet
  facet normal 0 0 1
    outer loop
      vertex 3.63463 47.2478 17.7
      vertex 2.46927 49.4955 17.7
      vertex 3.4 47.1321 17.7
    endloop
  endfacet
  facet normal -0 0 1
    outer loop
      vertex 2 49.2641 17.7
      vertex 3.4 47.1321 17.7
      vertex 2.46927 49.4955 17.7
    endloop
  endfacet
  facet normal 0 0 1
    outer loop
      vertex 3.4 47.1321 17.7
      vertex 2 49.2641 17.7
      vertex 3.18247 46.9867 17.7
    endloop
  endfacet
  facet normal -0 0 1
    outer loop
      vertex 1.56496 48.9734 17.7
      vertex 3.18247 46.9867 17.7
      vertex 2 49.2641 17.7
    endloop
  endfacet
  facet normal 0 0 1
    outer loop
      vertex 3.18247 46.9867 17.7
      vertex 1.56496 48.9734 17.7
      vertex 2.98578 46.8142 17.7
    endloop
  endfacet
  facet normal -0 0 1
    outer loop
      vertex 1.17157 48.6284 17.7
      vertex 2.98578 46.8142 17.7
      vertex 1.56496 48.9734 17.7
    endloop
  endfacet
  facet normal -0 0 1
    outer loop
      vertex 0.826584 48.235 17.7
      vertex 2.98578 46.8142 17.7
      vertex 1.17157 48.6284 17.7
    endloop
  endfacet
  facet normal 0 0 1
    outer loop
      vertex 2.98578 46.8142 17.7
      vertex 0.826584 48.235 17.7
      vertex 2.8133 46.6175 17.7
    endloop
  endfacet
  facet normal -0 0 1
    outer loop
      vertex 0.535904 47.8 17.7
      vertex 2.8133 46.6175 17.7
      vertex 0.826584 48.235 17.7
    endloop
  endfacet
  facet normal -0 0 1
    outer loop
      vertex 0.304489 47.3307 17.7
      vertex 2.66794 46.4 17.7
      vertex 0.535904 47.8 17.7
    endloop
  endfacet
  facet normal 0 0 1
    outer loop
      vertex 2.8133 46.6175 17.7
      vertex 0.535904 47.8 17.7
      vertex 2.66794 46.4 17.7
    endloop
  endfacet
  facet normal 0 0 1
    outer loop
      vertex 79.4955 2.46927 17.7
      vertex 77.1321 3.4 17.7
      vertex 79.2641 2 17.7
    endloop
  endfacet
  facet normal -0 0 1
    outer loop
      vertex 76.9867 3.18247 17.7
      vertex 79.2641 2 17.7
      vertex 77.1321 3.4 17.7
    endloop
  endfacet
  facet normal 0 0 1
    outer loop
      vertex 79.2641 2 17.7
      vertex 76.9867 3.18247 17.7
      vertex 78.9734 1.56496 17.7
    endloop
  endfacet
  facet normal -0 0 1
    outer loop
      vertex 76.8142 2.98578 17.7
      vertex 78.9734 1.56496 17.7
      vertex 76.9867 3.18247 17.7
    endloop
  endfacet
  facet normal 0 0 1
    outer loop
      vertex 78.9734 1.56496 17.7
      vertex 76.8142 2.98578 17.7
      vertex 78.6284 1.17157 17.7
    endloop
  endfacet
  facet normal 0 0 1
    outer loop
      vertex 78.6284 1.17157 17.7
      vertex 76.8142 2.98578 17.7
      vertex 78.235 0.826584 17.7
    endloop
  endfacet
  facet normal -0 0 1
    outer loop
      vertex 76.6175 2.8133 17.7
      vertex 78.235 0.826584 17.7
      vertex 76.8142 2.98578 17.7
    endloop
  endfacet
  facet normal 0 0 1
    outer loop
      vertex 78.235 0.826584 17.7
      vertex 76.6175 2.8133 17.7
      vertex 77.8 0.535904 17.7
    endloop
  endfacet
  facet normal -0 0 1
    outer loop
      vertex 76.4 2.66794 17.7
      vertex 77.8 0.535904 17.7
      vertex 76.6175 2.8133 17.7
    endloop
  endfacet
  facet normal 0 0 1
    outer loop
      vertex 77.8 0.535904 17.7
      vertex 76.4 2.66794 17.7
      vertex 77.3307 0.304489 17.7
    endloop
  endfacet
  facet normal -0 0 1
    outer loop
      vertex 76.1654 2.55224 17.7
      vertex 77.3307 0.304489 17.7
      vertex 76.4 2.66794 17.7
    endloop
  endfacet
  facet normal 0 0 1
    outer loop
      vertex 77.3307 0.304489 17.7
      vertex 76.1654 2.55224 17.7
      vertex 76.8353 0.136292 17.7
    endloop
  endfacet
  facet normal -0 0 1
    outer loop
      vertex 75.9176 2.46815 17.7
      vertex 76.8353 0.136292 17.7
      vertex 76.1654 2.55224 17.7
    endloop
  endfacet
  facet normal 0 0 1
    outer loop
      vertex 76.8353 0.136292 17.7
      vertex 75.9176 2.46815 17.7
      vertex 76.3221 0.0342255 17.7
    endloop
  endfacet
  facet normal -0 0 1
    outer loop
      vertex 75.661 2.4171 17.7
      vertex 76.3221 0.0342255 17.7
      vertex 75.9176 2.46815 17.7
    endloop
  endfacet
  facet normal 0 0 1
    outer loop
      vertex 76.3221 0.0342255 17.7
      vertex 75.661 2.4171 17.7
      vertex 75.8 0 17.7
    endloop
  endfacet
  facet normal -0 0 1
    outer loop
      vertex 75.4 2.4 17.7
      vertex 75.8 0 17.7
      vertex 75.661 2.4171 17.7
    endloop
  endfacet
  facet normal -0 0 1
    outer loop
      vertex 4.4 2.4 17.7
      vertex 75.8 0 17.7
      vertex 75.4 2.4 17.7
    endloop
  endfacet
  facet normal 0 0 1
    outer loop
      vertex 4.4 2.4 17.7
      vertex 4 0 17.7
      vertex 75.8 0 17.7
    endloop
  endfacet
  facet normal 0 0 1
    outer loop
      vertex 4.13895 2.4171 17.7
      vertex 4 0 17.7
      vertex 4.4 2.4 17.7
    endloop
  endfacet
  facet normal 0 0 1
    outer loop
      vertex 3.47789 0.0342255 17.7
      vertex 4.13895 2.4171 17.7
      vertex 3.88236 2.46815 17.7
    endloop
  endfacet
  facet normal 0 0 1
    outer loop
      vertex 2.96472 0.136292 17.7
      vertex 3.88236 2.46815 17.7
      vertex 3.63463 2.55224 17.7
    endloop
  endfacet
  facet normal 0 0 1
    outer loop
      vertex 4.13895 2.4171 17.7
      vertex 3.47789 0.0342255 17.7
      vertex 4 0 17.7
    endloop
  endfacet
  facet normal 0 0 1
    outer loop
      vertex 2.46927 0.304489 17.7
      vertex 3.63463 2.55224 17.7
      vertex 3.4 2.66794 17.7
    endloop
  endfacet
  facet normal 0 0 1
    outer loop
      vertex 2 0.535904 17.7
      vertex 3.4 2.66794 17.7
      vertex 3.18247 2.8133 17.7
    endloop
  endfacet
  facet normal 0 0 1
    outer loop
      vertex 1.56496 0.826584 17.7
      vertex 3.18247 2.8133 17.7
      vertex 2.98578 2.98578 17.7
    endloop
  endfacet
  facet normal 0 0 1
    outer loop
      vertex 3.88236 2.46815 17.7
      vertex 2.96472 0.136292 17.7
      vertex 3.47789 0.0342255 17.7
    endloop
  endfacet
  facet normal 0 0 1
    outer loop
      vertex 0.826584 1.56496 17.7
      vertex 2.98578 2.98578 17.7
      vertex 2.8133 3.18247 17.7
    endloop
  endfacet
  facet normal 0 0 1
    outer loop
      vertex 0.535904 2 17.7
      vertex 2.8133 3.18247 17.7
      vertex 2.66794 3.4 17.7
    endloop
  endfacet
  facet normal 0 0 1
    outer loop
      vertex 0.304489 2.46927 17.7
      vertex 2.66794 3.4 17.7
      vertex 2.55224 3.63463 17.7
    endloop
  endfacet
  facet normal 0 0 1
    outer loop
      vertex 3.63463 2.55224 17.7
      vertex 2.46927 0.304489 17.7
      vertex 2.96472 0.136292 17.7
    endloop
  endfacet
  facet normal 0 0 1
    outer loop
      vertex 0.136292 2.96472 17.7
      vertex 2.55224 3.63463 17.7
      vertex 2.46815 3.88236 17.7
    endloop
  endfacet
  facet normal 0 0 1
    outer loop
      vertex 0.0342255 3.47789 17.7
      vertex 2.46815 3.88236 17.7
      vertex 2.4171 4.13895 17.7
    endloop
  endfacet
  facet normal 0 0 1
    outer loop
      vertex 0 4 17.7
      vertex 2.4171 4.13895 17.7
      vertex 2.4 4.4 17.7
    endloop
  endfacet
  facet normal 0 0 1
    outer loop
      vertex 3.4 2.66794 17.7
      vertex 2 0.535904 17.7
      vertex 2.46927 0.304489 17.7
    endloop
  endfacet
  facet normal 0 0 1
    outer loop
      vertex 2.4 45.4 17.7
      vertex 0 45.8 17.7
      vertex 2.4 4.4 17.7
    endloop
  endfacet
  facet normal 0 0 1
    outer loop
      vertex 2.66794 46.4 17.7
      vertex 0.304489 47.3307 17.7
      vertex 2.55224 46.1654 17.7
    endloop
  endfacet
  facet normal 0 0 1
    outer loop
      vertex 0 4 17.7
      vertex 2.4 4.4 17.7
      vertex 0 45.8 17.7
    endloop
  endfacet
  facet normal -0 0 1
    outer loop
      vertex 0.136292 46.8353 17.7
      vertex 2.55224 46.1654 17.7
      vertex 0.304489 47.3307 17.7
    endloop
  endfacet
  facet normal 0 0 1
    outer loop
      vertex 2.4171 4.13895 17.7
      vertex 0 4 17.7
      vertex 0.0342255 3.47789 17.7
    endloop
  endfacet
  facet normal 0 0 1
    outer loop
      vertex 2.55224 46.1654 17.7
      vertex 0.136292 46.8353 17.7
      vertex 2.46815 45.9176 17.7
    endloop
  endfacet
  facet normal 0 0 1
    outer loop
      vertex 3.18247 2.8133 17.7
      vertex 1.56496 0.826584 17.7
      vertex 2 0.535904 17.7
    endloop
  endfacet
  facet normal -0 0 1
    outer loop
      vertex 0.0342255 46.3221 17.7
      vertex 2.46815 45.9176 17.7
      vertex 0.136292 46.8353 17.7
    endloop
  endfacet
  facet normal 0 0 1
    outer loop
      vertex 2.98578 2.98578 17.7
      vertex 1.17157 1.17157 17.7
      vertex 1.56496 0.826584 17.7
    endloop
  endfacet
  facet normal 0 0 1
    outer loop
      vertex 2.46815 45.9176 17.7
      vertex 0.0342255 46.3221 17.7
      vertex 2.4171 45.661 17.7
    endloop
  endfacet
  facet normal 0 0 1
    outer loop
      vertex 2.98578 2.98578 17.7
      vertex 0.826584 1.56496 17.7
      vertex 1.17157 1.17157 17.7
    endloop
  endfacet
  facet normal -0 0 1
    outer loop
      vertex 0 45.8 17.7
      vertex 2.4171 45.661 17.7
      vertex 0.0342255 46.3221 17.7
    endloop
  endfacet
  facet normal 0 0 1
    outer loop
      vertex 2.8133 3.18247 17.7
      vertex 0.535904 2 17.7
      vertex 0.826584 1.56496 17.7
    endloop
  endfacet
  facet normal 0 0 1
    outer loop
      vertex 2.4171 45.661 17.7
      vertex 0 45.8 17.7
      vertex 2.4 45.4 17.7
    endloop
  endfacet
  facet normal 0 0 1
    outer loop
      vertex 2.66794 3.4 17.7
      vertex 0.304489 2.46927 17.7
      vertex 0.535904 2 17.7
    endloop
  endfacet
  facet normal 0 0 1
    outer loop
      vertex 2.55224 3.63463 17.7
      vertex 0.136292 2.96472 17.7
      vertex 0.304489 2.46927 17.7
    endloop
  endfacet
  facet normal 0 0 1
    outer loop
      vertex 2.46815 3.88236 17.7
      vertex 0.0342255 3.47789 17.7
      vertex 0.136292 2.96472 17.7
    endloop
  endfacet
  facet normal -0.555564 -0.831474 0
    outer loop
      vertex 1.56496 0.826584 0
      vertex 2 0.535904 17.7
      vertex 1.56496 0.826584 17.7
    endloop
  endfacet
  facet normal -0.555564 -0.831474 -0
    outer loop
      vertex 2 0.535904 17.7
      vertex 1.56496 0.826584 0
      vertex 2 0.535904 0
    endloop
  endfacet
  facet normal -0.321464 -0.946922 0
    outer loop
      vertex 2.46927 0.304489 0
      vertex 2.96472 0.136292 17.7
      vertex 2.46927 0.304489 17.7
    endloop
  endfacet
  facet normal -0.321464 -0.946922 -0
    outer loop
      vertex 2.96472 0.136292 17.7
      vertex 2.46927 0.304489 0
      vertex 2.96472 0.136292 0
    endloop
  endfacet
  facet normal -0.195073 -0.980789 0
    outer loop
      vertex 2.96472 0.136292 0
      vertex 3.47789 0.0342255 17.7
      vertex 2.96472 0.136292 17.7
    endloop
  endfacet
  facet normal -0.195073 -0.980789 -0
    outer loop
      vertex 3.47789 0.0342255 17.7
      vertex 2.96472 0.136292 0
      vertex 3.47789 0.0342255 0
    endloop
  endfacet
  facet normal -0.195135 0.980776 0
    outer loop
      vertex 3.47789 49.7658 0
      vertex 2.96472 49.6637 17.7
      vertex 3.47789 49.7658 17.7
    endloop
  endfacet
  facet normal -0.195135 0.980776 0
    outer loop
      vertex 2.96472 49.6637 17.7
      vertex 3.47789 49.7658 0
      vertex 2.96472 49.6637 0
    endloop
  endfacet
  facet normal 0.321498 0.94691 -0
    outer loop
      vertex 77.3307 49.4955 0
      vertex 76.8353 49.6637 17.7
      vertex 77.3307 49.4955 17.7
    endloop
  endfacet
  facet normal 0.321498 0.94691 0
    outer loop
      vertex 76.8353 49.6637 17.7
      vertex 77.3307 49.4955 0
      vertex 76.8353 49.6637 0
    endloop
  endfacet
  facet normal 0.0653646 0.997861 -0
    outer loop
      vertex 76.3221 49.7658 0
      vertex 75.8 49.8 17.7
      vertex 76.3221 49.7658 17.7
    endloop
  endfacet
  facet normal 0.0653646 0.997861 0
    outer loop
      vertex 75.8 49.8 17.7
      vertex 76.3221 49.7658 0
      vertex 75.8 49.8 0
    endloop
  endfacet
  facet normal 0.195124 0.980779 -0
    outer loop
      vertex 76.8353 49.6637 0
      vertex 76.3221 49.7658 17.7
      vertex 76.8353 49.6637 17.7
    endloop
  endfacet
  facet normal 0.195124 0.980779 0
    outer loop
      vertex 76.3221 49.7658 17.7
      vertex 76.8353 49.6637 0
      vertex 76.3221 49.7658 0
    endloop
  endfacet
  facet normal -0.997858 0.0654131 0
    outer loop
      vertex 0 45.8 0
      vertex 0.0342255 46.3221 17.7
      vertex 0.0342255 46.3221 0
    endloop
  endfacet
  facet normal -0.997858 0.0654131 0
    outer loop
      vertex 0.0342255 46.3221 17.7
      vertex 0 45.8 0
      vertex 0 45.8 17.7
    endloop
  endfacet
  facet normal -0.896875 -0.442284 0
    outer loop
      vertex 0.535904 2 0
      vertex 0.304489 2.46927 17.7
      vertex 0.304489 2.46927 0
    endloop
  endfacet
  facet normal -0.896875 -0.442284 0
    outer loop
      vertex 0.304489 2.46927 17.7
      vertex 0.535904 2 0
      vertex 0.535904 2 17.7
    endloop
  endfacet
  facet normal -0.442284 -0.896875 0
    outer loop
      vertex 2 0.535904 0
      vertex 2.46927 0.304489 17.7
      vertex 2 0.535904 17.7
    endloop
  endfacet
  facet normal -0.442284 -0.896875 -0
    outer loop
      vertex 2.46927 0.304489 17.7
      vertex 2 0.535904 0
      vertex 2.46927 0.304489 0
    endloop
  endfacet
  facet normal -0.0654119 -0.997858 0
    outer loop
      vertex 3.47789 0.0342255 0
      vertex 4 0 17.7
      vertex 3.47789 0.0342255 17.7
    endloop
  endfacet
  facet normal -0.0654119 -0.997858 -0
    outer loop
      vertex 4 0 17.7
      vertex 3.47789 0.0342255 0
      vertex 4 0 0
    endloop
  endfacet
  facet normal 0.831456 -0.555591 0
    outer loop
      vertex 78.9734 1.56496 17.7
      vertex 79.2641 2 0
      vertex 79.2641 2 17.7
    endloop
  endfacet
  facet normal 0.831456 -0.555591 0
    outer loop
      vertex 79.2641 2 0
      vertex 78.9734 1.56496 17.7
      vertex 78.9734 1.56496 0
    endloop
  endfacet
  facet normal 0.980776 -0.195135 0
    outer loop
      vertex 79.6637 2.96472 17.7
      vertex 79.7658 3.47789 0
      vertex 79.7658 3.47789 17.7
    endloop
  endfacet
  facet normal 0.980776 -0.195135 0
    outer loop
      vertex 79.7658 3.47789 0
      vertex 79.6637 2.96472 17.7
      vertex 79.6637 2.96472 0
    endloop
  endfacet
  facet normal 0.659328 -0.751855 0
    outer loop
      vertex 78.235 0.826584 0
      vertex 78.6284 1.17157 17.7
      vertex 78.235 0.826584 17.7
    endloop
  endfacet
  facet normal 0.659328 -0.751855 0
    outer loop
      vertex 78.6284 1.17157 17.7
      vertex 78.235 0.826584 0
      vertex 78.6284 1.17157 0
    endloop
  endfacet
  facet normal 0.442261 -0.896886 0
    outer loop
      vertex 77.3307 0.304489 0
      vertex 77.8 0.535904 17.7
      vertex 77.3307 0.304489 17.7
    endloop
  endfacet
  facet normal 0.442261 -0.896886 0
    outer loop
      vertex 77.8 0.535904 17.7
      vertex 77.3307 0.304489 0
      vertex 77.8 0.535904 0
    endloop
  endfacet
  facet normal 0.896898 0.442238 0
    outer loop
      vertex 79.4955 47.3307 17.7
      vertex 79.2641 47.8 0
      vertex 79.2641 47.8 17.7
    endloop
  endfacet
  facet normal 0.896898 0.442238 0
    outer loop
      vertex 79.2641 47.8 0
      vertex 79.4955 47.3307 17.7
      vertex 79.4955 47.3307 0
    endloop
  endfacet
  facet normal 0.980779 0.195124 0
    outer loop
      vertex 79.7658 46.3221 17.7
      vertex 79.6637 46.8353 0
      vertex 79.6637 46.8353 17.7
    endloop
  endfacet
  facet normal 0.980779 0.195124 0
    outer loop
      vertex 79.6637 46.8353 0
      vertex 79.7658 46.3221 17.7
      vertex 79.7658 46.3221 0
    endloop
  endfacet
  facet normal -0.751855 0.659328 0
    outer loop
      vertex 0.826584 48.235 0
      vertex 1.17157 48.6284 17.7
      vertex 1.17157 48.6284 0
    endloop
  endfacet
  facet normal -0.751855 0.659328 0
    outer loop
      vertex 1.17157 48.6284 17.7
      vertex 0.826584 48.235 0
      vertex 0.826584 48.235 17.7
    endloop
  endfacet
  facet normal -0.44226 0.896887 0
    outer loop
      vertex 2.46927 49.4955 0
      vertex 2 49.2641 17.7
      vertex 2.46927 49.4955 17.7
    endloop
  endfacet
  facet normal -0.44226 0.896887 0
    outer loop
      vertex 2 49.2641 17.7
      vertex 2.46927 49.4955 0
      vertex 2 49.2641 0
    endloop
  endfacet
  facet normal -0.321469 0.94692 0
    outer loop
      vertex 2.96472 49.6637 0
      vertex 2.46927 49.4955 17.7
      vertex 2.96472 49.6637 17.7
    endloop
  endfacet
  facet normal -0.321469 0.94692 0
    outer loop
      vertex 2.46927 49.4955 17.7
      vertex 2.96472 49.6637 0
      vertex 2.46927 49.4955 0
    endloop
  endfacet
  facet normal -0.83145 0.5556 0
    outer loop
      vertex 0.535904 47.8 0
      vertex 0.826584 48.235 17.7
      vertex 0.826584 48.235 0
    endloop
  endfacet
  facet normal -0.83145 0.5556 0
    outer loop
      vertex 0.826584 48.235 17.7
      vertex 0.535904 47.8 0
      vertex 0.535904 47.8 17.7
    endloop
  endfacet
  facet normal -0.980791 0.195062 0
    outer loop
      vertex 0.0342255 46.3221 0
      vertex 0.136292 46.8353 17.7
      vertex 0.136292 46.8353 0
    endloop
  endfacet
  facet normal -0.980791 0.195062 0
    outer loop
      vertex 0.136292 46.8353 17.7
      vertex 0.0342255 46.3221 0
      vertex 0.0342255 46.3221 17.7
    endloop
  endfacet
  facet normal -0.997858 -0.0654119 0
    outer loop
      vertex 0.0342255 3.47789 0
      vertex 0 4 17.7
      vertex 0 4 0
    endloop
  endfacet
  facet normal -0.997858 -0.0654119 0
    outer loop
      vertex 0 4 17.7
      vertex 0.0342255 3.47789 0
      vertex 0.0342255 3.47789 17.7
    endloop
  endfacet
  facet normal -0.831474 -0.555564 0
    outer loop
      vertex 0.826584 1.56496 0
      vertex 0.535904 2 17.7
      vertex 0.535904 2 0
    endloop
  endfacet
  facet normal -0.831474 -0.555564 0
    outer loop
      vertex 0.535904 2 17.7
      vertex 0.826584 1.56496 0
      vertex 0.826584 1.56496 17.7
    endloop
  endfacet
  facet normal -0.659337 -0.751847 0
    outer loop
      vertex 1.17157 1.17157 0
      vertex 1.56496 0.826584 17.7
      vertex 1.17157 1.17157 17.7
    endloop
  endfacet
  facet normal -0.659337 -0.751847 -0
    outer loop
      vertex 1.56496 0.826584 17.7
      vertex 1.17157 1.17157 0
      vertex 1.56496 0.826584 0
    endloop
  endfacet
  facet normal -0.946922 -0.321464 0
    outer loop
      vertex 0.304489 2.46927 0
      vertex 0.136292 2.96472 17.7
      vertex 0.136292 2.96472 0
    endloop
  endfacet
  facet normal -0.946922 -0.321464 0
    outer loop
      vertex 0.136292 2.96472 17.7
      vertex 0.304489 2.46927 0
      vertex 0.304489 2.46927 17.7
    endloop
  endfacet
  facet normal 0.896887 -0.44226 0
    outer loop
      vertex 79.2641 2 17.7
      vertex 79.4955 2.46927 0
      vertex 79.4955 2.46927 17.7
    endloop
  endfacet
  facet normal 0.896887 -0.44226 0
    outer loop
      vertex 79.4955 2.46927 0
      vertex 79.2641 2 17.7
      vertex 79.2641 2 0
    endloop
  endfacet
  facet normal 0.5556 -0.83145 0
    outer loop
      vertex 77.8 0.535904 0
      vertex 78.235 0.826584 17.7
      vertex 77.8 0.535904 17.7
    endloop
  endfacet
  facet normal 0.5556 -0.83145 0
    outer loop
      vertex 78.235 0.826584 17.7
      vertex 77.8 0.535904 0
      vertex 78.235 0.826584 0
    endloop
  endfacet
  facet normal 0.94691 0.321498 0
    outer loop
      vertex 79.6637 46.8353 17.7
      vertex 79.4955 47.3307 0
      vertex 79.4955 47.3307 17.7
    endloop
  endfacet
  facet normal 0.94691 0.321498 0
    outer loop
      vertex 79.4955 47.3307 0
      vertex 79.6637 46.8353 17.7
      vertex 79.6637 46.8353 0
    endloop
  endfacet
  facet normal 0.997861 0.0653646 0
    outer loop
      vertex 79.8 45.8 17.7
      vertex 79.7658 46.3221 0
      vertex 79.7658 46.3221 17.7
    endloop
  endfacet
  facet normal 0.997861 0.0653646 0
    outer loop
      vertex 79.7658 46.3221 0
      vertex 79.8 45.8 17.7
      vertex 79.8 45.8 0
    endloop
  endfacet
  facet normal 0.751842 0.659343 0
    outer loop
      vertex 78.9734 48.235 17.7
      vertex 78.6284 48.6284 0
      vertex 78.6284 48.6284 17.7
    endloop
  endfacet
  facet normal 0.751842 0.659343 0
    outer loop
      vertex 78.6284 48.6284 0
      vertex 78.9734 48.235 17.7
      vertex 78.9734 48.235 0
    endloop
  endfacet
  facet normal 0.659343 0.751842 -0
    outer loop
      vertex 78.6284 48.6284 0
      vertex 78.235 48.9734 17.7
      vertex 78.6284 48.6284 17.7
    endloop
  endfacet
  facet normal 0.659343 0.751842 0
    outer loop
      vertex 78.235 48.9734 17.7
      vertex 78.6284 48.6284 0
      vertex 78.235 48.9734 0
    endloop
  endfacet
  facet normal 0.831432 0.555626 0
    outer loop
      vertex 79.2641 47.8 17.7
      vertex 78.9734 48.235 0
      vertex 78.9734 48.235 17.7
    endloop
  endfacet
  facet normal 0.831432 0.555626 0
    outer loop
      vertex 78.9734 48.235 0
      vertex 79.2641 47.8 17.7
      vertex 79.2641 47.8 0
    endloop
  endfacet
  facet normal 0.555626 0.831432 -0
    outer loop
      vertex 78.235 48.9734 0
      vertex 77.8 49.2641 17.7
      vertex 78.235 48.9734 17.7
    endloop
  endfacet
  facet normal 0.555626 0.831432 0
    outer loop
      vertex 77.8 49.2641 17.7
      vertex 78.235 48.9734 0
      vertex 77.8 49.2641 0
    endloop
  endfacet
  facet normal -0.555591 0.831456 0
    outer loop
      vertex 2 49.2641 0
      vertex 1.56496 48.9734 17.7
      vertex 2 49.2641 17.7
    endloop
  endfacet
  facet normal -0.555591 0.831456 0
    outer loop
      vertex 1.56496 48.9734 17.7
      vertex 2 49.2641 0
      vertex 1.56496 48.9734 0
    endloop
  endfacet
  facet normal -0.946912 0.321493 0
    outer loop
      vertex 0.136292 46.8353 0
      vertex 0.304489 47.3307 17.7
      vertex 0.304489 47.3307 0
    endloop
  endfacet
  facet normal -0.946912 0.321493 0
    outer loop
      vertex 0.304489 47.3307 17.7
      vertex 0.136292 46.8353 0
      vertex 0.136292 46.8353 17.7
    endloop
  endfacet
  facet normal -0.896886 0.442261 0
    outer loop
      vertex 0.304489 47.3307 0
      vertex 0.535904 47.8 17.7
      vertex 0.535904 47.8 0
    endloop
  endfacet
  facet normal -0.896886 0.442261 0
    outer loop
      vertex 0.535904 47.8 17.7
      vertex 0.304489 47.3307 0
      vertex 0.304489 47.3307 17.7
    endloop
  endfacet
  facet normal -0.751847 -0.659337 0
    outer loop
      vertex 1.17157 1.17157 0
      vertex 0.826584 1.56496 17.7
      vertex 0.826584 1.56496 0
    endloop
  endfacet
  facet normal -0.751847 -0.659337 0
    outer loop
      vertex 0.826584 1.56496 17.7
      vertex 1.17157 1.17157 0
      vertex 1.17157 1.17157 17.7
    endloop
  endfacet
  facet normal -0.980789 -0.195073 0
    outer loop
      vertex 0.136292 2.96472 0
      vertex 0.0342255 3.47789 17.7
      vertex 0.0342255 3.47789 0
    endloop
  endfacet
  facet normal -0.980789 -0.195073 0
    outer loop
      vertex 0.0342255 3.47789 17.7
      vertex 0.136292 2.96472 0
      vertex 0.136292 2.96472 17.7
    endloop
  endfacet
  facet normal 0.94692 -0.321469 0
    outer loop
      vertex 79.4955 2.46927 17.7
      vertex 79.6637 2.96472 0
      vertex 79.6637 2.96472 17.7
    endloop
  endfacet
  facet normal 0.94692 -0.321469 0
    outer loop
      vertex 79.6637 2.96472 0
      vertex 79.4955 2.46927 17.7
      vertex 79.4955 2.46927 0
    endloop
  endfacet
  facet normal -0.659353 0.751834 0
    outer loop
      vertex 1.56496 48.9734 0
      vertex 1.17157 48.6284 17.7
      vertex 1.56496 48.9734 17.7
    endloop
  endfacet
  facet normal -0.659353 0.751834 0
    outer loop
      vertex 1.17157 48.6284 17.7
      vertex 1.56496 48.9734 0
      vertex 1.17157 48.6284 0
    endloop
  endfacet
  facet normal -0.866031 -0.49999 0
    outer loop
      vertex 55 8.9 0
      vertex 53.95 10.7187 1.6
      vertex 53.95 10.7187 0
    endloop
  endfacet
  facet normal -0.866031 -0.49999 0
    outer loop
      vertex 53.95 10.7187 1.6
      vertex 55 8.9 0
      vertex 55 8.9 1.6
    endloop
  endfacet
  facet normal 0.866031 -0.49999 0
    outer loop
      vertex 50.8 8.9 1.6
      vertex 51.85 10.7187 0
      vertex 51.85 10.7187 1.6
    endloop
  endfacet
  facet normal 0.866031 -0.49999 0
    outer loop
      vertex 51.85 10.7187 0
      vertex 50.8 8.9 1.6
      vertex 50.8 8.9 0
    endloop
  endfacet
  facet normal 0 -1 0
    outer loop
      vertex 51.85 10.7187 0
      vertex 53.95 10.7187 1.6
      vertex 51.85 10.7187 1.6
    endloop
  endfacet
  facet normal 0 -1 -0
    outer loop
      vertex 53.95 10.7187 1.6
      vertex 51.85 10.7187 0
      vertex 53.95 10.7187 0
    endloop
  endfacet
  facet normal 0 1 -0
    outer loop
      vertex 53.95 7.08135 0
      vertex 51.85 7.08135 1.6
      vertex 53.95 7.08135 1.6
    endloop
  endfacet
  facet normal 0 1 0
    outer loop
      vertex 51.85 7.08135 1.6
      vertex 53.95 7.08135 0
      vertex 51.85 7.08135 0
    endloop
  endfacet
  facet normal 0.866025 0.500001 0
    outer loop
      vertex 51.85 7.08135 1.6
      vertex 50.8 8.9 0
      vertex 50.8 8.9 1.6
    endloop
  endfacet
  facet normal 0.866025 0.500001 0
    outer loop
      vertex 50.8 8.9 0
      vertex 51.85 7.08135 1.6
      vertex 51.85 7.08135 0
    endloop
  endfacet
  facet normal -0.866025 0.500001 0
    outer loop
      vertex 53.95 7.08135 0
      vertex 55 8.9 1.6
      vertex 55 8.9 0
    endloop
  endfacet
  facet normal -0.866025 0.500001 0
    outer loop
      vertex 55 8.9 1.6
      vertex 53.95 7.08135 0
      vertex 53.95 7.08135 1.6
    endloop
  endfacet
  facet normal -0.866031 -0.49999 0
    outer loop
      vertex 60.6 8.9 0
      vertex 59.55 10.7187 1.6
      vertex 59.55 10.7187 0
    endloop
  endfacet
  facet normal -0.866031 -0.49999 0
    outer loop
      vertex 59.55 10.7187 1.6
      vertex 60.6 8.9 0
      vertex 60.6 8.9 1.6
    endloop
  endfacet
  facet normal 0.866031 -0.49999 0
    outer loop
      vertex 56.4 8.9 1
      vertex 57.45 10.7187 0
      vertex 57.45 10.7187 1
    endloop
  endfacet
  facet normal 0.866031 -0.49999 0
    outer loop
      vertex 57.45 10.7187 0
      vertex 56.4 8.9 1
      vertex 56.4 8.9 0
    endloop
  endfacet
  facet normal 0 -1 0
    outer loop
      vertex 57.45 10.7187 1
      vertex 57.45 10.7187 0
      vertex 58 10.7187 1
    endloop
  endfacet
  facet normal 0 -1 0
    outer loop
      vertex 58 10.7187 1
      vertex 59.55 10.7187 1.6
      vertex 58 10.7187 1.6
    endloop
  endfacet
  facet normal 0 -1 0
    outer loop
      vertex 59.55 10.7187 0
      vertex 58 10.7187 1
      vertex 57.45 10.7187 0
    endloop
  endfacet
  facet normal 0 -1 0
    outer loop
      vertex 58 10.7187 1
      vertex 59.55 10.7187 0
      vertex 59.55 10.7187 1.6
    endloop
  endfacet
  facet normal 0.866025 0.500001 0
    outer loop
      vertex 57.45 7.08135 1
      vertex 56.4 8.9 0
      vertex 56.4 8.9 1
    endloop
  endfacet
  facet normal 0.866025 0.500001 0
    outer loop
      vertex 56.4 8.9 0
      vertex 57.45 7.08135 1
      vertex 57.45 7.08135 0
    endloop
  endfacet
  facet normal -0.866025 0.500001 0
    outer loop
      vertex 59.55 7.08135 0
      vertex 60.6 8.9 1.6
      vertex 60.6 8.9 0
    endloop
  endfacet
  facet normal -0.866025 0.500001 0
    outer loop
      vertex 60.6 8.9 1.6
      vertex 59.55 7.08135 0
      vertex 59.55 7.08135 1.6
    endloop
  endfacet
  facet normal 0 1 0
    outer loop
      vertex 59.55 7.08135 1.6
      vertex 58 7.08135 1
      vertex 58 7.08135 1.6
    endloop
  endfacet
  facet normal 0 1 -0
    outer loop
      vertex 59.55 7.08135 0
      vertex 58 7.08135 1
      vertex 59.55 7.08135 1.6
    endloop
  endfacet
  facet normal 0 1 0
    outer loop
      vertex 57.45 7.08135 0
      vertex 58 7.08135 1
      vertex 59.55 7.08135 0
    endloop
  endfacet
  facet normal 0 1 0
    outer loop
      vertex 58 7.08135 1
      vertex 57.45 7.08135 0
      vertex 57.45 7.08135 1
    endloop
  endfacet
  facet normal -0.866031 -0.49999 0
    outer loop
      vertex 55 18.644 0
      vertex 53.95 20.4627 1.6
      vertex 53.95 20.4627 0
    endloop
  endfacet
  facet normal -0.866031 -0.49999 0
    outer loop
      vertex 53.95 20.4627 1.6
      vertex 55 18.644 0
      vertex 55 18.644 1.6
    endloop
  endfacet
  facet normal 0.866031 -0.49999 0
    outer loop
      vertex 50.8 18.644 1.6
      vertex 51.85 20.4627 0
      vertex 51.85 20.4627 1.6
    endloop
  endfacet
  facet normal 0.866031 -0.49999 0
    outer loop
      vertex 51.85 20.4627 0
      vertex 50.8 18.644 1.6
      vertex 50.8 18.644 0
    endloop
  endfacet
  facet normal 0 -1 0
    outer loop
      vertex 51.85 20.4627 0
      vertex 53.95 20.4627 1.6
      vertex 51.85 20.4627 1.6
    endloop
  endfacet
  facet normal 0 -1 -0
    outer loop
      vertex 53.95 20.4627 1.6
      vertex 51.85 20.4627 0
      vertex 53.95 20.4627 0
    endloop
  endfacet
  facet normal -0.866031 0.49999 0
    outer loop
      vertex 53.95 16.8253 0
      vertex 55 18.644 1.6
      vertex 55 18.644 0
    endloop
  endfacet
  facet normal -0.866031 0.49999 0
    outer loop
      vertex 55 18.644 1.6
      vertex 53.95 16.8253 0
      vertex 53.95 16.8253 1.6
    endloop
  endfacet
  facet normal 0 1 -0
    outer loop
      vertex 53.95 16.8253 0
      vertex 51.85 16.8253 1.6
      vertex 53.95 16.8253 1.6
    endloop
  endfacet
  facet normal 0 1 0
    outer loop
      vertex 51.85 16.8253 1.6
      vertex 53.95 16.8253 0
      vertex 51.85 16.8253 0
    endloop
  endfacet
  facet normal 0.866031 0.49999 0
    outer loop
      vertex 51.85 16.8253 1.6
      vertex 50.8 18.644 0
      vertex 50.8 18.644 1.6
    endloop
  endfacet
  facet normal 0.866031 0.49999 0
    outer loop
      vertex 50.8 18.644 0
      vertex 51.85 16.8253 1.6
      vertex 51.85 16.8253 0
    endloop
  endfacet
  facet normal -0.866031 -0.49999 0
    outer loop
      vertex 60.6 18.644 0
      vertex 59.55 20.4627 1.6
      vertex 59.55 20.4627 0
    endloop
  endfacet
  facet normal -0.866031 -0.49999 0
    outer loop
      vertex 59.55 20.4627 1.6
      vertex 60.6 18.644 0
      vertex 60.6 18.644 1.6
    endloop
  endfacet
  facet normal 0.866031 -0.49999 0
    outer loop
      vertex 56.4 18.644 1
      vertex 57.45 20.4627 0
      vertex 57.45 20.4627 1
    endloop
  endfacet
  facet normal 0.866031 -0.49999 0
    outer loop
      vertex 57.45 20.4627 0
      vertex 56.4 18.644 1
      vertex 56.4 18.644 0
    endloop
  endfacet
  facet normal 0 -1 0
    outer loop
      vertex 57.45 20.4627 1
      vertex 57.45 20.4627 0
      vertex 58 20.4627 1
    endloop
  endfacet
  facet normal 0 -1 0
    outer loop
      vertex 58 20.4627 1
      vertex 59.55 20.4627 1.6
      vertex 58 20.4627 1.6
    endloop
  endfacet
  facet normal 0 -1 0
    outer loop
      vertex 59.55 20.4627 0
      vertex 58 20.4627 1
      vertex 57.45 20.4627 0
    endloop
  endfacet
  facet normal 0 -1 0
    outer loop
      vertex 58 20.4627 1
      vertex 59.55 20.4627 0
      vertex 59.55 20.4627 1.6
    endloop
  endfacet
  facet normal 0 1 0
    outer loop
      vertex 59.55 16.8253 1.6
      vertex 58 16.8253 1
      vertex 58 16.8253 1.6
    endloop
  endfacet
  facet normal 0 1 -0
    outer loop
      vertex 59.55 16.8253 0
      vertex 58 16.8253 1
      vertex 59.55 16.8253 1.6
    endloop
  endfacet
  facet normal 0 1 0
    outer loop
      vertex 57.45 16.8253 0
      vertex 58 16.8253 1
      vertex 59.55 16.8253 0
    endloop
  endfacet
  facet normal 0 1 0
    outer loop
      vertex 58 16.8253 1
      vertex 57.45 16.8253 0
      vertex 57.45 16.8253 1
    endloop
  endfacet
  facet normal 0.866031 0.49999 0
    outer loop
      vertex 57.45 16.8253 1
      vertex 56.4 18.644 0
      vertex 56.4 18.644 1
    endloop
  endfacet
  facet normal 0.866031 0.49999 0
    outer loop
      vertex 56.4 18.644 0
      vertex 57.45 16.8253 1
      vertex 57.45 16.8253 0
    endloop
  endfacet
  facet normal -0.866031 0.49999 0
    outer loop
      vertex 59.55 16.8253 0
      vertex 60.6 18.644 1.6
      vertex 60.6 18.644 0
    endloop
  endfacet
  facet normal -0.866031 0.49999 0
    outer loop
      vertex 60.6 18.644 1.6
      vertex 59.55 16.8253 0
      vertex 59.55 16.8253 1.6
    endloop
  endfacet
  facet normal -0.866031 -0.49999 0
    outer loop
      vertex 55 28.388 0
      vertex 53.95 30.2067 1.6
      vertex 53.95 30.2067 0
    endloop
  endfacet
  facet normal -0.866031 -0.49999 0
    outer loop
      vertex 53.95 30.2067 1.6
      vertex 55 28.388 0
      vertex 55 28.388 1.6
    endloop
  endfacet
  facet normal 0.866031 -0.49999 0
    outer loop
      vertex 50.8 28.388 1.6
      vertex 51.85 30.2067 0
      vertex 51.85 30.2067 1.6
    endloop
  endfacet
  facet normal 0.866031 -0.49999 0
    outer loop
      vertex 51.85 30.2067 0
      vertex 50.8 28.388 1.6
      vertex 50.8 28.388 0
    endloop
  endfacet
  facet normal 0 -1 0
    outer loop
      vertex 51.85 30.2067 0
      vertex 53.95 30.2067 1.6
      vertex 51.85 30.2067 1.6
    endloop
  endfacet
  facet normal 0 -1 -0
    outer loop
      vertex 53.95 30.2067 1.6
      vertex 51.85 30.2067 0
      vertex 53.95 30.2067 0
    endloop
  endfacet
  facet normal 0 1 -0
    outer loop
      vertex 53.95 26.5693 0
      vertex 51.85 26.5693 1.6
      vertex 53.95 26.5693 1.6
    endloop
  endfacet
  facet normal 0 1 0
    outer loop
      vertex 51.85 26.5693 1.6
      vertex 53.95 26.5693 0
      vertex 51.85 26.5693 0
    endloop
  endfacet
  facet normal 0.866031 0.49999 0
    outer loop
      vertex 51.85 26.5693 1.6
      vertex 50.8 28.388 0
      vertex 50.8 28.388 1.6
    endloop
  endfacet
  facet normal 0.866031 0.49999 0
    outer loop
      vertex 50.8 28.388 0
      vertex 51.85 26.5693 1.6
      vertex 51.85 26.5693 0
    endloop
  endfacet
  facet normal -0.866031 0.49999 0
    outer loop
      vertex 53.95 26.5693 0
      vertex 55 28.388 1.6
      vertex 55 28.388 0
    endloop
  endfacet
  facet normal -0.866031 0.49999 0
    outer loop
      vertex 55 28.388 1.6
      vertex 53.95 26.5693 0
      vertex 53.95 26.5693 1.6
    endloop
  endfacet
  facet normal -0.866031 -0.49999 0
    outer loop
      vertex 60.6 28.388 0
      vertex 59.55 30.2067 1.6
      vertex 59.55 30.2067 0
    endloop
  endfacet
  facet normal -0.866031 -0.49999 0
    outer loop
      vertex 59.55 30.2067 1.6
      vertex 60.6 28.388 0
      vertex 60.6 28.388 1.6
    endloop
  endfacet
  facet normal 0.866031 -0.49999 0
    outer loop
      vertex 56.4 28.388 1
      vertex 57.45 30.2067 0
      vertex 57.45 30.2067 1
    endloop
  endfacet
  facet normal 0.866031 -0.49999 0
    outer loop
      vertex 57.45 30.2067 0
      vertex 56.4 28.388 1
      vertex 56.4 28.388 0
    endloop
  endfacet
  facet normal 0 -1 0
    outer loop
      vertex 57.45 30.2067 1
      vertex 57.45 30.2067 0
      vertex 58 30.2067 1
    endloop
  endfacet
  facet normal 0 -1 0
    outer loop
      vertex 58 30.2067 1
      vertex 59.55 30.2067 1.6
      vertex 58 30.2067 1.6
    endloop
  endfacet
  facet normal 0 -1 0
    outer loop
      vertex 59.55 30.2067 0
      vertex 58 30.2067 1
      vertex 57.45 30.2067 0
    endloop
  endfacet
  facet normal 0 -1 0
    outer loop
      vertex 58 30.2067 1
      vertex 59.55 30.2067 0
      vertex 59.55 30.2067 1.6
    endloop
  endfacet
  facet normal 0 1 0
    outer loop
      vertex 59.55 26.5693 1.6
      vertex 58 26.5693 1
      vertex 58 26.5693 1.6
    endloop
  endfacet
  facet normal 0 1 -0
    outer loop
      vertex 59.55 26.5693 0
      vertex 58 26.5693 1
      vertex 59.55 26.5693 1.6
    endloop
  endfacet
  facet normal 0 1 0
    outer loop
      vertex 57.45 26.5693 0
      vertex 58 26.5693 1
      vertex 59.55 26.5693 0
    endloop
  endfacet
  facet normal 0 1 0
    outer loop
      vertex 58 26.5693 1
      vertex 57.45 26.5693 0
      vertex 57.45 26.5693 1
    endloop
  endfacet
  facet normal 0.866031 0.49999 0
    outer loop
      vertex 57.45 26.5693 1
      vertex 56.4 28.388 0
      vertex 56.4 28.388 1
    endloop
  endfacet
  facet normal 0.866031 0.49999 0
    outer loop
      vertex 56.4 28.388 0
      vertex 57.45 26.5693 1
      vertex 57.45 26.5693 0
    endloop
  endfacet
  facet normal -0.866031 0.49999 0
    outer loop
      vertex 59.55 26.5693 0
      vertex 60.6 28.388 1.6
      vertex 60.6 28.388 0
    endloop
  endfacet
  facet normal -0.866031 0.49999 0
    outer loop
      vertex 60.6 28.388 1.6
      vertex 59.55 26.5693 0
      vertex 59.55 26.5693 1.6
    endloop
  endfacet
  facet normal -0.866031 -0.49999 0
    outer loop
      vertex 55 38.132 0
      vertex 53.95 39.9507 1.6
      vertex 53.95 39.9507 0
    endloop
  endfacet
  facet normal -0.866031 -0.49999 0
    outer loop
      vertex 53.95 39.9507 1.6
      vertex 55 38.132 0
      vertex 55 38.132 1.6
    endloop
  endfacet
  facet normal 0 1 -0
    outer loop
      vertex 53.95 36.3133 0
      vertex 51.85 36.3133 1.6
      vertex 53.95 36.3133 1.6
    endloop
  endfacet
  facet normal 0 1 0
    outer loop
      vertex 51.85 36.3133 1.6
      vertex 53.95 36.3133 0
      vertex 51.85 36.3133 0
    endloop
  endfacet
  facet normal 0.866031 -0.49999 0
    outer loop
      vertex 50.8 38.132 1.6
      vertex 51.85 39.9507 0
      vertex 51.85 39.9507 1.6
    endloop
  endfacet
  facet normal 0.866031 -0.49999 0
    outer loop
      vertex 51.85 39.9507 0
      vertex 50.8 38.132 1.6
      vertex 50.8 38.132 0
    endloop
  endfacet
  facet normal 0 -1 0
    outer loop
      vertex 51.85 39.9507 0
      vertex 53.95 39.9507 1.6
      vertex 51.85 39.9507 1.6
    endloop
  endfacet
  facet normal 0 -1 -0
    outer loop
      vertex 53.95 39.9507 1.6
      vertex 51.85 39.9507 0
      vertex 53.95 39.9507 0
    endloop
  endfacet
  facet normal 0.866031 0.49999 0
    outer loop
      vertex 51.85 36.3133 1.6
      vertex 50.8 38.132 0
      vertex 50.8 38.132 1.6
    endloop
  endfacet
  facet normal 0.866031 0.49999 0
    outer loop
      vertex 50.8 38.132 0
      vertex 51.85 36.3133 1.6
      vertex 51.85 36.3133 0
    endloop
  endfacet
  facet normal -0.866031 0.49999 0
    outer loop
      vertex 53.95 36.3133 0
      vertex 55 38.132 1.6
      vertex 55 38.132 0
    endloop
  endfacet
  facet normal -0.866031 0.49999 0
    outer loop
      vertex 55 38.132 1.6
      vertex 53.95 36.3133 0
      vertex 53.95 36.3133 1.6
    endloop
  endfacet
  facet normal -0.866031 -0.49999 0
    outer loop
      vertex 60.6 38.132 0
      vertex 59.55 39.9507 1.6
      vertex 59.55 39.9507 0
    endloop
  endfacet
  facet normal -0.866031 -0.49999 0
    outer loop
      vertex 59.55 39.9507 1.6
      vertex 60.6 38.132 0
      vertex 60.6 38.132 1.6
    endloop
  endfacet
  facet normal 0 1 0
    outer loop
      vertex 59.55 36.3133 1.6
      vertex 58 36.3133 1
      vertex 58 36.3133 1.6
    endloop
  endfacet
  facet normal 0 1 -0
    outer loop
      vertex 59.55 36.3133 0
      vertex 58 36.3133 1
      vertex 59.55 36.3133 1.6
    endloop
  endfacet
  facet normal 0 1 0
    outer loop
      vertex 57.45 36.3133 0
      vertex 58 36.3133 1
      vertex 59.55 36.3133 0
    endloop
  endfacet
  facet normal 0 1 0
    outer loop
      vertex 58 36.3133 1
      vertex 57.45 36.3133 0
      vertex 57.45 36.3133 1
    endloop
  endfacet
  facet normal 0.866031 -0.49999 0
    outer loop
      vertex 56.4 38.132 1
      vertex 57.45 39.9507 0
      vertex 57.45 39.9507 1
    endloop
  endfacet
  facet normal 0.866031 -0.49999 0
    outer loop
      vertex 57.45 39.9507 0
      vertex 56.4 38.132 1
      vertex 56.4 38.132 0
    endloop
  endfacet
  facet normal 0 -1 0
    outer loop
      vertex 57.45 39.9507 1
      vertex 57.45 39.9507 0
      vertex 58 39.9507 1
    endloop
  endfacet
  facet normal 0 -1 0
    outer loop
      vertex 58 39.9507 1
      vertex 59.55 39.9507 1.6
      vertex 58 39.9507 1.6
    endloop
  endfacet
  facet normal 0 -1 0
    outer loop
      vertex 59.55 39.9507 0
      vertex 58 39.9507 1
      vertex 57.45 39.9507 0
    endloop
  endfacet
  facet normal 0 -1 0
    outer loop
      vertex 58 39.9507 1
      vertex 59.55 39.9507 0
      vertex 59.55 39.9507 1.6
    endloop
  endfacet
  facet normal 0.866031 0.49999 0
    outer loop
      vertex 57.45 36.3133 1
      vertex 56.4 38.132 0
      vertex 56.4 38.132 1
    endloop
  endfacet
  facet normal 0.866031 0.49999 0
    outer loop
      vertex 56.4 38.132 0
      vertex 57.45 36.3133 1
      vertex 57.45 36.3133 0
    endloop
  endfacet
  facet normal -0.866031 0.49999 0
    outer loop
      vertex 59.55 36.3133 0
      vertex 60.6 38.132 1.6
      vertex 60.6 38.132 0
    endloop
  endfacet
  facet normal -0.866031 0.49999 0
    outer loop
      vertex 60.6 38.132 1.6
      vertex 59.55 36.3133 0
      vertex 59.55 36.3133 1.6
    endloop
  endfacet
  facet normal -0.866031 -0.49999 0
    outer loop
      vertex 66.2 38.132 0
      vertex 65.15 39.9507 1.6
      vertex 65.15 39.9507 0
    endloop
  endfacet
  facet normal -0.866031 -0.49999 0
    outer loop
      vertex 65.15 39.9507 1.6
      vertex 66.2 38.132 0
      vertex 66.2 38.132 1.6
    endloop
  endfacet
  facet normal 0 1 -0
    outer loop
      vertex 65.15 36.3133 0
      vertex 63.05 36.3133 1.6
      vertex 65.15 36.3133 1.6
    endloop
  endfacet
  facet normal 0 1 0
    outer loop
      vertex 63.05 36.3133 1.6
      vertex 65.15 36.3133 0
      vertex 63.05 36.3133 0
    endloop
  endfacet
  facet normal 0.866031 -0.49999 0
    outer loop
      vertex 62 38.132 1.6
      vertex 63.05 39.9507 0
      vertex 63.05 39.9507 1.6
    endloop
  endfacet
  facet normal 0.866031 -0.49999 0
    outer loop
      vertex 63.05 39.9507 0
      vertex 62 38.132 1.6
      vertex 62 38.132 0
    endloop
  endfacet
  facet normal 0 -1 0
    outer loop
      vertex 63.05 39.9507 0
      vertex 65.15 39.9507 1.6
      vertex 63.05 39.9507 1.6
    endloop
  endfacet
  facet normal 0 -1 -0
    outer loop
      vertex 65.15 39.9507 1.6
      vertex 63.05 39.9507 0
      vertex 65.15 39.9507 0
    endloop
  endfacet
  facet normal 0.866031 0.49999 0
    outer loop
      vertex 63.05 36.3133 1.6
      vertex 62 38.132 0
      vertex 62 38.132 1.6
    endloop
  endfacet
  facet normal 0.866031 0.49999 0
    outer loop
      vertex 62 38.132 0
      vertex 63.05 36.3133 1.6
      vertex 63.05 36.3133 0
    endloop
  endfacet
  facet normal -0.866031 0.49999 0
    outer loop
      vertex 65.15 36.3133 0
      vertex 66.2 38.132 1.6
      vertex 66.2 38.132 0
    endloop
  endfacet
  facet normal -0.866031 0.49999 0
    outer loop
      vertex 66.2 38.132 1.6
      vertex 65.15 36.3133 0
      vertex 65.15 36.3133 1.6
    endloop
  endfacet
  facet normal -0.866031 -0.49999 0
    outer loop
      vertex 71.8 38.132 0
      vertex 70.75 39.9507 1.6
      vertex 70.75 39.9507 0
    endloop
  endfacet
  facet normal -0.866031 -0.49999 0
    outer loop
      vertex 70.75 39.9507 1.6
      vertex 71.8 38.132 0
      vertex 71.8 38.132 1.6
    endloop
  endfacet
  facet normal 0.866031 -0.49999 0
    outer loop
      vertex 67.6 38.132 1.6
      vertex 68.65 39.9507 0
      vertex 68.65 39.9507 1.6
    endloop
  endfacet
  facet normal 0.866031 -0.49999 0
    outer loop
      vertex 68.65 39.9507 0
      vertex 67.6 38.132 1.6
      vertex 67.6 38.132 0
    endloop
  endfacet
  facet normal 0 -1 0
    outer loop
      vertex 68.65 39.9507 0
      vertex 70.75 39.9507 1.6
      vertex 68.65 39.9507 1.6
    endloop
  endfacet
  facet normal 0 -1 -0
    outer loop
      vertex 70.75 39.9507 1.6
      vertex 68.65 39.9507 0
      vertex 70.75 39.9507 0
    endloop
  endfacet
  facet normal 0.866031 0.49999 0
    outer loop
      vertex 68.65 36.3133 1.6
      vertex 67.6 38.132 0
      vertex 67.6 38.132 1.6
    endloop
  endfacet
  facet normal 0.866031 0.49999 0
    outer loop
      vertex 67.6 38.132 0
      vertex 68.65 36.3133 1.6
      vertex 68.65 36.3133 0
    endloop
  endfacet
  facet normal -0.866031 0.49999 0
    outer loop
      vertex 70.75 36.3133 0
      vertex 71.8 38.132 1.6
      vertex 71.8 38.132 0
    endloop
  endfacet
  facet normal -0.866031 0.49999 0
    outer loop
      vertex 71.8 38.132 1.6
      vertex 70.75 36.3133 0
      vertex 70.75 36.3133 1.6
    endloop
  endfacet
  facet normal 0 1 -0
    outer loop
      vertex 70.75 36.3133 0
      vertex 68.65 36.3133 1.6
      vertex 70.75 36.3133 1.6
    endloop
  endfacet
  facet normal 0 1 0
    outer loop
      vertex 68.65 36.3133 1.6
      vertex 70.75 36.3133 0
      vertex 68.65 36.3133 0
    endloop
  endfacet
  facet normal -0.866031 -0.49999 0
    outer loop
      vertex 57.8 13.772 0
      vertex 56.75 15.5907 1
      vertex 56.75 15.5907 0
    endloop
  endfacet
  facet normal -0.866031 -0.49999 0
    outer loop
      vertex 56.75 15.5907 1
      vertex 57.8 13.772 0
      vertex 57.8 13.772 1
    endloop
  endfacet
  facet normal 0.866031 -0.49999 0
    outer loop
      vertex 53.6 13.772 1.6
      vertex 54.65 15.5907 0
      vertex 54.65 15.5907 1.6
    endloop
  endfacet
  facet normal 0.866031 -0.49999 0
    outer loop
      vertex 54.65 15.5907 0
      vertex 53.6 13.772 1.6
      vertex 53.6 13.772 0
    endloop
  endfacet
  facet normal 0 -1 0
    outer loop
      vertex 54.65 15.5907 1.6
      vertex 56.4 15.5907 1
      vertex 56.4 15.5907 1.6
    endloop
  endfacet
  facet normal 0 -1 0
    outer loop
      vertex 54.65 15.5907 0
      vertex 56.4 15.5907 1
      vertex 54.65 15.5907 1.6
    endloop
  endfacet
  facet normal 0 -1 0
    outer loop
      vertex 56.75 15.5907 0
      vertex 56.4 15.5907 1
      vertex 54.65 15.5907 0
    endloop
  endfacet
  facet normal 0 -1 0
    outer loop
      vertex 56.4 15.5907 1
      vertex 56.75 15.5907 0
      vertex 56.75 15.5907 1
    endloop
  endfacet
  facet normal 0.866031 0.49999 0
    outer loop
      vertex 54.65 11.9533 1.6
      vertex 53.6 13.772 0
      vertex 53.6 13.772 1.6
    endloop
  endfacet
  facet normal 0.866031 0.49999 0
    outer loop
      vertex 53.6 13.772 0
      vertex 54.65 11.9533 1.6
      vertex 54.65 11.9533 0
    endloop
  endfacet
  facet normal -0.866031 0.49999 0
    outer loop
      vertex 56.75 11.9533 0
      vertex 57.8 13.772 1
      vertex 57.8 13.772 0
    endloop
  endfacet
  facet normal -0.866031 0.49999 0
    outer loop
      vertex 57.8 13.772 1
      vertex 56.75 11.9533 0
      vertex 56.75 11.9533 1
    endloop
  endfacet
  facet normal 0 1 0
    outer loop
      vertex 56.75 11.9533 1
      vertex 56.75 11.9533 0
      vertex 56.4 11.9533 1
    endloop
  endfacet
  facet normal 0 1 -0
    outer loop
      vertex 56.4 11.9533 1
      vertex 54.65 11.9533 1.6
      vertex 56.4 11.9533 1.6
    endloop
  endfacet
  facet normal 0 1 0
    outer loop
      vertex 54.65 11.9533 0
      vertex 56.4 11.9533 1
      vertex 56.75 11.9533 0
    endloop
  endfacet
  facet normal 0 1 0
    outer loop
      vertex 56.4 11.9533 1
      vertex 54.65 11.9533 0
      vertex 54.65 11.9533 1.6
    endloop
  endfacet
  facet normal -0.866031 -0.49999 0
    outer loop
      vertex 57.8 23.516 0
      vertex 56.75 25.3347 1
      vertex 56.75 25.3347 0
    endloop
  endfacet
  facet normal -0.866031 -0.49999 0
    outer loop
      vertex 56.75 25.3347 1
      vertex 57.8 23.516 0
      vertex 57.8 23.516 1
    endloop
  endfacet
  facet normal 0 1 0
    outer loop
      vertex 56.75 21.6973 1
      vertex 56.75 21.6973 0
      vertex 56.4 21.6973 1
    endloop
  endfacet
  facet normal 0 1 -0
    outer loop
      vertex 56.4 21.6973 1
      vertex 54.65 21.6973 1.6
      vertex 56.4 21.6973 1.6
    endloop
  endfacet
  facet normal 0 1 0
    outer loop
      vertex 54.65 21.6973 0
      vertex 56.4 21.6973 1
      vertex 56.75 21.6973 0
    endloop
  endfacet
  facet normal 0 1 0
    outer loop
      vertex 56.4 21.6973 1
      vertex 54.65 21.6973 0
      vertex 54.65 21.6973 1.6
    endloop
  endfacet
  facet normal 0.866031 -0.49999 0
    outer loop
      vertex 53.6 23.516 1.6
      vertex 54.65 25.3347 0
      vertex 54.65 25.3347 1.6
    endloop
  endfacet
  facet normal 0.866031 -0.49999 0
    outer loop
      vertex 54.65 25.3347 0
      vertex 53.6 23.516 1.6
      vertex 53.6 23.516 0
    endloop
  endfacet
  facet normal 0 -1 0
    outer loop
      vertex 54.65 25.3347 1.6
      vertex 56.4 25.3347 1
      vertex 56.4 25.3347 1.6
    endloop
  endfacet
  facet normal 0 -1 0
    outer loop
      vertex 54.65 25.3347 0
      vertex 56.4 25.3347 1
      vertex 54.65 25.3347 1.6
    endloop
  endfacet
  facet normal 0 -1 0
    outer loop
      vertex 56.75 25.3347 0
      vertex 56.4 25.3347 1
      vertex 54.65 25.3347 0
    endloop
  endfacet
  facet normal 0 -1 0
    outer loop
      vertex 56.4 25.3347 1
      vertex 56.75 25.3347 0
      vertex 56.75 25.3347 1
    endloop
  endfacet
  facet normal 0.866031 0.49999 0
    outer loop
      vertex 54.65 21.6973 1.6
      vertex 53.6 23.516 0
      vertex 53.6 23.516 1.6
    endloop
  endfacet
  facet normal 0.866031 0.49999 0
    outer loop
      vertex 53.6 23.516 0
      vertex 54.65 21.6973 1.6
      vertex 54.65 21.6973 0
    endloop
  endfacet
  facet normal -0.866031 0.49999 0
    outer loop
      vertex 56.75 21.6973 0
      vertex 57.8 23.516 1
      vertex 57.8 23.516 0
    endloop
  endfacet
  facet normal -0.866031 0.49999 0
    outer loop
      vertex 57.8 23.516 1
      vertex 56.75 21.6973 0
      vertex 56.75 21.6973 1
    endloop
  endfacet
  facet normal -0.866031 -0.49999 0
    outer loop
      vertex 57.8 33.26 0
      vertex 56.75 35.0787 1
      vertex 56.75 35.0787 0
    endloop
  endfacet
  facet normal -0.866031 -0.49999 0
    outer loop
      vertex 56.75 35.0787 1
      vertex 57.8 33.26 0
      vertex 57.8 33.26 1
    endloop
  endfacet
  facet normal 0.866031 -0.49999 0
    outer loop
      vertex 53.6 33.26 1.6
      vertex 54.65 35.0787 0
      vertex 54.65 35.0787 1.6
    endloop
  endfacet
  facet normal 0.866031 -0.49999 0
    outer loop
      vertex 54.65 35.0787 0
      vertex 53.6 33.26 1.6
      vertex 53.6 33.26 0
    endloop
  endfacet
  facet normal 0 -1 0
    outer loop
      vertex 54.65 35.0787 1.6
      vertex 56.4 35.0787 1
      vertex 56.4 35.0787 1.6
    endloop
  endfacet
  facet normal 0 -1 0
    outer loop
      vertex 54.65 35.0787 0
      vertex 56.4 35.0787 1
      vertex 54.65 35.0787 1.6
    endloop
  endfacet
  facet normal 0 -1 0
    outer loop
      vertex 56.75 35.0787 0
      vertex 56.4 35.0787 1
      vertex 54.65 35.0787 0
    endloop
  endfacet
  facet normal 0 -1 0
    outer loop
      vertex 56.4 35.0787 1
      vertex 56.75 35.0787 0
      vertex 56.75 35.0787 1
    endloop
  endfacet
  facet normal -0.866031 0.49999 0
    outer loop
      vertex 56.75 31.4413 0
      vertex 57.8 33.26 1
      vertex 57.8 33.26 0
    endloop
  endfacet
  facet normal -0.866031 0.49999 0
    outer loop
      vertex 57.8 33.26 1
      vertex 56.75 31.4413 0
      vertex 56.75 31.4413 1
    endloop
  endfacet
  facet normal 0 1 0
    outer loop
      vertex 56.75 31.4413 1
      vertex 56.75 31.4413 0
      vertex 56.4 31.4413 1
    endloop
  endfacet
  facet normal 0 1 -0
    outer loop
      vertex 56.4 31.4413 1
      vertex 54.65 31.4413 1.6
      vertex 56.4 31.4413 1.6
    endloop
  endfacet
  facet normal 0 1 0
    outer loop
      vertex 54.65 31.4413 0
      vertex 56.4 31.4413 1
      vertex 56.75 31.4413 0
    endloop
  endfacet
  facet normal 0 1 0
    outer loop
      vertex 56.4 31.4413 1
      vertex 54.65 31.4413 0
      vertex 54.65 31.4413 1.6
    endloop
  endfacet
  facet normal 0.866031 0.49999 0
    outer loop
      vertex 54.65 31.4413 1.6
      vertex 53.6 33.26 0
      vertex 53.6 33.26 1.6
    endloop
  endfacet
  facet normal 0.866031 0.49999 0
    outer loop
      vertex 53.6 33.26 0
      vertex 54.65 31.4413 1.6
      vertex 54.65 31.4413 0
    endloop
  endfacet
  facet normal -0.866031 -0.49999 0
    outer loop
      vertex 12 30.9 0
      vertex 10.95 32.7187 1.6
      vertex 10.95 32.7187 0
    endloop
  endfacet
  facet normal -0.866031 -0.49999 0
    outer loop
      vertex 10.95 32.7187 1.6
      vertex 12 30.9 0
      vertex 12 30.9 1.6
    endloop
  endfacet
  facet normal 0.866019 -0.500011 0
    outer loop
      vertex 8.4 31.9392 1.6
      vertex 7.8 30.9 1.6
      vertex 8.4 31.9392 1
    endloop
  endfacet
  facet normal 0.866047 -0.499963 0
    outer loop
      vertex 8.4 31.9392 1
      vertex 8.85 32.7187 0
      vertex 8.85 32.7187 1
    endloop
  endfacet
  facet normal 0.866019 -0.500011 0
    outer loop
      vertex 7.8 30.9 0
      vertex 8.4 31.9392 1
      vertex 7.8 30.9 1.6
    endloop
  endfacet
  facet normal 0.866031 -0.49999 -2.85709e-05
    outer loop
      vertex 8.4 31.9392 1
      vertex 7.8 30.9 0
      vertex 8.85 32.7187 0
    endloop
  endfacet
  facet normal 0 -1 0
    outer loop
      vertex 8.85 32.7187 1
      vertex 8.85 32.7187 0
      vertex 10 32.7187 1
    endloop
  endfacet
  facet normal 0 -1 0
    outer loop
      vertex 10 32.7187 1
      vertex 10.95 32.7187 1.6
      vertex 10 32.7187 1.6
    endloop
  endfacet
  facet normal 0 -1 0
    outer loop
      vertex 10.95 32.7187 0
      vertex 10 32.7187 1
      vertex 8.85 32.7187 0
    endloop
  endfacet
  facet normal 0 -1 0
    outer loop
      vertex 10 32.7187 1
      vertex 10.95 32.7187 0
      vertex 10.95 32.7187 1.6
    endloop
  endfacet
  facet normal -0.866031 0.49999 0
    outer loop
      vertex 10.95 29.0813 0
      vertex 12 30.9 1.6
      vertex 12 30.9 0
    endloop
  endfacet
  facet normal -0.866031 0.49999 0
    outer loop
      vertex 12 30.9 1.6
      vertex 10.95 29.0813 0
      vertex 10.95 29.0813 1.6
    endloop
  endfacet
  facet normal 0 1 0
    outer loop
      vertex 10.95 29.0813 1.6
      vertex 10 29.0813 1
      vertex 10 29.0813 1.6
    endloop
  endfacet
  facet normal 0 1 -0
    outer loop
      vertex 10.95 29.0813 0
      vertex 10 29.0813 1
      vertex 10.95 29.0813 1.6
    endloop
  endfacet
  facet normal 0 1 0
    outer loop
      vertex 8.85 29.0813 0
      vertex 10 29.0813 1
      vertex 10.95 29.0813 0
    endloop
  endfacet
  facet normal 0 1 0
    outer loop
      vertex 10 29.0813 1
      vertex 8.85 29.0813 0
      vertex 8.85 29.0813 1
    endloop
  endfacet
  facet normal 0.866019 0.500011 -0
    outer loop
      vertex 8.4 29.8608 1
      vertex 7.8 30.9 1.6
      vertex 8.4 29.8608 1.6
    endloop
  endfacet
  facet normal 0.866019 0.500011 0
    outer loop
      vertex 7.8 30.9 1.6
      vertex 8.4 29.8608 1
      vertex 7.8 30.9 0
    endloop
  endfacet
  facet normal 0.866047 0.499963 -0
    outer loop
      vertex 8.85 29.0813 0
      vertex 8.4 29.8608 1
      vertex 8.85 29.0813 1
    endloop
  endfacet
  facet normal 0.866031 0.49999 -2.85709e-05
    outer loop
      vertex 8.4 29.8608 1
      vertex 8.85 29.0813 0
      vertex 7.8 30.9 0
    endloop
  endfacet
  facet normal -0.866031 -0.49999 0
    outer loop
      vertex 17.6 30.9 0
      vertex 16.55 32.7187 1.6
      vertex 16.55 32.7187 0
    endloop
  endfacet
  facet normal -0.866031 -0.49999 0
    outer loop
      vertex 16.55 32.7187 1.6
      vertex 17.6 30.9 0
      vertex 17.6 30.9 1.6
    endloop
  endfacet
  facet normal 0.866031 -0.49999 0
    outer loop
      vertex 13.4 30.9 1.6
      vertex 14.45 32.7187 0
      vertex 14.45 32.7187 1.6
    endloop
  endfacet
  facet normal 0.866031 -0.49999 0
    outer loop
      vertex 14.45 32.7187 0
      vertex 13.4 30.9 1.6
      vertex 13.4 30.9 0
    endloop
  endfacet
  facet normal 0 -1 0
    outer loop
      vertex 14.45 32.7187 0
      vertex 16.55 32.7187 1.6
      vertex 14.45 32.7187 1.6
    endloop
  endfacet
  facet normal 0 -1 -0
    outer loop
      vertex 16.55 32.7187 1.6
      vertex 14.45 32.7187 0
      vertex 16.55 32.7187 0
    endloop
  endfacet
  facet normal -0.866031 0.49999 0
    outer loop
      vertex 16.55 29.0813 0
      vertex 17.6 30.9 1.6
      vertex 17.6 30.9 0
    endloop
  endfacet
  facet normal -0.866031 0.49999 0
    outer loop
      vertex 17.6 30.9 1.6
      vertex 16.55 29.0813 0
      vertex 16.55 29.0813 1.6
    endloop
  endfacet
  facet normal 0 1 -0
    outer loop
      vertex 16.55 29.0813 0
      vertex 14.45 29.0813 1.6
      vertex 16.55 29.0813 1.6
    endloop
  endfacet
  facet normal 0 1 0
    outer loop
      vertex 14.45 29.0813 1.6
      vertex 16.55 29.0813 0
      vertex 14.45 29.0813 0
    endloop
  endfacet
  facet normal 0.866031 0.49999 0
    outer loop
      vertex 14.45 29.0813 1.6
      vertex 13.4 30.9 0
      vertex 13.4 30.9 1.6
    endloop
  endfacet
  facet normal 0.866031 0.49999 0
    outer loop
      vertex 13.4 30.9 0
      vertex 14.45 29.0813 1.6
      vertex 14.45 29.0813 0
    endloop
  endfacet
  facet normal -0.866031 -0.49999 0
    outer loop
      vertex 14.8 35.772 0
      vertex 13.75 37.5907 1.6
      vertex 13.75 37.5907 0
    endloop
  endfacet
  facet normal -0.866031 -0.49999 0
    outer loop
      vertex 13.75 37.5907 1.6
      vertex 14.8 35.772 0
      vertex 14.8 35.772 1.6
    endloop
  endfacet
  facet normal 0.866031 -0.49999 0
    outer loop
      vertex 10.6 35.772 1.6
      vertex 11.65 37.5907 0
      vertex 11.65 37.5907 1.6
    endloop
  endfacet
  facet normal 0.866031 -0.49999 0
    outer loop
      vertex 11.65 37.5907 0
      vertex 10.6 35.772 1.6
      vertex 10.6 35.772 0
    endloop
  endfacet
  facet normal 0 -1 0
    outer loop
      vertex 11.65 37.5907 0
      vertex 13.75 37.5907 1.6
      vertex 11.65 37.5907 1.6
    endloop
  endfacet
  facet normal 0 -1 -0
    outer loop
      vertex 13.75 37.5907 1.6
      vertex 11.65 37.5907 0
      vertex 13.75 37.5907 0
    endloop
  endfacet
  facet normal 0.866031 0.49999 0
    outer loop
      vertex 11.65 33.9533 1.6
      vertex 10.6 35.772 0
      vertex 10.6 35.772 1.6
    endloop
  endfacet
  facet normal 0.866031 0.49999 0
    outer loop
      vertex 10.6 35.772 0
      vertex 11.65 33.9533 1.6
      vertex 11.65 33.9533 0
    endloop
  endfacet
  facet normal -0.866031 0.49999 0
    outer loop
      vertex 13.75 33.9533 0
      vertex 14.8 35.772 1.6
      vertex 14.8 35.772 0
    endloop
  endfacet
  facet normal -0.866031 0.49999 0
    outer loop
      vertex 14.8 35.772 1.6
      vertex 13.75 33.9533 0
      vertex 13.75 33.9533 1.6
    endloop
  endfacet
  facet normal 0 1 -0
    outer loop
      vertex 13.75 33.9533 0
      vertex 11.65 33.9533 1.6
      vertex 13.75 33.9533 1.6
    endloop
  endfacet
  facet normal 0 1 0
    outer loop
      vertex 11.65 33.9533 1.6
      vertex 13.75 33.9533 0
      vertex 11.65 33.9533 0
    endloop
  endfacet
  facet normal -0.866031 -0.49999 -0
    outer loop
      vertex 20.4 35.772 1
      vertex 19.35 37.5907 0
      vertex 20.4 35.772 0
    endloop
  endfacet
  facet normal -0.866031 -0.49999 0
    outer loop
      vertex 19.35 37.5907 0
      vertex 20.4 35.772 1
      vertex 19.35 37.5907 1.6
    endloop
  endfacet
  facet normal -0.866031 -0.49999 0
    outer loop
      vertex 19.35 37.5907 1.6
      vertex 20.4 35.772 1
      vertex 20.4 35.772 1.6
    endloop
  endfacet
  facet normal 0.866031 -0.49999 0
    outer loop
      vertex 16.2 35.772 1.6
      vertex 17.25 37.5907 0
      vertex 17.25 37.5907 1.6
    endloop
  endfacet
  facet normal 0.866031 -0.49999 0
    outer loop
      vertex 17.25 37.5907 0
      vertex 16.2 35.772 1.6
      vertex 16.2 35.772 0
    endloop
  endfacet
  facet normal 0 -1 0
    outer loop
      vertex 17.25 37.5907 0
      vertex 19.35 37.5907 1.6
      vertex 17.25 37.5907 1.6
    endloop
  endfacet
  facet normal 0 -1 -0
    outer loop
      vertex 19.35 37.5907 1.6
      vertex 17.25 37.5907 0
      vertex 19.35 37.5907 0
    endloop
  endfacet
  facet normal -0.866031 0.49999 0
    outer loop
      vertex 19.35 33.9533 0
      vertex 20.4 35.772 1
      vertex 20.4 35.772 0
    endloop
  endfacet
  facet normal -0.866031 0.49999 0
    outer loop
      vertex 19.35 33.9533 1.6
      vertex 20.4 35.772 1
      vertex 19.35 33.9533 0
    endloop
  endfacet
  facet normal -0.866031 0.49999 0
    outer loop
      vertex 20.4 35.772 1
      vertex 19.35 33.9533 1.6
      vertex 20.4 35.772 1.6
    endloop
  endfacet
  facet normal 0 1 -0
    outer loop
      vertex 19.35 33.9533 0
      vertex 17.25 33.9533 1.6
      vertex 19.35 33.9533 1.6
    endloop
  endfacet
  facet normal 0 1 0
    outer loop
      vertex 17.25 33.9533 1.6
      vertex 19.35 33.9533 0
      vertex 17.25 33.9533 0
    endloop
  endfacet
  facet normal 0.866031 0.49999 0
    outer loop
      vertex 17.25 33.9533 1.6
      vertex 16.2 35.772 0
      vertex 16.2 35.772 1.6
    endloop
  endfacet
  facet normal 0.866031 0.49999 0
    outer loop
      vertex 16.2 35.772 0
      vertex 17.25 33.9533 1.6
      vertex 17.25 33.9533 0
    endloop
  endfacet
  facet normal -0.866031 -0.49999 0
    outer loop
      vertex 12 40.644 0
      vertex 10.95 42.4627 1.6
      vertex 10.95 42.4627 0
    endloop
  endfacet
  facet normal -0.866031 -0.49999 0
    outer loop
      vertex 10.95 42.4627 1.6
      vertex 12 40.644 0
      vertex 12 40.644 1.6
    endloop
  endfacet
  facet normal 0.866019 -0.500011 0
    outer loop
      vertex 8.4 41.6832 1.6
      vertex 7.8 40.644 1.6
      vertex 8.4 41.6832 1
    endloop
  endfacet
  facet normal 0.866047 -0.499963 0
    outer loop
      vertex 8.4 41.6832 1
      vertex 8.85 42.4627 0
      vertex 8.85 42.4627 1
    endloop
  endfacet
  facet normal 0.866019 -0.500011 0
    outer loop
      vertex 7.8 40.644 0
      vertex 8.4 41.6832 1
      vertex 7.8 40.644 1.6
    endloop
  endfacet
  facet normal 0.866031 -0.49999 -2.85709e-05
    outer loop
      vertex 8.4 41.6832 1
      vertex 7.8 40.644 0
      vertex 8.85 42.4627 0
    endloop
  endfacet
  facet normal 0 -1 0
    outer loop
      vertex 8.85 42.4627 1
      vertex 8.85 42.4627 0
      vertex 10 42.4627 1
    endloop
  endfacet
  facet normal 0 -1 0
    outer loop
      vertex 10 42.4627 1
      vertex 10.95 42.4627 1.6
      vertex 10 42.4627 1.6
    endloop
  endfacet
  facet normal 0 -1 0
    outer loop
      vertex 10.95 42.4627 0
      vertex 10 42.4627 1
      vertex 8.85 42.4627 0
    endloop
  endfacet
  facet normal 0 -1 0
    outer loop
      vertex 10 42.4627 1
      vertex 10.95 42.4627 0
      vertex 10.95 42.4627 1.6
    endloop
  endfacet
  facet normal 0.866019 0.500011 -0
    outer loop
      vertex 8.4 39.6048 1
      vertex 7.8 40.644 1.6
      vertex 8.4 39.6048 1.6
    endloop
  endfacet
  facet normal 0.866019 0.500011 0
    outer loop
      vertex 7.8 40.644 1.6
      vertex 8.4 39.6048 1
      vertex 7.8 40.644 0
    endloop
  endfacet
  facet normal 0.866047 0.499963 -0
    outer loop
      vertex 8.85 38.8253 0
      vertex 8.4 39.6048 1
      vertex 8.85 38.8253 1
    endloop
  endfacet
  facet normal 0.866031 0.49999 -2.85709e-05
    outer loop
      vertex 8.4 39.6048 1
      vertex 8.85 38.8253 0
      vertex 7.8 40.644 0
    endloop
  endfacet
  facet normal -0.866031 0.49999 0
    outer loop
      vertex 10.95 38.8253 0
      vertex 12 40.644 1.6
      vertex 12 40.644 0
    endloop
  endfacet
  facet normal -0.866031 0.49999 0
    outer loop
      vertex 12 40.644 1.6
      vertex 10.95 38.8253 0
      vertex 10.95 38.8253 1.6
    endloop
  endfacet
  facet normal 0 1 0
    outer loop
      vertex 10.95 38.8253 1.6
      vertex 10 38.8253 1
      vertex 10 38.8253 1.6
    endloop
  endfacet
  facet normal 0 1 -0
    outer loop
      vertex 10.95 38.8253 0
      vertex 10 38.8253 1
      vertex 10.95 38.8253 1.6
    endloop
  endfacet
  facet normal 0 1 0
    outer loop
      vertex 8.85 38.8253 0
      vertex 10 38.8253 1
      vertex 10.95 38.8253 0
    endloop
  endfacet
  facet normal 0 1 0
    outer loop
      vertex 10 38.8253 1
      vertex 8.85 38.8253 0
      vertex 8.85 38.8253 1
    endloop
  endfacet
  facet normal -0.866031 -0.49999 0
    outer loop
      vertex 17.6 40.644 0
      vertex 16.55 42.4627 1.6
      vertex 16.55 42.4627 0
    endloop
  endfacet
  facet normal -0.866031 -0.49999 0
    outer loop
      vertex 16.55 42.4627 1.6
      vertex 17.6 40.644 0
      vertex 17.6 40.644 1.6
    endloop
  endfacet
  facet normal 0.866031 -0.49999 0
    outer loop
      vertex 13.4 40.644 1.6
      vertex 14.45 42.4627 0
      vertex 14.45 42.4627 1.6
    endloop
  endfacet
  facet normal 0.866031 -0.49999 0
    outer loop
      vertex 14.45 42.4627 0
      vertex 13.4 40.644 1.6
      vertex 13.4 40.644 0
    endloop
  endfacet
  facet normal 0 -1 0
    outer loop
      vertex 14.45 42.4627 0
      vertex 16.55 42.4627 1.6
      vertex 14.45 42.4627 1.6
    endloop
  endfacet
  facet normal 0 -1 -0
    outer loop
      vertex 16.55 42.4627 1.6
      vertex 14.45 42.4627 0
      vertex 16.55 42.4627 0
    endloop
  endfacet
  facet normal -0.866031 0.49999 0
    outer loop
      vertex 16.55 38.8253 0
      vertex 17.6 40.644 1.6
      vertex 17.6 40.644 0
    endloop
  endfacet
  facet normal -0.866031 0.49999 0
    outer loop
      vertex 17.6 40.644 1.6
      vertex 16.55 38.8253 0
      vertex 16.55 38.8253 1.6
    endloop
  endfacet
  facet normal 0 1 -0
    outer loop
      vertex 16.55 38.8253 0
      vertex 14.45 38.8253 1.6
      vertex 16.55 38.8253 1.6
    endloop
  endfacet
  facet normal 0 1 0
    outer loop
      vertex 14.45 38.8253 1.6
      vertex 16.55 38.8253 0
      vertex 14.45 38.8253 0
    endloop
  endfacet
  facet normal 0.866031 0.49999 0
    outer loop
      vertex 14.45 38.8253 1.6
      vertex 13.4 40.644 0
      vertex 13.4 40.644 1.6
    endloop
  endfacet
  facet normal 0.866031 0.49999 0
    outer loop
      vertex 13.4 40.644 0
      vertex 14.45 38.8253 1.6
      vertex 14.45 38.8253 0
    endloop
  endfacet
  facet normal 0 0 -1
    outer loop
      vertex 77.4 9.4 14.3
      vertex 79.8 12.4 14.3
      vertex 79.8 9.4 14.3
    endloop
  endfacet
  facet normal -0 0 -1
    outer loop
      vertex 79.8 12.4 14.3
      vertex 77.4 9.4 14.3
      vertex 77.4 12.4 14.3
    endloop
  endfacet
  facet normal 0 -1 0
    outer loop
      vertex 77.4 12.4 10.3
      vertex 79.8 12.4 14.3
      vertex 77.4 12.4 14.3
    endloop
  endfacet
  facet normal 0 -1 -0
    outer loop
      vertex 79.8 12.4 14.3
      vertex 77.4 12.4 10.3
      vertex 79.8 12.4 10.3
    endloop
  endfacet
  facet normal -0 0 1
    outer loop
      vertex 77.4 12.4 10.3
      vertex 79.8 9.4 10.3
      vertex 79.8 12.4 10.3
    endloop
  endfacet
  facet normal 0 0 1
    outer loop
      vertex 79.8 9.4 10.3
      vertex 77.4 12.4 10.3
      vertex 77.4 9.4 10.3
    endloop
  endfacet
  facet normal 0 1 -0
    outer loop
      vertex 79.8 9.4 10.3
      vertex 77.4 9.4 14.3
      vertex 79.8 9.4 14.3
    endloop
  endfacet
  facet normal 0 1 0
    outer loop
      vertex 77.4 9.4 14.3
      vertex 79.8 9.4 10.3
      vertex 77.4 9.4 10.3
    endloop
  endfacet
  facet normal 0 0 -1
    outer loop
      vertex 77.4 15.4 14.3
      vertex 79.8 18.4 14.3
      vertex 79.8 15.4 14.3
    endloop
  endfacet
  facet normal -0 0 -1
    outer loop
      vertex 79.8 18.4 14.3
      vertex 77.4 15.4 14.3
      vertex 77.4 18.4 14.3
    endloop
  endfacet
  facet normal 0 -1 0
    outer loop
      vertex 77.4 18.4 10.3
      vertex 79.8 18.4 14.3
      vertex 77.4 18.4 14.3
    endloop
  endfacet
  facet normal 0 -1 -0
    outer loop
      vertex 79.8 18.4 14.3
      vertex 77.4 18.4 10.3
      vertex 79.8 18.4 10.3
    endloop
  endfacet
  facet normal -0 0 1
    outer loop
      vertex 77.4 18.4 10.3
      vertex 79.8 15.4 10.3
      vertex 79.8 18.4 10.3
    endloop
  endfacet
  facet normal 0 0 1
    outer loop
      vertex 79.8 15.4 10.3
      vertex 77.4 18.4 10.3
      vertex 77.4 15.4 10.3
    endloop
  endfacet
  facet normal 0 1 -0
    outer loop
      vertex 79.8 15.4 10.3
      vertex 77.4 15.4 14.3
      vertex 79.8 15.4 14.3
    endloop
  endfacet
  facet normal 0 1 0
    outer loop
      vertex 77.4 15.4 14.3
      vertex 79.8 15.4 10.3
      vertex 77.4 15.4 10.3
    endloop
  endfacet
  facet normal 0 0 -1
    outer loop
      vertex 77.4 21.4 14.3
      vertex 79.8 24.4 14.3
      vertex 79.8 21.4 14.3
    endloop
  endfacet
  facet normal -0 0 -1
    outer loop
      vertex 79.8 24.4 14.3
      vertex 77.4 21.4 14.3
      vertex 77.4 24.4 14.3
    endloop
  endfacet
  facet normal 0 -1 0
    outer loop
      vertex 77.4 24.4 10.3
      vertex 79.8 24.4 14.3
      vertex 77.4 24.4 14.3
    endloop
  endfacet
  facet normal 0 -1 -0
    outer loop
      vertex 79.8 24.4 14.3
      vertex 77.4 24.4 10.3
      vertex 79.8 24.4 10.3
    endloop
  endfacet
  facet normal -0 0 1
    outer loop
      vertex 77.4 24.4 10.3
      vertex 79.8 21.4 10.3
      vertex 79.8 24.4 10.3
    endloop
  endfacet
  facet normal 0 0 1
    outer loop
      vertex 79.8 21.4 10.3
      vertex 77.4 24.4 10.3
      vertex 77.4 21.4 10.3
    endloop
  endfacet
  facet normal 0 1 -0
    outer loop
      vertex 79.8 21.4 10.3
      vertex 77.4 21.4 14.3
      vertex 79.8 21.4 14.3
    endloop
  endfacet
  facet normal 0 1 0
    outer loop
      vertex 77.4 21.4 14.3
      vertex 79.8 21.4 10.3
      vertex 77.4 21.4 10.3
    endloop
  endfacet
  facet normal 0 0 -1
    outer loop
      vertex 77.4 27.4 14.3
      vertex 79.8 30.4 14.3
      vertex 79.8 27.4 14.3
    endloop
  endfacet
  facet normal -0 0 -1
    outer loop
      vertex 79.8 30.4 14.3
      vertex 77.4 27.4 14.3
      vertex 77.4 30.4 14.3
    endloop
  endfacet
  facet normal 0 -1 0
    outer loop
      vertex 77.4 30.4 10.3
      vertex 79.8 30.4 14.3
      vertex 77.4 30.4 14.3
    endloop
  endfacet
  facet normal 0 -1 -0
    outer loop
      vertex 79.8 30.4 14.3
      vertex 77.4 30.4 10.3
      vertex 79.8 30.4 10.3
    endloop
  endfacet
  facet normal -0 0 1
    outer loop
      vertex 77.4 30.4 10.3
      vertex 79.8 27.4 10.3
      vertex 79.8 30.4 10.3
    endloop
  endfacet
  facet normal 0 0 1
    outer loop
      vertex 79.8 27.4 10.3
      vertex 77.4 30.4 10.3
      vertex 77.4 27.4 10.3
    endloop
  endfacet
  facet normal 0 1 -0
    outer loop
      vertex 79.8 27.4 10.3
      vertex 77.4 27.4 14.3
      vertex 79.8 27.4 14.3
    endloop
  endfacet
  facet normal 0 1 0
    outer loop
      vertex 77.4 27.4 14.3
      vertex 79.8 27.4 10.3
      vertex 77.4 27.4 10.3
    endloop
  endfacet
  facet normal 0 0 -1
    outer loop
      vertex 77.4 33.4 14.3
      vertex 79.8 36.4 14.3
      vertex 79.8 33.4 14.3
    endloop
  endfacet
  facet normal -0 0 -1
    outer loop
      vertex 79.8 36.4 14.3
      vertex 77.4 33.4 14.3
      vertex 77.4 36.4 14.3
    endloop
  endfacet
  facet normal 0 -1 0
    outer loop
      vertex 77.4 36.4 10.3
      vertex 79.8 36.4 14.3
      vertex 77.4 36.4 14.3
    endloop
  endfacet
  facet normal 0 -1 -0
    outer loop
      vertex 79.8 36.4 14.3
      vertex 77.4 36.4 10.3
      vertex 79.8 36.4 10.3
    endloop
  endfacet
  facet normal -0 0 1
    outer loop
      vertex 77.4 36.4 10.3
      vertex 79.8 33.4 10.3
      vertex 79.8 36.4 10.3
    endloop
  endfacet
  facet normal 0 0 1
    outer loop
      vertex 79.8 33.4 10.3
      vertex 77.4 36.4 10.3
      vertex 77.4 33.4 10.3
    endloop
  endfacet
  facet normal 0 1 -0
    outer loop
      vertex 79.8 33.4 10.3
      vertex 77.4 33.4 14.3
      vertex 79.8 33.4 14.3
    endloop
  endfacet
  facet normal 0 1 0
    outer loop
      vertex 77.4 33.4 14.3
      vertex 79.8 33.4 10.3
      vertex 77.4 33.4 10.3
    endloop
  endfacet
  facet normal 0 0 -1
    outer loop
      vertex 0 13.4 14.3
      vertex 2.4 16.4 14.3
      vertex 2.4 13.4 14.3
    endloop
  endfacet
  facet normal -0 0 -1
    outer loop
      vertex 2.4 16.4 14.3
      vertex 0 13.4 14.3
      vertex 0 16.4 14.3
    endloop
  endfacet
  facet normal 0 -1 0
    outer loop
      vertex 0 16.4 10.3
      vertex 2.4 16.4 14.3
      vertex 0 16.4 14.3
    endloop
  endfacet
  facet normal 0 -1 -0
    outer loop
      vertex 2.4 16.4 14.3
      vertex 0 16.4 10.3
      vertex 2.4 16.4 10.3
    endloop
  endfacet
  facet normal -0 0 1
    outer loop
      vertex 0 16.4 10.3
      vertex 2.4 13.4 10.3
      vertex 2.4 16.4 10.3
    endloop
  endfacet
  facet normal 0 0 1
    outer loop
      vertex 2.4 13.4 10.3
      vertex 0 16.4 10.3
      vertex 0 13.4 10.3
    endloop
  endfacet
  facet normal 0 1 -0
    outer loop
      vertex 2.4 13.4 10.3
      vertex 0 13.4 14.3
      vertex 2.4 13.4 14.3
    endloop
  endfacet
  facet normal 0 1 0
    outer loop
      vertex 0 13.4 14.3
      vertex 2.4 13.4 10.3
      vertex 0 13.4 10.3
    endloop
  endfacet
  facet normal 0 0 -1
    outer loop
      vertex 0 21.4 14.3
      vertex 2.4 24.4 14.3
      vertex 2.4 21.4 14.3
    endloop
  endfacet
  facet normal -0 0 -1
    outer loop
      vertex 2.4 24.4 14.3
      vertex 0 21.4 14.3
      vertex 0 24.4 14.3
    endloop
  endfacet
  facet normal 0 -1 0
    outer loop
      vertex 0 24.4 10.3
      vertex 2.4 24.4 14.3
      vertex 0 24.4 14.3
    endloop
  endfacet
  facet normal 0 -1 -0
    outer loop
      vertex 2.4 24.4 14.3
      vertex 0 24.4 10.3
      vertex 2.4 24.4 10.3
    endloop
  endfacet
  facet normal -0 0 1
    outer loop
      vertex 0 24.4 10.3
      vertex 2.4 21.4 10.3
      vertex 2.4 24.4 10.3
    endloop
  endfacet
  facet normal 0 0 1
    outer loop
      vertex 2.4 21.4 10.3
      vertex 0 24.4 10.3
      vertex 0 21.4 10.3
    endloop
  endfacet
  facet normal 0 1 -0
    outer loop
      vertex 2.4 21.4 10.3
      vertex 0 21.4 14.3
      vertex 2.4 21.4 14.3
    endloop
  endfacet
  facet normal 0 1 0
    outer loop
      vertex 0 21.4 14.3
      vertex 2.4 21.4 10.3
      vertex 0 21.4 10.3
    endloop
  endfacet
  facet normal 0 0 -1
    outer loop
      vertex 0 29.4 14.3
      vertex 2.4 32.4 14.3
      vertex 2.4 29.4 14.3
    endloop
  endfacet
  facet normal -0 0 -1
    outer loop
      vertex 2.4 32.4 14.3
      vertex 0 29.4 14.3
      vertex 0 32.4 14.3
    endloop
  endfacet
  facet normal 0 -1 0
    outer loop
      vertex 0 32.4 10.3
      vertex 2.4 32.4 14.3
      vertex 0 32.4 14.3
    endloop
  endfacet
  facet normal 0 -1 -0
    outer loop
      vertex 2.4 32.4 14.3
      vertex 0 32.4 10.3
      vertex 2.4 32.4 10.3
    endloop
  endfacet
  facet normal -0 0 1
    outer loop
      vertex 0 32.4 10.3
      vertex 2.4 29.4 10.3
      vertex 2.4 32.4 10.3
    endloop
  endfacet
  facet normal 0 0 1
    outer loop
      vertex 2.4 29.4 10.3
      vertex 0 32.4 10.3
      vertex 0 29.4 10.3
    endloop
  endfacet
  facet normal 0 1 -0
    outer loop
      vertex 2.4 29.4 10.3
      vertex 0 29.4 14.3
      vertex 2.4 29.4 14.3
    endloop
  endfacet
  facet normal 0 1 0
    outer loop
      vertex 0 29.4 14.3
      vertex 2.4 29.4 10.3
      vertex 0 29.4 10.3
    endloop
  endfacet
  facet normal 1 -0 0
    outer loop
      vertex 51.4 0 14.3
      vertex 51.4 2.4 10.3
      vertex 51.4 2.4 14.3
    endloop
  endfacet
  facet normal 1 0 0
    outer loop
      vertex 51.4 2.4 10.3
      vertex 51.4 0 14.3
      vertex 51.4 0 10.3
    endloop
  endfacet
  facet normal 0 0 -1
    outer loop
      vertex 51.4 0 14.3
      vertex 54.4 2.4 14.3
      vertex 54.4 0 14.3
    endloop
  endfacet
  facet normal -0 0 -1
    outer loop
      vertex 54.4 2.4 14.3
      vertex 51.4 0 14.3
      vertex 51.4 2.4 14.3
    endloop
  endfacet
  facet normal -1 0 0
    outer loop
      vertex 54.4 0 10.3
      vertex 54.4 2.4 14.3
      vertex 54.4 2.4 10.3
    endloop
  endfacet
  facet normal -1 -0 0
    outer loop
      vertex 54.4 2.4 14.3
      vertex 54.4 0 10.3
      vertex 54.4 0 14.3
    endloop
  endfacet
  facet normal -0 0 1
    outer loop
      vertex 51.4 2.4 10.3
      vertex 54.4 0 10.3
      vertex 54.4 2.4 10.3
    endloop
  endfacet
  facet normal 0 0 1
    outer loop
      vertex 54.4 0 10.3
      vertex 51.4 2.4 10.3
      vertex 51.4 0 10.3
    endloop
  endfacet
  facet normal 1 -0 0
    outer loop
      vertex 57.4 0 14.3
      vertex 57.4 2.4 10.3
      vertex 57.4 2.4 14.3
    endloop
  endfacet
  facet normal 1 0 0
    outer loop
      vertex 57.4 2.4 10.3
      vertex 57.4 0 14.3
      vertex 57.4 0 10.3
    endloop
  endfacet
  facet normal 0 0 -1
    outer loop
      vertex 57.4 0 14.3
      vertex 60.4 2.4 14.3
      vertex 60.4 0 14.3
    endloop
  endfacet
  facet normal -0 0 -1
    outer loop
      vertex 60.4 2.4 14.3
      vertex 57.4 0 14.3
      vertex 57.4 2.4 14.3
    endloop
  endfacet
  facet normal -1 0 0
    outer loop
      vertex 60.4 0 10.3
      vertex 60.4 2.4 14.3
      vertex 60.4 2.4 10.3
    endloop
  endfacet
  facet normal -1 -0 0
    outer loop
      vertex 60.4 2.4 14.3
      vertex 60.4 0 10.3
      vertex 60.4 0 14.3
    endloop
  endfacet
  facet normal -0 0 1
    outer loop
      vertex 57.4 2.4 10.3
      vertex 60.4 0 10.3
      vertex 60.4 2.4 10.3
    endloop
  endfacet
  facet normal 0 0 1
    outer loop
      vertex 60.4 0 10.3
      vertex 57.4 2.4 10.3
      vertex 57.4 0 10.3
    endloop
  endfacet
  facet normal 1 -0 0
    outer loop
      vertex 63.4 0 14.3
      vertex 63.4 2.4 10.3
      vertex 63.4 2.4 14.3
    endloop
  endfacet
  facet normal 1 0 0
    outer loop
      vertex 63.4 2.4 10.3
      vertex 63.4 0 14.3
      vertex 63.4 0 10.3
    endloop
  endfacet
  facet normal 0 0 -1
    outer loop
      vertex 63.4 0 14.3
      vertex 66.4 2.4 14.3
      vertex 66.4 0 14.3
    endloop
  endfacet
  facet normal -0 0 -1
    outer loop
      vertex 66.4 2.4 14.3
      vertex 63.4 0 14.3
      vertex 63.4 2.4 14.3
    endloop
  endfacet
  facet normal -1 0 0
    outer loop
      vertex 66.4 0 10.3
      vertex 66.4 2.4 14.3
      vertex 66.4 2.4 10.3
    endloop
  endfacet
  facet normal -1 -0 0
    outer loop
      vertex 66.4 2.4 14.3
      vertex 66.4 0 10.3
      vertex 66.4 0 14.3
    endloop
  endfacet
  facet normal -0 0 1
    outer loop
      vertex 63.4 2.4 10.3
      vertex 66.4 0 10.3
      vertex 66.4 2.4 10.3
    endloop
  endfacet
  facet normal 0 0 1
    outer loop
      vertex 66.4 0 10.3
      vertex 63.4 2.4 10.3
      vertex 63.4 0 10.3
    endloop
  endfacet
  facet normal 1 -0 0
    outer loop
      vertex 69.4 0 14.3
      vertex 69.4 2.4 10.3
      vertex 69.4 2.4 14.3
    endloop
  endfacet
  facet normal 1 0 0
    outer loop
      vertex 69.4 2.4 10.3
      vertex 69.4 0 14.3
      vertex 69.4 0 10.3
    endloop
  endfacet
  facet normal 0 0 -1
    outer loop
      vertex 69.4 0 14.3
      vertex 72.4 2.4 14.3
      vertex 72.4 0 14.3
    endloop
  endfacet
  facet normal -0 0 -1
    outer loop
      vertex 72.4 2.4 14.3
      vertex 69.4 0 14.3
      vertex 69.4 2.4 14.3
    endloop
  endfacet
  facet normal -1 0 0
    outer loop
      vertex 72.4 0 10.3
      vertex 72.4 2.4 14.3
      vertex 72.4 2.4 10.3
    endloop
  endfacet
  facet normal -1 -0 0
    outer loop
      vertex 72.4 2.4 14.3
      vertex 72.4 0 10.3
      vertex 72.4 0 14.3
    endloop
  endfacet
  facet normal -0 0 1
    outer loop
      vertex 69.4 2.4 10.3
      vertex 72.4 0 10.3
      vertex 72.4 2.4 10.3
    endloop
  endfacet
  facet normal 0 0 1
    outer loop
      vertex 72.4 0 10.3
      vertex 69.4 2.4 10.3
      vertex 69.4 0 10.3
    endloop
  endfacet
  facet normal -1 0 0
    outer loop
      vertex 63.4 47.4 10.1
      vertex 63.4 49.8 10.3
      vertex 63.4 49.8 10.1
    endloop
  endfacet
  facet normal -1 -0 0
    outer loop
      vertex 63.4 49.8 10.3
      vertex 63.4 47.4 10.1
      vertex 63.4 47.4 10.3
    endloop
  endfacet
  facet normal -1 0 0
    outer loop
      vertex 63.4 47.4 14.3
      vertex 63.4 49.8 16.6
      vertex 63.4 49.8 14.3
    endloop
  endfacet
  facet normal -1 -0 0
    outer loop
      vertex 63.4 49.8 16.6
      vertex 63.4 47.4 14.3
      vertex 63.4 47.4 16.6
    endloop
  endfacet
  facet normal 0 0 -1
    outer loop
      vertex 63.4 47.4 14.3
      vertex 66.4 49.8 14.3
      vertex 66.4 47.4 14.3
    endloop
  endfacet
  facet normal -0 0 -1
    outer loop
      vertex 66.4 49.8 14.3
      vertex 63.4 47.4 14.3
      vertex 63.4 49.8 14.3
    endloop
  endfacet
  facet normal -1 0 0
    outer loop
      vertex 66.4 47.4 10.3
      vertex 66.4 49.8 14.3
      vertex 66.4 49.8 10.3
    endloop
  endfacet
  facet normal -1 -0 0
    outer loop
      vertex 66.4 49.8 14.3
      vertex 66.4 47.4 10.3
      vertex 66.4 47.4 14.3
    endloop
  endfacet
  facet normal -0 0 1
    outer loop
      vertex 63.4 49.8 10.3
      vertex 66.4 47.4 10.3
      vertex 66.4 49.8 10.3
    endloop
  endfacet
  facet normal 0 0 1
    outer loop
      vertex 66.4 47.4 10.3
      vertex 63.4 49.8 10.3
      vertex 63.4 47.4 10.3
    endloop
  endfacet
  facet normal 1 -0 0
    outer loop
      vertex 69.4 47.4 14.3
      vertex 69.4 49.8 10.3
      vertex 69.4 49.8 14.3
    endloop
  endfacet
  facet normal 1 0 0
    outer loop
      vertex 69.4 49.8 10.3
      vertex 69.4 47.4 14.3
      vertex 69.4 47.4 10.3
    endloop
  endfacet
  facet normal 0 0 -1
    outer loop
      vertex 69.4 47.4 14.3
      vertex 72.4 49.8 14.3
      vertex 72.4 47.4 14.3
    endloop
  endfacet
  facet normal -0 0 -1
    outer loop
      vertex 72.4 49.8 14.3
      vertex 69.4 47.4 14.3
      vertex 69.4 49.8 14.3
    endloop
  endfacet
  facet normal -1 0 0
    outer loop
      vertex 72.4 47.4 10.3
      vertex 72.4 49.8 14.3
      vertex 72.4 49.8 10.3
    endloop
  endfacet
  facet normal -1 -0 0
    outer loop
      vertex 72.4 49.8 14.3
      vertex 72.4 47.4 10.3
      vertex 72.4 47.4 14.3
    endloop
  endfacet
  facet normal -0 0 1
    outer loop
      vertex 69.4 49.8 10.3
      vertex 72.4 47.4 10.3
      vertex 72.4 49.8 10.3
    endloop
  endfacet
  facet normal 0 0 1
    outer loop
      vertex 72.4 47.4 10.3
      vertex 69.4 49.8 10.3
      vertex 69.4 47.4 10.3
    endloop
  endfacet
  facet normal 1 -0 0
    outer loop
      vertex 8.4 47.4 14.3
      vertex 8.4 49.8 10.3
      vertex 8.4 49.8 14.3
    endloop
  endfacet
  facet normal 1 0 0
    outer loop
      vertex 8.4 49.8 10.3
      vertex 8.4 47.4 14.3
      vertex 8.4 47.4 10.3
    endloop
  endfacet
  facet normal 0 0 -1
    outer loop
      vertex 8.4 47.4 14.3
      vertex 11.4 49.8 14.3
      vertex 11.4 47.4 14.3
    endloop
  endfacet
  facet normal -0 0 -1
    outer loop
      vertex 11.4 49.8 14.3
      vertex 8.4 47.4 14.3
      vertex 8.4 49.8 14.3
    endloop
  endfacet
  facet normal -1 0 0
    outer loop
      vertex 11.4 47.4 10.3
      vertex 11.4 49.8 14.3
      vertex 11.4 49.8 10.3
    endloop
  endfacet
  facet normal -1 -0 0
    outer loop
      vertex 11.4 49.8 14.3
      vertex 11.4 47.4 10.3
      vertex 11.4 47.4 14.3
    endloop
  endfacet
  facet normal -0 0 1
    outer loop
      vertex 8.4 49.8 10.3
      vertex 11.4 47.4 10.3
      vertex 11.4 49.8 10.3
    endloop
  endfacet
  facet normal 0 0 1
    outer loop
      vertex 11.4 47.4 10.3
      vertex 8.4 49.8 10.3
      vertex 8.4 47.4 10.3
    endloop
  endfacet
  facet normal 1 -0 0
    outer loop
      vertex 14.4 47.4 14.3
      vertex 14.4 49.8 10.3
      vertex 14.4 49.8 14.3
    endloop
  endfacet
  facet normal 1 0 0
    outer loop
      vertex 14.4 49.8 10.3
      vertex 14.4 47.4 14.3
      vertex 14.4 47.4 10.3
    endloop
  endfacet
  facet normal 0 0 -1
    outer loop
      vertex 14.4 47.4 14.3
      vertex 17.4 49.8 14.3
      vertex 17.4 47.4 14.3
    endloop
  endfacet
  facet normal -0 0 -1
    outer loop
      vertex 17.4 49.8 14.3
      vertex 14.4 47.4 14.3
      vertex 14.4 49.8 14.3
    endloop
  endfacet
  facet normal -1 0 0
    outer loop
      vertex 17.4 47.4 10.3
      vertex 17.4 49.8 14.3
      vertex 17.4 49.8 10.3
    endloop
  endfacet
  facet normal -1 -0 0
    outer loop
      vertex 17.4 49.8 14.3
      vertex 17.4 47.4 10.3
      vertex 17.4 47.4 14.3
    endloop
  endfacet
  facet normal -0 0 1
    outer loop
      vertex 14.4 49.8 10.3
      vertex 17.4 47.4 10.3
      vertex 17.4 49.8 10.3
    endloop
  endfacet
  facet normal 0 0 1
    outer loop
      vertex 17.4 47.4 10.3
      vertex 14.4 49.8 10.3
      vertex 14.4 47.4 10.3
    endloop
  endfacet
  facet normal 1 -0 0
    outer loop
      vertex 20.4 47.4 14.3
      vertex 20.4 49.8 10.3
      vertex 20.4 49.8 14.3
    endloop
  endfacet
  facet normal 1 0 0
    outer loop
      vertex 20.4 49.8 10.3
      vertex 20.4 47.4 14.3
      vertex 20.4 47.4 10.3
    endloop
  endfacet
  facet normal 0 0 -1
    outer loop
      vertex 20.4 47.4 14.3
      vertex 23.4 49.8 14.3
      vertex 23.4 47.4 14.3
    endloop
  endfacet
  facet normal -0 0 -1
    outer loop
      vertex 23.4 49.8 14.3
      vertex 20.4 47.4 14.3
      vertex 20.4 49.8 14.3
    endloop
  endfacet
  facet normal -1 0 0
    outer loop
      vertex 23.4 47.4 10.3
      vertex 23.4 49.8 14.3
      vertex 23.4 49.8 10.3
    endloop
  endfacet
  facet normal -1 -0 0
    outer loop
      vertex 23.4 49.8 14.3
      vertex 23.4 47.4 10.3
      vertex 23.4 47.4 14.3
    endloop
  endfacet
  facet normal -0 0 1
    outer loop
      vertex 20.4 49.8 10.3
      vertex 23.4 47.4 10.3
      vertex 23.4 49.8 10.3
    endloop
  endfacet
  facet normal 0 0 1
    outer loop
      vertex 23.4 47.4 10.3
      vertex 20.4 49.8 10.3
      vertex 20.4 47.4 10.3
    endloop
  endfacet
  facet normal 0 1 -0
    outer loop
      vertex 75.4 2.4 1.6
      vertex 63.4 2.4 7.6
      vertex 75.4 2.4 7.6
    endloop
  endfacet
  facet normal 0 1 0
    outer loop
      vertex 4.4 2.4 1.6
      vertex 63.4 2.4 7.6
      vertex 75.4 2.4 1.6
    endloop
  endfacet
  facet normal 0 1 0
    outer loop
      vertex 63.4 2.4 7.6
      vertex 4.4 2.4 1.6
      vertex 8.4 2.4 7.6
    endloop
  endfacet
  facet normal 0 1 0
    outer loop
      vertex 8.4 2.4 7.6
      vertex 4.4 2.4 1.6
      vertex 4.4 2.4 7.6
    endloop
  endfacet
  facet normal 0 1 0
    outer loop
      vertex 8.4 2.4 7.6
      vertex 34.4 2.4 9.9
      vertex 63.4 2.4 7.6
    endloop
  endfacet
  facet normal 0 1 0
    outer loop
      vertex 34.4 2.4 9.9
      vertex 8.4 2.4 7.6
      vertex 8.4 2.4 9.1
    endloop
  endfacet
  facet normal 0 1 -0
    outer loop
      vertex 57.4 2.4 10.3
      vertex 54.4 2.4 14.3
      vertex 57.4 2.4 14.3
    endloop
  endfacet
  facet normal 0 1 0
    outer loop
      vertex 54.4 2.4 14.3
      vertex 57.4 2.4 10.3
      vertex 54.4 2.4 10.3
    endloop
  endfacet
  facet normal 0 1 -0
    outer loop
      vertex 63.4 2.4 10.3
      vertex 60.4 2.4 14.3
      vertex 63.4 2.4 14.3
    endloop
  endfacet
  facet normal 0 1 0
    outer loop
      vertex 60.4 2.4 14.3
      vertex 63.4 2.4 10.3
      vertex 60.4 2.4 10.3
    endloop
  endfacet
  facet normal 0 1 -0
    outer loop
      vertex 69.4 2.4 10.3
      vertex 66.4 2.4 14.3
      vertex 69.4 2.4 14.3
    endloop
  endfacet
  facet normal 0 1 0
    outer loop
      vertex 66.4 2.4 14.3
      vertex 69.4 2.4 10.3
      vertex 66.4 2.4 10.3
    endloop
  endfacet
  facet normal 0 1 0
    outer loop
      vertex 75.4 2.4 17.7
      vertex 45.4 2.4 14.5
      vertex 4.4 2.4 17.7
    endloop
  endfacet
  facet normal 0 1 0
    outer loop
      vertex 69.4 2.4 14.3
      vertex 75.4 2.4 17.7
      vertex 72.4 2.4 14.3
    endloop
  endfacet
  facet normal 0 1 -0
    outer loop
      vertex 75.4 2.4 9.1
      vertex 72.4 2.4 14.3
      vertex 75.4 2.4 17.7
    endloop
  endfacet
  facet normal 0 1 0
    outer loop
      vertex 75.4 2.4 9.1
      vertex 69.4 2.4 10.3
      vertex 72.4 2.4 10.3
    endloop
  endfacet
  facet normal 0 1 0
    outer loop
      vertex 69.4 2.4 10.3
      vertex 63.4 2.4 9.1
      vertex 66.4 2.4 10.3
    endloop
  endfacet
  facet normal 0 1 0
    outer loop
      vertex 66.4 2.4 10.3
      vertex 63.4 2.4 9.1
      vertex 63.4 2.4 10.3
    endloop
  endfacet
  facet normal 0 1 0
    outer loop
      vertex 63.4 2.4 10.3
      vertex 63.4 2.4 9.1
      vertex 60.4 2.4 10.3
    endloop
  endfacet
  facet normal 0 1 -0
    outer loop
      vertex 63.4 2.4 7.6
      vertex 60.4 2.4 10.3
      vertex 63.4 2.4 9.1
    endloop
  endfacet
  facet normal 0 1 0
    outer loop
      vertex 60.4 2.4 10.3
      vertex 63.4 2.4 7.6
      vertex 57.4 2.4 10.3
    endloop
  endfacet
  facet normal 0 1 0
    outer loop
      vertex 57.4 2.4 10.3
      vertex 63.4 2.4 7.6
      vertex 54.4 2.4 10.3
    endloop
  endfacet
  facet normal 0 1 0
    outer loop
      vertex 54.4 2.4 10.3
      vertex 63.4 2.4 7.6
      vertex 51.4 2.4 10.3
    endloop
  endfacet
  facet normal 0 1 0
    outer loop
      vertex 69.4 2.4 10.3
      vertex 75.4 2.4 9.1
      vertex 63.4 2.4 9.1
    endloop
  endfacet
  facet normal 0 1 0
    outer loop
      vertex 72.4 2.4 14.3
      vertex 75.4 2.4 9.1
      vertex 72.4 2.4 10.3
    endloop
  endfacet
  facet normal 0 1 -0
    outer loop
      vertex 34.4 2.4 14.5
      vertex 4.4 2.4 17.7
      vertex 45.4 2.4 14.5
    endloop
  endfacet
  facet normal 0 1 0
    outer loop
      vertex 8.4 2.4 9.1
      vertex 34.4 2.4 14.5
      vertex 34.4 2.4 9.9
    endloop
  endfacet
  facet normal 0 1 0
    outer loop
      vertex 51.4 2.4 10.3
      vertex 63.4 2.4 7.6
      vertex 45.4 2.4 9.9
    endloop
  endfacet
  facet normal 0 1 0
    outer loop
      vertex 45.4 2.4 9.9
      vertex 63.4 2.4 7.6
      vertex 34.4 2.4 9.9
    endloop
  endfacet
  facet normal 0 1 0
    outer loop
      vertex 34.4 2.4 14.5
      vertex 8.4 2.4 9.1
      vertex 4.4 2.4 17.7
    endloop
  endfacet
  facet normal 0 1 0
    outer loop
      vertex 4.4 2.4 17.7
      vertex 8.4 2.4 9.1
      vertex 4.4 2.4 9.1
    endloop
  endfacet
  facet normal 0 1 0
    outer loop
      vertex 66.4 2.4 14.3
      vertex 75.4 2.4 17.7
      vertex 69.4 2.4 14.3
    endloop
  endfacet
  facet normal 0 1 0
    outer loop
      vertex 63.4 2.4 14.3
      vertex 75.4 2.4 17.7
      vertex 66.4 2.4 14.3
    endloop
  endfacet
  facet normal 0 1 0
    outer loop
      vertex 60.4 2.4 14.3
      vertex 75.4 2.4 17.7
      vertex 63.4 2.4 14.3
    endloop
  endfacet
  facet normal 0 1 0
    outer loop
      vertex 57.4 2.4 14.3
      vertex 75.4 2.4 17.7
      vertex 60.4 2.4 14.3
    endloop
  endfacet
  facet normal 0 1 0
    outer loop
      vertex 54.4 2.4 14.3
      vertex 75.4 2.4 17.7
      vertex 57.4 2.4 14.3
    endloop
  endfacet
  facet normal 0 1 0
    outer loop
      vertex 51.4 2.4 14.3
      vertex 75.4 2.4 17.7
      vertex 54.4 2.4 14.3
    endloop
  endfacet
  facet normal 0 1 0
    outer loop
      vertex 75.4 2.4 17.7
      vertex 51.4 2.4 14.3
      vertex 45.4 2.4 14.5
    endloop
  endfacet
  facet normal 0 1 -0
    outer loop
      vertex 51.4 2.4 10.3
      vertex 45.4 2.4 14.5
      vertex 51.4 2.4 14.3
    endloop
  endfacet
  facet normal 0 1 0
    outer loop
      vertex 45.4 2.4 14.5
      vertex 51.4 2.4 10.3
      vertex 45.4 2.4 9.9
    endloop
  endfacet
  facet normal -0.0653771 0.997861 0
    outer loop
      vertex 75.661 2.4171 1.6
      vertex 75.4 2.4 7.6
      vertex 75.661 2.4171 7.6
    endloop
  endfacet
  facet normal -0.0653771 0.997861 0
    outer loop
      vertex 75.4 2.4 7.6
      vertex 75.661 2.4171 1.6
      vertex 75.4 2.4 1.6
    endloop
  endfacet
  facet normal -0.0653771 0.997861 0
    outer loop
      vertex 75.661 2.4171 9.1
      vertex 75.4 2.4 17.7
      vertex 75.661 2.4171 17.7
    endloop
  endfacet
  facet normal -0.0653771 0.997861 0
    outer loop
      vertex 75.4 2.4 17.7
      vertex 75.661 2.4171 9.1
      vertex 75.4 2.4 9.1
    endloop
  endfacet
  facet normal -0.195124 0.980779 0
    outer loop
      vertex 75.9176 2.46815 1.6
      vertex 75.661 2.4171 7.6
      vertex 75.9176 2.46815 7.6
    endloop
  endfacet
  facet normal -0.195124 0.980779 0
    outer loop
      vertex 75.661 2.4171 7.6
      vertex 75.9176 2.46815 1.6
      vertex 75.661 2.4171 1.6
    endloop
  endfacet
  facet normal -0.195124 0.980779 0
    outer loop
      vertex 75.9176 2.46815 9.1
      vertex 75.661 2.4171 17.7
      vertex 75.9176 2.46815 17.7
    endloop
  endfacet
  facet normal -0.195124 0.980779 0
    outer loop
      vertex 75.661 2.4171 17.7
      vertex 75.9176 2.46815 9.1
      vertex 75.661 2.4171 9.1
    endloop
  endfacet
  facet normal 0.0653646 -0.997861 0
    outer loop
      vertex 4.13895 47.3829 1.6
      vertex 4.4 47.4 7.6
      vertex 4.13895 47.3829 7.6
    endloop
  endfacet
  facet normal 0.0653646 -0.997861 0
    outer loop
      vertex 4.4 47.4 7.6
      vertex 4.13895 47.3829 1.6
      vertex 4.4 47.4 1.6
    endloop
  endfacet
  facet normal 0.0653646 -0.997861 0
    outer loop
      vertex 4.13895 47.3829 9.1
      vertex 4.4 47.4 17.7
      vertex 4.13895 47.3829 17.7
    endloop
  endfacet
  facet normal 0.0653646 -0.997861 0
    outer loop
      vertex 4.4 47.4 17.7
      vertex 4.13895 47.3829 9.1
      vertex 4.4 47.4 9.1
    endloop
  endfacet
  facet normal 0.442268 0.896883 -0
    outer loop
      vertex 3.63463 2.55224 1.6
      vertex 3.4 2.66794 7.6
      vertex 3.63463 2.55224 7.6
    endloop
  endfacet
  facet normal 0.442268 0.896883 0
    outer loop
      vertex 3.4 2.66794 7.6
      vertex 3.63463 2.55224 1.6
      vertex 3.4 2.66794 1.6
    endloop
  endfacet
  facet normal 0.442268 0.896883 -0
    outer loop
      vertex 3.63463 2.55224 9.1
      vertex 3.4 2.66794 17.7
      vertex 3.63463 2.55224 17.7
    endloop
  endfacet
  facet normal 0.442268 0.896883 0
    outer loop
      vertex 3.4 2.66794 17.7
      vertex 3.63463 2.55224 9.1
      vertex 3.4 2.66794 9.1
    endloop
  endfacet
  facet normal -0.0653771 -0.997861 0
    outer loop
      vertex 75.4 47.4 1.6
      vertex 75.661 47.3829 7.6
      vertex 75.4 47.4 7.6
    endloop
  endfacet
  facet normal -0.0653771 -0.997861 -0
    outer loop
      vertex 75.661 47.3829 7.6
      vertex 75.4 47.4 1.6
      vertex 75.661 47.3829 1.6
    endloop
  endfacet
  facet normal -0.0653771 -0.997861 0
    outer loop
      vertex 75.4 47.4 9.1
      vertex 75.661 47.3829 17.7
      vertex 75.4 47.4 17.7
    endloop
  endfacet
  facet normal -0.0653771 -0.997861 -0
    outer loop
      vertex 75.661 47.3829 17.7
      vertex 75.4 47.4 9.1
      vertex 75.661 47.3829 9.1
    endloop
  endfacet
  facet normal 0.659362 -0.751826 0
    outer loop
      vertex 2.98578 46.8142 1.6
      vertex 3.18247 46.9867 7.6
      vertex 2.98578 46.8142 7.6
    endloop
  endfacet
  facet normal 0.659362 -0.751826 0
    outer loop
      vertex 3.18247 46.9867 7.6
      vertex 2.98578 46.8142 1.6
      vertex 3.18247 46.9867 1.6
    endloop
  endfacet
  facet normal 0.659362 -0.751826 0
    outer loop
      vertex 2.98578 46.8142 9.1
      vertex 3.18247 46.9867 17.7
      vertex 2.98578 46.8142 17.7
    endloop
  endfacet
  facet normal 0.659362 -0.751826 0
    outer loop
      vertex 3.18247 46.9867 17.7
      vertex 2.98578 46.8142 9.1
      vertex 3.18247 46.9867 9.1
    endloop
  endfacet
  facet normal 0 -1 0
    outer loop
      vertex 4.4 47.4 1.6
      vertex 8.4 47.4 7.6
      vertex 4.4 47.4 7.6
    endloop
  endfacet
  facet normal 0 -1 -0
    outer loop
      vertex 8.4 47.4 7.6
      vertex 4.4 47.4 1.6
      vertex 63.4 47.4 7.6
    endloop
  endfacet
  facet normal 0 -1 0
    outer loop
      vertex 75.4 47.4 1.6
      vertex 63.4 47.4 7.6
      vertex 4.4 47.4 1.6
    endloop
  endfacet
  facet normal 0 -1 0
    outer loop
      vertex 63.4 47.4 7.6
      vertex 75.4 47.4 1.6
      vertex 75.4 47.4 7.6
    endloop
  endfacet
  facet normal 0 -1 0
    outer loop
      vertex 34.9 47.4 10.1
      vertex 63.4 47.4 7.6
      vertex 44.9 47.4 10.1
    endloop
  endfacet
  facet normal 0 -1 0
    outer loop
      vertex 44.9 47.4 10.1
      vertex 63.4 47.4 7.6
      vertex 63.4 47.4 9.1
    endloop
  endfacet
  facet normal 0 -1 0
    outer loop
      vertex 63.4 47.4 10.1
      vertex 66.4 47.4 10.3
      vertex 63.4 47.4 10.3
    endloop
  endfacet
  facet normal 0 -1 0
    outer loop
      vertex 63.4 47.4 9.1
      vertex 66.4 47.4 10.3
      vertex 63.4 47.4 10.1
    endloop
  endfacet
  facet normal 0 -1 -0
    outer loop
      vertex 66.4 47.4 10.3
      vertex 63.4 47.4 9.1
      vertex 69.4 47.4 10.3
    endloop
  endfacet
  facet normal 0 -1 0
    outer loop
      vertex 23.4 47.4 10.3
      vertex 34.9 47.4 14.1
      vertex 23.4 47.4 14.3
    endloop
  endfacet
  facet normal 0 -1 -0
    outer loop
      vertex 34.9 47.4 14.1
      vertex 23.4 47.4 10.3
      vertex 34.9 47.4 10.1
    endloop
  endfacet
  facet normal 0 -1 0
    outer loop
      vertex 66.4 47.4 10.3
      vertex 69.4 47.4 14.3
      vertex 66.4 47.4 14.3
    endloop
  endfacet
  facet normal 0 -1 -0
    outer loop
      vertex 69.4 47.4 14.3
      vertex 66.4 47.4 10.3
      vertex 69.4 47.4 10.3
    endloop
  endfacet
  facet normal 0 -1 0
    outer loop
      vertex 17.4 47.4 10.3
      vertex 20.4 47.4 14.3
      vertex 17.4 47.4 14.3
    endloop
  endfacet
  facet normal 0 -1 -0
    outer loop
      vertex 20.4 47.4 14.3
      vertex 17.4 47.4 10.3
      vertex 20.4 47.4 10.3
    endloop
  endfacet
  facet normal 0 -1 0
    outer loop
      vertex 11.4 47.4 10.3
      vertex 14.4 47.4 14.3
      vertex 11.4 47.4 14.3
    endloop
  endfacet
  facet normal 0 -1 -0
    outer loop
      vertex 14.4 47.4 14.3
      vertex 11.4 47.4 10.3
      vertex 14.4 47.4 10.3
    endloop
  endfacet
  facet normal 0 -1 0
    outer loop
      vertex 4.4 47.4 17.7
      vertex 50.4 47.4 16.6
      vertex 75.4 47.4 17.7
    endloop
  endfacet
  facet normal 0 -1 0
    outer loop
      vertex 11.4 47.4 14.3
      vertex 4.4 47.4 17.7
      vertex 8.4 47.4 14.3
    endloop
  endfacet
  facet normal 0 -1 0
    outer loop
      vertex 4.4 47.4 9.1
      vertex 8.4 47.4 14.3
      vertex 4.4 47.4 17.7
    endloop
  endfacet
  facet normal 0 -1 0
    outer loop
      vertex 8.4 47.4 9.1
      vertex 11.4 47.4 10.3
      vertex 8.4 47.4 10.3
    endloop
  endfacet
  facet normal 0 -1 0
    outer loop
      vertex 8.4 47.4 7.6
      vertex 11.4 47.4 10.3
      vertex 8.4 47.4 9.1
    endloop
  endfacet
  facet normal 0 -1 -0
    outer loop
      vertex 11.4 47.4 10.3
      vertex 8.4 47.4 7.6
      vertex 14.4 47.4 10.3
    endloop
  endfacet
  facet normal 0 -1 -0
    outer loop
      vertex 14.4 47.4 10.3
      vertex 8.4 47.4 7.6
      vertex 17.4 47.4 10.3
    endloop
  endfacet
  facet normal 0 -1 -0
    outer loop
      vertex 17.4 47.4 10.3
      vertex 8.4 47.4 7.6
      vertex 20.4 47.4 10.3
    endloop
  endfacet
  facet normal 0 -1 0
    outer loop
      vertex 63.4 47.4 7.6
      vertex 34.9 47.4 10.1
      vertex 8.4 47.4 7.6
    endloop
  endfacet
  facet normal 0 -1 0
    outer loop
      vertex 44.9 47.4 10.1
      vertex 63.4 47.4 9.1
      vertex 50.4 47.4 10.1
    endloop
  endfacet
  facet normal 0 -1 -0
    outer loop
      vertex 20.4 47.4 10.3
      vertex 8.4 47.4 7.6
      vertex 23.4 47.4 10.3
    endloop
  endfacet
  facet normal 0 -1 0
    outer loop
      vertex 8.4 47.4 9.1
      vertex 8.4 47.4 10.3
      vertex 4.4 47.4 9.1
    endloop
  endfacet
  facet normal 0 -1 -0
    outer loop
      vertex 8.4 47.4 14.3
      vertex 4.4 47.4 9.1
      vertex 8.4 47.4 10.3
    endloop
  endfacet
  facet normal 0 -1 0
    outer loop
      vertex 63.4 47.4 16.6
      vertex 75.4 47.4 17.7
      vertex 50.4 47.4 16.6
    endloop
  endfacet
  facet normal 0 -1 0
    outer loop
      vertex 66.4 47.4 14.3
      vertex 63.4 47.4 16.6
      vertex 63.4 47.4 14.3
    endloop
  endfacet
  facet normal 0 -1 0
    outer loop
      vertex 69.4 47.4 14.3
      vertex 63.4 47.4 16.6
      vertex 66.4 47.4 14.3
    endloop
  endfacet
  facet normal 0 -1 0
    outer loop
      vertex 63.4 47.4 16.6
      vertex 69.4 47.4 14.3
      vertex 75.4 47.4 17.7
    endloop
  endfacet
  facet normal 0 -1 0
    outer loop
      vertex 72.4 47.4 14.3
      vertex 75.4 47.4 17.7
      vertex 69.4 47.4 14.3
    endloop
  endfacet
  facet normal 0 -1 0
    outer loop
      vertex 75.4 47.4 9.1
      vertex 72.4 47.4 14.3
      vertex 72.4 47.4 10.3
    endloop
  endfacet
  facet normal 0 -1 -0
    outer loop
      vertex 23.4 47.4 10.3
      vertex 8.4 47.4 7.6
      vertex 34.9 47.4 10.1
    endloop
  endfacet
  facet normal 0 -1 0
    outer loop
      vertex 50.4 47.4 10.1
      vertex 63.4 47.4 9.1
      vertex 63.4 47.4 10.1
    endloop
  endfacet
  facet normal 0 -1 0
    outer loop
      vertex 75.4 47.4 9.1
      vertex 69.4 47.4 10.3
      vertex 63.4 47.4 9.1
    endloop
  endfacet
  facet normal 0 -1 0
    outer loop
      vertex 72.4 47.4 14.3
      vertex 75.4 47.4 9.1
      vertex 75.4 47.4 17.7
    endloop
  endfacet
  facet normal 0 -1 0
    outer loop
      vertex 69.4 47.4 10.3
      vertex 75.4 47.4 9.1
      vertex 72.4 47.4 10.3
    endloop
  endfacet
  facet normal 0 -1 0
    outer loop
      vertex 14.4 47.4 14.3
      vertex 4.4 47.4 17.7
      vertex 11.4 47.4 14.3
    endloop
  endfacet
  facet normal 0 -1 0
    outer loop
      vertex 17.4 47.4 14.3
      vertex 4.4 47.4 17.7
      vertex 14.4 47.4 14.3
    endloop
  endfacet
  facet normal 0 -1 0
    outer loop
      vertex 20.4 47.4 14.3
      vertex 4.4 47.4 17.7
      vertex 17.4 47.4 14.3
    endloop
  endfacet
  facet normal 0 -1 0
    outer loop
      vertex 23.4 47.4 14.3
      vertex 4.4 47.4 17.7
      vertex 20.4 47.4 14.3
    endloop
  endfacet
  facet normal 0 -1 0
    outer loop
      vertex 4.4 47.4 17.7
      vertex 23.4 47.4 14.3
      vertex 50.4 47.4 16.6
    endloop
  endfacet
  facet normal 0 -1 0
    outer loop
      vertex 34.9 47.4 14.1
      vertex 50.4 47.4 16.6
      vertex 23.4 47.4 14.3
    endloop
  endfacet
  facet normal 0 -1 0
    outer loop
      vertex 44.9 47.4 14.1
      vertex 50.4 47.4 16.6
      vertex 34.9 47.4 14.1
    endloop
  endfacet
  facet normal 0 -1 0
    outer loop
      vertex 50.4 47.4 10.1
      vertex 44.9 47.4 14.1
      vertex 44.9 47.4 10.1
    endloop
  endfacet
  facet normal 0 -1 0
    outer loop
      vertex 44.9 47.4 14.1
      vertex 50.4 47.4 10.1
      vertex 50.4 47.4 16.6
    endloop
  endfacet
  facet normal 1 -0 0
    outer loop
      vertex 2.4 4.4 7.6
      vertex 2.4 45.4 1.6
      vertex 2.4 45.4 7.6
    endloop
  endfacet
  facet normal 1 0 0
    outer loop
      vertex 2.4 45.4 1.6
      vertex 2.4 4.4 7.6
      vertex 2.4 4.4 1.6
    endloop
  endfacet
  facet normal 1 0 0
    outer loop
      vertex 2.4 45.4 17.7
      vertex 2.4 32.4 14.3
      vertex 2.4 45.4 9.1
    endloop
  endfacet
  facet normal 1 0 0
    outer loop
      vertex 2.4 45.4 17.7
      vertex 2.4 29.4 14.3
      vertex 2.4 32.4 14.3
    endloop
  endfacet
  facet normal 1 0 0
    outer loop
      vertex 2.4 29.4 14.3
      vertex 2.4 24.4 14.3
      vertex 2.4 29.4 10.3
    endloop
  endfacet
  facet normal 1 0 0
    outer loop
      vertex 2.4 45.4 17.7
      vertex 2.4 24.4 14.3
      vertex 2.4 29.4 14.3
    endloop
  endfacet
  facet normal 1 -0 0
    outer loop
      vertex 2.4 4.4 17.7
      vertex 2.4 24.4 14.3
      vertex 2.4 45.4 17.7
    endloop
  endfacet
  facet normal 1 0 0
    outer loop
      vertex 2.4 21.4 14.3
      vertex 2.4 16.4 14.3
      vertex 2.4 21.4 10.3
    endloop
  endfacet
  facet normal 1 0 0
    outer loop
      vertex 2.4 24.4 14.3
      vertex 2.4 4.4 17.7
      vertex 2.4 21.4 14.3
    endloop
  endfacet
  facet normal 1 0 0
    outer loop
      vertex 2.4 21.4 14.3
      vertex 2.4 4.4 17.7
      vertex 2.4 16.4 14.3
    endloop
  endfacet
  facet normal 1 0 0
    outer loop
      vertex 2.4 4.4 9.1
      vertex 2.4 13.4 14.3
      vertex 2.4 4.4 17.7
    endloop
  endfacet
  facet normal 1 0 0
    outer loop
      vertex 2.4 16.4 14.3
      vertex 2.4 4.4 17.7
      vertex 2.4 13.4 14.3
    endloop
  endfacet
  facet normal 1 -0 0
    outer loop
      vertex 2.4 32.4 10.3
      vertex 2.4 45.4 9.1
      vertex 2.4 32.4 14.3
    endloop
  endfacet
  facet normal 1 -0 0
    outer loop
      vertex 2.4 29.4 10.3
      vertex 2.4 45.4 9.1
      vertex 2.4 32.4 10.3
    endloop
  endfacet
  facet normal 1 0 0
    outer loop
      vertex 2.4 24.4 10.3
      vertex 2.4 29.4 10.3
      vertex 2.4 24.4 14.3
    endloop
  endfacet
  facet normal 1 -0 0
    outer loop
      vertex 2.4 24.4 10.3
      vertex 2.4 45.4 9.1
      vertex 2.4 29.4 10.3
    endloop
  endfacet
  facet normal 1 0 0
    outer loop
      vertex 2.4 4.4 9.1
      vertex 2.4 24.4 10.3
      vertex 2.4 21.4 10.3
    endloop
  endfacet
  facet normal 1 0 0
    outer loop
      vertex 2.4 16.4 10.3
      vertex 2.4 21.4 10.3
      vertex 2.4 16.4 14.3
    endloop
  endfacet
  facet normal 1 0 0
    outer loop
      vertex 2.4 4.4 9.1
      vertex 2.4 21.4 10.3
      vertex 2.4 16.4 10.3
    endloop
  endfacet
  facet normal 1 0 0
    outer loop
      vertex 2.4 4.4 9.1
      vertex 2.4 16.4 10.3
      vertex 2.4 13.4 10.3
    endloop
  endfacet
  facet normal 1 0 0
    outer loop
      vertex 2.4 24.4 10.3
      vertex 2.4 4.4 9.1
      vertex 2.4 45.4 9.1
    endloop
  endfacet
  facet normal 1 0 0
    outer loop
      vertex 2.4 13.4 14.3
      vertex 2.4 4.4 9.1
      vertex 2.4 13.4 10.3
    endloop
  endfacet
  facet normal 0.195131 0.980777 -0
    outer loop
      vertex 4.13895 2.4171 1.6
      vertex 3.88236 2.46815 7.6
      vertex 4.13895 2.4171 7.6
    endloop
  endfacet
  facet normal 0.195131 0.980777 0
    outer loop
      vertex 3.88236 2.46815 7.6
      vertex 4.13895 2.4171 1.6
      vertex 3.88236 2.46815 1.6
    endloop
  endfacet
  facet normal 0.195131 0.980777 -0
    outer loop
      vertex 4.13895 2.4171 9.1
      vertex 3.88236 2.46815 17.7
      vertex 4.13895 2.4171 17.7
    endloop
  endfacet
  facet normal 0.195131 0.980777 0
    outer loop
      vertex 3.88236 2.46815 17.7
      vertex 4.13895 2.4171 9.1
      vertex 3.88236 2.46815 9.1
    endloop
  endfacet
  facet normal -1 0 0
    outer loop
      vertex 77.4 4.4 1.6
      vertex 77.4 45.4 7.6
      vertex 77.4 45.4 1.6
    endloop
  endfacet
  facet normal -1 -0 0
    outer loop
      vertex 77.4 45.4 7.6
      vertex 77.4 4.4 1.6
      vertex 77.4 4.4 7.6
    endloop
  endfacet
  facet normal -1 0 0
    outer loop
      vertex 77.4 36.4 14.3
      vertex 77.4 45.4 9.1
      vertex 77.4 36.4 10.3
    endloop
  endfacet
  facet normal -1 0 0
    outer loop
      vertex 77.4 45.4 9.1
      vertex 77.4 33.4 10.3
      vertex 77.4 36.4 10.3
    endloop
  endfacet
  facet normal -1 0 0
    outer loop
      vertex 77.4 33.4 10.3
      vertex 77.4 30.4 10.3
      vertex 77.4 33.4 14.3
    endloop
  endfacet
  facet normal -1 0 0
    outer loop
      vertex 77.4 45.4 9.1
      vertex 77.4 30.4 10.3
      vertex 77.4 33.4 10.3
    endloop
  endfacet
  facet normal -1 0 0
    outer loop
      vertex 77.4 45.4 9.1
      vertex 77.4 27.4 10.3
      vertex 77.4 30.4 10.3
    endloop
  endfacet
  facet normal -1 0 0
    outer loop
      vertex 77.4 27.4 10.3
      vertex 77.4 24.4 10.3
      vertex 77.4 27.4 14.3
    endloop
  endfacet
  facet normal -1 0 0
    outer loop
      vertex 77.4 45.4 9.1
      vertex 77.4 24.4 10.3
      vertex 77.4 27.4 10.3
    endloop
  endfacet
  facet normal -1 0 0
    outer loop
      vertex 77.4 4.4 9.1
      vertex 77.4 24.4 10.3
      vertex 77.4 45.4 9.1
    endloop
  endfacet
  facet normal -1 0 0
    outer loop
      vertex 77.4 21.4 10.3
      vertex 77.4 18.4 10.3
      vertex 77.4 21.4 14.3
    endloop
  endfacet
  facet normal -1 -0 0
    outer loop
      vertex 77.4 24.4 10.3
      vertex 77.4 4.4 9.1
      vertex 77.4 21.4 10.3
    endloop
  endfacet
  facet normal -1 -0 0
    outer loop
      vertex 77.4 21.4 10.3
      vertex 77.4 4.4 9.1
      vertex 77.4 18.4 10.3
    endloop
  endfacet
  facet normal -1 0 0
    outer loop
      vertex 77.4 15.4 10.3
      vertex 77.4 12.4 10.3
      vertex 77.4 15.4 14.3
    endloop
  endfacet
  facet normal -1 -0 0
    outer loop
      vertex 77.4 18.4 10.3
      vertex 77.4 4.4 9.1
      vertex 77.4 15.4 10.3
    endloop
  endfacet
  facet normal -1 -0 0
    outer loop
      vertex 77.4 15.4 10.3
      vertex 77.4 4.4 9.1
      vertex 77.4 12.4 10.3
    endloop
  endfacet
  facet normal -1 -0 0
    outer loop
      vertex 77.4 9.4 10.3
      vertex 77.4 4.4 9.1
      vertex 77.4 9.4 14.3
    endloop
  endfacet
  facet normal -1 -0 0
    outer loop
      vertex 77.4 12.4 10.3
      vertex 77.4 4.4 9.1
      vertex 77.4 9.4 10.3
    endloop
  endfacet
  facet normal -1 0 0
    outer loop
      vertex 77.4 45.4 9.1
      vertex 77.4 36.4 14.3
      vertex 77.4 45.4 17.7
    endloop
  endfacet
  facet normal -1 0 0
    outer loop
      vertex 77.4 33.4 14.3
      vertex 77.4 45.4 17.7
      vertex 77.4 36.4 14.3
    endloop
  endfacet
  facet normal -1 0 0
    outer loop
      vertex 77.4 30.4 14.3
      vertex 77.4 33.4 14.3
      vertex 77.4 30.4 10.3
    endloop
  endfacet
  facet normal -1 0 0
    outer loop
      vertex 77.4 30.4 14.3
      vertex 77.4 45.4 17.7
      vertex 77.4 33.4 14.3
    endloop
  endfacet
  facet normal -1 0 0
    outer loop
      vertex 77.4 27.4 14.3
      vertex 77.4 45.4 17.7
      vertex 77.4 30.4 14.3
    endloop
  endfacet
  facet normal -1 0 0
    outer loop
      vertex 77.4 24.4 14.3
      vertex 77.4 27.4 14.3
      vertex 77.4 24.4 10.3
    endloop
  endfacet
  facet normal -1 0 0
    outer loop
      vertex 77.4 24.4 14.3
      vertex 77.4 45.4 17.7
      vertex 77.4 27.4 14.3
    endloop
  endfacet
  facet normal -1 0 0
    outer loop
      vertex 77.4 4.4 17.7
      vertex 77.4 24.4 14.3
      vertex 77.4 21.4 14.3
    endloop
  endfacet
  facet normal -1 0 0
    outer loop
      vertex 77.4 18.4 14.3
      vertex 77.4 21.4 14.3
      vertex 77.4 18.4 10.3
    endloop
  endfacet
  facet normal -1 0 0
    outer loop
      vertex 77.4 4.4 17.7
      vertex 77.4 21.4 14.3
      vertex 77.4 18.4 14.3
    endloop
  endfacet
  facet normal -1 0 0
    outer loop
      vertex 77.4 4.4 17.7
      vertex 77.4 18.4 14.3
      vertex 77.4 15.4 14.3
    endloop
  endfacet
  facet normal -1 0 0
    outer loop
      vertex 77.4 12.4 14.3
      vertex 77.4 15.4 14.3
      vertex 77.4 12.4 10.3
    endloop
  endfacet
  facet normal -1 0 0
    outer loop
      vertex 77.4 4.4 17.7
      vertex 77.4 15.4 14.3
      vertex 77.4 12.4 14.3
    endloop
  endfacet
  facet normal -1 0 0
    outer loop
      vertex 77.4 4.4 17.7
      vertex 77.4 12.4 14.3
      vertex 77.4 9.4 14.3
    endloop
  endfacet
  facet normal -1 0 0
    outer loop
      vertex 77.4 24.4 14.3
      vertex 77.4 4.4 17.7
      vertex 77.4 45.4 17.7
    endloop
  endfacet
  facet normal -1 0 0
    outer loop
      vertex 77.4 4.4 17.7
      vertex 77.4 9.4 14.3
      vertex 77.4 4.4 9.1
    endloop
  endfacet
  facet normal -0.555758 -0.831344 0
    outer loop
      vertex 76.4 47.1321 1.6
      vertex 76.6175 46.9867 7.6
      vertex 76.4 47.1321 7.6
    endloop
  endfacet
  facet normal -0.555758 -0.831344 -0
    outer loop
      vertex 76.6175 46.9867 7.6
      vertex 76.4 47.1321 1.6
      vertex 76.6175 46.9867 1.6
    endloop
  endfacet
  facet normal -0.555758 -0.831344 0
    outer loop
      vertex 76.4 47.1321 9.1
      vertex 76.6175 46.9867 17.7
      vertex 76.4 47.1321 17.7
    endloop
  endfacet
  facet normal -0.555758 -0.831344 -0
    outer loop
      vertex 76.6175 46.9867 17.7
      vertex 76.4 47.1321 9.1
      vertex 76.6175 46.9867 9.1
    endloop
  endfacet
  facet normal 0.997861 -0.0653771 0
    outer loop
      vertex 2.4 45.4 7.6
      vertex 2.4171 45.661 1.6
      vertex 2.4171 45.661 7.6
    endloop
  endfacet
  facet normal 0.997861 -0.0653771 0
    outer loop
      vertex 2.4171 45.661 1.6
      vertex 2.4 45.4 7.6
      vertex 2.4 45.4 1.6
    endloop
  endfacet
  facet normal 0.997861 -0.0653771 0
    outer loop
      vertex 2.4 45.4 17.7
      vertex 2.4171 45.661 9.1
      vertex 2.4171 45.661 17.7
    endloop
  endfacet
  facet normal 0.997861 -0.0653771 0
    outer loop
      vertex 2.4171 45.661 9.1
      vertex 2.4 45.4 17.7
      vertex 2.4 45.4 9.1
    endloop
  endfacet
  facet normal 0.0653646 0.997861 -0
    outer loop
      vertex 4.4 2.4 1.6
      vertex 4.13895 2.4171 7.6
      vertex 4.4 2.4 7.6
    endloop
  endfacet
  facet normal 0.0653646 0.997861 0
    outer loop
      vertex 4.13895 2.4171 7.6
      vertex 4.4 2.4 1.6
      vertex 4.13895 2.4171 1.6
    endloop
  endfacet
  facet normal 0.0653646 0.997861 -0
    outer loop
      vertex 4.4 2.4 9.1
      vertex 4.13895 2.4171 17.7
      vertex 4.4 2.4 17.7
    endloop
  endfacet
  facet normal 0.0653646 0.997861 0
    outer loop
      vertex 4.13895 2.4171 17.7
      vertex 4.4 2.4 9.1
      vertex 4.13895 2.4171 9.1
    endloop
  endfacet
  facet normal -0.19494 -0.980815 0
    outer loop
      vertex 75.661 47.3829 1.6
      vertex 75.9176 47.3319 7.6
      vertex 75.661 47.3829 7.6
    endloop
  endfacet
  facet normal -0.19494 -0.980815 -0
    outer loop
      vertex 75.9176 47.3319 7.6
      vertex 75.661 47.3829 1.6
      vertex 75.9176 47.3319 1.6
    endloop
  endfacet
  facet normal -0.19494 -0.980815 0
    outer loop
      vertex 75.661 47.3829 9.1
      vertex 75.9176 47.3319 17.7
      vertex 75.661 47.3829 17.7
    endloop
  endfacet
  facet normal -0.19494 -0.980815 -0
    outer loop
      vertex 75.9176 47.3319 17.7
      vertex 75.661 47.3829 9.1
      vertex 75.9176 47.3319 9.1
    endloop
  endfacet
  facet normal -0.321382 -0.94695 0
    outer loop
      vertex 75.9176 47.3319 1.6
      vertex 76.1654 47.2478 7.6
      vertex 75.9176 47.3319 7.6
    endloop
  endfacet
  facet normal -0.321382 -0.94695 -0
    outer loop
      vertex 76.1654 47.2478 7.6
      vertex 75.9176 47.3319 1.6
      vertex 76.1654 47.2478 1.6
    endloop
  endfacet
  facet normal -0.321382 -0.94695 0
    outer loop
      vertex 75.9176 47.3319 9.1
      vertex 76.1654 47.2478 17.7
      vertex 75.9176 47.3319 17.7
    endloop
  endfacet
  facet normal -0.321382 -0.94695 -0
    outer loop
      vertex 76.1654 47.2478 17.7
      vertex 75.9176 47.3319 9.1
      vertex 76.1654 47.2478 9.1
    endloop
  endfacet
  facet normal -0.442314 -0.89686 0
    outer loop
      vertex 76.1654 47.2478 1.6
      vertex 76.4 47.1321 7.6
      vertex 76.1654 47.2478 7.6
    endloop
  endfacet
  facet normal -0.442314 -0.89686 -0
    outer loop
      vertex 76.4 47.1321 7.6
      vertex 76.1654 47.2478 1.6
      vertex 76.4 47.1321 1.6
    endloop
  endfacet
  facet normal -0.442314 -0.89686 0
    outer loop
      vertex 76.1654 47.2478 9.1
      vertex 76.4 47.1321 17.7
      vertex 76.1654 47.2478 17.7
    endloop
  endfacet
  facet normal -0.442314 -0.89686 -0
    outer loop
      vertex 76.4 47.1321 17.7
      vertex 76.1654 47.2478 9.1
      vertex 76.4 47.1321 9.1
    endloop
  endfacet
  facet normal 0.442268 -0.896883 0
    outer loop
      vertex 3.4 47.1321 1.6
      vertex 3.63463 47.2478 7.6
      vertex 3.4 47.1321 7.6
    endloop
  endfacet
  facet normal 0.442268 -0.896883 0
    outer loop
      vertex 3.63463 47.2478 7.6
      vertex 3.4 47.1321 1.6
      vertex 3.63463 47.2478 1.6
    endloop
  endfacet
  facet normal 0.442268 -0.896883 0
    outer loop
      vertex 3.4 47.1321 9.1
      vertex 3.63463 47.2478 17.7
      vertex 3.4 47.1321 17.7
    endloop
  endfacet
  facet normal 0.442268 -0.896883 0
    outer loop
      vertex 3.63463 47.2478 17.7
      vertex 3.4 47.1321 9.1
      vertex 3.63463 47.2478 9.1
    endloop
  endfacet
  facet normal 0.946961 -0.321348 0
    outer loop
      vertex 2.46815 45.9176 7.6
      vertex 2.55224 46.1654 1.6
      vertex 2.55224 46.1654 7.6
    endloop
  endfacet
  facet normal 0.946961 -0.321348 0
    outer loop
      vertex 2.55224 46.1654 1.6
      vertex 2.46815 45.9176 7.6
      vertex 2.46815 45.9176 1.6
    endloop
  endfacet
  facet normal 0.946961 -0.321348 0
    outer loop
      vertex 2.46815 45.9176 17.7
      vertex 2.55224 46.1654 9.1
      vertex 2.55224 46.1654 17.7
    endloop
  endfacet
  facet normal 0.946961 -0.321348 0
    outer loop
      vertex 2.55224 46.1654 9.1
      vertex 2.46815 45.9176 17.7
      vertex 2.46815 45.9176 9.1
    endloop
  endfacet
  facet normal 0.980779 -0.195124 0
    outer loop
      vertex 2.4171 45.661 7.6
      vertex 2.46815 45.9176 1.6
      vertex 2.46815 45.9176 7.6
    endloop
  endfacet
  facet normal 0.980779 -0.195124 0
    outer loop
      vertex 2.46815 45.9176 1.6
      vertex 2.4171 45.661 7.6
      vertex 2.4171 45.661 1.6
    endloop
  endfacet
  facet normal 0.980779 -0.195124 0
    outer loop
      vertex 2.4171 45.661 17.7
      vertex 2.46815 45.9176 9.1
      vertex 2.46815 45.9176 17.7
    endloop
  endfacet
  facet normal 0.980779 -0.195124 0
    outer loop
      vertex 2.46815 45.9176 9.1
      vertex 2.4171 45.661 17.7
      vertex 2.4171 45.661 9.1
    endloop
  endfacet
  facet normal 0.321429 0.946934 -0
    outer loop
      vertex 3.88236 2.46815 1.6
      vertex 3.63463 2.55224 7.6
      vertex 3.88236 2.46815 7.6
    endloop
  endfacet
  facet normal 0.321429 0.946934 0
    outer loop
      vertex 3.63463 2.55224 7.6
      vertex 3.88236 2.46815 1.6
      vertex 3.63463 2.55224 1.6
    endloop
  endfacet
  facet normal 0.321429 0.946934 -0
    outer loop
      vertex 3.88236 2.46815 9.1
      vertex 3.63463 2.55224 17.7
      vertex 3.88236 2.46815 17.7
    endloop
  endfacet
  facet normal 0.321429 0.946934 0
    outer loop
      vertex 3.63463 2.55224 17.7
      vertex 3.88236 2.46815 9.1
      vertex 3.63463 2.55224 9.1
    endloop
  endfacet
  facet normal 0.751863 0.659319 0
    outer loop
      vertex 2.98578 2.98578 7.6
      vertex 2.8133 3.18247 1.6
      vertex 2.8133 3.18247 7.6
    endloop
  endfacet
  facet normal 0.751863 0.659319 0
    outer loop
      vertex 2.8133 3.18247 1.6
      vertex 2.98578 2.98578 7.6
      vertex 2.98578 2.98578 1.6
    endloop
  endfacet
  facet normal 0.751863 0.659319 0
    outer loop
      vertex 2.98578 2.98578 17.7
      vertex 2.8133 3.18247 9.1
      vertex 2.8133 3.18247 17.7
    endloop
  endfacet
  facet normal 0.751863 0.659319 0
    outer loop
      vertex 2.8133 3.18247 9.1
      vertex 2.98578 2.98578 17.7
      vertex 2.98578 2.98578 9.1
    endloop
  endfacet
  facet normal -0.321348 0.946961 0
    outer loop
      vertex 76.1654 2.55224 1.6
      vertex 75.9176 2.46815 7.6
      vertex 76.1654 2.55224 7.6
    endloop
  endfacet
  facet normal -0.321348 0.946961 0
    outer loop
      vertex 75.9176 2.46815 7.6
      vertex 76.1654 2.55224 1.6
      vertex 75.9176 2.46815 1.6
    endloop
  endfacet
  facet normal -0.321348 0.946961 0
    outer loop
      vertex 76.1654 2.55224 9.1
      vertex 75.9176 2.46815 17.7
      vertex 76.1654 2.55224 17.7
    endloop
  endfacet
  facet normal -0.321348 0.946961 0
    outer loop
      vertex 75.9176 2.46815 17.7
      vertex 76.1654 2.55224 9.1
      vertex 75.9176 2.46815 9.1
    endloop
  endfacet
  facet normal 0.555705 -0.831379 0
    outer loop
      vertex 3.18247 46.9867 1.6
      vertex 3.4 47.1321 7.6
      vertex 3.18247 46.9867 7.6
    endloop
  endfacet
  facet normal 0.555705 -0.831379 0
    outer loop
      vertex 3.4 47.1321 7.6
      vertex 3.18247 46.9867 1.6
      vertex 3.4 47.1321 1.6
    endloop
  endfacet
  facet normal 0.555705 -0.831379 0
    outer loop
      vertex 3.18247 46.9867 9.1
      vertex 3.4 47.1321 17.7
      vertex 3.18247 46.9867 17.7
    endloop
  endfacet
  facet normal 0.555705 -0.831379 0
    outer loop
      vertex 3.4 47.1321 17.7
      vertex 3.18247 46.9867 9.1
      vertex 3.4 47.1321 9.1
    endloop
  endfacet
  facet normal 0.89686 -0.442314 0
    outer loop
      vertex 2.55224 46.1654 7.6
      vertex 2.66794 46.4 1.6
      vertex 2.66794 46.4 7.6
    endloop
  endfacet
  facet normal 0.89686 -0.442314 0
    outer loop
      vertex 2.66794 46.4 1.6
      vertex 2.55224 46.1654 7.6
      vertex 2.55224 46.1654 1.6
    endloop
  endfacet
  facet normal 0.89686 -0.442314 0
    outer loop
      vertex 2.55224 46.1654 17.7
      vertex 2.66794 46.4 9.1
      vertex 2.66794 46.4 17.7
    endloop
  endfacet
  facet normal 0.89686 -0.442314 0
    outer loop
      vertex 2.66794 46.4 9.1
      vertex 2.55224 46.1654 17.7
      vertex 2.55224 46.1654 9.1
    endloop
  endfacet
  facet normal 0.5556 0.83145 -0
    outer loop
      vertex 3.4 2.66794 1.6
      vertex 3.18247 2.8133 7.6
      vertex 3.4 2.66794 7.6
    endloop
  endfacet
  facet normal 0.5556 0.83145 0
    outer loop
      vertex 3.18247 2.8133 7.6
      vertex 3.4 2.66794 1.6
      vertex 3.18247 2.8133 1.6
    endloop
  endfacet
  facet normal 0.5556 0.83145 -0
    outer loop
      vertex 3.4 2.66794 9.1
      vertex 3.18247 2.8133 17.7
      vertex 3.4 2.66794 17.7
    endloop
  endfacet
  facet normal 0.5556 0.83145 0
    outer loop
      vertex 3.18247 2.8133 17.7
      vertex 3.4 2.66794 9.1
      vertex 3.18247 2.8133 9.1
    endloop
  endfacet
  facet normal 0.83145 0.5556 0
    outer loop
      vertex 2.8133 3.18247 7.6
      vertex 2.66794 3.4 1.6
      vertex 2.66794 3.4 7.6
    endloop
  endfacet
  facet normal 0.83145 0.5556 0
    outer loop
      vertex 2.66794 3.4 1.6
      vertex 2.8133 3.18247 7.6
      vertex 2.8133 3.18247 1.6
    endloop
  endfacet
  facet normal 0.83145 0.5556 0
    outer loop
      vertex 2.8133 3.18247 17.7
      vertex 2.66794 3.4 9.1
      vertex 2.66794 3.4 17.7
    endloop
  endfacet
  facet normal 0.83145 0.5556 0
    outer loop
      vertex 2.66794 3.4 9.1
      vertex 2.8133 3.18247 17.7
      vertex 2.8133 3.18247 9.1
    endloop
  endfacet
  facet normal 0.896883 0.442268 0
    outer loop
      vertex 2.66794 3.4 7.6
      vertex 2.55224 3.63463 1.6
      vertex 2.55224 3.63463 7.6
    endloop
  endfacet
  facet normal 0.896883 0.442268 0
    outer loop
      vertex 2.55224 3.63463 1.6
      vertex 2.66794 3.4 7.6
      vertex 2.66794 3.4 1.6
    endloop
  endfacet
  facet normal 0.896883 0.442268 0
    outer loop
      vertex 2.66794 3.4 17.7
      vertex 2.55224 3.63463 9.1
      vertex 2.55224 3.63463 17.7
    endloop
  endfacet
  facet normal 0.896883 0.442268 0
    outer loop
      vertex 2.55224 3.63463 9.1
      vertex 2.66794 3.4 17.7
      vertex 2.66794 3.4 9.1
    endloop
  endfacet
  facet normal -0.89686 -0.442314 0
    outer loop
      vertex 77.2478 46.1654 1.6
      vertex 77.1321 46.4 7.6
      vertex 77.1321 46.4 1.6
    endloop
  endfacet
  facet normal -0.89686 -0.442314 0
    outer loop
      vertex 77.1321 46.4 7.6
      vertex 77.2478 46.1654 1.6
      vertex 77.2478 46.1654 7.6
    endloop
  endfacet
  facet normal -0.89686 -0.442314 0
    outer loop
      vertex 77.2478 46.1654 9.1
      vertex 77.1321 46.4 17.7
      vertex 77.1321 46.4 9.1
    endloop
  endfacet
  facet normal -0.89686 -0.442314 0
    outer loop
      vertex 77.1321 46.4 17.7
      vertex 77.2478 46.1654 9.1
      vertex 77.2478 46.1654 17.7
    endloop
  endfacet
  facet normal -0.997861 0.0653646 0
    outer loop
      vertex 77.3829 4.13895 1.6
      vertex 77.4 4.4 7.6
      vertex 77.4 4.4 1.6
    endloop
  endfacet
  facet normal -0.997861 0.0653646 0
    outer loop
      vertex 77.4 4.4 7.6
      vertex 77.3829 4.13895 1.6
      vertex 77.3829 4.13895 7.6
    endloop
  endfacet
  facet normal -0.997861 0.0653646 0
    outer loop
      vertex 77.3829 4.13895 9.1
      vertex 77.4 4.4 17.7
      vertex 77.4 4.4 9.1
    endloop
  endfacet
  facet normal -0.997861 0.0653646 0
    outer loop
      vertex 77.4 4.4 17.7
      vertex 77.3829 4.13895 9.1
      vertex 77.3829 4.13895 17.7
    endloop
  endfacet
  facet normal -0.751826 0.659362 0
    outer loop
      vertex 76.8142 2.98578 1.6
      vertex 76.9867 3.18247 7.6
      vertex 76.9867 3.18247 1.6
    endloop
  endfacet
  facet normal -0.751826 0.659362 0
    outer loop
      vertex 76.9867 3.18247 7.6
      vertex 76.8142 2.98578 1.6
      vertex 76.8142 2.98578 7.6
    endloop
  endfacet
  facet normal -0.751826 0.659362 0
    outer loop
      vertex 76.8142 2.98578 9.1
      vertex 76.9867 3.18247 17.7
      vertex 76.9867 3.18247 9.1
    endloop
  endfacet
  facet normal -0.751826 0.659362 0
    outer loop
      vertex 76.9867 3.18247 17.7
      vertex 76.8142 2.98578 9.1
      vertex 76.8142 2.98578 17.7
    endloop
  endfacet
  facet normal -0.442314 0.89686 0
    outer loop
      vertex 76.4 2.66794 1.6
      vertex 76.1654 2.55224 7.6
      vertex 76.4 2.66794 7.6
    endloop
  endfacet
  facet normal -0.442314 0.89686 0
    outer loop
      vertex 76.1654 2.55224 7.6
      vertex 76.4 2.66794 1.6
      vertex 76.1654 2.55224 1.6
    endloop
  endfacet
  facet normal -0.442314 0.89686 0
    outer loop
      vertex 76.4 2.66794 9.1
      vertex 76.1654 2.55224 17.7
      vertex 76.4 2.66794 17.7
    endloop
  endfacet
  facet normal -0.442314 0.89686 0
    outer loop
      vertex 76.1654 2.55224 17.7
      vertex 76.4 2.66794 9.1
      vertex 76.1654 2.55224 9.1
    endloop
  endfacet
  facet normal 0.321463 -0.946922 0
    outer loop
      vertex 3.63463 47.2478 1.6
      vertex 3.88236 47.3319 7.6
      vertex 3.63463 47.2478 7.6
    endloop
  endfacet
  facet normal 0.321463 -0.946922 0
    outer loop
      vertex 3.88236 47.3319 7.6
      vertex 3.63463 47.2478 1.6
      vertex 3.88236 47.3319 1.6
    endloop
  endfacet
  facet normal 0.321463 -0.946922 0
    outer loop
      vertex 3.63463 47.2478 9.1
      vertex 3.88236 47.3319 17.7
      vertex 3.63463 47.2478 17.7
    endloop
  endfacet
  facet normal 0.321463 -0.946922 0
    outer loop
      vertex 3.88236 47.3319 17.7
      vertex 3.63463 47.2478 9.1
      vertex 3.88236 47.3319 9.1
    endloop
  endfacet
  facet normal 0.194947 -0.980814 0
    outer loop
      vertex 3.88236 47.3319 1.6
      vertex 4.13895 47.3829 7.6
      vertex 3.88236 47.3319 7.6
    endloop
  endfacet
  facet normal 0.194947 -0.980814 0
    outer loop
      vertex 4.13895 47.3829 7.6
      vertex 3.88236 47.3319 1.6
      vertex 4.13895 47.3829 1.6
    endloop
  endfacet
  facet normal 0.194947 -0.980814 0
    outer loop
      vertex 3.88236 47.3319 9.1
      vertex 4.13895 47.3829 17.7
      vertex 3.88236 47.3319 17.7
    endloop
  endfacet
  facet normal 0.194947 -0.980814 0
    outer loop
      vertex 4.13895 47.3829 17.7
      vertex 3.88236 47.3319 9.1
      vertex 4.13895 47.3829 9.1
    endloop
  endfacet
  facet normal 0.75188 -0.6593 0
    outer loop
      vertex 2.8133 46.6175 7.6
      vertex 2.98578 46.8142 1.6
      vertex 2.98578 46.8142 7.6
    endloop
  endfacet
  facet normal 0.75188 -0.6593 0
    outer loop
      vertex 2.98578 46.8142 1.6
      vertex 2.8133 46.6175 7.6
      vertex 2.8133 46.6175 1.6
    endloop
  endfacet
  facet normal 0.75188 -0.6593 0
    outer loop
      vertex 2.8133 46.6175 17.7
      vertex 2.98578 46.8142 9.1
      vertex 2.98578 46.8142 17.7
    endloop
  endfacet
  facet normal 0.75188 -0.6593 0
    outer loop
      vertex 2.98578 46.8142 9.1
      vertex 2.8133 46.6175 17.7
      vertex 2.8133 46.6175 9.1
    endloop
  endfacet
  facet normal 0.831415 -0.555653 0
    outer loop
      vertex 2.66794 46.4 7.6
      vertex 2.8133 46.6175 1.6
      vertex 2.8133 46.6175 7.6
    endloop
  endfacet
  facet normal 0.831415 -0.555653 0
    outer loop
      vertex 2.8133 46.6175 1.6
      vertex 2.66794 46.4 7.6
      vertex 2.66794 46.4 1.6
    endloop
  endfacet
  facet normal 0.831415 -0.555653 0
    outer loop
      vertex 2.66794 46.4 17.7
      vertex 2.8133 46.6175 9.1
      vertex 2.8133 46.6175 17.7
    endloop
  endfacet
  facet normal 0.831415 -0.555653 0
    outer loop
      vertex 2.8133 46.6175 9.1
      vertex 2.66794 46.4 17.7
      vertex 2.66794 46.4 9.1
    endloop
  endfacet
  facet normal 0 0 1
    outer loop
      vertex 2.4 4.4 1.6
      vertex 8.4 29.8608 1.6
      vertex 7.8 30.9 1.6
    endloop
  endfacet
  facet normal 0 0 1
    outer loop
      vertex 10.95 42.4627 1.6
      vertex 10 43.4 1.6
      vertex 10 42.4627 1.6
    endloop
  endfacet
  facet normal 0 0 1
    outer loop
      vertex 7.8 40.644 1.6
      vertex 8.4 31.9392 1.6
      vertex 8.4 39.6048 1.6
    endloop
  endfacet
  facet normal 0 0 1
    outer loop
      vertex 8.4 31.9392 1.6
      vertex 7.8 40.644 1.6
      vertex 7.8 30.9 1.6
    endloop
  endfacet
  facet normal 0 0 1
    outer loop
      vertex 16.55 32.7187 1.6
      vertex 19.35 33.9533 1.6
      vertex 17.25 33.9533 1.6
    endloop
  endfacet
  facet normal 0 0 1
    outer loop
      vertex 19.35 33.9533 1.6
      vertex 16.55 32.7187 1.6
      vertex 17.6 30.9 1.6
    endloop
  endfacet
  facet normal -0 0 1
    outer loop
      vertex 14.8 35.772 1.6
      vertex 17.25 33.9533 1.6
      vertex 16.2 35.772 1.6
    endloop
  endfacet
  facet normal 0 0 1
    outer loop
      vertex 13.75 33.9533 1.6
      vertex 17.25 33.9533 1.6
      vertex 14.8 35.772 1.6
    endloop
  endfacet
  facet normal 0 0 1
    outer loop
      vertex 17.25 33.9533 1.6
      vertex 13.75 33.9533 1.6
      vertex 16.55 32.7187 1.6
    endloop
  endfacet
  facet normal 0 0 1
    outer loop
      vertex 16.55 32.7187 1.6
      vertex 13.75 33.9533 1.6
      vertex 14.45 32.7187 1.6
    endloop
  endfacet
  facet normal 0 0 1
    outer loop
      vertex 10.95 32.7187 1.6
      vertex 14.45 32.7187 1.6
      vertex 13.75 33.9533 1.6
    endloop
  endfacet
  facet normal 0 0 1
    outer loop
      vertex 14.45 32.7187 1.6
      vertex 12 30.9 1.6
      vertex 13.4 30.9 1.6
    endloop
  endfacet
  facet normal 0 0 1
    outer loop
      vertex 10.95 32.7187 1.6
      vertex 13.75 33.9533 1.6
      vertex 11.65 33.9533 1.6
    endloop
  endfacet
  facet normal 0 0 1
    outer loop
      vertex 14.45 32.7187 1.6
      vertex 10.95 32.7187 1.6
      vertex 12 30.9 1.6
    endloop
  endfacet
  facet normal 0 0 1
    outer loop
      vertex 10 32.7187 1.6
      vertex 11.65 33.9533 1.6
      vertex 10.6 35.772 1.6
    endloop
  endfacet
  facet normal 0 0 1
    outer loop
      vertex 10 32.7187 1.6
      vertex 10.6 35.772 1.6
      vertex 10 38.8253 1.6
    endloop
  endfacet
  facet normal 0 0 1
    outer loop
      vertex 11.65 33.9533 1.6
      vertex 10 32.7187 1.6
      vertex 10.95 32.7187 1.6
    endloop
  endfacet
  facet normal -0 0 1
    outer loop
      vertex 16.55 38.8253 1.6
      vertex 19.35 37.5907 1.6
      vertex 17.6 40.644 1.6
    endloop
  endfacet
  facet normal 0 0 1
    outer loop
      vertex 19.35 37.5907 1.6
      vertex 16.55 38.8253 1.6
      vertex 17.25 37.5907 1.6
    endloop
  endfacet
  facet normal 0 0 1
    outer loop
      vertex 13.75 37.5907 1.6
      vertex 17.25 37.5907 1.6
      vertex 16.55 38.8253 1.6
    endloop
  endfacet
  facet normal 0 0 1
    outer loop
      vertex 17.25 37.5907 1.6
      vertex 14.8 35.772 1.6
      vertex 16.2 35.772 1.6
    endloop
  endfacet
  facet normal 0 0 1
    outer loop
      vertex 13.75 37.5907 1.6
      vertex 16.55 38.8253 1.6
      vertex 14.45 38.8253 1.6
    endloop
  endfacet
  facet normal 0 0 1
    outer loop
      vertex 17.25 37.5907 1.6
      vertex 13.75 37.5907 1.6
      vertex 14.8 35.772 1.6
    endloop
  endfacet
  facet normal -0 0 1
    outer loop
      vertex 12 40.644 1.6
      vertex 14.45 38.8253 1.6
      vertex 13.4 40.644 1.6
    endloop
  endfacet
  facet normal 0 0 1
    outer loop
      vertex 10.95 38.8253 1.6
      vertex 14.45 38.8253 1.6
      vertex 12 40.644 1.6
    endloop
  endfacet
  facet normal 0 0 1
    outer loop
      vertex 14.45 38.8253 1.6
      vertex 10.95 38.8253 1.6
      vertex 13.75 37.5907 1.6
    endloop
  endfacet
  facet normal 0 0 1
    outer loop
      vertex 13.75 37.5907 1.6
      vertex 10.95 38.8253 1.6
      vertex 11.65 37.5907 1.6
    endloop
  endfacet
  facet normal -0 0 1
    outer loop
      vertex 10 38.8253 1.6
      vertex 11.65 37.5907 1.6
      vertex 10.95 38.8253 1.6
    endloop
  endfacet
  facet normal 0 0 1
    outer loop
      vertex 11.65 37.5907 1.6
      vertex 10 38.8253 1.6
      vertex 10.6 35.772 1.6
    endloop
  endfacet
  facet normal 0 0 1
    outer loop
      vertex 20.4 35.772 1.6
      vertex 19.35 33.9533 1.6
      vertex 20.4 6.4 1.6
    endloop
  endfacet
  facet normal 0 0 1
    outer loop
      vertex 56.4 11.9533 1.6
      vertex 55 8.9 1.6
      vertex 56.4 6.4 1.6
    endloop
  endfacet
  facet normal 0 0 1
    outer loop
      vertex 53.95 10.7187 1.6
      vertex 56.4 11.9533 1.6
      vertex 54.65 11.9533 1.6
    endloop
  endfacet
  facet normal 0 0 1
    outer loop
      vertex 56.4 11.9533 1.6
      vertex 53.95 10.7187 1.6
      vertex 55 8.9 1.6
    endloop
  endfacet
  facet normal 0 0 1
    outer loop
      vertex 51.85 10.7187 1.6
      vertex 54.65 11.9533 1.6
      vertex 53.6 13.772 1.6
    endloop
  endfacet
  facet normal 0 0 1
    outer loop
      vertex 51.85 10.7187 1.6
      vertex 53.6 13.772 1.6
      vertex 51.85 16.8253 1.6
    endloop
  endfacet
  facet normal 0 0 1
    outer loop
      vertex 54.65 11.9533 1.6
      vertex 51.85 10.7187 1.6
      vertex 53.95 10.7187 1.6
    endloop
  endfacet
  facet normal 0 0 1
    outer loop
      vertex 46 6.4 1.6
      vertex 51.85 16.8253 1.6
      vertex 50.8 18.644 1.6
    endloop
  endfacet
  facet normal 0 0 1
    outer loop
      vertex 51.85 16.8253 1.6
      vertex 46 6.4 1.6
      vertex 51.85 10.7187 1.6
    endloop
  endfacet
  facet normal -0 0 1
    outer loop
      vertex 59.55 16.8253 1.6
      vertex 60.6 8.9 1.6
      vertex 60.6 18.644 1.6
    endloop
  endfacet
  facet normal 0 0 1
    outer loop
      vertex 59.55 16.8253 1.6
      vertex 59.55 10.7187 1.6
      vertex 60.6 8.9 1.6
    endloop
  endfacet
  facet normal -0 0 1
    outer loop
      vertex 58 16.8253 1.6
      vertex 59.55 10.7187 1.6
      vertex 59.55 16.8253 1.6
    endloop
  endfacet
  facet normal 0 0 1
    outer loop
      vertex 59.55 10.7187 1.6
      vertex 58 16.8253 1.6
      vertex 58 10.7187 1.6
    endloop
  endfacet
  facet normal -0 0 1
    outer loop
      vertex 59.55 26.5693 1.6
      vertex 60.6 18.644 1.6
      vertex 60.6 28.388 1.6
    endloop
  endfacet
  facet normal 0 0 1
    outer loop
      vertex 59.55 26.5693 1.6
      vertex 59.55 20.4627 1.6
      vertex 60.6 18.644 1.6
    endloop
  endfacet
  facet normal -0 0 1
    outer loop
      vertex 58 26.5693 1.6
      vertex 59.55 20.4627 1.6
      vertex 59.55 26.5693 1.6
    endloop
  endfacet
  facet normal 0 0 1
    outer loop
      vertex 59.55 20.4627 1.6
      vertex 58 26.5693 1.6
      vertex 58 20.4627 1.6
    endloop
  endfacet
  facet normal 0 0 1
    outer loop
      vertex 59.55 30.2067 1.6
      vertex 63.05 36.3133 1.6
      vertex 59.55 36.3133 1.6
    endloop
  endfacet
  facet normal 0 0 1
    outer loop
      vertex 63.05 36.3133 1.6
      vertex 59.55 30.2067 1.6
      vertex 60.6 28.388 1.6
    endloop
  endfacet
  facet normal -0 0 1
    outer loop
      vertex 58 36.3133 1.6
      vertex 59.55 30.2067 1.6
      vertex 59.55 36.3133 1.6
    endloop
  endfacet
  facet normal 0 0 1
    outer loop
      vertex 59.55 30.2067 1.6
      vertex 58 36.3133 1.6
      vertex 58 30.2067 1.6
    endloop
  endfacet
  facet normal 0 0 1
    outer loop
      vertex 75.4 47.4 1.6
      vertex 77.4 45.4 1.6
      vertex 77.3829 45.661 1.6
    endloop
  endfacet
  facet normal 0 0 1
    outer loop
      vertex 77.4 45.4 1.6
      vertex 71.8 38.132 1.6
      vertex 77.4 4.4 1.6
    endloop
  endfacet
  facet normal 0 0 1
    outer loop
      vertex 75.4 47.4 1.6
      vertex 77.3829 45.661 1.6
      vertex 77.3319 45.9176 1.6
    endloop
  endfacet
  facet normal -0 0 1
    outer loop
      vertex 70.75 36.3133 1.6
      vertex 77.4 4.4 1.6
      vertex 71.8 38.132 1.6
    endloop
  endfacet
  facet normal 0 0 1
    outer loop
      vertex 75.4 47.4 1.6
      vertex 77.3319 45.9176 1.6
      vertex 77.2478 46.1654 1.6
    endloop
  endfacet
  facet normal -0 0 1
    outer loop
      vertex 60.6 18.644 1.6
      vertex 77.4 4.4 1.6
      vertex 70.75 36.3133 1.6
    endloop
  endfacet
  facet normal 0 0 1
    outer loop
      vertex 75.4 47.4 1.6
      vertex 77.2478 46.1654 1.6
      vertex 77.1321 46.4 1.6
    endloop
  endfacet
  facet normal -0 0 1
    outer loop
      vertex 60.6 8.9 1.6
      vertex 77.4 4.4 1.6
      vertex 60.6 18.644 1.6
    endloop
  endfacet
  facet normal 0 0 1
    outer loop
      vertex 75.4 47.4 1.6
      vertex 77.1321 46.4 1.6
      vertex 76.9867 46.6175 1.6
    endloop
  endfacet
  facet normal 0 -0 1
    outer loop
      vertex 75.4 2.4 1.6
      vertex 77.4 4.4 1.6
      vertex 60.6 8.9 1.6
    endloop
  endfacet
  facet normal 0 0 1
    outer loop
      vertex 75.4 47.4 1.6
      vertex 76.9867 46.6175 1.6
      vertex 76.8142 46.8142 1.6
    endloop
  endfacet
  facet normal 0 0 1
    outer loop
      vertex 77.4 4.4 1.6
      vertex 75.4 2.4 1.6
      vertex 77.3829 4.13895 1.6
    endloop
  endfacet
  facet normal 0 0 1
    outer loop
      vertex 75.4 47.4 1.6
      vertex 76.8142 46.8142 1.6
      vertex 76.6175 46.9867 1.6
    endloop
  endfacet
  facet normal 0 0 1
    outer loop
      vertex 77.3829 4.13895 1.6
      vertex 75.4 2.4 1.6
      vertex 77.3319 3.88236 1.6
    endloop
  endfacet
  facet normal 0 0 1
    outer loop
      vertex 75.4 47.4 1.6
      vertex 76.6175 46.9867 1.6
      vertex 76.4 47.1321 1.6
    endloop
  endfacet
  facet normal 0 0 1
    outer loop
      vertex 77.3319 3.88236 1.6
      vertex 75.4 2.4 1.6
      vertex 77.2478 3.63463 1.6
    endloop
  endfacet
  facet normal 0 0 1
    outer loop
      vertex 75.4 47.4 1.6
      vertex 76.4 47.1321 1.6
      vertex 76.1654 47.2478 1.6
    endloop
  endfacet
  facet normal 0 0 1
    outer loop
      vertex 77.2478 3.63463 1.6
      vertex 75.4 2.4 1.6
      vertex 77.1321 3.4 1.6
    endloop
  endfacet
  facet normal 0 0 1
    outer loop
      vertex 75.4 47.4 1.6
      vertex 76.1654 47.2478 1.6
      vertex 75.9176 47.3319 1.6
    endloop
  endfacet
  facet normal 0 0 1
    outer loop
      vertex 76.9867 3.18247 1.6
      vertex 75.4 2.4 1.6
      vertex 76.8142 2.98578 1.6
    endloop
  endfacet
  facet normal 0 0 1
    outer loop
      vertex 75.4 47.4 1.6
      vertex 75.9176 47.3319 1.6
      vertex 75.661 47.3829 1.6
    endloop
  endfacet
  facet normal 0 0 1
    outer loop
      vertex 76.8142 2.98578 1.6
      vertex 75.4 2.4 1.6
      vertex 76.6175 2.8133 1.6
    endloop
  endfacet
  facet normal 0 0 1
    outer loop
      vertex 77.4 45.4 1.6
      vertex 75.4 47.4 1.6
      vertex 70.75 39.9507 1.6
    endloop
  endfacet
  facet normal 0 0 1
    outer loop
      vertex 76.6175 2.8133 1.6
      vertex 75.4 2.4 1.6
      vertex 76.4 2.66794 1.6
    endloop
  endfacet
  facet normal 0 0 1
    outer loop
      vertex 76.4 2.66794 1.6
      vertex 75.4 2.4 1.6
      vertex 76.1654 2.55224 1.6
    endloop
  endfacet
  facet normal 0 0 1
    outer loop
      vertex 77.4 45.4 1.6
      vertex 70.75 39.9507 1.6
      vertex 71.8 38.132 1.6
    endloop
  endfacet
  facet normal 0 0 1
    outer loop
      vertex 75.4 47.4 1.6
      vertex 68.65 39.9507 1.6
      vertex 70.75 39.9507 1.6
    endloop
  endfacet
  facet normal 0 0 1
    outer loop
      vertex 68.65 39.9507 1.6
      vertex 66.2 38.132 1.6
      vertex 67.6 38.132 1.6
    endloop
  endfacet
  facet normal 0 0 1
    outer loop
      vertex 65.15 39.9507 1.6
      vertex 68.65 39.9507 1.6
      vertex 75.4 47.4 1.6
    endloop
  endfacet
  facet normal 0 0 1
    outer loop
      vertex 68.65 39.9507 1.6
      vertex 65.15 39.9507 1.6
      vertex 66.2 38.132 1.6
    endloop
  endfacet
  facet normal -0 0 1
    outer loop
      vertex 58 43.4 1.6
      vertex 65.15 39.9507 1.6
      vertex 75.4 47.4 1.6
    endloop
  endfacet
  facet normal 0 0 1
    outer loop
      vertex 63.05 39.9507 1.6
      vertex 60.6 38.132 1.6
      vertex 62 38.132 1.6
    endloop
  endfacet
  facet normal 0 0 1
    outer loop
      vertex 63.05 39.9507 1.6
      vertex 59.55 39.9507 1.6
      vertex 60.6 38.132 1.6
    endloop
  endfacet
  facet normal 0 0 1
    outer loop
      vertex 65.15 39.9507 1.6
      vertex 58 43.4 1.6
      vertex 63.05 39.9507 1.6
    endloop
  endfacet
  facet normal 0 0 1
    outer loop
      vertex 63.05 39.9507 1.6
      vertex 58 43.4 1.6
      vertex 59.55 39.9507 1.6
    endloop
  endfacet
  facet normal 0 0 1
    outer loop
      vertex 75.4 47.4 1.6
      vertex 56.4 43.4 1.6
      vertex 58 43.4 1.6
    endloop
  endfacet
  facet normal 0 0 1
    outer loop
      vertex 56.4 43.4 1.6
      vertex 55 38.132 1.6
      vertex 56.4 35.0787 1.6
    endloop
  endfacet
  facet normal 0 0 1
    outer loop
      vertex 56.4 43.4 1.6
      vertex 53.95 39.9507 1.6
      vertex 55 38.132 1.6
    endloop
  endfacet
  facet normal 0 0 1
    outer loop
      vertex 56.4 43.4 1.6
      vertex 51.85 39.9507 1.6
      vertex 53.95 39.9507 1.6
    endloop
  endfacet
  facet normal 0 0 1
    outer loop
      vertex 46 43.4 1.6
      vertex 50.8 28.388 1.6
      vertex 50.8 38.132 1.6
    endloop
  endfacet
  facet normal 0 0 1
    outer loop
      vertex 46 6.4 1.6
      vertex 50.8 28.388 1.6
      vertex 46 43.4 1.6
    endloop
  endfacet
  facet normal 0 0 1
    outer loop
      vertex 50.8 28.388 1.6
      vertex 46 6.4 1.6
      vertex 50.8 18.644 1.6
    endloop
  endfacet
  facet normal 0 0 1
    outer loop
      vertex 51.85 39.9507 1.6
      vertex 46 43.4 1.6
      vertex 50.8 38.132 1.6
    endloop
  endfacet
  facet normal 0 0 1
    outer loop
      vertex 56.4 43.4 1.6
      vertex 46 43.4 1.6
      vertex 51.85 39.9507 1.6
    endloop
  endfacet
  facet normal 0 0 1
    outer loop
      vertex 75.4 47.4 1.6
      vertex 46 43.4 1.6
      vertex 56.4 43.4 1.6
    endloop
  endfacet
  facet normal 0 0 1
    outer loop
      vertex 75.4 47.4 1.6
      vertex 44.4 43.4 1.6
      vertex 46 43.4 1.6
    endloop
  endfacet
  facet normal 0 0 1
    outer loop
      vertex 44.4 43.4 1.6
      vertex 34 43.4 1.6
      vertex 44.4 6.4 1.6
    endloop
  endfacet
  facet normal 0 0 1
    outer loop
      vertex 75.4 47.4 1.6
      vertex 34 43.4 1.6
      vertex 44.4 43.4 1.6
    endloop
  endfacet
  facet normal -0 0 1
    outer loop
      vertex 4.4 47.4 1.6
      vertex 34 43.4 1.6
      vertex 75.4 47.4 1.6
    endloop
  endfacet
  facet normal 0 0 1
    outer loop
      vertex 32.4 43.4 1.6
      vertex 22 43.4 1.6
      vertex 32.4 6.4 1.6
    endloop
  endfacet
  facet normal 0 0 1
    outer loop
      vertex 34 43.4 1.6
      vertex 4.4 47.4 1.6
      vertex 32.4 43.4 1.6
    endloop
  endfacet
  facet normal 0 0 1
    outer loop
      vertex 32.4 43.4 1.6
      vertex 4.4 47.4 1.6
      vertex 22 43.4 1.6
    endloop
  endfacet
  facet normal 0 0 1
    outer loop
      vertex 20.4 43.4 1.6
      vertex 19.35 37.5907 1.6
      vertex 20.4 35.772 1.6
    endloop
  endfacet
  facet normal 0 0 1
    outer loop
      vertex 20.4 43.4 1.6
      vertex 17.6 40.644 1.6
      vertex 19.35 37.5907 1.6
    endloop
  endfacet
  facet normal 0 0 1
    outer loop
      vertex 20.4 43.4 1.6
      vertex 16.55 42.4627 1.6
      vertex 17.6 40.644 1.6
    endloop
  endfacet
  facet normal 0 0 1
    outer loop
      vertex 20.4 43.4 1.6
      vertex 14.45 42.4627 1.6
      vertex 16.55 42.4627 1.6
    endloop
  endfacet
  facet normal 0 0 1
    outer loop
      vertex 14.45 42.4627 1.6
      vertex 12 40.644 1.6
      vertex 13.4 40.644 1.6
    endloop
  endfacet
  facet normal 0 0 1
    outer loop
      vertex 14.45 42.4627 1.6
      vertex 10.95 42.4627 1.6
      vertex 12 40.644 1.6
    endloop
  endfacet
  facet normal 0 0 1
    outer loop
      vertex 4.4 47.4 1.6
      vertex 14.45 42.4627 1.6
      vertex 20.4 43.4 1.6
    endloop
  endfacet
  facet normal 0 0 1
    outer loop
      vertex 14.45 42.4627 1.6
      vertex 10 43.4 1.6
      vertex 10.95 42.4627 1.6
    endloop
  endfacet
  facet normal 0 0 1
    outer loop
      vertex 22 43.4 1.6
      vertex 4.4 47.4 1.6
      vertex 20.4 43.4 1.6
    endloop
  endfacet
  facet normal 0 0 1
    outer loop
      vertex 14.45 42.4627 1.6
      vertex 4.4 47.4 1.6
      vertex 10 43.4 1.6
    endloop
  endfacet
  facet normal 0 0 1
    outer loop
      vertex 8.4 43.4 1.6
      vertex 7.8 40.644 1.6
      vertex 8.4 41.6832 1.6
    endloop
  endfacet
  facet normal 0 0 1
    outer loop
      vertex 8.4 43.4 1.6
      vertex 2.4 45.4 1.6
      vertex 7.8 40.644 1.6
    endloop
  endfacet
  facet normal -0 0 1
    outer loop
      vertex 2.4 45.4 1.6
      vertex 8.4 43.4 1.6
      vertex 4.4 47.4 1.6
    endloop
  endfacet
  facet normal 0 0 1
    outer loop
      vertex 10 43.4 1.6
      vertex 4.4 47.4 1.6
      vertex 8.4 43.4 1.6
    endloop
  endfacet
  facet normal 0 0 1
    outer loop
      vertex 76.1654 2.55224 1.6
      vertex 75.4 2.4 1.6
      vertex 75.9176 2.46815 1.6
    endloop
  endfacet
  facet normal 0 0 1
    outer loop
      vertex 60.6 28.388 1.6
      vertex 70.75 36.3133 1.6
      vertex 68.65 36.3133 1.6
    endloop
  endfacet
  facet normal 0 0 1
    outer loop
      vertex 65.15 36.3133 1.6
      vertex 68.65 36.3133 1.6
      vertex 67.6 38.132 1.6
    endloop
  endfacet
  facet normal 0 0 1
    outer loop
      vertex 65.15 36.3133 1.6
      vertex 67.6 38.132 1.6
      vertex 66.2 38.132 1.6
    endloop
  endfacet
  facet normal 0 0 1
    outer loop
      vertex 68.65 36.3133 1.6
      vertex 65.15 36.3133 1.6
      vertex 60.6 28.388 1.6
    endloop
  endfacet
  facet normal 0 0 1
    outer loop
      vertex 60.6 28.388 1.6
      vertex 65.15 36.3133 1.6
      vertex 63.05 36.3133 1.6
    endloop
  endfacet
  facet normal -0 0 1
    outer loop
      vertex 60.6 38.132 1.6
      vertex 63.05 36.3133 1.6
      vertex 62 38.132 1.6
    endloop
  endfacet
  facet normal 0 0 1
    outer loop
      vertex 59.55 36.3133 1.6
      vertex 63.05 36.3133 1.6
      vertex 60.6 38.132 1.6
    endloop
  endfacet
  facet normal 0 0 1
    outer loop
      vertex 70.75 36.3133 1.6
      vertex 60.6 28.388 1.6
      vertex 60.6 18.644 1.6
    endloop
  endfacet
  facet normal 0 0 1
    outer loop
      vertex 75.9176 2.46815 1.6
      vertex 75.4 2.4 1.6
      vertex 75.661 2.4171 1.6
    endloop
  endfacet
  facet normal 0 0 1
    outer loop
      vertex 77.1321 3.4 1.6
      vertex 75.4 2.4 1.6
      vertex 76.9867 3.18247 1.6
    endloop
  endfacet
  facet normal -0 0 1
    outer loop
      vertex 59.55 7.08135 1.6
      vertex 75.4 2.4 1.6
      vertex 60.6 8.9 1.6
    endloop
  endfacet
  facet normal 0 0 1
    outer loop
      vertex 58 6.4 1.6
      vertex 59.55 7.08135 1.6
      vertex 58 7.08135 1.6
    endloop
  endfacet
  facet normal 0 0 1
    outer loop
      vertex 59.55 7.08135 1.6
      vertex 58 6.4 1.6
      vertex 75.4 2.4 1.6
    endloop
  endfacet
  facet normal -0 0 1
    outer loop
      vertex 56.4 6.4 1.6
      vertex 75.4 2.4 1.6
      vertex 58 6.4 1.6
    endloop
  endfacet
  facet normal -0 0 1
    outer loop
      vertex 53.95 7.08135 1.6
      vertex 56.4 6.4 1.6
      vertex 55 8.9 1.6
    endloop
  endfacet
  facet normal -0 0 1
    outer loop
      vertex 51.85 7.08135 1.6
      vertex 56.4 6.4 1.6
      vertex 53.95 7.08135 1.6
    endloop
  endfacet
  facet normal 0 0 1
    outer loop
      vertex 46 6.4 1.6
      vertex 56.4 6.4 1.6
      vertex 51.85 7.08135 1.6
    endloop
  endfacet
  facet normal 0 0 1
    outer loop
      vertex 51.85 10.7187 1.6
      vertex 46 6.4 1.6
      vertex 50.8 8.9 1.6
    endloop
  endfacet
  facet normal 0 0 1
    outer loop
      vertex 46 6.4 1.6
      vertex 51.85 7.08135 1.6
      vertex 50.8 8.9 1.6
    endloop
  endfacet
  facet normal 0 0 1
    outer loop
      vertex 56.4 6.4 1.6
      vertex 46 6.4 1.6
      vertex 75.4 2.4 1.6
    endloop
  endfacet
  facet normal -0 0 1
    outer loop
      vertex 44.4 6.4 1.6
      vertex 75.4 2.4 1.6
      vertex 46 6.4 1.6
    endloop
  endfacet
  facet normal 0 0 1
    outer loop
      vertex 34 6.4 1.6
      vertex 44.4 6.4 1.6
      vertex 34 43.4 1.6
    endloop
  endfacet
  facet normal -0 0 1
    outer loop
      vertex 34 6.4 1.6
      vertex 75.4 2.4 1.6
      vertex 44.4 6.4 1.6
    endloop
  endfacet
  facet normal 0 0 1
    outer loop
      vertex 4.4 2.4 1.6
      vertex 34 6.4 1.6
      vertex 32.4 6.4 1.6
    endloop
  endfacet
  facet normal 0 0 1
    outer loop
      vertex 22 6.4 1.6
      vertex 32.4 6.4 1.6
      vertex 22 43.4 1.6
    endloop
  endfacet
  facet normal 0 0 1
    outer loop
      vertex 4.4 2.4 1.6
      vertex 32.4 6.4 1.6
      vertex 22 6.4 1.6
    endloop
  endfacet
  facet normal 0 0 1
    outer loop
      vertex 4.4 2.4 1.6
      vertex 22 6.4 1.6
      vertex 20.4 6.4 1.6
    endloop
  endfacet
  facet normal -0 0 1
    outer loop
      vertex 17.6 30.9 1.6
      vertex 20.4 6.4 1.6
      vertex 19.35 33.9533 1.6
    endloop
  endfacet
  facet normal -0 0 1
    outer loop
      vertex 16.55 29.0813 1.6
      vertex 20.4 6.4 1.6
      vertex 17.6 30.9 1.6
    endloop
  endfacet
  facet normal -0 0 1
    outer loop
      vertex 14.45 29.0813 1.6
      vertex 20.4 6.4 1.6
      vertex 16.55 29.0813 1.6
    endloop
  endfacet
  facet normal 0 0 1
    outer loop
      vertex 10.95 29.0813 1.6
      vertex 14.45 29.0813 1.6
      vertex 13.4 30.9 1.6
    endloop
  endfacet
  facet normal 0 0 1
    outer loop
      vertex 10.95 29.0813 1.6
      vertex 13.4 30.9 1.6
      vertex 12 30.9 1.6
    endloop
  endfacet
  facet normal 0 0 1
    outer loop
      vertex 10 6.4 1.6
      vertex 14.45 29.0813 1.6
      vertex 10.95 29.0813 1.6
    endloop
  endfacet
  facet normal 0 0 1
    outer loop
      vertex 10 6.4 1.6
      vertex 10.95 29.0813 1.6
      vertex 10 29.0813 1.6
    endloop
  endfacet
  facet normal 0 0 1
    outer loop
      vertex 14.45 29.0813 1.6
      vertex 10 6.4 1.6
      vertex 20.4 6.4 1.6
    endloop
  endfacet
  facet normal 0 0 1
    outer loop
      vertex 4.4 2.4 1.6
      vertex 20.4 6.4 1.6
      vertex 10 6.4 1.6
    endloop
  endfacet
  facet normal 0 0 1
    outer loop
      vertex 4.4 2.4 1.6
      vertex 10 6.4 1.6
      vertex 8.4 6.4 1.6
    endloop
  endfacet
  facet normal 0 0 1
    outer loop
      vertex 7.8 40.644 1.6
      vertex 2.4 45.4 1.6
      vertex 7.8 30.9 1.6
    endloop
  endfacet
  facet normal 0 0 1
    outer loop
      vertex 34 6.4 1.6
      vertex 4.4 2.4 1.6
      vertex 75.4 2.4 1.6
    endloop
  endfacet
  facet normal 0 0 1
    outer loop
      vertex 2.4 4.4 1.6
      vertex 7.8 30.9 1.6
      vertex 2.4 45.4 1.6
    endloop
  endfacet
  facet normal 0 0 1
    outer loop
      vertex 2.4 45.4 1.6
      vertex 4.4 47.4 1.6
      vertex 4.13895 47.3829 1.6
    endloop
  endfacet
  facet normal 0 0 1
    outer loop
      vertex 8.4 29.8608 1.6
      vertex 2.4 4.4 1.6
      vertex 8.4 6.4 1.6
    endloop
  endfacet
  facet normal 0 0 1
    outer loop
      vertex 2.4 45.4 1.6
      vertex 4.13895 47.3829 1.6
      vertex 3.88236 47.3319 1.6
    endloop
  endfacet
  facet normal 0 0 1
    outer loop
      vertex 8.4 6.4 1.6
      vertex 2.4 4.4 1.6
      vertex 4.4 2.4 1.6
    endloop
  endfacet
  facet normal 0 0 1
    outer loop
      vertex 2.4 45.4 1.6
      vertex 3.88236 47.3319 1.6
      vertex 3.63463 47.2478 1.6
    endloop
  endfacet
  facet normal 0 0 1
    outer loop
      vertex 4.4 2.4 1.6
      vertex 2.4 4.4 1.6
      vertex 4.13895 2.4171 1.6
    endloop
  endfacet
  facet normal 0 0 1
    outer loop
      vertex 2.4 45.4 1.6
      vertex 3.63463 47.2478 1.6
      vertex 3.4 47.1321 1.6
    endloop
  endfacet
  facet normal 0 0 1
    outer loop
      vertex 4.13895 2.4171 1.6
      vertex 2.4 4.4 1.6
      vertex 3.88236 2.46815 1.6
    endloop
  endfacet
  facet normal 0 0 1
    outer loop
      vertex 2.4 45.4 1.6
      vertex 3.4 47.1321 1.6
      vertex 3.18247 46.9867 1.6
    endloop
  endfacet
  facet normal 0 0 1
    outer loop
      vertex 3.88236 2.46815 1.6
      vertex 2.4 4.4 1.6
      vertex 3.63463 2.55224 1.6
    endloop
  endfacet
  facet normal 0 0 1
    outer loop
      vertex 2.4 45.4 1.6
      vertex 3.18247 46.9867 1.6
      vertex 2.98578 46.8142 1.6
    endloop
  endfacet
  facet normal 0 0 1
    outer loop
      vertex 3.63463 2.55224 1.6
      vertex 2.4 4.4 1.6
      vertex 3.4 2.66794 1.6
    endloop
  endfacet
  facet normal 0 0 1
    outer loop
      vertex 2.4 45.4 1.6
      vertex 2.98578 46.8142 1.6
      vertex 2.8133 46.6175 1.6
    endloop
  endfacet
  facet normal 0 0 1
    outer loop
      vertex 3.4 2.66794 1.6
      vertex 2.4 4.4 1.6
      vertex 3.18247 2.8133 1.6
    endloop
  endfacet
  facet normal 0 0 1
    outer loop
      vertex 2.4 45.4 1.6
      vertex 2.8133 46.6175 1.6
      vertex 2.66794 46.4 1.6
    endloop
  endfacet
  facet normal 0 0 1
    outer loop
      vertex 3.18247 2.8133 1.6
      vertex 2.4 4.4 1.6
      vertex 2.98578 2.98578 1.6
    endloop
  endfacet
  facet normal 0 0 1
    outer loop
      vertex 2.4 45.4 1.6
      vertex 2.66794 46.4 1.6
      vertex 2.55224 46.1654 1.6
    endloop
  endfacet
  facet normal 0 0 1
    outer loop
      vertex 2.98578 2.98578 1.6
      vertex 2.4 4.4 1.6
      vertex 2.8133 3.18247 1.6
    endloop
  endfacet
  facet normal 0 0 1
    outer loop
      vertex 2.4 45.4 1.6
      vertex 2.55224 46.1654 1.6
      vertex 2.46815 45.9176 1.6
    endloop
  endfacet
  facet normal 0 0 1
    outer loop
      vertex 2.8133 3.18247 1.6
      vertex 2.4 4.4 1.6
      vertex 2.66794 3.4 1.6
    endloop
  endfacet
  facet normal 0 0 1
    outer loop
      vertex 2.4 45.4 1.6
      vertex 2.46815 45.9176 1.6
      vertex 2.4171 45.661 1.6
    endloop
  endfacet
  facet normal 0 0 1
    outer loop
      vertex 2.66794 3.4 1.6
      vertex 2.4 4.4 1.6
      vertex 2.55224 3.63463 1.6
    endloop
  endfacet
  facet normal 0 0 1
    outer loop
      vertex 2.55224 3.63463 1.6
      vertex 2.4 4.4 1.6
      vertex 2.46815 3.88236 1.6
    endloop
  endfacet
  facet normal 0 0 1
    outer loop
      vertex 2.46815 3.88236 1.6
      vertex 2.4 4.4 1.6
      vertex 2.4171 4.13895 1.6
    endloop
  endfacet
  facet normal 0 0 1
    outer loop
      vertex 59.55 39.9507 1.6
      vertex 58 43.4 1.6
      vertex 58 39.9507 1.6
    endloop
  endfacet
  facet normal -0 0 1
    outer loop
      vertex 53.95 36.3133 1.6
      vertex 56.4 35.0787 1.6
      vertex 55 38.132 1.6
    endloop
  endfacet
  facet normal 0 0 1
    outer loop
      vertex 56.4 35.0787 1.6
      vertex 53.95 36.3133 1.6
      vertex 54.65 35.0787 1.6
    endloop
  endfacet
  facet normal -0 0 1
    outer loop
      vertex 51.85 36.3133 1.6
      vertex 54.65 35.0787 1.6
      vertex 53.95 36.3133 1.6
    endloop
  endfacet
  facet normal 0 0 1
    outer loop
      vertex 54.65 35.0787 1.6
      vertex 51.85 36.3133 1.6
      vertex 53.6 33.26 1.6
    endloop
  endfacet
  facet normal 0 0 1
    outer loop
      vertex 56.4 31.4413 1.6
      vertex 55 28.388 1.6
      vertex 56.4 25.3347 1.6
    endloop
  endfacet
  facet normal 0 0 1
    outer loop
      vertex 53.95 30.2067 1.6
      vertex 56.4 31.4413 1.6
      vertex 54.65 31.4413 1.6
    endloop
  endfacet
  facet normal 0 0 1
    outer loop
      vertex 56.4 31.4413 1.6
      vertex 53.95 30.2067 1.6
      vertex 55 28.388 1.6
    endloop
  endfacet
  facet normal 0 0 1
    outer loop
      vertex 51.85 30.2067 1.6
      vertex 54.65 31.4413 1.6
      vertex 53.6 33.26 1.6
    endloop
  endfacet
  facet normal 0 0 1
    outer loop
      vertex 51.85 30.2067 1.6
      vertex 53.6 33.26 1.6
      vertex 51.85 36.3133 1.6
    endloop
  endfacet
  facet normal 0 0 1
    outer loop
      vertex 54.65 31.4413 1.6
      vertex 51.85 30.2067 1.6
      vertex 53.95 30.2067 1.6
    endloop
  endfacet
  facet normal 0 0 1
    outer loop
      vertex 50.8 38.132 1.6
      vertex 51.85 30.2067 1.6
      vertex 51.85 36.3133 1.6
    endloop
  endfacet
  facet normal 0 0 1
    outer loop
      vertex 51.85 30.2067 1.6
      vertex 50.8 38.132 1.6
      vertex 50.8 28.388 1.6
    endloop
  endfacet
  facet normal -0 0 1
    outer loop
      vertex 53.95 26.5693 1.6
      vertex 56.4 25.3347 1.6
      vertex 55 28.388 1.6
    endloop
  endfacet
  facet normal 0 0 1
    outer loop
      vertex 56.4 25.3347 1.6
      vertex 53.95 26.5693 1.6
      vertex 54.65 25.3347 1.6
    endloop
  endfacet
  facet normal -0 0 1
    outer loop
      vertex 51.85 26.5693 1.6
      vertex 54.65 25.3347 1.6
      vertex 53.95 26.5693 1.6
    endloop
  endfacet
  facet normal 0 0 1
    outer loop
      vertex 54.65 25.3347 1.6
      vertex 51.85 26.5693 1.6
      vertex 53.6 23.516 1.6
    endloop
  endfacet
  facet normal 0 0 1
    outer loop
      vertex 56.4 21.6973 1.6
      vertex 55 18.644 1.6
      vertex 56.4 15.5907 1.6
    endloop
  endfacet
  facet normal 0 0 1
    outer loop
      vertex 53.95 20.4627 1.6
      vertex 56.4 21.6973 1.6
      vertex 54.65 21.6973 1.6
    endloop
  endfacet
  facet normal 0 0 1
    outer loop
      vertex 56.4 21.6973 1.6
      vertex 53.95 20.4627 1.6
      vertex 55 18.644 1.6
    endloop
  endfacet
  facet normal 0 0 1
    outer loop
      vertex 51.85 20.4627 1.6
      vertex 54.65 21.6973 1.6
      vertex 53.6 23.516 1.6
    endloop
  endfacet
  facet normal 0 0 1
    outer loop
      vertex 51.85 20.4627 1.6
      vertex 53.6 23.516 1.6
      vertex 51.85 26.5693 1.6
    endloop
  endfacet
  facet normal 0 0 1
    outer loop
      vertex 54.65 21.6973 1.6
      vertex 51.85 20.4627 1.6
      vertex 53.95 20.4627 1.6
    endloop
  endfacet
  facet normal 0 0 1
    outer loop
      vertex 50.8 28.388 1.6
      vertex 51.85 20.4627 1.6
      vertex 51.85 26.5693 1.6
    endloop
  endfacet
  facet normal 0 0 1
    outer loop
      vertex 51.85 20.4627 1.6
      vertex 50.8 28.388 1.6
      vertex 50.8 18.644 1.6
    endloop
  endfacet
  facet normal -0 0 1
    outer loop
      vertex 53.95 16.8253 1.6
      vertex 56.4 15.5907 1.6
      vertex 55 18.644 1.6
    endloop
  endfacet
  facet normal 0 0 1
    outer loop
      vertex 56.4 15.5907 1.6
      vertex 53.95 16.8253 1.6
      vertex 54.65 15.5907 1.6
    endloop
  endfacet
  facet normal -0 0 1
    outer loop
      vertex 51.85 16.8253 1.6
      vertex 54.65 15.5907 1.6
      vertex 53.95 16.8253 1.6
    endloop
  endfacet
  facet normal 0 0 1
    outer loop
      vertex 54.65 15.5907 1.6
      vertex 51.85 16.8253 1.6
      vertex 53.6 13.772 1.6
    endloop
  endfacet
  facet normal -0.659343 -0.751842 0
    outer loop
      vertex 76.6175 46.9867 1.6
      vertex 76.8142 46.8142 7.6
      vertex 76.6175 46.9867 7.6
    endloop
  endfacet
  facet normal -0.659343 -0.751842 -0
    outer loop
      vertex 76.8142 46.8142 7.6
      vertex 76.6175 46.9867 1.6
      vertex 76.8142 46.8142 1.6
    endloop
  endfacet
  facet normal -0.659343 -0.751842 0
    outer loop
      vertex 76.6175 46.9867 9.1
      vertex 76.8142 46.8142 17.7
      vertex 76.6175 46.9867 17.7
    endloop
  endfacet
  facet normal -0.659343 -0.751842 -0
    outer loop
      vertex 76.8142 46.8142 17.7
      vertex 76.6175 46.9867 9.1
      vertex 76.8142 46.8142 9.1
    endloop
  endfacet
  facet normal -0.751842 -0.659343 0
    outer loop
      vertex 76.9867 46.6175 1.6
      vertex 76.8142 46.8142 7.6
      vertex 76.8142 46.8142 1.6
    endloop
  endfacet
  facet normal -0.751842 -0.659343 0
    outer loop
      vertex 76.8142 46.8142 7.6
      vertex 76.9867 46.6175 1.6
      vertex 76.9867 46.6175 7.6
    endloop
  endfacet
  facet normal -0.751842 -0.659343 0
    outer loop
      vertex 76.9867 46.6175 9.1
      vertex 76.8142 46.8142 17.7
      vertex 76.8142 46.8142 9.1
    endloop
  endfacet
  facet normal -0.751842 -0.659343 0
    outer loop
      vertex 76.8142 46.8142 17.7
      vertex 76.9867 46.6175 9.1
      vertex 76.9867 46.6175 17.7
    endloop
  endfacet
  facet normal -0.831344 -0.555758 0
    outer loop
      vertex 77.1321 46.4 1.6
      vertex 76.9867 46.6175 7.6
      vertex 76.9867 46.6175 1.6
    endloop
  endfacet
  facet normal -0.831344 -0.555758 0
    outer loop
      vertex 76.9867 46.6175 7.6
      vertex 77.1321 46.4 1.6
      vertex 77.1321 46.4 7.6
    endloop
  endfacet
  facet normal -0.831344 -0.555758 0
    outer loop
      vertex 77.1321 46.4 9.1
      vertex 76.9867 46.6175 17.7
      vertex 76.9867 46.6175 9.1
    endloop
  endfacet
  facet normal -0.831344 -0.555758 0
    outer loop
      vertex 76.9867 46.6175 17.7
      vertex 77.1321 46.4 9.1
      vertex 77.1321 46.4 17.7
    endloop
  endfacet
  facet normal -0.980815 -0.19494 0
    outer loop
      vertex 77.3829 45.661 1.6
      vertex 77.3319 45.9176 7.6
      vertex 77.3319 45.9176 1.6
    endloop
  endfacet
  facet normal -0.980815 -0.19494 0
    outer loop
      vertex 77.3319 45.9176 7.6
      vertex 77.3829 45.661 1.6
      vertex 77.3829 45.661 7.6
    endloop
  endfacet
  facet normal -0.980815 -0.19494 0
    outer loop
      vertex 77.3829 45.661 9.1
      vertex 77.3319 45.9176 17.7
      vertex 77.3319 45.9176 9.1
    endloop
  endfacet
  facet normal -0.980815 -0.19494 0
    outer loop
      vertex 77.3319 45.9176 17.7
      vertex 77.3829 45.661 9.1
      vertex 77.3829 45.661 17.7
    endloop
  endfacet
  facet normal -0.997861 -0.0653771 0
    outer loop
      vertex 77.4 45.4 1.6
      vertex 77.3829 45.661 7.6
      vertex 77.3829 45.661 1.6
    endloop
  endfacet
  facet normal -0.997861 -0.0653771 0
    outer loop
      vertex 77.3829 45.661 7.6
      vertex 77.4 45.4 1.6
      vertex 77.4 45.4 7.6
    endloop
  endfacet
  facet normal -0.997861 -0.0653771 0
    outer loop
      vertex 77.4 45.4 9.1
      vertex 77.3829 45.661 17.7
      vertex 77.3829 45.661 9.1
    endloop
  endfacet
  facet normal -0.997861 -0.0653771 0
    outer loop
      vertex 77.3829 45.661 17.7
      vertex 77.4 45.4 9.1
      vertex 77.4 45.4 17.7
    endloop
  endfacet
  facet normal -0.94695 -0.321382 0
    outer loop
      vertex 77.3319 45.9176 1.6
      vertex 77.2478 46.1654 7.6
      vertex 77.2478 46.1654 1.6
    endloop
  endfacet
  facet normal -0.94695 -0.321382 0
    outer loop
      vertex 77.2478 46.1654 7.6
      vertex 77.3319 45.9176 1.6
      vertex 77.3319 45.9176 7.6
    endloop
  endfacet
  facet normal -0.94695 -0.321382 0
    outer loop
      vertex 77.3319 45.9176 9.1
      vertex 77.2478 46.1654 17.7
      vertex 77.2478 46.1654 9.1
    endloop
  endfacet
  facet normal -0.94695 -0.321382 0
    outer loop
      vertex 77.2478 46.1654 17.7
      vertex 77.3319 45.9176 9.1
      vertex 77.3319 45.9176 17.7
    endloop
  endfacet
  facet normal -0.946922 0.321463 0
    outer loop
      vertex 77.2478 3.63463 1.6
      vertex 77.3319 3.88236 7.6
      vertex 77.3319 3.88236 1.6
    endloop
  endfacet
  facet normal -0.946922 0.321463 0
    outer loop
      vertex 77.3319 3.88236 7.6
      vertex 77.2478 3.63463 1.6
      vertex 77.2478 3.63463 7.6
    endloop
  endfacet
  facet normal -0.946922 0.321463 0
    outer loop
      vertex 77.2478 3.63463 9.1
      vertex 77.3319 3.88236 17.7
      vertex 77.3319 3.88236 9.1
    endloop
  endfacet
  facet normal -0.946922 0.321463 0
    outer loop
      vertex 77.3319 3.88236 17.7
      vertex 77.2478 3.63463 9.1
      vertex 77.2478 3.63463 17.7
    endloop
  endfacet
  facet normal -0.980814 0.194947 0
    outer loop
      vertex 77.3319 3.88236 1.6
      vertex 77.3829 4.13895 7.6
      vertex 77.3829 4.13895 1.6
    endloop
  endfacet
  facet normal -0.980814 0.194947 0
    outer loop
      vertex 77.3829 4.13895 7.6
      vertex 77.3319 3.88236 1.6
      vertex 77.3319 3.88236 7.6
    endloop
  endfacet
  facet normal -0.980814 0.194947 0
    outer loop
      vertex 77.3319 3.88236 9.1
      vertex 77.3829 4.13895 17.7
      vertex 77.3829 4.13895 9.1
    endloop
  endfacet
  facet normal -0.980814 0.194947 0
    outer loop
      vertex 77.3829 4.13895 17.7
      vertex 77.3319 3.88236 9.1
      vertex 77.3319 3.88236 17.7
    endloop
  endfacet
  facet normal -0.6593 0.75188 0
    outer loop
      vertex 76.8142 2.98578 1.6
      vertex 76.6175 2.8133 7.6
      vertex 76.8142 2.98578 7.6
    endloop
  endfacet
  facet normal -0.6593 0.75188 0
    outer loop
      vertex 76.6175 2.8133 7.6
      vertex 76.8142 2.98578 1.6
      vertex 76.6175 2.8133 1.6
    endloop
  endfacet
  facet normal -0.6593 0.75188 0
    outer loop
      vertex 76.8142 2.98578 9.1
      vertex 76.6175 2.8133 17.7
      vertex 76.8142 2.98578 17.7
    endloop
  endfacet
  facet normal -0.6593 0.75188 0
    outer loop
      vertex 76.6175 2.8133 17.7
      vertex 76.8142 2.98578 9.1
      vertex 76.6175 2.8133 9.1
    endloop
  endfacet
  facet normal -0.555653 0.831415 0
    outer loop
      vertex 76.6175 2.8133 1.6
      vertex 76.4 2.66794 7.6
      vertex 76.6175 2.8133 7.6
    endloop
  endfacet
  facet normal -0.555653 0.831415 0
    outer loop
      vertex 76.4 2.66794 7.6
      vertex 76.6175 2.8133 1.6
      vertex 76.4 2.66794 1.6
    endloop
  endfacet
  facet normal -0.555653 0.831415 0
    outer loop
      vertex 76.6175 2.8133 9.1
      vertex 76.4 2.66794 17.7
      vertex 76.6175 2.8133 17.7
    endloop
  endfacet
  facet normal -0.555653 0.831415 0
    outer loop
      vertex 76.4 2.66794 17.7
      vertex 76.6175 2.8133 9.1
      vertex 76.4 2.66794 9.1
    endloop
  endfacet
  facet normal 0.659319 0.751863 -0
    outer loop
      vertex 3.18247 2.8133 1.6
      vertex 2.98578 2.98578 7.6
      vertex 3.18247 2.8133 7.6
    endloop
  endfacet
  facet normal 0.659319 0.751863 0
    outer loop
      vertex 2.98578 2.98578 7.6
      vertex 3.18247 2.8133 1.6
      vertex 2.98578 2.98578 1.6
    endloop
  endfacet
  facet normal 0.659319 0.751863 -0
    outer loop
      vertex 3.18247 2.8133 9.1
      vertex 2.98578 2.98578 17.7
      vertex 3.18247 2.8133 17.7
    endloop
  endfacet
  facet normal 0.659319 0.751863 0
    outer loop
      vertex 2.98578 2.98578 17.7
      vertex 3.18247 2.8133 9.1
      vertex 2.98578 2.98578 9.1
    endloop
  endfacet
  facet normal 0.946934 0.321429 0
    outer loop
      vertex 2.55224 3.63463 7.6
      vertex 2.46815 3.88236 1.6
      vertex 2.46815 3.88236 7.6
    endloop
  endfacet
  facet normal 0.946934 0.321429 0
    outer loop
      vertex 2.46815 3.88236 1.6
      vertex 2.55224 3.63463 7.6
      vertex 2.55224 3.63463 1.6
    endloop
  endfacet
  facet normal 0.946934 0.321429 0
    outer loop
      vertex 2.55224 3.63463 17.7
      vertex 2.46815 3.88236 9.1
      vertex 2.46815 3.88236 17.7
    endloop
  endfacet
  facet normal 0.946934 0.321429 0
    outer loop
      vertex 2.46815 3.88236 9.1
      vertex 2.55224 3.63463 17.7
      vertex 2.55224 3.63463 9.1
    endloop
  endfacet
  facet normal 0.980777 0.195131 0
    outer loop
      vertex 2.46815 3.88236 7.6
      vertex 2.4171 4.13895 1.6
      vertex 2.4171 4.13895 7.6
    endloop
  endfacet
  facet normal 0.980777 0.195131 0
    outer loop
      vertex 2.4171 4.13895 1.6
      vertex 2.46815 3.88236 7.6
      vertex 2.46815 3.88236 1.6
    endloop
  endfacet
  facet normal 0.980777 0.195131 0
    outer loop
      vertex 2.46815 3.88236 17.7
      vertex 2.4171 4.13895 9.1
      vertex 2.4171 4.13895 17.7
    endloop
  endfacet
  facet normal 0.980777 0.195131 0
    outer loop
      vertex 2.4171 4.13895 9.1
      vertex 2.46815 3.88236 17.7
      vertex 2.46815 3.88236 9.1
    endloop
  endfacet
  facet normal 0.997861 0.0653646 0
    outer loop
      vertex 2.4171 4.13895 7.6
      vertex 2.4 4.4 1.6
      vertex 2.4 4.4 7.6
    endloop
  endfacet
  facet normal 0.997861 0.0653646 0
    outer loop
      vertex 2.4 4.4 1.6
      vertex 2.4171 4.13895 7.6
      vertex 2.4171 4.13895 1.6
    endloop
  endfacet
  facet normal 0.997861 0.0653646 0
    outer loop
      vertex 2.4171 4.13895 17.7
      vertex 2.4 4.4 9.1
      vertex 2.4 4.4 17.7
    endloop
  endfacet
  facet normal 0.997861 0.0653646 0
    outer loop
      vertex 2.4 4.4 9.1
      vertex 2.4171 4.13895 17.7
      vertex 2.4171 4.13895 9.1
    endloop
  endfacet
  facet normal -0.831379 0.555705 0
    outer loop
      vertex 76.9867 3.18247 1.6
      vertex 77.1321 3.4 7.6
      vertex 77.1321 3.4 1.6
    endloop
  endfacet
  facet normal -0.831379 0.555705 0
    outer loop
      vertex 77.1321 3.4 7.6
      vertex 76.9867 3.18247 1.6
      vertex 76.9867 3.18247 7.6
    endloop
  endfacet
  facet normal -0.831379 0.555705 0
    outer loop
      vertex 76.9867 3.18247 9.1
      vertex 77.1321 3.4 17.7
      vertex 77.1321 3.4 9.1
    endloop
  endfacet
  facet normal -0.831379 0.555705 0
    outer loop
      vertex 77.1321 3.4 17.7
      vertex 76.9867 3.18247 9.1
      vertex 76.9867 3.18247 17.7
    endloop
  endfacet
  facet normal -0.896883 0.442268 0
    outer loop
      vertex 77.1321 3.4 1.6
      vertex 77.2478 3.63463 7.6
      vertex 77.2478 3.63463 1.6
    endloop
  endfacet
  facet normal -0.896883 0.442268 0
    outer loop
      vertex 77.2478 3.63463 7.6
      vertex 77.1321 3.4 1.6
      vertex 77.1321 3.4 7.6
    endloop
  endfacet
  facet normal -0.896883 0.442268 0
    outer loop
      vertex 77.1321 3.4 9.1
      vertex 77.2478 3.63463 17.7
      vertex 77.2478 3.63463 9.1
    endloop
  endfacet
  facet normal -0.896883 0.442268 0
    outer loop
      vertex 77.2478 3.63463 17.7
      vertex 77.1321 3.4 9.1
      vertex 77.1321 3.4 17.7
    endloop
  endfacet
  facet normal 1 -0 0
    outer loop
      vertex 34.9 47.4 14.1
      vertex 34.9 49.8 10.1
      vertex 34.9 49.8 14.1
    endloop
  endfacet
  facet normal 1 0 0
    outer loop
      vertex 34.9 49.8 10.1
      vertex 34.9 47.4 14.1
      vertex 34.9 47.4 10.1
    endloop
  endfacet
  facet normal 0 0 -1
    outer loop
      vertex 34.9 47.4 14.1
      vertex 44.9 49.8 14.1
      vertex 44.9 47.4 14.1
    endloop
  endfacet
  facet normal -0 0 -1
    outer loop
      vertex 44.9 49.8 14.1
      vertex 34.9 47.4 14.1
      vertex 34.9 49.8 14.1
    endloop
  endfacet
  facet normal -1 0 0
    outer loop
      vertex 44.9 47.4 10.1
      vertex 44.9 49.8 14.1
      vertex 44.9 49.8 10.1
    endloop
  endfacet
  facet normal -1 -0 0
    outer loop
      vertex 44.9 49.8 14.1
      vertex 44.9 47.4 10.1
      vertex 44.9 47.4 14.1
    endloop
  endfacet
  facet normal -0 0 1
    outer loop
      vertex 34.9 49.8 10.1
      vertex 44.9 47.4 10.1
      vertex 44.9 49.8 10.1
    endloop
  endfacet
  facet normal 0 0 1
    outer loop
      vertex 44.9 47.4 10.1
      vertex 34.9 49.8 10.1
      vertex 34.9 47.4 10.1
    endloop
  endfacet
  facet normal 1 -0 0
    outer loop
      vertex 34.4 0 14.5
      vertex 34.4 2.4 9.9
      vertex 34.4 2.4 14.5
    endloop
  endfacet
  facet normal 1 0 0
    outer loop
      vertex 34.4 2.4 9.9
      vertex 34.4 0 14.5
      vertex 34.4 0 9.9
    endloop
  endfacet
  facet normal 0 0 -1
    outer loop
      vertex 34.4 0 14.5
      vertex 45.4 2.4 14.5
      vertex 45.4 0 14.5
    endloop
  endfacet
  facet normal -0 0 -1
    outer loop
      vertex 45.4 2.4 14.5
      vertex 34.4 0 14.5
      vertex 34.4 2.4 14.5
    endloop
  endfacet
  facet normal -1 0 0
    outer loop
      vertex 45.4 0 9.9
      vertex 45.4 2.4 14.5
      vertex 45.4 2.4 9.9
    endloop
  endfacet
  facet normal -1 -0 0
    outer loop
      vertex 45.4 2.4 14.5
      vertex 45.4 0 9.9
      vertex 45.4 0 14.5
    endloop
  endfacet
  facet normal -0 0 1
    outer loop
      vertex 34.4 2.4 9.9
      vertex 45.4 0 9.9
      vertex 45.4 2.4 9.9
    endloop
  endfacet
  facet normal 0 0 1
    outer loop
      vertex 45.4 0 9.9
      vertex 34.4 2.4 9.9
      vertex 34.4 0 9.9
    endloop
  endfacet
  facet normal 1 -0 0
    outer loop
      vertex 50.4 47.4 16.6
      vertex 50.4 49.8 10.1
      vertex 50.4 49.8 16.6
    endloop
  endfacet
  facet normal 1 0 0
    outer loop
      vertex 50.4 49.8 10.1
      vertex 50.4 47.4 16.6
      vertex 50.4 47.4 10.1
    endloop
  endfacet
  facet normal 0 0 -1
    outer loop
      vertex 50.4 47.4 16.6
      vertex 63.4 49.8 16.6
      vertex 63.4 47.4 16.6
    endloop
  endfacet
  facet normal -0 0 -1
    outer loop
      vertex 63.4 49.8 16.6
      vertex 50.4 47.4 16.6
      vertex 50.4 49.8 16.6
    endloop
  endfacet
  facet normal -0 0 1
    outer loop
      vertex 50.4 49.8 10.1
      vertex 63.4 47.4 10.1
      vertex 63.4 49.8 10.1
    endloop
  endfacet
  facet normal 0 0 1
    outer loop
      vertex 63.4 47.4 10.1
      vertex 50.4 49.8 10.1
      vertex 50.4 47.4 10.1
    endloop
  endfacet
  facet normal 0.997859 0.0653963 0
    outer loop
      vertex 7.6 5.2 7.6
      vertex 7.57947 5.51326 1.6
      vertex 7.57947 5.51326 7.6
    endloop
  endfacet
  facet normal 0.997859 0.0653963 0
    outer loop
      vertex 7.57947 5.51326 1.6
      vertex 7.6 5.2 7.6
      vertex 7.6 5.2 1.6
    endloop
  endfacet
  facet normal 0.997859 0.0653963 0
    outer loop
      vertex 7.6 5.2 17.7
      vertex 7.57947 5.51326 9.1
      vertex 7.57947 5.51326 17.7
    endloop
  endfacet
  facet normal 0.997859 0.0653963 0
    outer loop
      vertex 7.57947 5.51326 9.1
      vertex 7.6 5.2 17.7
      vertex 7.6 5.2 9.1
    endloop
  endfacet
  facet normal -0.997859 0.0653963 0
    outer loop
      vertex 2.8 5.2 1.6
      vertex 2.82053 5.51326 7.6
      vertex 2.82053 5.51326 1.6
    endloop
  endfacet
  facet normal -0.997859 0.0653963 0
    outer loop
      vertex 2.82053 5.51326 7.6
      vertex 2.8 5.2 1.6
      vertex 2.8 5.2 7.6
    endloop
  endfacet
  facet normal -0.997859 0.0653963 0
    outer loop
      vertex 2.8 5.2 9.1
      vertex 2.82053 5.51326 17.7
      vertex 2.82053 5.51326 9.1
    endloop
  endfacet
  facet normal -0.997859 0.0653963 0
    outer loop
      vertex 2.82053 5.51326 17.7
      vertex 2.8 5.2 9.1
      vertex 2.8 5.2 17.7
    endloop
  endfacet
  facet normal 0.0653963 0.997859 -0
    outer loop
      vertex 5.51326 7.57947 1.6
      vertex 5.2 7.6 7.6
      vertex 5.51326 7.57947 7.6
    endloop
  endfacet
  facet normal 0.0653963 0.997859 0
    outer loop
      vertex 5.2 7.6 7.6
      vertex 5.51326 7.57947 1.6
      vertex 5.2 7.6 1.6
    endloop
  endfacet
  facet normal 0.0653963 0.997859 -0
    outer loop
      vertex 5.51326 7.57947 9.1
      vertex 5.2 7.6 17.7
      vertex 5.51326 7.57947 17.7
    endloop
  endfacet
  facet normal 0.0653963 0.997859 0
    outer loop
      vertex 5.2 7.6 17.7
      vertex 5.51326 7.57947 9.1
      vertex 5.2 7.6 9.1
    endloop
  endfacet
  facet normal -0.0653963 -0.997859 0
    outer loop
      vertex 4.88674 2.82053 1.6
      vertex 5.2 2.8 7.6
      vertex 4.88674 2.82053 7.6
    endloop
  endfacet
  facet normal -0.0653963 -0.997859 -0
    outer loop
      vertex 5.2 2.8 7.6
      vertex 4.88674 2.82053 1.6
      vertex 5.2 2.8 1.6
    endloop
  endfacet
  facet normal -0.0653963 -0.997859 0
    outer loop
      vertex 4.88674 2.82053 9.1
      vertex 5.2 2.8 17.7
      vertex 4.88674 2.82053 17.7
    endloop
  endfacet
  facet normal -0.0653963 -0.997859 -0
    outer loop
      vertex 5.2 2.8 17.7
      vertex 4.88674 2.82053 9.1
      vertex 5.2 2.8 9.1
    endloop
  endfacet
  facet normal 0.659341 0.751844 -0
    outer loop
      vertex 6.89706 6.89706 1.6
      vertex 6.66103 7.10405 7.6
      vertex 6.89706 6.89706 7.6
    endloop
  endfacet
  facet normal 0.659341 0.751844 0
    outer loop
      vertex 6.66103 7.10405 7.6
      vertex 6.89706 6.89706 1.6
      vertex 6.66103 7.10405 1.6
    endloop
  endfacet
  facet normal 0.659341 0.751844 -0
    outer loop
      vertex 6.89706 6.89706 9.1
      vertex 6.66103 7.10405 17.7
      vertex 6.89706 6.89706 17.7
    endloop
  endfacet
  facet normal 0.659341 0.751844 0
    outer loop
      vertex 6.66103 7.10405 17.7
      vertex 6.89706 6.89706 9.1
      vertex 6.66103 7.10405 9.1
    endloop
  endfacet
  facet normal -0.659341 0.751844 0
    outer loop
      vertex 3.73897 7.10405 1.6
      vertex 3.50294 6.89706 7.6
      vertex 3.73897 7.10405 7.6
    endloop
  endfacet
  facet normal -0.659341 0.751844 0
    outer loop
      vertex 3.50294 6.89706 7.6
      vertex 3.73897 7.10405 1.6
      vertex 3.50294 6.89706 1.6
    endloop
  endfacet
  facet normal -0.659341 0.751844 0
    outer loop
      vertex 3.73897 7.10405 9.1
      vertex 3.50294 6.89706 17.7
      vertex 3.73897 7.10405 17.7
    endloop
  endfacet
  facet normal -0.659341 0.751844 0
    outer loop
      vertex 3.50294 6.89706 17.7
      vertex 3.73897 7.10405 9.1
      vertex 3.50294 6.89706 9.1
    endloop
  endfacet
  facet normal -0.321441 0.94693 0
    outer loop
      vertex 4.57883 7.51822 1.6
      vertex 4.28156 7.41731 7.6
      vertex 4.57883 7.51822 7.6
    endloop
  endfacet
  facet normal -0.321441 0.94693 0
    outer loop
      vertex 4.28156 7.41731 7.6
      vertex 4.57883 7.51822 1.6
      vertex 4.28156 7.41731 1.6
    endloop
  endfacet
  facet normal -0.321441 0.94693 0
    outer loop
      vertex 4.57883 7.51822 9.1
      vertex 4.28156 7.41731 17.7
      vertex 4.57883 7.51822 17.7
    endloop
  endfacet
  facet normal -0.321441 0.94693 0
    outer loop
      vertex 4.28156 7.41731 17.7
      vertex 4.57883 7.51822 9.1
      vertex 4.28156 7.41731 9.1
    endloop
  endfacet
  facet normal 0.896873 0.442289 0
    outer loop
      vertex 7.41731 6.11844 7.6
      vertex 7.27846 6.4 1.6
      vertex 7.27846 6.4 7.6
    endloop
  endfacet
  facet normal 0.896873 0.442289 0
    outer loop
      vertex 7.27846 6.4 1.6
      vertex 7.41731 6.11844 7.6
      vertex 7.41731 6.11844 1.6
    endloop
  endfacet
  facet normal 0.896873 0.442289 0
    outer loop
      vertex 7.41731 6.11844 17.7
      vertex 7.27846 6.4 9.1
      vertex 7.27846 6.4 17.7
    endloop
  endfacet
  facet normal 0.896873 0.442289 0
    outer loop
      vertex 7.27846 6.4 9.1
      vertex 7.41731 6.11844 17.7
      vertex 7.41731 6.11844 9.1
    endloop
  endfacet
  facet normal 0.980784 0.195099 0
    outer loop
      vertex 7.57947 5.51326 7.6
      vertex 7.51822 5.82117 1.6
      vertex 7.51822 5.82117 7.6
    endloop
  endfacet
  facet normal 0.980784 0.195099 0
    outer loop
      vertex 7.51822 5.82117 1.6
      vertex 7.57947 5.51326 7.6
      vertex 7.57947 5.51326 1.6
    endloop
  endfacet
  facet normal 0.980784 0.195099 0
    outer loop
      vertex 7.57947 5.51326 17.7
      vertex 7.51822 5.82117 9.1
      vertex 7.51822 5.82117 17.7
    endloop
  endfacet
  facet normal 0.980784 0.195099 0
    outer loop
      vertex 7.51822 5.82117 9.1
      vertex 7.57947 5.51326 17.7
      vertex 7.57947 5.51326 9.1
    endloop
  endfacet
  facet normal 0.831476 0.55556 0
    outer loop
      vertex 7.27846 6.4 7.6
      vertex 7.10405 6.66103 1.6
      vertex 7.10405 6.66103 7.6
    endloop
  endfacet
  facet normal 0.831476 0.55556 0
    outer loop
      vertex 7.10405 6.66103 1.6
      vertex 7.27846 6.4 7.6
      vertex 7.27846 6.4 1.6
    endloop
  endfacet
  facet normal 0.831476 0.55556 0
    outer loop
      vertex 7.27846 6.4 17.7
      vertex 7.10405 6.66103 9.1
      vertex 7.10405 6.66103 17.7
    endloop
  endfacet
  facet normal 0.831476 0.55556 0
    outer loop
      vertex 7.10405 6.66103 9.1
      vertex 7.27846 6.4 17.7
      vertex 7.27846 6.4 9.1
    endloop
  endfacet
  facet normal 0.321441 0.94693 -0
    outer loop
      vertex 6.11844 7.41731 1.6
      vertex 5.82117 7.51822 7.6
      vertex 6.11844 7.41731 7.6
    endloop
  endfacet
  facet normal 0.321441 0.94693 0
    outer loop
      vertex 5.82117 7.51822 7.6
      vertex 6.11844 7.41731 1.6
      vertex 5.82117 7.51822 1.6
    endloop
  endfacet
  facet normal 0.321441 0.94693 -0
    outer loop
      vertex 6.11844 7.41731 9.1
      vertex 5.82117 7.51822 17.7
      vertex 6.11844 7.41731 17.7
    endloop
  endfacet
  facet normal 0.321441 0.94693 0
    outer loop
      vertex 5.82117 7.51822 17.7
      vertex 6.11844 7.41731 9.1
      vertex 5.82117 7.51822 9.1
    endloop
  endfacet
  facet normal 0.195099 0.980784 -0
    outer loop
      vertex 5.82117 7.51822 1.6
      vertex 5.51326 7.57947 7.6
      vertex 5.82117 7.51822 7.6
    endloop
  endfacet
  facet normal 0.195099 0.980784 0
    outer loop
      vertex 5.51326 7.57947 7.6
      vertex 5.82117 7.51822 1.6
      vertex 5.51326 7.57947 1.6
    endloop
  endfacet
  facet normal 0.195099 0.980784 -0
    outer loop
      vertex 5.82117 7.51822 9.1
      vertex 5.51326 7.57947 17.7
      vertex 5.82117 7.51822 17.7
    endloop
  endfacet
  facet normal 0.195099 0.980784 0
    outer loop
      vertex 5.51326 7.57947 17.7
      vertex 5.82117 7.51822 9.1
      vertex 5.51326 7.57947 9.1
    endloop
  endfacet
  facet normal 0.55556 0.831476 -0
    outer loop
      vertex 6.66103 7.10405 1.6
      vertex 6.4 7.27846 7.6
      vertex 6.66103 7.10405 7.6
    endloop
  endfacet
  facet normal 0.55556 0.831476 0
    outer loop
      vertex 6.4 7.27846 7.6
      vertex 6.66103 7.10405 1.6
      vertex 6.4 7.27846 1.6
    endloop
  endfacet
  facet normal 0.55556 0.831476 -0
    outer loop
      vertex 6.66103 7.10405 9.1
      vertex 6.4 7.27846 17.7
      vertex 6.66103 7.10405 17.7
    endloop
  endfacet
  facet normal 0.55556 0.831476 0
    outer loop
      vertex 6.4 7.27846 17.7
      vertex 6.66103 7.10405 9.1
      vertex 6.4 7.27846 9.1
    endloop
  endfacet
  facet normal -0.831476 0.55556 0
    outer loop
      vertex 3.12154 6.4 1.6
      vertex 3.29595 6.66103 7.6
      vertex 3.29595 6.66103 1.6
    endloop
  endfacet
  facet normal -0.831476 0.55556 0
    outer loop
      vertex 3.29595 6.66103 7.6
      vertex 3.12154 6.4 1.6
      vertex 3.12154 6.4 7.6
    endloop
  endfacet
  facet normal -0.831476 0.55556 0
    outer loop
      vertex 3.12154 6.4 9.1
      vertex 3.29595 6.66103 17.7
      vertex 3.29595 6.66103 9.1
    endloop
  endfacet
  facet normal -0.831476 0.55556 0
    outer loop
      vertex 3.29595 6.66103 17.7
      vertex 3.12154 6.4 9.1
      vertex 3.12154 6.4 17.7
    endloop
  endfacet
  facet normal -0.751844 0.659341 0
    outer loop
      vertex 3.29595 6.66103 1.6
      vertex 3.50294 6.89706 7.6
      vertex 3.50294 6.89706 1.6
    endloop
  endfacet
  facet normal -0.751844 0.659341 0
    outer loop
      vertex 3.50294 6.89706 7.6
      vertex 3.29595 6.66103 1.6
      vertex 3.29595 6.66103 7.6
    endloop
  endfacet
  facet normal -0.751844 0.659341 0
    outer loop
      vertex 3.29595 6.66103 9.1
      vertex 3.50294 6.89706 17.7
      vertex 3.50294 6.89706 9.1
    endloop
  endfacet
  facet normal -0.751844 0.659341 0
    outer loop
      vertex 3.50294 6.89706 17.7
      vertex 3.29595 6.66103 9.1
      vertex 3.29595 6.66103 17.7
    endloop
  endfacet
  facet normal -0.94693 0.321441 0
    outer loop
      vertex 2.88178 5.82117 1.6
      vertex 2.98269 6.11844 7.6
      vertex 2.98269 6.11844 1.6
    endloop
  endfacet
  facet normal -0.94693 0.321441 0
    outer loop
      vertex 2.98269 6.11844 7.6
      vertex 2.88178 5.82117 1.6
      vertex 2.88178 5.82117 7.6
    endloop
  endfacet
  facet normal -0.94693 0.321441 0
    outer loop
      vertex 2.88178 5.82117 9.1
      vertex 2.98269 6.11844 17.7
      vertex 2.98269 6.11844 9.1
    endloop
  endfacet
  facet normal -0.94693 0.321441 0
    outer loop
      vertex 2.98269 6.11844 17.7
      vertex 2.88178 5.82117 9.1
      vertex 2.88178 5.82117 17.7
    endloop
  endfacet
  facet normal -0.55556 0.831476 0
    outer loop
      vertex 4 7.27846 1.6
      vertex 3.73897 7.10405 7.6
      vertex 4 7.27846 7.6
    endloop
  endfacet
  facet normal -0.55556 0.831476 0
    outer loop
      vertex 3.73897 7.10405 7.6
      vertex 4 7.27846 1.6
      vertex 3.73897 7.10405 1.6
    endloop
  endfacet
  facet normal -0.55556 0.831476 0
    outer loop
      vertex 4 7.27846 9.1
      vertex 3.73897 7.10405 17.7
      vertex 4 7.27846 17.7
    endloop
  endfacet
  facet normal -0.55556 0.831476 0
    outer loop
      vertex 3.73897 7.10405 17.7
      vertex 4 7.27846 9.1
      vertex 3.73897 7.10405 9.1
    endloop
  endfacet
  facet normal -0.195099 0.980784 0
    outer loop
      vertex 4.88674 7.57947 1.6
      vertex 4.57883 7.51822 7.6
      vertex 4.88674 7.57947 7.6
    endloop
  endfacet
  facet normal -0.195099 0.980784 0
    outer loop
      vertex 4.57883 7.51822 7.6
      vertex 4.88674 7.57947 1.6
      vertex 4.57883 7.51822 1.6
    endloop
  endfacet
  facet normal -0.195099 0.980784 0
    outer loop
      vertex 4.88674 7.57947 9.1
      vertex 4.57883 7.51822 17.7
      vertex 4.88674 7.57947 17.7
    endloop
  endfacet
  facet normal -0.195099 0.980784 0
    outer loop
      vertex 4.57883 7.51822 17.7
      vertex 4.88674 7.57947 9.1
      vertex 4.57883 7.51822 9.1
    endloop
  endfacet
  facet normal 0.94693 -0.321441 0
    outer loop
      vertex 7.41731 4.28156 7.6
      vertex 7.51822 4.57883 1.6
      vertex 7.51822 4.57883 7.6
    endloop
  endfacet
  facet normal 0.94693 -0.321441 0
    outer loop
      vertex 7.51822 4.57883 1.6
      vertex 7.41731 4.28156 7.6
      vertex 7.41731 4.28156 1.6
    endloop
  endfacet
  facet normal 0.94693 -0.321441 0
    outer loop
      vertex 7.41731 4.28156 17.7
      vertex 7.51822 4.57883 9.1
      vertex 7.51822 4.57883 17.7
    endloop
  endfacet
  facet normal 0.94693 -0.321441 0
    outer loop
      vertex 7.51822 4.57883 9.1
      vertex 7.41731 4.28156 17.7
      vertex 7.41731 4.28156 9.1
    endloop
  endfacet
  facet normal 0.321441 -0.94693 0
    outer loop
      vertex 5.82117 2.88178 1.6
      vertex 6.11844 2.98269 7.6
      vertex 5.82117 2.88178 7.6
    endloop
  endfacet
  facet normal 0.321441 -0.94693 0
    outer loop
      vertex 6.11844 2.98269 7.6
      vertex 5.82117 2.88178 1.6
      vertex 6.11844 2.98269 1.6
    endloop
  endfacet
  facet normal 0.321441 -0.94693 0
    outer loop
      vertex 5.82117 2.88178 9.1
      vertex 6.11844 2.98269 17.7
      vertex 5.82117 2.88178 17.7
    endloop
  endfacet
  facet normal 0.321441 -0.94693 0
    outer loop
      vertex 6.11844 2.98269 17.7
      vertex 5.82117 2.88178 9.1
      vertex 6.11844 2.98269 9.1
    endloop
  endfacet
  facet normal 0.751844 -0.659341 0
    outer loop
      vertex 6.89706 3.50294 7.6
      vertex 7.10405 3.73897 1.6
      vertex 7.10405 3.73897 7.6
    endloop
  endfacet
  facet normal 0.751844 -0.659341 0
    outer loop
      vertex 7.10405 3.73897 1.6
      vertex 6.89706 3.50294 7.6
      vertex 6.89706 3.50294 1.6
    endloop
  endfacet
  facet normal 0.751844 -0.659341 0
    outer loop
      vertex 6.89706 3.50294 17.7
      vertex 7.10405 3.73897 9.1
      vertex 7.10405 3.73897 17.7
    endloop
  endfacet
  facet normal 0.751844 -0.659341 0
    outer loop
      vertex 7.10405 3.73897 9.1
      vertex 6.89706 3.50294 17.7
      vertex 6.89706 3.50294 9.1
    endloop
  endfacet
  facet normal 0.55556 -0.831476 0
    outer loop
      vertex 6.4 3.12154 1.6
      vertex 6.66103 3.29595 7.6
      vertex 6.4 3.12154 7.6
    endloop
  endfacet
  facet normal 0.55556 -0.831476 0
    outer loop
      vertex 6.66103 3.29595 7.6
      vertex 6.4 3.12154 1.6
      vertex 6.66103 3.29595 1.6
    endloop
  endfacet
  facet normal 0.55556 -0.831476 0
    outer loop
      vertex 6.4 3.12154 9.1
      vertex 6.66103 3.29595 17.7
      vertex 6.4 3.12154 17.7
    endloop
  endfacet
  facet normal 0.55556 -0.831476 0
    outer loop
      vertex 6.66103 3.29595 17.7
      vertex 6.4 3.12154 9.1
      vertex 6.66103 3.29595 9.1
    endloop
  endfacet
  facet normal -0.659341 -0.751844 0
    outer loop
      vertex 3.50294 3.50294 1.6
      vertex 3.73897 3.29595 7.6
      vertex 3.50294 3.50294 7.6
    endloop
  endfacet
  facet normal -0.659341 -0.751844 -0
    outer loop
      vertex 3.73897 3.29595 7.6
      vertex 3.50294 3.50294 1.6
      vertex 3.73897 3.29595 1.6
    endloop
  endfacet
  facet normal -0.659341 -0.751844 0
    outer loop
      vertex 3.50294 3.50294 9.1
      vertex 3.73897 3.29595 17.7
      vertex 3.50294 3.50294 17.7
    endloop
  endfacet
  facet normal -0.659341 -0.751844 -0
    outer loop
      vertex 3.73897 3.29595 17.7
      vertex 3.50294 3.50294 9.1
      vertex 3.73897 3.29595 9.1
    endloop
  endfacet
  facet normal -0.321441 -0.94693 0
    outer loop
      vertex 4.28156 2.98269 9.1
      vertex 4.57883 2.88178 17.7
      vertex 4.28156 2.98269 17.7
    endloop
  endfacet
  facet normal -0.321441 -0.94693 -0
    outer loop
      vertex 4.57883 2.88178 17.7
      vertex 4.28156 2.98269 9.1
      vertex 4.57883 2.88178 9.1
    endloop
  endfacet
  facet normal -0.321441 -0.94693 0
    outer loop
      vertex 4.28156 2.98269 1.6
      vertex 4.57883 2.88178 7.6
      vertex 4.28156 2.98269 7.6
    endloop
  endfacet
  facet normal -0.321441 -0.94693 -0
    outer loop
      vertex 4.57883 2.88178 7.6
      vertex 4.28156 2.98269 1.6
      vertex 4.57883 2.88178 1.6
    endloop
  endfacet
  facet normal -0.751844 -0.659341 0
    outer loop
      vertex 3.50294 3.50294 1.6
      vertex 3.29595 3.73897 7.6
      vertex 3.29595 3.73897 1.6
    endloop
  endfacet
  facet normal -0.751844 -0.659341 0
    outer loop
      vertex 3.29595 3.73897 7.6
      vertex 3.50294 3.50294 1.6
      vertex 3.50294 3.50294 7.6
    endloop
  endfacet
  facet normal -0.751844 -0.659341 0
    outer loop
      vertex 3.50294 3.50294 9.1
      vertex 3.29595 3.73897 17.7
      vertex 3.29595 3.73897 9.1
    endloop
  endfacet
  facet normal -0.751844 -0.659341 0
    outer loop
      vertex 3.29595 3.73897 17.7
      vertex 3.50294 3.50294 9.1
      vertex 3.50294 3.50294 17.7
    endloop
  endfacet
  facet normal 0 0 -1
    outer loop
      vertex 7.57947 4.88674 1.6
      vertex 7.57947 5.51326 1.6
      vertex 7.6 5.2 1.6
    endloop
  endfacet
  facet normal 0 0 -1
    outer loop
      vertex 7.51822 4.57883 1.6
      vertex 7.57947 5.51326 1.6
      vertex 7.57947 4.88674 1.6
    endloop
  endfacet
  facet normal 0 0 -1
    outer loop
      vertex 7.51822 4.57883 1.6
      vertex 7.51822 5.82117 1.6
      vertex 7.57947 5.51326 1.6
    endloop
  endfacet
  facet normal 0 0 -1
    outer loop
      vertex 7.41731 4.28156 1.6
      vertex 7.51822 5.82117 1.6
      vertex 7.51822 4.57883 1.6
    endloop
  endfacet
  facet normal 0 0 -1
    outer loop
      vertex 7.41731 4.28156 1.6
      vertex 7.41731 6.11844 1.6
      vertex 7.51822 5.82117 1.6
    endloop
  endfacet
  facet normal 0 0 -1
    outer loop
      vertex 7.27846 4 1.6
      vertex 7.41731 6.11844 1.6
      vertex 7.41731 4.28156 1.6
    endloop
  endfacet
  facet normal 0 0 -1
    outer loop
      vertex 7.27846 4 1.6
      vertex 7.27846 6.4 1.6
      vertex 7.41731 6.11844 1.6
    endloop
  endfacet
  facet normal 0 0 -1
    outer loop
      vertex 7.10405 3.73897 1.6
      vertex 7.27846 6.4 1.6
      vertex 7.27846 4 1.6
    endloop
  endfacet
  facet normal 0 0 -1
    outer loop
      vertex 7.10405 3.73897 1.6
      vertex 7.10405 6.66103 1.6
      vertex 7.27846 6.4 1.6
    endloop
  endfacet
  facet normal 0 0 -1
    outer loop
      vertex 6.89706 3.50294 1.6
      vertex 7.10405 6.66103 1.6
      vertex 7.10405 3.73897 1.6
    endloop
  endfacet
  facet normal 0 0 -1
    outer loop
      vertex 6.89706 3.50294 1.6
      vertex 6.89706 6.89706 1.6
      vertex 7.10405 6.66103 1.6
    endloop
  endfacet
  facet normal 0 0 -1
    outer loop
      vertex 6.66103 3.29595 1.6
      vertex 6.89706 6.89706 1.6
      vertex 6.89706 3.50294 1.6
    endloop
  endfacet
  facet normal 0 0 -1
    outer loop
      vertex 6.66103 3.29595 1.6
      vertex 6.66103 7.10405 1.6
      vertex 6.89706 6.89706 1.6
    endloop
  endfacet
  facet normal 0 0 -1
    outer loop
      vertex 6.4 3.12154 1.6
      vertex 6.66103 7.10405 1.6
      vertex 6.66103 3.29595 1.6
    endloop
  endfacet
  facet normal 0 0 -1
    outer loop
      vertex 6.4 3.12154 1.6
      vertex 6.4 7.27846 1.6
      vertex 6.66103 7.10405 1.6
    endloop
  endfacet
  facet normal 0 0 -1
    outer loop
      vertex 6.11844 2.98269 1.6
      vertex 6.4 7.27846 1.6
      vertex 6.4 3.12154 1.6
    endloop
  endfacet
  facet normal 0 0 -1
    outer loop
      vertex 6.11844 2.98269 1.6
      vertex 6.11844 7.41731 1.6
      vertex 6.4 7.27846 1.6
    endloop
  endfacet
  facet normal 0 0 -1
    outer loop
      vertex 5.82117 2.88178 1.6
      vertex 6.11844 7.41731 1.6
      vertex 6.11844 2.98269 1.6
    endloop
  endfacet
  facet normal 0 0 -1
    outer loop
      vertex 5.82117 2.88178 1.6
      vertex 5.82117 7.51822 1.6
      vertex 6.11844 7.41731 1.6
    endloop
  endfacet
  facet normal 0 0 -1
    outer loop
      vertex 5.51326 2.82053 1.6
      vertex 5.82117 7.51822 1.6
      vertex 5.82117 2.88178 1.6
    endloop
  endfacet
  facet normal 0 0 -1
    outer loop
      vertex 5.51326 2.82053 1.6
      vertex 5.51326 7.57947 1.6
      vertex 5.82117 7.51822 1.6
    endloop
  endfacet
  facet normal 0 0 -1
    outer loop
      vertex 5.2 2.8 1.6
      vertex 5.51326 7.57947 1.6
      vertex 5.51326 2.82053 1.6
    endloop
  endfacet
  facet normal 0 0 -1
    outer loop
      vertex 5.2 2.8 1.6
      vertex 5.2 7.6 1.6
      vertex 5.51326 7.57947 1.6
    endloop
  endfacet
  facet normal 0 0 -1
    outer loop
      vertex 4.88674 2.82053 1.6
      vertex 5.2 7.6 1.6
      vertex 5.2 2.8 1.6
    endloop
  endfacet
  facet normal 0 0 -1
    outer loop
      vertex 4.88674 2.82053 1.6
      vertex 4.88674 7.57947 1.6
      vertex 5.2 7.6 1.6
    endloop
  endfacet
  facet normal 0 0 -1
    outer loop
      vertex 4.57883 2.88178 1.6
      vertex 4.88674 7.57947 1.6
      vertex 4.88674 2.82053 1.6
    endloop
  endfacet
  facet normal 0 0 -1
    outer loop
      vertex 4.57883 2.88178 1.6
      vertex 4.57883 7.51822 1.6
      vertex 4.88674 7.57947 1.6
    endloop
  endfacet
  facet normal 0 0 -1
    outer loop
      vertex 4.28156 2.98269 1.6
      vertex 4.57883 7.51822 1.6
      vertex 4.57883 2.88178 1.6
    endloop
  endfacet
  facet normal 0 0 -1
    outer loop
      vertex 4.28156 2.98269 1.6
      vertex 4.28156 7.41731 1.6
      vertex 4.57883 7.51822 1.6
    endloop
  endfacet
  facet normal 0 0 -1
    outer loop
      vertex 4 3.12154 1.6
      vertex 4.28156 7.41731 1.6
      vertex 4.28156 2.98269 1.6
    endloop
  endfacet
  facet normal 0 0 -1
    outer loop
      vertex 4 3.12154 1.6
      vertex 4 7.27846 1.6
      vertex 4.28156 7.41731 1.6
    endloop
  endfacet
  facet normal 0 0 -1
    outer loop
      vertex 3.73897 3.29595 1.6
      vertex 4 7.27846 1.6
      vertex 4 3.12154 1.6
    endloop
  endfacet
  facet normal 0 0 -1
    outer loop
      vertex 3.73897 3.29595 1.6
      vertex 3.73897 7.10405 1.6
      vertex 4 7.27846 1.6
    endloop
  endfacet
  facet normal 0 0 -1
    outer loop
      vertex 3.50294 3.50294 1.6
      vertex 3.73897 7.10405 1.6
      vertex 3.73897 3.29595 1.6
    endloop
  endfacet
  facet normal 0 0 -1
    outer loop
      vertex 3.50294 3.50294 1.6
      vertex 3.50294 6.89706 1.6
      vertex 3.73897 7.10405 1.6
    endloop
  endfacet
  facet normal 0 0 -1
    outer loop
      vertex 3.29595 3.73897 1.6
      vertex 3.50294 6.89706 1.6
      vertex 3.50294 3.50294 1.6
    endloop
  endfacet
  facet normal 0 0 -1
    outer loop
      vertex 3.29595 3.73897 1.6
      vertex 3.29595 6.66103 1.6
      vertex 3.50294 6.89706 1.6
    endloop
  endfacet
  facet normal 0 0 -1
    outer loop
      vertex 3.12154 4 1.6
      vertex 3.29595 6.66103 1.6
      vertex 3.29595 3.73897 1.6
    endloop
  endfacet
  facet normal 0 0 -1
    outer loop
      vertex 3.12154 4 1.6
      vertex 3.12154 6.4 1.6
      vertex 3.29595 6.66103 1.6
    endloop
  endfacet
  facet normal 0 0 -1
    outer loop
      vertex 2.98269 4.28156 1.6
      vertex 3.12154 6.4 1.6
      vertex 3.12154 4 1.6
    endloop
  endfacet
  facet normal 0 0 -1
    outer loop
      vertex 2.98269 4.28156 1.6
      vertex 2.98269 6.11844 1.6
      vertex 3.12154 6.4 1.6
    endloop
  endfacet
  facet normal 0 0 -1
    outer loop
      vertex 2.88178 4.57883 1.6
      vertex 2.98269 6.11844 1.6
      vertex 2.98269 4.28156 1.6
    endloop
  endfacet
  facet normal 0 0 -1
    outer loop
      vertex 2.88178 4.57883 1.6
      vertex 2.88178 5.82117 1.6
      vertex 2.98269 6.11844 1.6
    endloop
  endfacet
  facet normal 0 0 -1
    outer loop
      vertex 2.82053 4.88674 1.6
      vertex 2.88178 5.82117 1.6
      vertex 2.88178 4.57883 1.6
    endloop
  endfacet
  facet normal 0 0 -1
    outer loop
      vertex 2.82053 4.88674 1.6
      vertex 2.82053 5.51326 1.6
      vertex 2.88178 5.82117 1.6
    endloop
  endfacet
  facet normal 0 -0 -1
    outer loop
      vertex 2.82053 5.51326 1.6
      vertex 2.82053 4.88674 1.6
      vertex 2.8 5.2 1.6
    endloop
  endfacet
  facet normal 0.94693 0.321441 0
    outer loop
      vertex 7.51822 5.82117 7.6
      vertex 7.41731 6.11844 1.6
      vertex 7.41731 6.11844 7.6
    endloop
  endfacet
  facet normal 0.94693 0.321441 0
    outer loop
      vertex 7.41731 6.11844 1.6
      vertex 7.51822 5.82117 7.6
      vertex 7.51822 5.82117 1.6
    endloop
  endfacet
  facet normal 0.94693 0.321441 0
    outer loop
      vertex 7.51822 5.82117 17.7
      vertex 7.41731 6.11844 9.1
      vertex 7.41731 6.11844 17.7
    endloop
  endfacet
  facet normal 0.94693 0.321441 0
    outer loop
      vertex 7.41731 6.11844 9.1
      vertex 7.51822 5.82117 17.7
      vertex 7.51822 5.82117 9.1
    endloop
  endfacet
  facet normal -0.896873 0.442289 0
    outer loop
      vertex 2.98269 6.11844 1.6
      vertex 3.12154 6.4 7.6
      vertex 3.12154 6.4 1.6
    endloop
  endfacet
  facet normal -0.896873 0.442289 0
    outer loop
      vertex 3.12154 6.4 7.6
      vertex 2.98269 6.11844 1.6
      vertex 2.98269 6.11844 7.6
    endloop
  endfacet
  facet normal -0.896873 0.442289 0
    outer loop
      vertex 2.98269 6.11844 9.1
      vertex 3.12154 6.4 17.7
      vertex 3.12154 6.4 9.1
    endloop
  endfacet
  facet normal -0.896873 0.442289 0
    outer loop
      vertex 3.12154 6.4 17.7
      vertex 2.98269 6.11844 9.1
      vertex 2.98269 6.11844 17.7
    endloop
  endfacet
  facet normal -0.980784 0.195099 0
    outer loop
      vertex 2.82053 5.51326 1.6
      vertex 2.88178 5.82117 7.6
      vertex 2.88178 5.82117 1.6
    endloop
  endfacet
  facet normal -0.980784 0.195099 0
    outer loop
      vertex 2.88178 5.82117 7.6
      vertex 2.82053 5.51326 1.6
      vertex 2.82053 5.51326 7.6
    endloop
  endfacet
  facet normal -0.980784 0.195099 0
    outer loop
      vertex 2.82053 5.51326 9.1
      vertex 2.88178 5.82117 17.7
      vertex 2.88178 5.82117 9.1
    endloop
  endfacet
  facet normal -0.980784 0.195099 0
    outer loop
      vertex 2.88178 5.82117 17.7
      vertex 2.82053 5.51326 9.1
      vertex 2.82053 5.51326 17.7
    endloop
  endfacet
  facet normal 0 0 1
    outer loop
      vertex 6.05 5.2 17.7
      vertex 7.6 5.2 17.7
      vertex 7.57947 5.51326 17.7
    endloop
  endfacet
  facet normal 0 0 1
    outer loop
      vertex 6.04273 5.31095 17.7
      vertex 7.57947 5.51326 17.7
      vertex 7.51822 5.82117 17.7
    endloop
  endfacet
  facet normal 0 0 1
    outer loop
      vertex 7.6 5.2 17.7
      vertex 6.05 5.2 17.7
      vertex 7.57947 4.88674 17.7
    endloop
  endfacet
  facet normal 0 0 1
    outer loop
      vertex 6.02104 5.42 17.7
      vertex 7.51822 5.82117 17.7
      vertex 7.41731 6.11844 17.7
    endloop
  endfacet
  facet normal -0 0 1
    outer loop
      vertex 6.04273 5.08905 17.7
      vertex 7.57947 4.88674 17.7
      vertex 6.05 5.2 17.7
    endloop
  endfacet
  facet normal 0 0 1
    outer loop
      vertex 5.9853 5.52528 17.7
      vertex 7.41731 6.11844 17.7
      vertex 7.27846 6.4 17.7
    endloop
  endfacet
  facet normal 0 0 1
    outer loop
      vertex 7.57947 4.88674 17.7
      vertex 6.04273 5.08905 17.7
      vertex 7.51822 4.57883 17.7
    endloop
  endfacet
  facet normal 0 0 1
    outer loop
      vertex 5.93612 5.625 17.7
      vertex 7.27846 6.4 17.7
      vertex 7.10405 6.66103 17.7
    endloop
  endfacet
  facet normal -0 0 1
    outer loop
      vertex 6.02104 4.98 17.7
      vertex 7.51822 4.57883 17.7
      vertex 6.04273 5.08905 17.7
    endloop
  endfacet
  facet normal 0 0 1
    outer loop
      vertex 5.87435 5.71745 17.7
      vertex 7.10405 6.66103 17.7
      vertex 6.89706 6.89706 17.7
    endloop
  endfacet
  facet normal 0 0 1
    outer loop
      vertex 7.51822 4.57883 17.7
      vertex 6.02104 4.98 17.7
      vertex 7.41731 4.28156 17.7
    endloop
  endfacet
  facet normal 0 0 1
    outer loop
      vertex 5.80104 5.80104 17.7
      vertex 6.89706 6.89706 17.7
      vertex 6.66103 7.10405 17.7
    endloop
  endfacet
  facet normal -0 0 1
    outer loop
      vertex 5.9853 4.87472 17.7
      vertex 7.41731 4.28156 17.7
      vertex 6.02104 4.98 17.7
    endloop
  endfacet
  facet normal 0 0 1
    outer loop
      vertex 5.71745 5.87435 17.7
      vertex 6.66103 7.10405 17.7
      vertex 6.4 7.27846 17.7
    endloop
  endfacet
  facet normal 0 0 1
    outer loop
      vertex 7.41731 4.28156 17.7
      vertex 5.9853 4.87472 17.7
      vertex 7.27846 4 17.7
    endloop
  endfacet
  facet normal 0 0 1
    outer loop
      vertex 5.625 5.93612 17.7
      vertex 6.4 7.27846 17.7
      vertex 6.11844 7.41731 17.7
    endloop
  endfacet
  facet normal -0 0 1
    outer loop
      vertex 5.93612 4.775 17.7
      vertex 7.27846 4 17.7
      vertex 5.9853 4.87472 17.7
    endloop
  endfacet
  facet normal 0 0 1
    outer loop
      vertex 7.27846 4 17.7
      vertex 5.93612 4.775 17.7
      vertex 7.10405 3.73897 17.7
    endloop
  endfacet
  facet normal 0 0 1
    outer loop
      vertex 7.57947 5.51326 17.7
      vertex 6.04273 5.31095 17.7
      vertex 6.05 5.2 17.7
    endloop
  endfacet
  facet normal 0 0 1
    outer loop
      vertex 7.51822 5.82117 17.7
      vertex 6.02104 5.42 17.7
      vertex 6.04273 5.31095 17.7
    endloop
  endfacet
  facet normal 0 0 1
    outer loop
      vertex 7.41731 6.11844 17.7
      vertex 5.9853 5.52528 17.7
      vertex 6.02104 5.42 17.7
    endloop
  endfacet
  facet normal 0 0 1
    outer loop
      vertex 7.27846 6.4 17.7
      vertex 5.93612 5.625 17.7
      vertex 5.9853 5.52528 17.7
    endloop
  endfacet
  facet normal 0 0 1
    outer loop
      vertex 7.10405 6.66103 17.7
      vertex 5.87435 5.71745 17.7
      vertex 5.93612 5.625 17.7
    endloop
  endfacet
  facet normal 0 0 1
    outer loop
      vertex 5.52528 5.9853 17.7
      vertex 6.11844 7.41731 17.7
      vertex 5.82117 7.51822 17.7
    endloop
  endfacet
  facet normal 0 0 1
    outer loop
      vertex 6.89706 6.89706 17.7
      vertex 5.80104 5.80104 17.7
      vertex 5.87435 5.71745 17.7
    endloop
  endfacet
  facet normal 0 0 1
    outer loop
      vertex 6.66103 7.10405 17.7
      vertex 5.71745 5.87435 17.7
      vertex 5.80104 5.80104 17.7
    endloop
  endfacet
  facet normal 0 0 1
    outer loop
      vertex 6.4 7.27846 17.7
      vertex 5.625 5.93612 17.7
      vertex 5.71745 5.87435 17.7
    endloop
  endfacet
  facet normal 0 0 1
    outer loop
      vertex 6.11844 7.41731 17.7
      vertex 5.52528 5.9853 17.7
      vertex 5.625 5.93612 17.7
    endloop
  endfacet
  facet normal 0 0 1
    outer loop
      vertex 5.42 6.02104 17.7
      vertex 5.82117 7.51822 17.7
      vertex 5.51326 7.57947 17.7
    endloop
  endfacet
  facet normal 0 0 1
    outer loop
      vertex 5.82117 7.51822 17.7
      vertex 5.42 6.02104 17.7
      vertex 5.52528 5.9853 17.7
    endloop
  endfacet
  facet normal 0 0 1
    outer loop
      vertex 5.51326 7.57947 17.7
      vertex 5.31095 6.04273 17.7
      vertex 5.42 6.02104 17.7
    endloop
  endfacet
  facet normal 0 0 1
    outer loop
      vertex 5.2 7.6 17.7
      vertex 5.31095 6.04273 17.7
      vertex 5.51326 7.57947 17.7
    endloop
  endfacet
  facet normal 0 0 1
    outer loop
      vertex 5.2 7.6 17.7
      vertex 5.2 6.05 17.7
      vertex 5.31095 6.04273 17.7
    endloop
  endfacet
  facet normal 0 0 1
    outer loop
      vertex 5.2 7.6 17.7
      vertex 5.08905 6.04273 17.7
      vertex 5.2 6.05 17.7
    endloop
  endfacet
  facet normal -0 0 1
    outer loop
      vertex 4.88674 7.57947 17.7
      vertex 5.08905 6.04273 17.7
      vertex 5.2 7.6 17.7
    endloop
  endfacet
  facet normal 0 0 1
    outer loop
      vertex 5.08905 6.04273 17.7
      vertex 4.88674 7.57947 17.7
      vertex 4.98 6.02104 17.7
    endloop
  endfacet
  facet normal -0 0 1
    outer loop
      vertex 4.57883 7.51822 17.7
      vertex 4.98 6.02104 17.7
      vertex 4.88674 7.57947 17.7
    endloop
  endfacet
  facet normal 0 0 1
    outer loop
      vertex 4.98 6.02104 17.7
      vertex 4.57883 7.51822 17.7
      vertex 4.87472 5.9853 17.7
    endloop
  endfacet
  facet normal -0 0 1
    outer loop
      vertex 4.28156 7.41731 17.7
      vertex 4.87472 5.9853 17.7
      vertex 4.57883 7.51822 17.7
    endloop
  endfacet
  facet normal 0 0 1
    outer loop
      vertex 4.87472 5.9853 17.7
      vertex 4.28156 7.41731 17.7
      vertex 4.775 5.93612 17.7
    endloop
  endfacet
  facet normal -0 0 1
    outer loop
      vertex 4 7.27846 17.7
      vertex 4.775 5.93612 17.7
      vertex 4.28156 7.41731 17.7
    endloop
  endfacet
  facet normal 0 0 1
    outer loop
      vertex 4.775 5.93612 17.7
      vertex 4 7.27846 17.7
      vertex 4.68255 5.87435 17.7
    endloop
  endfacet
  facet normal -0 0 1
    outer loop
      vertex 3.73897 7.10405 17.7
      vertex 4.68255 5.87435 17.7
      vertex 4 7.27846 17.7
    endloop
  endfacet
  facet normal 0 0 1
    outer loop
      vertex 4.68255 5.87435 17.7
      vertex 3.73897 7.10405 17.7
      vertex 4.59896 5.80104 17.7
    endloop
  endfacet
  facet normal -0 0 1
    outer loop
      vertex 3.50294 6.89706 17.7
      vertex 4.59896 5.80104 17.7
      vertex 3.73897 7.10405 17.7
    endloop
  endfacet
  facet normal 0 0 1
    outer loop
      vertex 4.59896 5.80104 17.7
      vertex 3.50294 6.89706 17.7
      vertex 4.52565 5.71745 17.7
    endloop
  endfacet
  facet normal 0 0 1
    outer loop
      vertex 4.52565 5.71745 17.7
      vertex 3.29595 6.66103 17.7
      vertex 4.46388 5.625 17.7
    endloop
  endfacet
  facet normal -0 0 1
    outer loop
      vertex 3.29595 6.66103 17.7
      vertex 4.52565 5.71745 17.7
      vertex 3.50294 6.89706 17.7
    endloop
  endfacet
  facet normal -0 0 1
    outer loop
      vertex 5.87435 4.68255 17.7
      vertex 7.10405 3.73897 17.7
      vertex 5.93612 4.775 17.7
    endloop
  endfacet
  facet normal 0 0 1
    outer loop
      vertex 7.10405 3.73897 17.7
      vertex 5.87435 4.68255 17.7
      vertex 6.89706 3.50294 17.7
    endloop
  endfacet
  facet normal -0 0 1
    outer loop
      vertex 5.80104 4.59896 17.7
      vertex 6.89706 3.50294 17.7
      vertex 5.87435 4.68255 17.7
    endloop
  endfacet
  facet normal 0 0 1
    outer loop
      vertex 6.89706 3.50294 17.7
      vertex 5.80104 4.59896 17.7
      vertex 6.66103 3.29595 17.7
    endloop
  endfacet
  facet normal -0 0 1
    outer loop
      vertex 5.71745 4.52565 17.7
      vertex 6.66103 3.29595 17.7
      vertex 5.80104 4.59896 17.7
    endloop
  endfacet
  facet normal 0 0 1
    outer loop
      vertex 6.66103 3.29595 17.7
      vertex 5.71745 4.52565 17.7
      vertex 6.4 3.12154 17.7
    endloop
  endfacet
  facet normal -0 0 1
    outer loop
      vertex 5.625 4.46388 17.7
      vertex 6.4 3.12154 17.7
      vertex 5.71745 4.52565 17.7
    endloop
  endfacet
  facet normal 0 0 1
    outer loop
      vertex 6.4 3.12154 17.7
      vertex 5.625 4.46388 17.7
      vertex 6.11844 2.98269 17.7
    endloop
  endfacet
  facet normal -0 0 1
    outer loop
      vertex 5.52528 4.4147 17.7
      vertex 6.11844 2.98269 17.7
      vertex 5.625 4.46388 17.7
    endloop
  endfacet
  facet normal 0 0 1
    outer loop
      vertex 6.11844 2.98269 17.7
      vertex 5.52528 4.4147 17.7
      vertex 5.82117 2.88178 17.7
    endloop
  endfacet
  facet normal -0 0 1
    outer loop
      vertex 5.42 4.37896 17.7
      vertex 5.82117 2.88178 17.7
      vertex 5.52528 4.4147 17.7
    endloop
  endfacet
  facet normal 0 0 1
    outer loop
      vertex 5.82117 2.88178 17.7
      vertex 5.42 4.37896 17.7
      vertex 5.51326 2.82053 17.7
    endloop
  endfacet
  facet normal -0 0 1
    outer loop
      vertex 5.31095 4.35727 17.7
      vertex 5.51326 2.82053 17.7
      vertex 5.42 4.37896 17.7
    endloop
  endfacet
  facet normal -0 0 1
    outer loop
      vertex 5.2 4.35 17.7
      vertex 5.51326 2.82053 17.7
      vertex 5.31095 4.35727 17.7
    endloop
  endfacet
  facet normal 0 0 1
    outer loop
      vertex 5.2 4.35 17.7
      vertex 5.2 2.8 17.7
      vertex 5.51326 2.82053 17.7
    endloop
  endfacet
  facet normal 0 0 1
    outer loop
      vertex 5.08905 4.35727 17.7
      vertex 5.2 2.8 17.7
      vertex 5.2 4.35 17.7
    endloop
  endfacet
  facet normal 0 0 1
    outer loop
      vertex 4.88674 2.82053 17.7
      vertex 5.08905 4.35727 17.7
      vertex 4.98 4.37896 17.7
    endloop
  endfacet
  facet normal 0 0 1
    outer loop
      vertex 5.08905 4.35727 17.7
      vertex 4.88674 2.82053 17.7
      vertex 5.2 2.8 17.7
    endloop
  endfacet
  facet normal 0 0 1
    outer loop
      vertex 4.57883 2.88178 17.7
      vertex 4.98 4.37896 17.7
      vertex 4.87472 4.4147 17.7
    endloop
  endfacet
  facet normal 0 0 1
    outer loop
      vertex 4.28156 2.98269 17.7
      vertex 4.87472 4.4147 17.7
      vertex 4.775 4.46388 17.7
    endloop
  endfacet
  facet normal 0 0 1
    outer loop
      vertex 4 3.12154 17.7
      vertex 4.775 4.46388 17.7
      vertex 4.68255 4.52565 17.7
    endloop
  endfacet
  facet normal 0 0 1
    outer loop
      vertex 3.73897 3.29595 17.7
      vertex 4.68255 4.52565 17.7
      vertex 4.59896 4.59896 17.7
    endloop
  endfacet
  facet normal 0 0 1
    outer loop
      vertex 4.98 4.37896 17.7
      vertex 4.57883 2.88178 17.7
      vertex 4.88674 2.82053 17.7
    endloop
  endfacet
  facet normal 0 0 1
    outer loop
      vertex 3.50294 3.50294 17.7
      vertex 4.59896 4.59896 17.7
      vertex 4.52565 4.68255 17.7
    endloop
  endfacet
  facet normal 0 0 1
    outer loop
      vertex 3.29595 3.73897 17.7
      vertex 4.52565 4.68255 17.7
      vertex 4.46388 4.775 17.7
    endloop
  endfacet
  facet normal 0 0 1
    outer loop
      vertex 3.12154 4 17.7
      vertex 4.46388 4.775 17.7
      vertex 4.4147 4.87472 17.7
    endloop
  endfacet
  facet normal 0 0 1
    outer loop
      vertex 2.98269 4.28156 17.7
      vertex 4.4147 4.87472 17.7
      vertex 4.37896 4.98 17.7
    endloop
  endfacet
  facet normal 0 0 1
    outer loop
      vertex 2.88178 4.57883 17.7
      vertex 4.37896 4.98 17.7
      vertex 4.35727 5.08905 17.7
    endloop
  endfacet
  facet normal 0 0 1
    outer loop
      vertex 4.87472 4.4147 17.7
      vertex 4.28156 2.98269 17.7
      vertex 4.57883 2.88178 17.7
    endloop
  endfacet
  facet normal 0 0 1
    outer loop
      vertex 2.82053 4.88674 17.7
      vertex 4.35727 5.08905 17.7
      vertex 4.35 5.2 17.7
    endloop
  endfacet
  facet normal -0 0 1
    outer loop
      vertex 3.12154 6.4 17.7
      vertex 4.46388 5.625 17.7
      vertex 3.29595 6.66103 17.7
    endloop
  endfacet
  facet normal 0 0 1
    outer loop
      vertex 4.46388 5.625 17.7
      vertex 3.12154 6.4 17.7
      vertex 4.4147 5.52528 17.7
    endloop
  endfacet
  facet normal 0 0 1
    outer loop
      vertex 4.775 4.46388 17.7
      vertex 4 3.12154 17.7
      vertex 4.28156 2.98269 17.7
    endloop
  endfacet
  facet normal -0 0 1
    outer loop
      vertex 2.98269 6.11844 17.7
      vertex 4.4147 5.52528 17.7
      vertex 3.12154 6.4 17.7
    endloop
  endfacet
  facet normal 0 0 1
    outer loop
      vertex 4.68255 4.52565 17.7
      vertex 3.73897 3.29595 17.7
      vertex 4 3.12154 17.7
    endloop
  endfacet
  facet normal 0 0 1
    outer loop
      vertex 4.4147 5.52528 17.7
      vertex 2.98269 6.11844 17.7
      vertex 4.37896 5.42 17.7
    endloop
  endfacet
  facet normal 0 0 1
    outer loop
      vertex 4.59896 4.59896 17.7
      vertex 3.50294 3.50294 17.7
      vertex 3.73897 3.29595 17.7
    endloop
  endfacet
  facet normal -0 0 1
    outer loop
      vertex 2.88178 5.82117 17.7
      vertex 4.37896 5.42 17.7
      vertex 2.98269 6.11844 17.7
    endloop
  endfacet
  facet normal 0 0 1
    outer loop
      vertex 4.52565 4.68255 17.7
      vertex 3.29595 3.73897 17.7
      vertex 3.50294 3.50294 17.7
    endloop
  endfacet
  facet normal 0 0 1
    outer loop
      vertex 4.37896 5.42 17.7
      vertex 2.88178 5.82117 17.7
      vertex 4.35727 5.31095 17.7
    endloop
  endfacet
  facet normal 0 0 1
    outer loop
      vertex 4.46388 4.775 17.7
      vertex 3.12154 4 17.7
      vertex 3.29595 3.73897 17.7
    endloop
  endfacet
  facet normal -0 0 1
    outer loop
      vertex 2.82053 5.51326 17.7
      vertex 4.35727 5.31095 17.7
      vertex 2.88178 5.82117 17.7
    endloop
  endfacet
  facet normal 0 0 1
    outer loop
      vertex 4.4147 4.87472 17.7
      vertex 2.98269 4.28156 17.7
      vertex 3.12154 4 17.7
    endloop
  endfacet
  facet normal 0 0 1
    outer loop
      vertex 4.35727 5.31095 17.7
      vertex 2.82053 5.51326 17.7
      vertex 4.35 5.2 17.7
    endloop
  endfacet
  facet normal 0 0 1
    outer loop
      vertex 4.37896 4.98 17.7
      vertex 2.88178 4.57883 17.7
      vertex 2.98269 4.28156 17.7
    endloop
  endfacet
  facet normal 0 0 1
    outer loop
      vertex 2.8 5.2 17.7
      vertex 4.35 5.2 17.7
      vertex 2.82053 5.51326 17.7
    endloop
  endfacet
  facet normal 0 0 1
    outer loop
      vertex 4.35727 5.08905 17.7
      vertex 2.82053 4.88674 17.7
      vertex 2.88178 4.57883 17.7
    endloop
  endfacet
  facet normal 0 0 1
    outer loop
      vertex 4.35 5.2 17.7
      vertex 2.8 5.2 17.7
      vertex 2.82053 4.88674 17.7
    endloop
  endfacet
  facet normal -0.0653963 0.997859 0
    outer loop
      vertex 5.2 7.6 1.6
      vertex 4.88674 7.57947 7.6
      vertex 5.2 7.6 7.6
    endloop
  endfacet
  facet normal -0.0653963 0.997859 0
    outer loop
      vertex 4.88674 7.57947 7.6
      vertex 5.2 7.6 1.6
      vertex 4.88674 7.57947 1.6
    endloop
  endfacet
  facet normal -0.0653963 0.997859 0
    outer loop
      vertex 5.2 7.6 9.1
      vertex 4.88674 7.57947 17.7
      vertex 5.2 7.6 17.7
    endloop
  endfacet
  facet normal -0.0653963 0.997859 0
    outer loop
      vertex 4.88674 7.57947 17.7
      vertex 5.2 7.6 9.1
      vertex 4.88674 7.57947 9.1
    endloop
  endfacet
  facet normal 0.997859 -0.0653963 0
    outer loop
      vertex 7.57947 4.88674 7.6
      vertex 7.6 5.2 1.6
      vertex 7.6 5.2 7.6
    endloop
  endfacet
  facet normal 0.997859 -0.0653963 0
    outer loop
      vertex 7.6 5.2 1.6
      vertex 7.57947 4.88674 7.6
      vertex 7.57947 4.88674 1.6
    endloop
  endfacet
  facet normal 0.997859 -0.0653963 0
    outer loop
      vertex 7.57947 4.88674 17.7
      vertex 7.6 5.2 9.1
      vertex 7.6 5.2 17.7
    endloop
  endfacet
  facet normal 0.997859 -0.0653963 0
    outer loop
      vertex 7.6 5.2 9.1
      vertex 7.57947 4.88674 17.7
      vertex 7.57947 4.88674 9.1
    endloop
  endfacet
  facet normal 0.0653963 -0.997859 0
    outer loop
      vertex 5.2 2.8 1.6
      vertex 5.51326 2.82053 7.6
      vertex 5.2 2.8 7.6
    endloop
  endfacet
  facet normal 0.0653963 -0.997859 0
    outer loop
      vertex 5.51326 2.82053 7.6
      vertex 5.2 2.8 1.6
      vertex 5.51326 2.82053 1.6
    endloop
  endfacet
  facet normal 0.0653963 -0.997859 0
    outer loop
      vertex 5.2 2.8 9.1
      vertex 5.51326 2.82053 17.7
      vertex 5.2 2.8 17.7
    endloop
  endfacet
  facet normal 0.0653963 -0.997859 0
    outer loop
      vertex 5.51326 2.82053 17.7
      vertex 5.2 2.8 9.1
      vertex 5.51326 2.82053 9.1
    endloop
  endfacet
  facet normal 0.659341 -0.751844 0
    outer loop
      vertex 6.66103 3.29595 1.6
      vertex 6.89706 3.50294 7.6
      vertex 6.66103 3.29595 7.6
    endloop
  endfacet
  facet normal 0.659341 -0.751844 0
    outer loop
      vertex 6.89706 3.50294 7.6
      vertex 6.66103 3.29595 1.6
      vertex 6.89706 3.50294 1.6
    endloop
  endfacet
  facet normal 0.659341 -0.751844 0
    outer loop
      vertex 6.66103 3.29595 9.1
      vertex 6.89706 3.50294 17.7
      vertex 6.66103 3.29595 17.7
    endloop
  endfacet
  facet normal 0.659341 -0.751844 0
    outer loop
      vertex 6.89706 3.50294 17.7
      vertex 6.66103 3.29595 9.1
      vertex 6.89706 3.50294 9.1
    endloop
  endfacet
  facet normal 0.831476 -0.55556 0
    outer loop
      vertex 7.10405 3.73897 7.6
      vertex 7.27846 4 1.6
      vertex 7.27846 4 7.6
    endloop
  endfacet
  facet normal 0.831476 -0.55556 0
    outer loop
      vertex 7.27846 4 1.6
      vertex 7.10405 3.73897 7.6
      vertex 7.10405 3.73897 1.6
    endloop
  endfacet
  facet normal 0.831476 -0.55556 0
    outer loop
      vertex 7.10405 3.73897 17.7
      vertex 7.27846 4 9.1
      vertex 7.27846 4 17.7
    endloop
  endfacet
  facet normal 0.831476 -0.55556 0
    outer loop
      vertex 7.27846 4 9.1
      vertex 7.10405 3.73897 17.7
      vertex 7.10405 3.73897 9.1
    endloop
  endfacet
  facet normal 0.980784 -0.195099 0
    outer loop
      vertex 7.51822 4.57883 7.6
      vertex 7.57947 4.88674 1.6
      vertex 7.57947 4.88674 7.6
    endloop
  endfacet
  facet normal 0.980784 -0.195099 0
    outer loop
      vertex 7.57947 4.88674 1.6
      vertex 7.51822 4.57883 7.6
      vertex 7.51822 4.57883 1.6
    endloop
  endfacet
  facet normal 0.980784 -0.195099 0
    outer loop
      vertex 7.51822 4.57883 17.7
      vertex 7.57947 4.88674 9.1
      vertex 7.57947 4.88674 17.7
    endloop
  endfacet
  facet normal 0.980784 -0.195099 0
    outer loop
      vertex 7.57947 4.88674 9.1
      vertex 7.51822 4.57883 17.7
      vertex 7.51822 4.57883 9.1
    endloop
  endfacet
  facet normal -0.55556 -0.831476 0
    outer loop
      vertex 3.73897 3.29595 1.6
      vertex 4 3.12154 7.6
      vertex 3.73897 3.29595 7.6
    endloop
  endfacet
  facet normal -0.55556 -0.831476 -0
    outer loop
      vertex 4 3.12154 7.6
      vertex 3.73897 3.29595 1.6
      vertex 4 3.12154 1.6
    endloop
  endfacet
  facet normal -0.55556 -0.831476 0
    outer loop
      vertex 3.73897 3.29595 9.1
      vertex 4 3.12154 17.7
      vertex 3.73897 3.29595 17.7
    endloop
  endfacet
  facet normal -0.55556 -0.831476 -0
    outer loop
      vertex 4 3.12154 17.7
      vertex 3.73897 3.29595 9.1
      vertex 4 3.12154 9.1
    endloop
  endfacet
  facet normal -0.442289 -0.896873 0
    outer loop
      vertex 4 3.12154 9.1
      vertex 4.28156 2.98269 17.7
      vertex 4 3.12154 17.7
    endloop
  endfacet
  facet normal -0.442289 -0.896873 -0
    outer loop
      vertex 4.28156 2.98269 17.7
      vertex 4 3.12154 9.1
      vertex 4.28156 2.98269 9.1
    endloop
  endfacet
  facet normal -0.442289 -0.896873 0
    outer loop
      vertex 4 3.12154 1.6
      vertex 4.28156 2.98269 7.6
      vertex 4 3.12154 7.6
    endloop
  endfacet
  facet normal -0.442289 -0.896873 -0
    outer loop
      vertex 4.28156 2.98269 7.6
      vertex 4 3.12154 1.6
      vertex 4.28156 2.98269 1.6
    endloop
  endfacet
  facet normal -0.195099 -0.980784 0
    outer loop
      vertex 4.57883 2.88178 1.6
      vertex 4.88674 2.82053 7.6
      vertex 4.57883 2.88178 7.6
    endloop
  endfacet
  facet normal -0.195099 -0.980784 -0
    outer loop
      vertex 4.88674 2.82053 7.6
      vertex 4.57883 2.88178 1.6
      vertex 4.88674 2.82053 1.6
    endloop
  endfacet
  facet normal -0.195099 -0.980784 0
    outer loop
      vertex 4.57883 2.88178 9.1
      vertex 4.88674 2.82053 17.7
      vertex 4.57883 2.88178 17.7
    endloop
  endfacet
  facet normal -0.195099 -0.980784 -0
    outer loop
      vertex 4.88674 2.82053 17.7
      vertex 4.57883 2.88178 9.1
      vertex 4.88674 2.82053 9.1
    endloop
  endfacet
  facet normal -0.896873 -0.442289 0
    outer loop
      vertex 3.12154 4 9.1
      vertex 2.98269 4.28156 17.7
      vertex 2.98269 4.28156 9.1
    endloop
  endfacet
  facet normal -0.896873 -0.442289 0
    outer loop
      vertex 2.98269 4.28156 17.7
      vertex 3.12154 4 9.1
      vertex 3.12154 4 17.7
    endloop
  endfacet
  facet normal -0.896873 -0.442289 0
    outer loop
      vertex 3.12154 4 1.6
      vertex 2.98269 4.28156 7.6
      vertex 2.98269 4.28156 1.6
    endloop
  endfacet
  facet normal -0.896873 -0.442289 0
    outer loop
      vertex 2.98269 4.28156 7.6
      vertex 3.12154 4 1.6
      vertex 3.12154 4 7.6
    endloop
  endfacet
  facet normal -0.94693 -0.321441 0
    outer loop
      vertex 2.98269 4.28156 1.6
      vertex 2.88178 4.57883 7.6
      vertex 2.88178 4.57883 1.6
    endloop
  endfacet
  facet normal -0.94693 -0.321441 0
    outer loop
      vertex 2.88178 4.57883 7.6
      vertex 2.98269 4.28156 1.6
      vertex 2.98269 4.28156 7.6
    endloop
  endfacet
  facet normal -0.94693 -0.321441 0
    outer loop
      vertex 2.98269 4.28156 9.1
      vertex 2.88178 4.57883 17.7
      vertex 2.88178 4.57883 9.1
    endloop
  endfacet
  facet normal -0.94693 -0.321441 0
    outer loop
      vertex 2.88178 4.57883 17.7
      vertex 2.98269 4.28156 9.1
      vertex 2.98269 4.28156 17.7
    endloop
  endfacet
  facet normal -0.997859 -0.0653963 0
    outer loop
      vertex 2.82053 4.88674 1.6
      vertex 2.8 5.2 7.6
      vertex 2.8 5.2 1.6
    endloop
  endfacet
  facet normal -0.997859 -0.0653963 0
    outer loop
      vertex 2.8 5.2 7.6
      vertex 2.82053 4.88674 1.6
      vertex 2.82053 4.88674 7.6
    endloop
  endfacet
  facet normal -0.997859 -0.0653963 0
    outer loop
      vertex 2.82053 4.88674 9.1
      vertex 2.8 5.2 17.7
      vertex 2.8 5.2 9.1
    endloop
  endfacet
  facet normal -0.997859 -0.0653963 0
    outer loop
      vertex 2.8 5.2 17.7
      vertex 2.82053 4.88674 9.1
      vertex 2.82053 4.88674 17.7
    endloop
  endfacet
  facet normal 0.751844 0.659341 0
    outer loop
      vertex 7.10405 6.66103 7.6
      vertex 6.89706 6.89706 1.6
      vertex 6.89706 6.89706 7.6
    endloop
  endfacet
  facet normal 0.751844 0.659341 0
    outer loop
      vertex 6.89706 6.89706 1.6
      vertex 7.10405 6.66103 7.6
      vertex 7.10405 6.66103 1.6
    endloop
  endfacet
  facet normal 0.751844 0.659341 0
    outer loop
      vertex 7.10405 6.66103 17.7
      vertex 6.89706 6.89706 9.1
      vertex 6.89706 6.89706 17.7
    endloop
  endfacet
  facet normal 0.751844 0.659341 0
    outer loop
      vertex 6.89706 6.89706 9.1
      vertex 7.10405 6.66103 17.7
      vertex 7.10405 6.66103 9.1
    endloop
  endfacet
  facet normal 0.442289 0.896873 -0
    outer loop
      vertex 6.4 7.27846 1.6
      vertex 6.11844 7.41731 7.6
      vertex 6.4 7.27846 7.6
    endloop
  endfacet
  facet normal 0.442289 0.896873 0
    outer loop
      vertex 6.11844 7.41731 7.6
      vertex 6.4 7.27846 1.6
      vertex 6.11844 7.41731 1.6
    endloop
  endfacet
  facet normal 0.442289 0.896873 -0
    outer loop
      vertex 6.4 7.27846 9.1
      vertex 6.11844 7.41731 17.7
      vertex 6.4 7.27846 17.7
    endloop
  endfacet
  facet normal 0.442289 0.896873 0
    outer loop
      vertex 6.11844 7.41731 17.7
      vertex 6.4 7.27846 9.1
      vertex 6.11844 7.41731 9.1
    endloop
  endfacet
  facet normal -0.442289 0.896873 0
    outer loop
      vertex 4.28156 7.41731 1.6
      vertex 4 7.27846 7.6
      vertex 4.28156 7.41731 7.6
    endloop
  endfacet
  facet normal -0.442289 0.896873 0
    outer loop
      vertex 4 7.27846 7.6
      vertex 4.28156 7.41731 1.6
      vertex 4 7.27846 1.6
    endloop
  endfacet
  facet normal -0.442289 0.896873 0
    outer loop
      vertex 4.28156 7.41731 9.1
      vertex 4 7.27846 17.7
      vertex 4.28156 7.41731 17.7
    endloop
  endfacet
  facet normal -0.442289 0.896873 0
    outer loop
      vertex 4 7.27846 17.7
      vertex 4.28156 7.41731 9.1
      vertex 4 7.27846 9.1
    endloop
  endfacet
  facet normal 0.195099 -0.980784 0
    outer loop
      vertex 5.51326 2.82053 1.6
      vertex 5.82117 2.88178 7.6
      vertex 5.51326 2.82053 7.6
    endloop
  endfacet
  facet normal 0.195099 -0.980784 0
    outer loop
      vertex 5.82117 2.88178 7.6
      vertex 5.51326 2.82053 1.6
      vertex 5.82117 2.88178 1.6
    endloop
  endfacet
  facet normal 0.195099 -0.980784 0
    outer loop
      vertex 5.51326 2.82053 9.1
      vertex 5.82117 2.88178 17.7
      vertex 5.51326 2.82053 17.7
    endloop
  endfacet
  facet normal 0.195099 -0.980784 0
    outer loop
      vertex 5.82117 2.88178 17.7
      vertex 5.51326 2.82053 9.1
      vertex 5.82117 2.88178 9.1
    endloop
  endfacet
  facet normal 0.442289 -0.896873 0
    outer loop
      vertex 6.11844 2.98269 1.6
      vertex 6.4 3.12154 7.6
      vertex 6.11844 2.98269 7.6
    endloop
  endfacet
  facet normal 0.442289 -0.896873 0
    outer loop
      vertex 6.4 3.12154 7.6
      vertex 6.11844 2.98269 1.6
      vertex 6.4 3.12154 1.6
    endloop
  endfacet
  facet normal 0.442289 -0.896873 0
    outer loop
      vertex 6.11844 2.98269 9.1
      vertex 6.4 3.12154 17.7
      vertex 6.11844 2.98269 17.7
    endloop
  endfacet
  facet normal 0.442289 -0.896873 0
    outer loop
      vertex 6.4 3.12154 17.7
      vertex 6.11844 2.98269 9.1
      vertex 6.4 3.12154 9.1
    endloop
  endfacet
  facet normal 0.896873 -0.442289 0
    outer loop
      vertex 7.27846 4 7.6
      vertex 7.41731 4.28156 1.6
      vertex 7.41731 4.28156 7.6
    endloop
  endfacet
  facet normal 0.896873 -0.442289 0
    outer loop
      vertex 7.41731 4.28156 1.6
      vertex 7.27846 4 7.6
      vertex 7.27846 4 1.6
    endloop
  endfacet
  facet normal 0.896873 -0.442289 0
    outer loop
      vertex 7.27846 4 17.7
      vertex 7.41731 4.28156 9.1
      vertex 7.41731 4.28156 17.7
    endloop
  endfacet
  facet normal 0.896873 -0.442289 0
    outer loop
      vertex 7.41731 4.28156 9.1
      vertex 7.27846 4 17.7
      vertex 7.27846 4 9.1
    endloop
  endfacet
  facet normal -0.831476 -0.55556 0
    outer loop
      vertex 3.29595 3.73897 1.6
      vertex 3.12154 4 7.6
      vertex 3.12154 4 1.6
    endloop
  endfacet
  facet normal -0.831476 -0.55556 0
    outer loop
      vertex 3.12154 4 7.6
      vertex 3.29595 3.73897 1.6
      vertex 3.29595 3.73897 7.6
    endloop
  endfacet
  facet normal -0.831476 -0.55556 0
    outer loop
      vertex 3.29595 3.73897 9.1
      vertex 3.12154 4 17.7
      vertex 3.12154 4 9.1
    endloop
  endfacet
  facet normal -0.831476 -0.55556 0
    outer loop
      vertex 3.12154 4 17.7
      vertex 3.29595 3.73897 9.1
      vertex 3.29595 3.73897 17.7
    endloop
  endfacet
  facet normal -0.980784 -0.195099 0
    outer loop
      vertex 2.88178 4.57883 1.6
      vertex 2.82053 4.88674 7.6
      vertex 2.82053 4.88674 1.6
    endloop
  endfacet
  facet normal -0.980784 -0.195099 0
    outer loop
      vertex 2.82053 4.88674 7.6
      vertex 2.88178 4.57883 1.6
      vertex 2.88178 4.57883 7.6
    endloop
  endfacet
  facet normal -0.980784 -0.195099 0
    outer loop
      vertex 2.88178 4.57883 9.1
      vertex 2.82053 4.88674 17.7
      vertex 2.82053 4.88674 9.1
    endloop
  endfacet
  facet normal -0.980784 -0.195099 0
    outer loop
      vertex 2.82053 4.88674 17.7
      vertex 2.88178 4.57883 9.1
      vertex 2.88178 4.57883 17.7
    endloop
  endfacet
  facet normal -0.99786 -0.0653848 0
    outer loop
      vertex 6.05 5.2 10.7
      vertex 6.04273 5.31095 17.7
      vertex 6.04273 5.31095 10.7
    endloop
  endfacet
  facet normal -0.99786 -0.0653848 0
    outer loop
      vertex 6.04273 5.31095 17.7
      vertex 6.05 5.2 10.7
      vertex 6.05 5.2 17.7
    endloop
  endfacet
  facet normal 0.99786 -0.0653848 0
    outer loop
      vertex 4.35 5.2 17.7
      vertex 4.35727 5.31095 10.7
      vertex 4.35727 5.31095 17.7
    endloop
  endfacet
  facet normal 0.99786 -0.0653848 0
    outer loop
      vertex 4.35727 5.31095 10.7
      vertex 4.35 5.2 17.7
      vertex 4.35 5.2 10.7
    endloop
  endfacet
  facet normal 0.0653848 -0.99786 0
    outer loop
      vertex 5.08905 6.04273 10.7
      vertex 5.2 6.05 17.7
      vertex 5.08905 6.04273 17.7
    endloop
  endfacet
  facet normal 0.0653848 -0.99786 0
    outer loop
      vertex 5.2 6.05 17.7
      vertex 5.08905 6.04273 10.7
      vertex 5.2 6.05 10.7
    endloop
  endfacet
  facet normal -0.0653848 0.99786 0
    outer loop
      vertex 5.31095 4.35727 10.7
      vertex 5.2 4.35 17.7
      vertex 5.31095 4.35727 17.7
    endloop
  endfacet
  facet normal -0.0653848 0.99786 0
    outer loop
      vertex 5.2 4.35 17.7
      vertex 5.31095 4.35727 10.7
      vertex 5.2 4.35 10.7
    endloop
  endfacet
  facet normal -0.751824 0.659364 0
    outer loop
      vertex 5.80104 4.59896 10.7
      vertex 5.87435 4.68255 17.7
      vertex 5.87435 4.68255 10.7
    endloop
  endfacet
  facet normal -0.751824 0.659364 0
    outer loop
      vertex 5.87435 4.68255 17.7
      vertex 5.80104 4.59896 10.7
      vertex 5.80104 4.59896 17.7
    endloop
  endfacet
  facet normal -0.659364 -0.751824 0
    outer loop
      vertex 5.71745 5.87435 10.7
      vertex 5.80104 5.80104 17.7
      vertex 5.71745 5.87435 17.7
    endloop
  endfacet
  facet normal -0.659364 -0.751824 -0
    outer loop
      vertex 5.80104 5.80104 17.7
      vertex 5.71745 5.87435 10.7
      vertex 5.80104 5.80104 10.7
    endloop
  endfacet
  facet normal 0.751824 -0.659364 0
    outer loop
      vertex 4.52565 5.71745 17.7
      vertex 4.59896 5.80104 10.7
      vertex 4.59896 5.80104 17.7
    endloop
  endfacet
  facet normal 0.751824 -0.659364 0
    outer loop
      vertex 4.59896 5.80104 10.7
      vertex 4.52565 5.71745 17.7
      vertex 4.52565 5.71745 10.7
    endloop
  endfacet
  facet normal 0.442314 -0.89686 0
    outer loop
      vertex 4.775 5.93612 10.7
      vertex 4.87472 5.9853 17.7
      vertex 4.775 5.93612 17.7
    endloop
  endfacet
  facet normal 0.442314 -0.89686 0
    outer loop
      vertex 4.87472 5.9853 17.7
      vertex 4.775 5.93612 10.7
      vertex 4.87472 5.9853 10.7
    endloop
  endfacet
  facet normal -0.89686 -0.442314 0
    outer loop
      vertex 5.9853 5.52528 10.7
      vertex 5.93612 5.625 17.7
      vertex 5.93612 5.625 10.7
    endloop
  endfacet
  facet normal -0.89686 -0.442314 0
    outer loop
      vertex 5.93612 5.625 17.7
      vertex 5.9853 5.52528 10.7
      vertex 5.9853 5.52528 17.7
    endloop
  endfacet
  facet normal -0.831483 -0.555551 0
    outer loop
      vertex 5.93612 5.625 10.7
      vertex 5.87435 5.71745 17.7
      vertex 5.87435 5.71745 10.7
    endloop
  endfacet
  facet normal -0.831483 -0.555551 0
    outer loop
      vertex 5.87435 5.71745 17.7
      vertex 5.93612 5.625 10.7
      vertex 5.93612 5.625 17.7
    endloop
  endfacet
  facet normal -0.321458 -0.946924 0
    outer loop
      vertex 5.42 6.02104 10.7
      vertex 5.52528 5.9853 17.7
      vertex 5.42 6.02104 17.7
    endloop
  endfacet
  facet normal -0.321458 -0.946924 -0
    outer loop
      vertex 5.52528 5.9853 17.7
      vertex 5.42 6.02104 10.7
      vertex 5.52528 5.9853 10.7
    endloop
  endfacet
  facet normal -0.195078 -0.980788 0
    outer loop
      vertex 5.31095 6.04273 10.7
      vertex 5.42 6.02104 17.7
      vertex 5.31095 6.04273 17.7
    endloop
  endfacet
  facet normal -0.195078 -0.980788 -0
    outer loop
      vertex 5.42 6.02104 17.7
      vertex 5.31095 6.04273 10.7
      vertex 5.42 6.02104 10.7
    endloop
  endfacet
  facet normal -0.442314 -0.89686 0
    outer loop
      vertex 5.52528 5.9853 10.7
      vertex 5.625 5.93612 17.7
      vertex 5.52528 5.9853 17.7
    endloop
  endfacet
  facet normal -0.442314 -0.89686 -0
    outer loop
      vertex 5.625 5.93612 17.7
      vertex 5.52528 5.9853 10.7
      vertex 5.625 5.93612 10.7
    endloop
  endfacet
  facet normal 0.89686 -0.442314 0
    outer loop
      vertex 4.4147 5.52528 17.7
      vertex 4.46388 5.625 10.7
      vertex 4.46388 5.625 17.7
    endloop
  endfacet
  facet normal 0.89686 -0.442314 0
    outer loop
      vertex 4.46388 5.625 10.7
      vertex 4.4147 5.52528 17.7
      vertex 4.4147 5.52528 10.7
    endloop
  endfacet
  facet normal 0.831483 -0.555551 0
    outer loop
      vertex 4.46388 5.625 17.7
      vertex 4.52565 5.71745 10.7
      vertex 4.52565 5.71745 17.7
    endloop
  endfacet
  facet normal 0.831483 -0.555551 0
    outer loop
      vertex 4.52565 5.71745 10.7
      vertex 4.46388 5.625 17.7
      vertex 4.46388 5.625 10.7
    endloop
  endfacet
  facet normal 0.555551 -0.831483 0
    outer loop
      vertex 4.68255 5.87435 10.7
      vertex 4.775 5.93612 17.7
      vertex 4.68255 5.87435 17.7
    endloop
  endfacet
  facet normal 0.555551 -0.831483 0
    outer loop
      vertex 4.775 5.93612 17.7
      vertex 4.68255 5.87435 10.7
      vertex 4.775 5.93612 10.7
    endloop
  endfacet
  facet normal 0.321458 -0.946924 0
    outer loop
      vertex 4.87472 5.9853 10.7
      vertex 4.98 6.02104 17.7
      vertex 4.87472 5.9853 17.7
    endloop
  endfacet
  facet normal 0.321458 -0.946924 0
    outer loop
      vertex 4.98 6.02104 17.7
      vertex 4.87472 5.9853 10.7
      vertex 4.98 6.02104 10.7
    endloop
  endfacet
  facet normal 0 0 1
    outer loop
      vertex 6.04273 5.31095 10.7
      vertex 6.04273 5.08905 10.7
      vertex 6.05 5.2 10.7
    endloop
  endfacet
  facet normal 0 0 1
    outer loop
      vertex 6.02104 5.42 10.7
      vertex 6.04273 5.08905 10.7
      vertex 6.04273 5.31095 10.7
    endloop
  endfacet
  facet normal 0 0 1
    outer loop
      vertex 6.02104 5.42 10.7
      vertex 6.02104 4.98 10.7
      vertex 6.04273 5.08905 10.7
    endloop
  endfacet
  facet normal 0 0 1
    outer loop
      vertex 5.9853 5.52528 10.7
      vertex 6.02104 4.98 10.7
      vertex 6.02104 5.42 10.7
    endloop
  endfacet
  facet normal 0 0 1
    outer loop
      vertex 5.9853 5.52528 10.7
      vertex 5.9853 4.87472 10.7
      vertex 6.02104 4.98 10.7
    endloop
  endfacet
  facet normal 0 0 1
    outer loop
      vertex 5.93612 5.625 10.7
      vertex 5.9853 4.87472 10.7
      vertex 5.9853 5.52528 10.7
    endloop
  endfacet
  facet normal 0 0 1
    outer loop
      vertex 5.93612 5.625 10.7
      vertex 5.93612 4.775 10.7
      vertex 5.9853 4.87472 10.7
    endloop
  endfacet
  facet normal 0 0 1
    outer loop
      vertex 5.87435 5.71745 10.7
      vertex 5.93612 4.775 10.7
      vertex 5.93612 5.625 10.7
    endloop
  endfacet
  facet normal 0 0 1
    outer loop
      vertex 5.87435 5.71745 10.7
      vertex 5.87435 4.68255 10.7
      vertex 5.93612 4.775 10.7
    endloop
  endfacet
  facet normal 0 0 1
    outer loop
      vertex 5.80104 5.80104 10.7
      vertex 5.87435 4.68255 10.7
      vertex 5.87435 5.71745 10.7
    endloop
  endfacet
  facet normal 0 0 1
    outer loop
      vertex 5.80104 5.80104 10.7
      vertex 5.80104 4.59896 10.7
      vertex 5.87435 4.68255 10.7
    endloop
  endfacet
  facet normal 0 0 1
    outer loop
      vertex 5.71745 5.87435 10.7
      vertex 5.80104 4.59896 10.7
      vertex 5.80104 5.80104 10.7
    endloop
  endfacet
  facet normal 0 0 1
    outer loop
      vertex 5.71745 5.87435 10.7
      vertex 5.71745 4.52565 10.7
      vertex 5.80104 4.59896 10.7
    endloop
  endfacet
  facet normal 0 0 1
    outer loop
      vertex 5.625 5.93612 10.7
      vertex 5.71745 4.52565 10.7
      vertex 5.71745 5.87435 10.7
    endloop
  endfacet
  facet normal 0 0 1
    outer loop
      vertex 5.625 5.93612 10.7
      vertex 5.625 4.46388 10.7
      vertex 5.71745 4.52565 10.7
    endloop
  endfacet
  facet normal 0 0 1
    outer loop
      vertex 5.52528 5.9853 10.7
      vertex 5.625 4.46388 10.7
      vertex 5.625 5.93612 10.7
    endloop
  endfacet
  facet normal 0 0 1
    outer loop
      vertex 5.52528 5.9853 10.7
      vertex 5.52528 4.4147 10.7
      vertex 5.625 4.46388 10.7
    endloop
  endfacet
  facet normal 0 0 1
    outer loop
      vertex 5.42 6.02104 10.7
      vertex 5.52528 4.4147 10.7
      vertex 5.52528 5.9853 10.7
    endloop
  endfacet
  facet normal 0 0 1
    outer loop
      vertex 5.42 6.02104 10.7
      vertex 5.42 4.37896 10.7
      vertex 5.52528 4.4147 10.7
    endloop
  endfacet
  facet normal 0 0 1
    outer loop
      vertex 5.31095 6.04273 10.7
      vertex 5.42 4.37896 10.7
      vertex 5.42 6.02104 10.7
    endloop
  endfacet
  facet normal 0 0 1
    outer loop
      vertex 5.31095 6.04273 10.7
      vertex 5.31095 4.35727 10.7
      vertex 5.42 4.37896 10.7
    endloop
  endfacet
  facet normal 0 0 1
    outer loop
      vertex 5.2 6.05 10.7
      vertex 5.31095 4.35727 10.7
      vertex 5.31095 6.04273 10.7
    endloop
  endfacet
  facet normal 0 0 1
    outer loop
      vertex 5.2 6.05 10.7
      vertex 5.2 4.35 10.7
      vertex 5.31095 4.35727 10.7
    endloop
  endfacet
  facet normal -0 0 1
    outer loop
      vertex 5.08905 6.04273 10.7
      vertex 5.2 4.35 10.7
      vertex 5.2 6.05 10.7
    endloop
  endfacet
  facet normal 0 0 1
    outer loop
      vertex 5.08905 6.04273 10.7
      vertex 5.08905 4.35727 10.7
      vertex 5.2 4.35 10.7
    endloop
  endfacet
  facet normal -0 0 1
    outer loop
      vertex 4.98 6.02104 10.7
      vertex 5.08905 4.35727 10.7
      vertex 5.08905 6.04273 10.7
    endloop
  endfacet
  facet normal 0 0 1
    outer loop
      vertex 4.98 6.02104 10.7
      vertex 4.98 4.37896 10.7
      vertex 5.08905 4.35727 10.7
    endloop
  endfacet
  facet normal -0 0 1
    outer loop
      vertex 4.87472 5.9853 10.7
      vertex 4.98 4.37896 10.7
      vertex 4.98 6.02104 10.7
    endloop
  endfacet
  facet normal 0 0 1
    outer loop
      vertex 4.87472 5.9853 10.7
      vertex 4.87472 4.4147 10.7
      vertex 4.98 4.37896 10.7
    endloop
  endfacet
  facet normal -0 0 1
    outer loop
      vertex 4.775 5.93612 10.7
      vertex 4.87472 4.4147 10.7
      vertex 4.87472 5.9853 10.7
    endloop
  endfacet
  facet normal 0 0 1
    outer loop
      vertex 4.775 5.93612 10.7
      vertex 4.775 4.46388 10.7
      vertex 4.87472 4.4147 10.7
    endloop
  endfacet
  facet normal -0 0 1
    outer loop
      vertex 4.68255 5.87435 10.7
      vertex 4.775 4.46388 10.7
      vertex 4.775 5.93612 10.7
    endloop
  endfacet
  facet normal 0 0 1
    outer loop
      vertex 4.68255 5.87435 10.7
      vertex 4.68255 4.52565 10.7
      vertex 4.775 4.46388 10.7
    endloop
  endfacet
  facet normal -0 0 1
    outer loop
      vertex 4.59896 5.80104 10.7
      vertex 4.68255 4.52565 10.7
      vertex 4.68255 5.87435 10.7
    endloop
  endfacet
  facet normal 0 0 1
    outer loop
      vertex 4.59896 5.80104 10.7
      vertex 4.59896 4.59896 10.7
      vertex 4.68255 4.52565 10.7
    endloop
  endfacet
  facet normal -0 0 1
    outer loop
      vertex 4.52565 5.71745 10.7
      vertex 4.59896 4.59896 10.7
      vertex 4.59896 5.80104 10.7
    endloop
  endfacet
  facet normal 0 0 1
    outer loop
      vertex 4.52565 5.71745 10.7
      vertex 4.52565 4.68255 10.7
      vertex 4.59896 4.59896 10.7
    endloop
  endfacet
  facet normal -0 0 1
    outer loop
      vertex 4.46388 5.625 10.7
      vertex 4.52565 4.68255 10.7
      vertex 4.52565 5.71745 10.7
    endloop
  endfacet
  facet normal 0 0 1
    outer loop
      vertex 4.46388 5.625 10.7
      vertex 4.46388 4.775 10.7
      vertex 4.52565 4.68255 10.7
    endloop
  endfacet
  facet normal -0 0 1
    outer loop
      vertex 4.4147 5.52528 10.7
      vertex 4.46388 4.775 10.7
      vertex 4.46388 5.625 10.7
    endloop
  endfacet
  facet normal 0 0 1
    outer loop
      vertex 4.4147 5.52528 10.7
      vertex 4.4147 4.87472 10.7
      vertex 4.46388 4.775 10.7
    endloop
  endfacet
  facet normal -0 0 1
    outer loop
      vertex 4.37896 5.42 10.7
      vertex 4.4147 4.87472 10.7
      vertex 4.4147 5.52528 10.7
    endloop
  endfacet
  facet normal 0 0 1
    outer loop
      vertex 4.37896 5.42 10.7
      vertex 4.37896 4.98 10.7
      vertex 4.4147 4.87472 10.7
    endloop
  endfacet
  facet normal -0 0 1
    outer loop
      vertex 4.35727 5.31095 10.7
      vertex 4.37896 4.98 10.7
      vertex 4.37896 5.42 10.7
    endloop
  endfacet
  facet normal 0 0 1
    outer loop
      vertex 4.35727 5.31095 10.7
      vertex 4.35727 5.08905 10.7
      vertex 4.37896 4.98 10.7
    endloop
  endfacet
  facet normal 0 -0 1
    outer loop
      vertex 4.35727 5.08905 10.7
      vertex 4.35727 5.31095 10.7
      vertex 4.35 5.2 10.7
    endloop
  endfacet
  facet normal -0.195078 0.980788 0
    outer loop
      vertex 5.42 4.37896 10.7
      vertex 5.31095 4.35727 17.7
      vertex 5.42 4.37896 17.7
    endloop
  endfacet
  facet normal -0.195078 0.980788 0
    outer loop
      vertex 5.31095 4.35727 17.7
      vertex 5.42 4.37896 10.7
      vertex 5.31095 4.35727 10.7
    endloop
  endfacet
  facet normal -0.442314 0.89686 0
    outer loop
      vertex 5.625 4.46388 10.7
      vertex 5.52528 4.4147 17.7
      vertex 5.625 4.46388 17.7
    endloop
  endfacet
  facet normal -0.442314 0.89686 0
    outer loop
      vertex 5.52528 4.4147 17.7
      vertex 5.625 4.46388 10.7
      vertex 5.52528 4.4147 10.7
    endloop
  endfacet
  facet normal -0.946924 -0.321458 0
    outer loop
      vertex 6.02104 5.42 10.7
      vertex 5.9853 5.52528 17.7
      vertex 5.9853 5.52528 10.7
    endloop
  endfacet
  facet normal -0.946924 -0.321458 0
    outer loop
      vertex 5.9853 5.52528 17.7
      vertex 6.02104 5.42 10.7
      vertex 6.02104 5.42 17.7
    endloop
  endfacet
  facet normal -0.980788 -0.195078 0
    outer loop
      vertex 6.04273 5.31095 10.7
      vertex 6.02104 5.42 17.7
      vertex 6.02104 5.42 10.7
    endloop
  endfacet
  facet normal -0.980788 -0.195078 0
    outer loop
      vertex 6.02104 5.42 17.7
      vertex 6.04273 5.31095 10.7
      vertex 6.04273 5.31095 17.7
    endloop
  endfacet
  facet normal -0.751824 -0.659364 0
    outer loop
      vertex 5.87435 5.71745 10.7
      vertex 5.80104 5.80104 17.7
      vertex 5.80104 5.80104 10.7
    endloop
  endfacet
  facet normal -0.751824 -0.659364 0
    outer loop
      vertex 5.80104 5.80104 17.7
      vertex 5.87435 5.71745 10.7
      vertex 5.87435 5.71745 17.7
    endloop
  endfacet
  facet normal -0.0653848 -0.99786 0
    outer loop
      vertex 5.2 6.05 10.7
      vertex 5.31095 6.04273 17.7
      vertex 5.2 6.05 17.7
    endloop
  endfacet
  facet normal -0.0653848 -0.99786 -0
    outer loop
      vertex 5.31095 6.04273 17.7
      vertex 5.2 6.05 10.7
      vertex 5.31095 6.04273 10.7
    endloop
  endfacet
  facet normal -0.555551 -0.831483 0
    outer loop
      vertex 5.625 5.93612 10.7
      vertex 5.71745 5.87435 17.7
      vertex 5.625 5.93612 17.7
    endloop
  endfacet
  facet normal -0.555551 -0.831483 -0
    outer loop
      vertex 5.71745 5.87435 17.7
      vertex 5.625 5.93612 10.7
      vertex 5.71745 5.87435 10.7
    endloop
  endfacet
  facet normal 0.946924 -0.321458 0
    outer loop
      vertex 4.37896 5.42 17.7
      vertex 4.4147 5.52528 10.7
      vertex 4.4147 5.52528 17.7
    endloop
  endfacet
  facet normal 0.946924 -0.321458 0
    outer loop
      vertex 4.4147 5.52528 10.7
      vertex 4.37896 5.42 17.7
      vertex 4.37896 5.42 10.7
    endloop
  endfacet
  facet normal 0.980788 -0.195078 0
    outer loop
      vertex 4.35727 5.31095 17.7
      vertex 4.37896 5.42 10.7
      vertex 4.37896 5.42 17.7
    endloop
  endfacet
  facet normal 0.980788 -0.195078 0
    outer loop
      vertex 4.37896 5.42 10.7
      vertex 4.35727 5.31095 17.7
      vertex 4.35727 5.31095 10.7
    endloop
  endfacet
  facet normal 0.659364 -0.751824 0
    outer loop
      vertex 4.59896 5.80104 10.7
      vertex 4.68255 5.87435 17.7
      vertex 4.59896 5.80104 17.7
    endloop
  endfacet
  facet normal 0.659364 -0.751824 0
    outer loop
      vertex 4.68255 5.87435 17.7
      vertex 4.59896 5.80104 10.7
      vertex 4.68255 5.87435 10.7
    endloop
  endfacet
  facet normal 0.195078 -0.980788 0
    outer loop
      vertex 4.98 6.02104 10.7
      vertex 5.08905 6.04273 17.7
      vertex 4.98 6.02104 17.7
    endloop
  endfacet
  facet normal 0.195078 -0.980788 0
    outer loop
      vertex 5.08905 6.04273 17.7
      vertex 4.98 6.02104 10.7
      vertex 5.08905 6.04273 10.7
    endloop
  endfacet
  facet normal -0.99786 0.0653848 0
    outer loop
      vertex 6.04273 5.08905 10.7
      vertex 6.05 5.2 17.7
      vertex 6.05 5.2 10.7
    endloop
  endfacet
  facet normal -0.99786 0.0653848 0
    outer loop
      vertex 6.05 5.2 17.7
      vertex 6.04273 5.08905 10.7
      vertex 6.04273 5.08905 17.7
    endloop
  endfacet
  facet normal -0.946924 0.321458 0
    outer loop
      vertex 5.9853 4.87472 10.7
      vertex 6.02104 4.98 17.7
      vertex 6.02104 4.98 10.7
    endloop
  endfacet
  facet normal -0.946924 0.321458 0
    outer loop
      vertex 6.02104 4.98 17.7
      vertex 5.9853 4.87472 10.7
      vertex 5.9853 4.87472 17.7
    endloop
  endfacet
  facet normal -0.980788 0.195078 0
    outer loop
      vertex 6.02104 4.98 10.7
      vertex 6.04273 5.08905 17.7
      vertex 6.04273 5.08905 10.7
    endloop
  endfacet
  facet normal -0.980788 0.195078 0
    outer loop
      vertex 6.04273 5.08905 17.7
      vertex 6.02104 4.98 10.7
      vertex 6.02104 4.98 17.7
    endloop
  endfacet
  facet normal 0.89686 0.442314 0
    outer loop
      vertex 4.46388 4.775 17.7
      vertex 4.4147 4.87472 10.7
      vertex 4.4147 4.87472 17.7
    endloop
  endfacet
  facet normal 0.89686 0.442314 0
    outer loop
      vertex 4.4147 4.87472 10.7
      vertex 4.46388 4.775 17.7
      vertex 4.46388 4.775 10.7
    endloop
  endfacet
  facet normal -0.555551 0.831483 0
    outer loop
      vertex 5.71745 4.52565 10.7
      vertex 5.625 4.46388 17.7
      vertex 5.71745 4.52565 17.7
    endloop
  endfacet
  facet normal -0.555551 0.831483 0
    outer loop
      vertex 5.625 4.46388 17.7
      vertex 5.71745 4.52565 10.7
      vertex 5.625 4.46388 10.7
    endloop
  endfacet
  facet normal 0.980788 0.195078 0
    outer loop
      vertex 4.37896 4.98 17.7
      vertex 4.35727 5.08905 10.7
      vertex 4.35727 5.08905 17.7
    endloop
  endfacet
  facet normal 0.980788 0.195078 0
    outer loop
      vertex 4.35727 5.08905 10.7
      vertex 4.37896 4.98 17.7
      vertex 4.37896 4.98 10.7
    endloop
  endfacet
  facet normal 0.99786 0.0653848 0
    outer loop
      vertex 4.35727 5.08905 17.7
      vertex 4.35 5.2 10.7
      vertex 4.35 5.2 17.7
    endloop
  endfacet
  facet normal 0.99786 0.0653848 0
    outer loop
      vertex 4.35 5.2 10.7
      vertex 4.35727 5.08905 17.7
      vertex 4.35727 5.08905 10.7
    endloop
  endfacet
  facet normal 0.946924 0.321458 0
    outer loop
      vertex 4.4147 4.87472 17.7
      vertex 4.37896 4.98 10.7
      vertex 4.37896 4.98 17.7
    endloop
  endfacet
  facet normal 0.946924 0.321458 0
    outer loop
      vertex 4.37896 4.98 10.7
      vertex 4.4147 4.87472 17.7
      vertex 4.4147 4.87472 10.7
    endloop
  endfacet
  facet normal -0.659364 0.751824 0
    outer loop
      vertex 5.80104 4.59896 10.7
      vertex 5.71745 4.52565 17.7
      vertex 5.80104 4.59896 17.7
    endloop
  endfacet
  facet normal -0.659364 0.751824 0
    outer loop
      vertex 5.71745 4.52565 17.7
      vertex 5.80104 4.59896 10.7
      vertex 5.71745 4.52565 10.7
    endloop
  endfacet
  facet normal -0.321458 0.946924 0
    outer loop
      vertex 5.52528 4.4147 10.7
      vertex 5.42 4.37896 17.7
      vertex 5.52528 4.4147 17.7
    endloop
  endfacet
  facet normal -0.321458 0.946924 0
    outer loop
      vertex 5.42 4.37896 17.7
      vertex 5.52528 4.4147 10.7
      vertex 5.42 4.37896 10.7
    endloop
  endfacet
  facet normal -0.89686 0.442314 0
    outer loop
      vertex 5.93612 4.775 10.7
      vertex 5.9853 4.87472 17.7
      vertex 5.9853 4.87472 10.7
    endloop
  endfacet
  facet normal -0.89686 0.442314 0
    outer loop
      vertex 5.9853 4.87472 17.7
      vertex 5.93612 4.775 10.7
      vertex 5.93612 4.775 17.7
    endloop
  endfacet
  facet normal -0.831483 0.555551 0
    outer loop
      vertex 5.87435 4.68255 10.7
      vertex 5.93612 4.775 17.7
      vertex 5.93612 4.775 10.7
    endloop
  endfacet
  facet normal -0.831483 0.555551 0
    outer loop
      vertex 5.93612 4.775 17.7
      vertex 5.87435 4.68255 10.7
      vertex 5.87435 4.68255 17.7
    endloop
  endfacet
  facet normal 0.321458 0.946924 -0
    outer loop
      vertex 4.98 4.37896 10.7
      vertex 4.87472 4.4147 17.7
      vertex 4.98 4.37896 17.7
    endloop
  endfacet
  facet normal 0.321458 0.946924 0
    outer loop
      vertex 4.87472 4.4147 17.7
      vertex 4.98 4.37896 10.7
      vertex 4.87472 4.4147 10.7
    endloop
  endfacet
  facet normal 0.195078 0.980788 -0
    outer loop
      vertex 5.08905 4.35727 10.7
      vertex 4.98 4.37896 17.7
      vertex 5.08905 4.35727 17.7
    endloop
  endfacet
  facet normal 0.195078 0.980788 0
    outer loop
      vertex 4.98 4.37896 17.7
      vertex 5.08905 4.35727 10.7
      vertex 4.98 4.37896 10.7
    endloop
  endfacet
  facet normal 0.751824 0.659364 0
    outer loop
      vertex 4.59896 4.59896 17.7
      vertex 4.52565 4.68255 10.7
      vertex 4.52565 4.68255 17.7
    endloop
  endfacet
  facet normal 0.751824 0.659364 0
    outer loop
      vertex 4.52565 4.68255 10.7
      vertex 4.59896 4.59896 17.7
      vertex 4.59896 4.59896 10.7
    endloop
  endfacet
  facet normal 0.659364 0.751824 -0
    outer loop
      vertex 4.68255 4.52565 10.7
      vertex 4.59896 4.59896 17.7
      vertex 4.68255 4.52565 17.7
    endloop
  endfacet
  facet normal 0.659364 0.751824 0
    outer loop
      vertex 4.59896 4.59896 17.7
      vertex 4.68255 4.52565 10.7
      vertex 4.59896 4.59896 10.7
    endloop
  endfacet
  facet normal 0.0653848 0.99786 -0
    outer loop
      vertex 5.2 4.35 10.7
      vertex 5.08905 4.35727 17.7
      vertex 5.2 4.35 17.7
    endloop
  endfacet
  facet normal 0.0653848 0.99786 0
    outer loop
      vertex 5.08905 4.35727 17.7
      vertex 5.2 4.35 10.7
      vertex 5.08905 4.35727 10.7
    endloop
  endfacet
  facet normal 0.831483 0.555551 0
    outer loop
      vertex 4.52565 4.68255 17.7
      vertex 4.46388 4.775 10.7
      vertex 4.46388 4.775 17.7
    endloop
  endfacet
  facet normal 0.831483 0.555551 0
    outer loop
      vertex 4.46388 4.775 10.7
      vertex 4.52565 4.68255 17.7
      vertex 4.52565 4.68255 10.7
    endloop
  endfacet
  facet normal 0.442314 0.89686 -0
    outer loop
      vertex 4.87472 4.4147 10.7
      vertex 4.775 4.46388 17.7
      vertex 4.87472 4.4147 17.7
    endloop
  endfacet
  facet normal 0.442314 0.89686 0
    outer loop
      vertex 4.775 4.46388 17.7
      vertex 4.87472 4.4147 10.7
      vertex 4.775 4.46388 10.7
    endloop
  endfacet
  facet normal 0.555551 0.831483 -0
    outer loop
      vertex 4.775 4.46388 10.7
      vertex 4.68255 4.52565 17.7
      vertex 4.775 4.46388 17.7
    endloop
  endfacet
  facet normal 0.555551 0.831483 0
    outer loop
      vertex 4.68255 4.52565 17.7
      vertex 4.775 4.46388 10.7
      vertex 4.68255 4.52565 10.7
    endloop
  endfacet
  facet normal 0.997866 0.0653012 0
    outer loop
      vertex 77 5.2 7.6
      vertex 76.9795 5.51326 1.6
      vertex 76.9795 5.51326 7.6
    endloop
  endfacet
  facet normal 0.997866 0.0653012 0
    outer loop
      vertex 76.9795 5.51326 1.6
      vertex 77 5.2 7.6
      vertex 77 5.2 1.6
    endloop
  endfacet
  facet normal 0.997866 0.0653012 0
    outer loop
      vertex 77 5.2 17.7
      vertex 76.9795 5.51326 9.1
      vertex 76.9795 5.51326 17.7
    endloop
  endfacet
  facet normal 0.997866 0.0653012 0
    outer loop
      vertex 76.9795 5.51326 9.1
      vertex 77 5.2 17.7
      vertex 77 5.2 9.1
    endloop
  endfacet
  facet normal -0.997866 0.0653012 0
    outer loop
      vertex 72.2 5.2 1.6
      vertex 72.2205 5.51326 7.6
      vertex 72.2205 5.51326 1.6
    endloop
  endfacet
  facet normal -0.997866 0.0653012 0
    outer loop
      vertex 72.2205 5.51326 7.6
      vertex 72.2 5.2 1.6
      vertex 72.2 5.2 7.6
    endloop
  endfacet
  facet normal -0.997866 0.0653012 0
    outer loop
      vertex 72.2 5.2 9.1
      vertex 72.2205 5.51326 17.7
      vertex 72.2205 5.51326 9.1
    endloop
  endfacet
  facet normal -0.997866 0.0653012 0
    outer loop
      vertex 72.2205 5.51326 17.7
      vertex 72.2 5.2 9.1
      vertex 72.2 5.2 17.7
    endloop
  endfacet
  facet normal 0.065388 0.99786 -0
    outer loop
      vertex 74.9133 7.57947 1.6
      vertex 74.6 7.6 7.6
      vertex 74.9133 7.57947 7.6
    endloop
  endfacet
  facet normal 0.065388 0.99786 0
    outer loop
      vertex 74.6 7.6 7.6
      vertex 74.9133 7.57947 1.6
      vertex 74.6 7.6 1.6
    endloop
  endfacet
  facet normal 0.065388 0.99786 -0
    outer loop
      vertex 74.9133 7.57947 9.1
      vertex 74.6 7.6 17.7
      vertex 74.9133 7.57947 17.7
    endloop
  endfacet
  facet normal 0.065388 0.99786 0
    outer loop
      vertex 74.6 7.6 17.7
      vertex 74.9133 7.57947 9.1
      vertex 74.6 7.6 9.1
    endloop
  endfacet
  facet normal -0.065388 -0.99786 0
    outer loop
      vertex 74.2867 2.82053 1.6
      vertex 74.6 2.8 7.6
      vertex 74.2867 2.82053 7.6
    endloop
  endfacet
  facet normal -0.065388 -0.99786 -0
    outer loop
      vertex 74.6 2.8 7.6
      vertex 74.2867 2.82053 1.6
      vertex 74.6 2.8 1.6
    endloop
  endfacet
  facet normal -0.065388 -0.99786 0
    outer loop
      vertex 74.2867 2.82053 9.1
      vertex 74.6 2.8 17.7
      vertex 74.2867 2.82053 17.7
    endloop
  endfacet
  facet normal -0.065388 -0.99786 -0
    outer loop
      vertex 74.6 2.8 17.7
      vertex 74.2867 2.82053 9.1
      vertex 74.6 2.8 9.1
    endloop
  endfacet
  facet normal 0.65923 0.751941 -0
    outer loop
      vertex 76.2971 6.89706 1.6
      vertex 76.061 7.10405 7.6
      vertex 76.2971 6.89706 7.6
    endloop
  endfacet
  facet normal 0.65923 0.751941 0
    outer loop
      vertex 76.061 7.10405 7.6
      vertex 76.2971 6.89706 1.6
      vertex 76.061 7.10405 1.6
    endloop
  endfacet
  facet normal 0.65923 0.751941 -0
    outer loop
      vertex 76.2971 6.89706 9.1
      vertex 76.061 7.10405 17.7
      vertex 76.2971 6.89706 17.7
    endloop
  endfacet
  facet normal 0.65923 0.751941 0
    outer loop
      vertex 76.061 7.10405 17.7
      vertex 76.2971 6.89706 9.1
      vertex 76.061 7.10405 9.1
    endloop
  endfacet
  facet normal -0.65923 0.751941 0
    outer loop
      vertex 73.139 7.10405 1.6
      vertex 72.9029 6.89706 7.6
      vertex 73.139 7.10405 7.6
    endloop
  endfacet
  facet normal -0.65923 0.751941 0
    outer loop
      vertex 72.9029 6.89706 7.6
      vertex 73.139 7.10405 1.6
      vertex 72.9029 6.89706 1.6
    endloop
  endfacet
  facet normal -0.65923 0.751941 0
    outer loop
      vertex 73.139 7.10405 9.1
      vertex 72.9029 6.89706 17.7
      vertex 73.139 7.10405 17.7
    endloop
  endfacet
  facet normal -0.65923 0.751941 0
    outer loop
      vertex 72.9029 6.89706 17.7
      vertex 73.139 7.10405 9.1
      vertex 72.9029 6.89706 9.1
    endloop
  endfacet
  facet normal -0.321509 0.946907 0
    outer loop
      vertex 73.9788 7.51822 1.6
      vertex 73.6816 7.41731 7.6
      vertex 73.9788 7.51822 7.6
    endloop
  endfacet
  facet normal -0.321509 0.946907 0
    outer loop
      vertex 73.6816 7.41731 7.6
      vertex 73.9788 7.51822 1.6
      vertex 73.6816 7.41731 1.6
    endloop
  endfacet
  facet normal -0.321509 0.946907 0
    outer loop
      vertex 73.9788 7.51822 9.1
      vertex 73.6816 7.41731 17.7
      vertex 73.9788 7.51822 17.7
    endloop
  endfacet
  facet normal -0.321509 0.946907 0
    outer loop
      vertex 73.6816 7.41731 17.7
      vertex 73.9788 7.51822 9.1
      vertex 73.6816 7.41731 9.1
    endloop
  endfacet
  facet normal 0.896936 0.44216 0
    outer loop
      vertex 76.8173 6.11844 7.6
      vertex 76.6785 6.4 1.6
      vertex 76.6785 6.4 7.6
    endloop
  endfacet
  facet normal 0.896936 0.44216 0
    outer loop
      vertex 76.6785 6.4 1.6
      vertex 76.8173 6.11844 7.6
      vertex 76.8173 6.11844 1.6
    endloop
  endfacet
  facet normal 0.896936 0.44216 0
    outer loop
      vertex 76.8173 6.11844 17.7
      vertex 76.6785 6.4 9.1
      vertex 76.6785 6.4 17.7
    endloop
  endfacet
  facet normal 0.896936 0.44216 0
    outer loop
      vertex 76.6785 6.4 9.1
      vertex 76.8173 6.11844 17.7
      vertex 76.8173 6.11844 9.1
    endloop
  endfacet
  facet normal 0.980753 0.195252 0
    outer loop
      vertex 76.9795 5.51326 7.6
      vertex 76.9182 5.82117 1.6
      vertex 76.9182 5.82117 7.6
    endloop
  endfacet
  facet normal 0.980753 0.195252 0
    outer loop
      vertex 76.9182 5.82117 1.6
      vertex 76.9795 5.51326 7.6
      vertex 76.9795 5.51326 1.6
    endloop
  endfacet
  facet normal 0.980753 0.195252 0
    outer loop
      vertex 76.9795 5.51326 17.7
      vertex 76.9182 5.82117 9.1
      vertex 76.9182 5.82117 17.7
    endloop
  endfacet
  facet normal 0.980753 0.195252 0
    outer loop
      vertex 76.9182 5.82117 9.1
      vertex 76.9795 5.51326 17.7
      vertex 76.9795 5.51326 9.1
    endloop
  endfacet
  facet normal 0.831491 0.555538 0
    outer loop
      vertex 76.6785 6.4 7.6
      vertex 76.5041 6.66103 1.6
      vertex 76.5041 6.66103 7.6
    endloop
  endfacet
  facet normal 0.831491 0.555538 0
    outer loop
      vertex 76.5041 6.66103 1.6
      vertex 76.6785 6.4 7.6
      vertex 76.6785 6.4 1.6
    endloop
  endfacet
  facet normal 0.831491 0.555538 0
    outer loop
      vertex 76.6785 6.4 17.7
      vertex 76.5041 6.66103 9.1
      vertex 76.5041 6.66103 17.7
    endloop
  endfacet
  facet normal 0.831491 0.555538 0
    outer loop
      vertex 76.5041 6.66103 9.1
      vertex 76.6785 6.4 17.7
      vertex 76.6785 6.4 9.1
    endloop
  endfacet
  facet normal 0.321509 0.946907 -0
    outer loop
      vertex 75.5184 7.41731 1.6
      vertex 75.2212 7.51822 7.6
      vertex 75.5184 7.41731 7.6
    endloop
  endfacet
  facet normal 0.321509 0.946907 0
    outer loop
      vertex 75.2212 7.51822 7.6
      vertex 75.5184 7.41731 1.6
      vertex 75.2212 7.51822 1.6
    endloop
  endfacet
  facet normal 0.321509 0.946907 -0
    outer loop
      vertex 75.5184 7.41731 9.1
      vertex 75.2212 7.51822 17.7
      vertex 75.5184 7.41731 17.7
    endloop
  endfacet
  facet normal 0.321509 0.946907 0
    outer loop
      vertex 75.2212 7.51822 17.7
      vertex 75.5184 7.41731 9.1
      vertex 75.2212 7.51822 9.1
    endloop
  endfacet
  facet normal 0.195105 0.980782 -0
    outer loop
      vertex 75.2212 7.51822 1.6
      vertex 74.9133 7.57947 7.6
      vertex 75.2212 7.51822 7.6
    endloop
  endfacet
  facet normal 0.195105 0.980782 0
    outer loop
      vertex 74.9133 7.57947 7.6
      vertex 75.2212 7.51822 1.6
      vertex 74.9133 7.57947 1.6
    endloop
  endfacet
  facet normal 0.195105 0.980782 -0
    outer loop
      vertex 75.2212 7.51822 9.1
      vertex 74.9133 7.57947 17.7
      vertex 75.2212 7.51822 17.7
    endloop
  endfacet
  facet normal 0.195105 0.980782 0
    outer loop
      vertex 74.9133 7.57947 17.7
      vertex 75.2212 7.51822 9.1
      vertex 74.9133 7.57947 9.1
    endloop
  endfacet
  facet normal 0.555604 0.831447 -0
    outer loop
      vertex 76.061 7.10405 1.6
      vertex 75.8 7.27846 7.6
      vertex 76.061 7.10405 7.6
    endloop
  endfacet
  facet normal 0.555604 0.831447 0
    outer loop
      vertex 75.8 7.27846 7.6
      vertex 76.061 7.10405 1.6
      vertex 75.8 7.27846 1.6
    endloop
  endfacet
  facet normal 0.555604 0.831447 -0
    outer loop
      vertex 76.061 7.10405 9.1
      vertex 75.8 7.27846 17.7
      vertex 76.061 7.10405 17.7
    endloop
  endfacet
  facet normal 0.555604 0.831447 0
    outer loop
      vertex 75.8 7.27846 17.7
      vertex 76.061 7.10405 9.1
      vertex 75.8 7.27846 9.1
    endloop
  endfacet
  facet normal -0.831344 0.555758 0
    outer loop
      vertex 72.5215 6.4 1.6
      vertex 72.696 6.66103 7.6
      vertex 72.696 6.66103 1.6
    endloop
  endfacet
  facet normal -0.831344 0.555758 0
    outer loop
      vertex 72.696 6.66103 7.6
      vertex 72.5215 6.4 1.6
      vertex 72.5215 6.4 7.6
    endloop
  endfacet
  facet normal -0.831344 0.555758 0
    outer loop
      vertex 72.5215 6.4 9.1
      vertex 72.696 6.66103 17.7
      vertex 72.696 6.66103 9.1
    endloop
  endfacet
  facet normal -0.831344 0.555758 0
    outer loop
      vertex 72.696 6.66103 17.7
      vertex 72.5215 6.4 9.1
      vertex 72.5215 6.4 17.7
    endloop
  endfacet
  facet normal -0.751986 0.659179 0
    outer loop
      vertex 72.696 6.66103 1.6
      vertex 72.9029 6.89706 7.6
      vertex 72.9029 6.89706 1.6
    endloop
  endfacet
  facet normal -0.751986 0.659179 0
    outer loop
      vertex 72.9029 6.89706 7.6
      vertex 72.696 6.66103 1.6
      vertex 72.696 6.66103 7.6
    endloop
  endfacet
  facet normal -0.751986 0.659179 0
    outer loop
      vertex 72.696 6.66103 9.1
      vertex 72.9029 6.89706 17.7
      vertex 72.9029 6.89706 9.1
    endloop
  endfacet
  facet normal -0.751986 0.659179 0
    outer loop
      vertex 72.9029 6.89706 17.7
      vertex 72.696 6.66103 9.1
      vertex 72.696 6.66103 17.7
    endloop
  endfacet
  facet normal -0.946939 0.321412 0
    outer loop
      vertex 72.2818 5.82117 1.6
      vertex 72.3827 6.11844 7.6
      vertex 72.3827 6.11844 1.6
    endloop
  endfacet
  facet normal -0.946939 0.321412 0
    outer loop
      vertex 72.3827 6.11844 7.6
      vertex 72.2818 5.82117 1.6
      vertex 72.2818 5.82117 7.6
    endloop
  endfacet
  facet normal -0.946939 0.321412 0
    outer loop
      vertex 72.2818 5.82117 9.1
      vertex 72.3827 6.11844 17.7
      vertex 72.3827 6.11844 9.1
    endloop
  endfacet
  facet normal -0.946939 0.321412 0
    outer loop
      vertex 72.3827 6.11844 17.7
      vertex 72.2818 5.82117 9.1
      vertex 72.2818 5.82117 17.7
    endloop
  endfacet
  facet normal -0.555604 0.831447 0
    outer loop
      vertex 73.4 7.27846 1.6
      vertex 73.139 7.10405 7.6
      vertex 73.4 7.27846 7.6
    endloop
  endfacet
  facet normal -0.555604 0.831447 0
    outer loop
      vertex 73.139 7.10405 7.6
      vertex 73.4 7.27846 1.6
      vertex 73.139 7.10405 1.6
    endloop
  endfacet
  facet normal -0.555604 0.831447 0
    outer loop
      vertex 73.4 7.27846 9.1
      vertex 73.139 7.10405 17.7
      vertex 73.4 7.27846 17.7
    endloop
  endfacet
  facet normal -0.555604 0.831447 0
    outer loop
      vertex 73.139 7.10405 17.7
      vertex 73.4 7.27846 9.1
      vertex 73.139 7.10405 9.1
    endloop
  endfacet
  facet normal -0.195105 0.980782 0
    outer loop
      vertex 74.2867 7.57947 1.6
      vertex 73.9788 7.51822 7.6
      vertex 74.2867 7.57947 7.6
    endloop
  endfacet
  facet normal -0.195105 0.980782 0
    outer loop
      vertex 73.9788 7.51822 7.6
      vertex 74.2867 7.57947 1.6
      vertex 73.9788 7.51822 1.6
    endloop
  endfacet
  facet normal -0.195105 0.980782 0
    outer loop
      vertex 74.2867 7.57947 9.1
      vertex 73.9788 7.51822 17.7
      vertex 74.2867 7.57947 17.7
    endloop
  endfacet
  facet normal -0.195105 0.980782 0
    outer loop
      vertex 73.9788 7.51822 17.7
      vertex 74.2867 7.57947 9.1
      vertex 73.9788 7.51822 9.1
    endloop
  endfacet
  facet normal 0.946939 -0.321412 0
    outer loop
      vertex 76.8173 4.28156 7.6
      vertex 76.9182 4.57883 1.6
      vertex 76.9182 4.57883 7.6
    endloop
  endfacet
  facet normal 0.946939 -0.321412 0
    outer loop
      vertex 76.9182 4.57883 1.6
      vertex 76.8173 4.28156 7.6
      vertex 76.8173 4.28156 1.6
    endloop
  endfacet
  facet normal 0.946939 -0.321412 0
    outer loop
      vertex 76.8173 4.28156 17.7
      vertex 76.9182 4.57883 9.1
      vertex 76.9182 4.57883 17.7
    endloop
  endfacet
  facet normal 0.946939 -0.321412 0
    outer loop
      vertex 76.9182 4.57883 9.1
      vertex 76.8173 4.28156 17.7
      vertex 76.8173 4.28156 9.1
    endloop
  endfacet
  facet normal 0.321509 -0.946907 0
    outer loop
      vertex 75.2212 2.88178 1.6
      vertex 75.5184 2.98269 7.6
      vertex 75.2212 2.88178 7.6
    endloop
  endfacet
  facet normal 0.321509 -0.946907 0
    outer loop
      vertex 75.5184 2.98269 7.6
      vertex 75.2212 2.88178 1.6
      vertex 75.5184 2.98269 1.6
    endloop
  endfacet
  facet normal 0.321509 -0.946907 0
    outer loop
      vertex 75.2212 2.88178 9.1
      vertex 75.5184 2.98269 17.7
      vertex 75.2212 2.88178 17.7
    endloop
  endfacet
  facet normal 0.321509 -0.946907 0
    outer loop
      vertex 75.5184 2.98269 17.7
      vertex 75.2212 2.88178 9.1
      vertex 75.5184 2.98269 9.1
    endloop
  endfacet
  facet normal 0.751828 -0.659359 0
    outer loop
      vertex 76.2971 3.50294 7.6
      vertex 76.5041 3.73897 1.6
      vertex 76.5041 3.73897 7.6
    endloop
  endfacet
  facet normal 0.751828 -0.659359 0
    outer loop
      vertex 76.5041 3.73897 1.6
      vertex 76.2971 3.50294 7.6
      vertex 76.2971 3.50294 1.6
    endloop
  endfacet
  facet normal 0.751828 -0.659359 0
    outer loop
      vertex 76.2971 3.50294 17.7
      vertex 76.5041 3.73897 9.1
      vertex 76.5041 3.73897 17.7
    endloop
  endfacet
  facet normal 0.751828 -0.659359 0
    outer loop
      vertex 76.5041 3.73897 9.1
      vertex 76.2971 3.50294 17.7
      vertex 76.2971 3.50294 9.1
    endloop
  endfacet
  facet normal 0.555604 -0.831447 0
    outer loop
      vertex 75.8 3.12154 1.6
      vertex 76.061 3.29595 7.6
      vertex 75.8 3.12154 7.6
    endloop
  endfacet
  facet normal 0.555604 -0.831447 0
    outer loop
      vertex 76.061 3.29595 7.6
      vertex 75.8 3.12154 1.6
      vertex 76.061 3.29595 1.6
    endloop
  endfacet
  facet normal 0.555604 -0.831447 0
    outer loop
      vertex 75.8 3.12154 9.1
      vertex 76.061 3.29595 17.7
      vertex 75.8 3.12154 17.7
    endloop
  endfacet
  facet normal 0.555604 -0.831447 0
    outer loop
      vertex 76.061 3.29595 17.7
      vertex 75.8 3.12154 9.1
      vertex 76.061 3.29595 9.1
    endloop
  endfacet
  facet normal -0.65923 -0.751941 0
    outer loop
      vertex 72.9029 3.50294 1.6
      vertex 73.139 3.29595 7.6
      vertex 72.9029 3.50294 7.6
    endloop
  endfacet
  facet normal -0.65923 -0.751941 -0
    outer loop
      vertex 73.139 3.29595 7.6
      vertex 72.9029 3.50294 1.6
      vertex 73.139 3.29595 1.6
    endloop
  endfacet
  facet normal -0.65923 -0.751941 0
    outer loop
      vertex 72.9029 3.50294 9.1
      vertex 73.139 3.29595 17.7
      vertex 72.9029 3.50294 17.7
    endloop
  endfacet
  facet normal -0.65923 -0.751941 -0
    outer loop
      vertex 73.139 3.29595 17.7
      vertex 72.9029 3.50294 9.1
      vertex 73.139 3.29595 9.1
    endloop
  endfacet
  facet normal -0.321509 -0.946907 0
    outer loop
      vertex 73.6816 2.98269 9.1
      vertex 73.9788 2.88178 17.7
      vertex 73.6816 2.98269 17.7
    endloop
  endfacet
  facet normal -0.321509 -0.946907 -0
    outer loop
      vertex 73.9788 2.88178 17.7
      vertex 73.6816 2.98269 9.1
      vertex 73.9788 2.88178 9.1
    endloop
  endfacet
  facet normal -0.321509 -0.946907 0
    outer loop
      vertex 73.6816 2.98269 1.6
      vertex 73.9788 2.88178 7.6
      vertex 73.6816 2.98269 7.6
    endloop
  endfacet
  facet normal -0.321509 -0.946907 -0
    outer loop
      vertex 73.9788 2.88178 7.6
      vertex 73.6816 2.98269 1.6
      vertex 73.9788 2.88178 1.6
    endloop
  endfacet
  facet normal -0.751986 -0.659179 0
    outer loop
      vertex 72.9029 3.50294 1.6
      vertex 72.696 3.73897 7.6
      vertex 72.696 3.73897 1.6
    endloop
  endfacet
  facet normal -0.751986 -0.659179 0
    outer loop
      vertex 72.696 3.73897 7.6
      vertex 72.9029 3.50294 1.6
      vertex 72.9029 3.50294 7.6
    endloop
  endfacet
  facet normal -0.751986 -0.659179 0
    outer loop
      vertex 72.9029 3.50294 9.1
      vertex 72.696 3.73897 17.7
      vertex 72.696 3.73897 9.1
    endloop
  endfacet
  facet normal -0.751986 -0.659179 0
    outer loop
      vertex 72.696 3.73897 17.7
      vertex 72.9029 3.50294 9.1
      vertex 72.9029 3.50294 17.7
    endloop
  endfacet
  facet normal 0 0 -1
    outer loop
      vertex 76.9795 4.88674 1.6
      vertex 76.9795 5.51326 1.6
      vertex 77 5.2 1.6
    endloop
  endfacet
  facet normal 0 0 -1
    outer loop
      vertex 76.9182 4.57883 1.6
      vertex 76.9795 5.51326 1.6
      vertex 76.9795 4.88674 1.6
    endloop
  endfacet
  facet normal 0 0 -1
    outer loop
      vertex 76.9182 4.57883 1.6
      vertex 76.9182 5.82117 1.6
      vertex 76.9795 5.51326 1.6
    endloop
  endfacet
  facet normal 0 0 -1
    outer loop
      vertex 76.8173 4.28156 1.6
      vertex 76.9182 5.82117 1.6
      vertex 76.9182 4.57883 1.6
    endloop
  endfacet
  facet normal 0 0 -1
    outer loop
      vertex 76.8173 4.28156 1.6
      vertex 76.8173 6.11844 1.6
      vertex 76.9182 5.82117 1.6
    endloop
  endfacet
  facet normal 0 0 -1
    outer loop
      vertex 76.6785 4 1.6
      vertex 76.8173 6.11844 1.6
      vertex 76.8173 4.28156 1.6
    endloop
  endfacet
  facet normal 0 0 -1
    outer loop
      vertex 76.6785 4 1.6
      vertex 76.6785 6.4 1.6
      vertex 76.8173 6.11844 1.6
    endloop
  endfacet
  facet normal 0 0 -1
    outer loop
      vertex 76.5041 3.73897 1.6
      vertex 76.6785 6.4 1.6
      vertex 76.6785 4 1.6
    endloop
  endfacet
  facet normal 0 0 -1
    outer loop
      vertex 76.5041 3.73897 1.6
      vertex 76.5041 6.66103 1.6
      vertex 76.6785 6.4 1.6
    endloop
  endfacet
  facet normal 0 0 -1
    outer loop
      vertex 76.2971 3.50294 1.6
      vertex 76.5041 6.66103 1.6
      vertex 76.5041 3.73897 1.6
    endloop
  endfacet
  facet normal 0 0 -1
    outer loop
      vertex 76.2971 3.50294 1.6
      vertex 76.2971 6.89706 1.6
      vertex 76.5041 6.66103 1.6
    endloop
  endfacet
  facet normal 0 0 -1
    outer loop
      vertex 76.061 3.29595 1.6
      vertex 76.2971 6.89706 1.6
      vertex 76.2971 3.50294 1.6
    endloop
  endfacet
  facet normal 0 0 -1
    outer loop
      vertex 76.061 3.29595 1.6
      vertex 76.061 7.10405 1.6
      vertex 76.2971 6.89706 1.6
    endloop
  endfacet
  facet normal 0 0 -1
    outer loop
      vertex 75.8 3.12154 1.6
      vertex 76.061 7.10405 1.6
      vertex 76.061 3.29595 1.6
    endloop
  endfacet
  facet normal 0 0 -1
    outer loop
      vertex 75.8 3.12154 1.6
      vertex 75.8 7.27846 1.6
      vertex 76.061 7.10405 1.6
    endloop
  endfacet
  facet normal 0 0 -1
    outer loop
      vertex 75.5184 2.98269 1.6
      vertex 75.8 7.27846 1.6
      vertex 75.8 3.12154 1.6
    endloop
  endfacet
  facet normal 0 0 -1
    outer loop
      vertex 75.5184 2.98269 1.6
      vertex 75.5184 7.41731 1.6
      vertex 75.8 7.27846 1.6
    endloop
  endfacet
  facet normal 0 0 -1
    outer loop
      vertex 75.2212 2.88178 1.6
      vertex 75.5184 7.41731 1.6
      vertex 75.5184 2.98269 1.6
    endloop
  endfacet
  facet normal 0 0 -1
    outer loop
      vertex 75.2212 2.88178 1.6
      vertex 75.2212 7.51822 1.6
      vertex 75.5184 7.41731 1.6
    endloop
  endfacet
  facet normal 0 0 -1
    outer loop
      vertex 74.9133 2.82053 1.6
      vertex 75.2212 7.51822 1.6
      vertex 75.2212 2.88178 1.6
    endloop
  endfacet
  facet normal 0 0 -1
    outer loop
      vertex 74.9133 2.82053 1.6
      vertex 74.9133 7.57947 1.6
      vertex 75.2212 7.51822 1.6
    endloop
  endfacet
  facet normal 0 0 -1
    outer loop
      vertex 74.6 2.8 1.6
      vertex 74.9133 7.57947 1.6
      vertex 74.9133 2.82053 1.6
    endloop
  endfacet
  facet normal 0 0 -1
    outer loop
      vertex 74.6 2.8 1.6
      vertex 74.6 7.6 1.6
      vertex 74.9133 7.57947 1.6
    endloop
  endfacet
  facet normal 0 0 -1
    outer loop
      vertex 74.2867 2.82053 1.6
      vertex 74.6 7.6 1.6
      vertex 74.6 2.8 1.6
    endloop
  endfacet
  facet normal 0 0 -1
    outer loop
      vertex 74.2867 2.82053 1.6
      vertex 74.2867 7.57947 1.6
      vertex 74.6 7.6 1.6
    endloop
  endfacet
  facet normal 0 0 -1
    outer loop
      vertex 73.9788 2.88178 1.6
      vertex 74.2867 7.57947 1.6
      vertex 74.2867 2.82053 1.6
    endloop
  endfacet
  facet normal 0 0 -1
    outer loop
      vertex 73.9788 2.88178 1.6
      vertex 73.9788 7.51822 1.6
      vertex 74.2867 7.57947 1.6
    endloop
  endfacet
  facet normal 0 0 -1
    outer loop
      vertex 73.6816 2.98269 1.6
      vertex 73.9788 7.51822 1.6
      vertex 73.9788 2.88178 1.6
    endloop
  endfacet
  facet normal 0 0 -1
    outer loop
      vertex 73.6816 2.98269 1.6
      vertex 73.6816 7.41731 1.6
      vertex 73.9788 7.51822 1.6
    endloop
  endfacet
  facet normal 0 0 -1
    outer loop
      vertex 73.4 3.12154 1.6
      vertex 73.6816 7.41731 1.6
      vertex 73.6816 2.98269 1.6
    endloop
  endfacet
  facet normal 0 0 -1
    outer loop
      vertex 73.4 3.12154 1.6
      vertex 73.4 7.27846 1.6
      vertex 73.6816 7.41731 1.6
    endloop
  endfacet
  facet normal 0 0 -1
    outer loop
      vertex 73.139 3.29595 1.6
      vertex 73.4 7.27846 1.6
      vertex 73.4 3.12154 1.6
    endloop
  endfacet
  facet normal 0 0 -1
    outer loop
      vertex 73.139 3.29595 1.6
      vertex 73.139 7.10405 1.6
      vertex 73.4 7.27846 1.6
    endloop
  endfacet
  facet normal 0 0 -1
    outer loop
      vertex 72.9029 3.50294 1.6
      vertex 73.139 7.10405 1.6
      vertex 73.139 3.29595 1.6
    endloop
  endfacet
  facet normal 0 0 -1
    outer loop
      vertex 72.9029 3.50294 1.6
      vertex 72.9029 6.89706 1.6
      vertex 73.139 7.10405 1.6
    endloop
  endfacet
  facet normal 0 0 -1
    outer loop
      vertex 72.696 3.73897 1.6
      vertex 72.9029 6.89706 1.6
      vertex 72.9029 3.50294 1.6
    endloop
  endfacet
  facet normal 0 0 -1
    outer loop
      vertex 72.696 3.73897 1.6
      vertex 72.696 6.66103 1.6
      vertex 72.9029 6.89706 1.6
    endloop
  endfacet
  facet normal 0 0 -1
    outer loop
      vertex 72.5215 4 1.6
      vertex 72.696 6.66103 1.6
      vertex 72.696 3.73897 1.6
    endloop
  endfacet
  facet normal 0 0 -1
    outer loop
      vertex 72.5215 4 1.6
      vertex 72.5215 6.4 1.6
      vertex 72.696 6.66103 1.6
    endloop
  endfacet
  facet normal 0 0 -1
    outer loop
      vertex 72.3827 4.28156 1.6
      vertex 72.5215 6.4 1.6
      vertex 72.5215 4 1.6
    endloop
  endfacet
  facet normal 0 0 -1
    outer loop
      vertex 72.3827 4.28156 1.6
      vertex 72.3827 6.11844 1.6
      vertex 72.5215 6.4 1.6
    endloop
  endfacet
  facet normal 0 0 -1
    outer loop
      vertex 72.2818 4.57883 1.6
      vertex 72.3827 6.11844 1.6
      vertex 72.3827 4.28156 1.6
    endloop
  endfacet
  facet normal 0 0 -1
    outer loop
      vertex 72.2818 4.57883 1.6
      vertex 72.2818 5.82117 1.6
      vertex 72.3827 6.11844 1.6
    endloop
  endfacet
  facet normal 0 0 -1
    outer loop
      vertex 72.2205 4.88674 1.6
      vertex 72.2818 5.82117 1.6
      vertex 72.2818 4.57883 1.6
    endloop
  endfacet
  facet normal 0 0 -1
    outer loop
      vertex 72.2205 4.88674 1.6
      vertex 72.2205 5.51326 1.6
      vertex 72.2818 5.82117 1.6
    endloop
  endfacet
  facet normal 0 -0 -1
    outer loop
      vertex 72.2205 5.51326 1.6
      vertex 72.2205 4.88674 1.6
      vertex 72.2 5.2 1.6
    endloop
  endfacet
  facet normal 0.946939 0.321412 0
    outer loop
      vertex 76.9182 5.82117 7.6
      vertex 76.8173 6.11844 1.6
      vertex 76.8173 6.11844 7.6
    endloop
  endfacet
  facet normal 0.946939 0.321412 0
    outer loop
      vertex 76.8173 6.11844 1.6
      vertex 76.9182 5.82117 7.6
      vertex 76.9182 5.82117 1.6
    endloop
  endfacet
  facet normal 0.946939 0.321412 0
    outer loop
      vertex 76.9182 5.82117 17.7
      vertex 76.8173 6.11844 9.1
      vertex 76.8173 6.11844 17.7
    endloop
  endfacet
  facet normal 0.946939 0.321412 0
    outer loop
      vertex 76.8173 6.11844 9.1
      vertex 76.9182 5.82117 17.7
      vertex 76.9182 5.82117 9.1
    endloop
  endfacet
  facet normal -0.896936 0.44216 0
    outer loop
      vertex 72.3827 6.11844 1.6
      vertex 72.5215 6.4 7.6
      vertex 72.5215 6.4 1.6
    endloop
  endfacet
  facet normal -0.896936 0.44216 0
    outer loop
      vertex 72.5215 6.4 7.6
      vertex 72.3827 6.11844 1.6
      vertex 72.3827 6.11844 7.6
    endloop
  endfacet
  facet normal -0.896936 0.44216 0
    outer loop
      vertex 72.3827 6.11844 9.1
      vertex 72.5215 6.4 17.7
      vertex 72.5215 6.4 9.1
    endloop
  endfacet
  facet normal -0.896936 0.44216 0
    outer loop
      vertex 72.5215 6.4 17.7
      vertex 72.3827 6.11844 9.1
      vertex 72.3827 6.11844 17.7
    endloop
  endfacet
  facet normal -0.980753 0.195252 0
    outer loop
      vertex 72.2205 5.51326 1.6
      vertex 72.2818 5.82117 7.6
      vertex 72.2818 5.82117 1.6
    endloop
  endfacet
  facet normal -0.980753 0.195252 0
    outer loop
      vertex 72.2818 5.82117 7.6
      vertex 72.2205 5.51326 1.6
      vertex 72.2205 5.51326 7.6
    endloop
  endfacet
  facet normal -0.980753 0.195252 0
    outer loop
      vertex 72.2205 5.51326 9.1
      vertex 72.2818 5.82117 17.7
      vertex 72.2818 5.82117 9.1
    endloop
  endfacet
  facet normal -0.980753 0.195252 0
    outer loop
      vertex 72.2818 5.82117 17.7
      vertex 72.2205 5.51326 9.1
      vertex 72.2205 5.51326 17.7
    endloop
  endfacet
  facet normal 0 0 1
    outer loop
      vertex 75.45 5.2 17.7
      vertex 77 5.2 17.7
      vertex 76.9795 5.51326 17.7
    endloop
  endfacet
  facet normal 0 0 1
    outer loop
      vertex 75.4427 5.31095 17.7
      vertex 76.9795 5.51326 17.7
      vertex 76.9182 5.82117 17.7
    endloop
  endfacet
  facet normal 0 0 1
    outer loop
      vertex 77 5.2 17.7
      vertex 75.45 5.2 17.7
      vertex 76.9795 4.88674 17.7
    endloop
  endfacet
  facet normal 0 0 1
    outer loop
      vertex 75.421 5.42 17.7
      vertex 76.9182 5.82117 17.7
      vertex 76.8173 6.11844 17.7
    endloop
  endfacet
  facet normal -0 0 1
    outer loop
      vertex 75.4427 5.08905 17.7
      vertex 76.9795 4.88674 17.7
      vertex 75.45 5.2 17.7
    endloop
  endfacet
  facet normal 0 0 1
    outer loop
      vertex 75.3853 5.52528 17.7
      vertex 76.8173 6.11844 17.7
      vertex 76.6785 6.4 17.7
    endloop
  endfacet
  facet normal 0 0 1
    outer loop
      vertex 76.9795 4.88674 17.7
      vertex 75.4427 5.08905 17.7
      vertex 76.9182 4.57883 17.7
    endloop
  endfacet
  facet normal 0 0 1
    outer loop
      vertex 75.3361 5.625 17.7
      vertex 76.6785 6.4 17.7
      vertex 76.5041 6.66103 17.7
    endloop
  endfacet
  facet normal -0 0 1
    outer loop
      vertex 75.421 4.98 17.7
      vertex 76.9182 4.57883 17.7
      vertex 75.4427 5.08905 17.7
    endloop
  endfacet
  facet normal 0 0 1
    outer loop
      vertex 75.2744 5.71745 17.7
      vertex 76.5041 6.66103 17.7
      vertex 76.2971 6.89706 17.7
    endloop
  endfacet
  facet normal 0 0 1
    outer loop
      vertex 76.9182 4.57883 17.7
      vertex 75.421 4.98 17.7
      vertex 76.8173 4.28156 17.7
    endloop
  endfacet
  facet normal 0 0 1
    outer loop
      vertex 75.201 5.80104 17.7
      vertex 76.2971 6.89706 17.7
      vertex 76.061 7.10405 17.7
    endloop
  endfacet
  facet normal -0 0 1
    outer loop
      vertex 75.3853 4.87472 17.7
      vertex 76.8173 4.28156 17.7
      vertex 75.421 4.98 17.7
    endloop
  endfacet
  facet normal 0 0 1
    outer loop
      vertex 75.1174 5.87435 17.7
      vertex 76.061 7.10405 17.7
      vertex 75.8 7.27846 17.7
    endloop
  endfacet
  facet normal 0 0 1
    outer loop
      vertex 76.8173 4.28156 17.7
      vertex 75.3853 4.87472 17.7
      vertex 76.6785 4 17.7
    endloop
  endfacet
  facet normal 0 0 1
    outer loop
      vertex 75.025 5.93612 17.7
      vertex 75.8 7.27846 17.7
      vertex 75.5184 7.41731 17.7
    endloop
  endfacet
  facet normal -0 0 1
    outer loop
      vertex 75.3361 4.775 17.7
      vertex 76.6785 4 17.7
      vertex 75.3853 4.87472 17.7
    endloop
  endfacet
  facet normal 0 0 1
    outer loop
      vertex 76.6785 4 17.7
      vertex 75.3361 4.775 17.7
      vertex 76.5041 3.73897 17.7
    endloop
  endfacet
  facet normal 0 0 1
    outer loop
      vertex 76.9795 5.51326 17.7
      vertex 75.4427 5.31095 17.7
      vertex 75.45 5.2 17.7
    endloop
  endfacet
  facet normal 0 0 1
    outer loop
      vertex 76.9182 5.82117 17.7
      vertex 75.421 5.42 17.7
      vertex 75.4427 5.31095 17.7
    endloop
  endfacet
  facet normal 0 0 1
    outer loop
      vertex 76.8173 6.11844 17.7
      vertex 75.3853 5.52528 17.7
      vertex 75.421 5.42 17.7
    endloop
  endfacet
  facet normal 0 0 1
    outer loop
      vertex 76.6785 6.4 17.7
      vertex 75.3361 5.625 17.7
      vertex 75.3853 5.52528 17.7
    endloop
  endfacet
  facet normal 0 0 1
    outer loop
      vertex 76.5041 6.66103 17.7
      vertex 75.2744 5.71745 17.7
      vertex 75.3361 5.625 17.7
    endloop
  endfacet
  facet normal 0 0 1
    outer loop
      vertex 74.9253 5.9853 17.7
      vertex 75.5184 7.41731 17.7
      vertex 75.2212 7.51822 17.7
    endloop
  endfacet
  facet normal 0 0 1
    outer loop
      vertex 76.2971 6.89706 17.7
      vertex 75.201 5.80104 17.7
      vertex 75.2744 5.71745 17.7
    endloop
  endfacet
  facet normal 0 0 1
    outer loop
      vertex 76.061 7.10405 17.7
      vertex 75.1174 5.87435 17.7
      vertex 75.201 5.80104 17.7
    endloop
  endfacet
  facet normal 0 0 1
    outer loop
      vertex 75.8 7.27846 17.7
      vertex 75.025 5.93612 17.7
      vertex 75.1174 5.87435 17.7
    endloop
  endfacet
  facet normal 0 0 1
    outer loop
      vertex 75.5184 7.41731 17.7
      vertex 74.9253 5.9853 17.7
      vertex 75.025 5.93612 17.7
    endloop
  endfacet
  facet normal 0 0 1
    outer loop
      vertex 74.82 6.02104 17.7
      vertex 75.2212 7.51822 17.7
      vertex 74.9133 7.57947 17.7
    endloop
  endfacet
  facet normal 0 0 1
    outer loop
      vertex 75.2212 7.51822 17.7
      vertex 74.82 6.02104 17.7
      vertex 74.9253 5.9853 17.7
    endloop
  endfacet
  facet normal 0 0 1
    outer loop
      vertex 74.9133 7.57947 17.7
      vertex 74.7109 6.04273 17.7
      vertex 74.82 6.02104 17.7
    endloop
  endfacet
  facet normal 0 0 1
    outer loop
      vertex 74.6 7.6 17.7
      vertex 74.7109 6.04273 17.7
      vertex 74.9133 7.57947 17.7
    endloop
  endfacet
  facet normal 0 0 1
    outer loop
      vertex 74.6 7.6 17.7
      vertex 74.6 6.05 17.7
      vertex 74.7109 6.04273 17.7
    endloop
  endfacet
  facet normal 0 0 1
    outer loop
      vertex 74.6 7.6 17.7
      vertex 74.4891 6.04273 17.7
      vertex 74.6 6.05 17.7
    endloop
  endfacet
  facet normal -0 0 1
    outer loop
      vertex 74.2867 7.57947 17.7
      vertex 74.4891 6.04273 17.7
      vertex 74.6 7.6 17.7
    endloop
  endfacet
  facet normal 0 0 1
    outer loop
      vertex 74.4891 6.04273 17.7
      vertex 74.2867 7.57947 17.7
      vertex 74.38 6.02104 17.7
    endloop
  endfacet
  facet normal -0 0 1
    outer loop
      vertex 73.9788 7.51822 17.7
      vertex 74.38 6.02104 17.7
      vertex 74.2867 7.57947 17.7
    endloop
  endfacet
  facet normal 0 0 1
    outer loop
      vertex 74.38 6.02104 17.7
      vertex 73.9788 7.51822 17.7
      vertex 74.2747 5.9853 17.7
    endloop
  endfacet
  facet normal -0 0 1
    outer loop
      vertex 73.6816 7.41731 17.7
      vertex 74.2747 5.9853 17.7
      vertex 73.9788 7.51822 17.7
    endloop
  endfacet
  facet normal 0 0 1
    outer loop
      vertex 74.2747 5.9853 17.7
      vertex 73.6816 7.41731 17.7
      vertex 74.175 5.93612 17.7
    endloop
  endfacet
  facet normal -0 0 1
    outer loop
      vertex 73.4 7.27846 17.7
      vertex 74.175 5.93612 17.7
      vertex 73.6816 7.41731 17.7
    endloop
  endfacet
  facet normal 0 0 1
    outer loop
      vertex 74.175 5.93612 17.7
      vertex 73.4 7.27846 17.7
      vertex 74.0826 5.87435 17.7
    endloop
  endfacet
  facet normal -0 0 1
    outer loop
      vertex 73.139 7.10405 17.7
      vertex 74.0826 5.87435 17.7
      vertex 73.4 7.27846 17.7
    endloop
  endfacet
  facet normal 0 0 1
    outer loop
      vertex 74.0826 5.87435 17.7
      vertex 73.139 7.10405 17.7
      vertex 73.999 5.80104 17.7
    endloop
  endfacet
  facet normal -0 0 1
    outer loop
      vertex 72.9029 6.89706 17.7
      vertex 73.999 5.80104 17.7
      vertex 73.139 7.10405 17.7
    endloop
  endfacet
  facet normal 0 0 1
    outer loop
      vertex 73.999 5.80104 17.7
      vertex 72.9029 6.89706 17.7
      vertex 73.9257 5.71745 17.7
    endloop
  endfacet
  facet normal 0 0 1
    outer loop
      vertex 73.9257 5.71745 17.7
      vertex 72.696 6.66103 17.7
      vertex 73.8639 5.625 17.7
    endloop
  endfacet
  facet normal -0 0 1
    outer loop
      vertex 72.696 6.66103 17.7
      vertex 73.9257 5.71745 17.7
      vertex 72.9029 6.89706 17.7
    endloop
  endfacet
  facet normal -0 0 1
    outer loop
      vertex 75.2744 4.68255 17.7
      vertex 76.5041 3.73897 17.7
      vertex 75.3361 4.775 17.7
    endloop
  endfacet
  facet normal 0 0 1
    outer loop
      vertex 76.5041 3.73897 17.7
      vertex 75.2744 4.68255 17.7
      vertex 76.2971 3.50294 17.7
    endloop
  endfacet
  facet normal -0 0 1
    outer loop
      vertex 75.201 4.59896 17.7
      vertex 76.2971 3.50294 17.7
      vertex 75.2744 4.68255 17.7
    endloop
  endfacet
  facet normal 0 0 1
    outer loop
      vertex 76.2971 3.50294 17.7
      vertex 75.201 4.59896 17.7
      vertex 76.061 3.29595 17.7
    endloop
  endfacet
  facet normal -0 0 1
    outer loop
      vertex 75.1174 4.52565 17.7
      vertex 76.061 3.29595 17.7
      vertex 75.201 4.59896 17.7
    endloop
  endfacet
  facet normal 0 0 1
    outer loop
      vertex 76.061 3.29595 17.7
      vertex 75.1174 4.52565 17.7
      vertex 75.8 3.12154 17.7
    endloop
  endfacet
  facet normal -0 0 1
    outer loop
      vertex 75.025 4.46388 17.7
      vertex 75.8 3.12154 17.7
      vertex 75.1174 4.52565 17.7
    endloop
  endfacet
  facet normal 0 0 1
    outer loop
      vertex 75.8 3.12154 17.7
      vertex 75.025 4.46388 17.7
      vertex 75.5184 2.98269 17.7
    endloop
  endfacet
  facet normal -0 0 1
    outer loop
      vertex 74.9253 4.4147 17.7
      vertex 75.5184 2.98269 17.7
      vertex 75.025 4.46388 17.7
    endloop
  endfacet
  facet normal 0 0 1
    outer loop
      vertex 75.5184 2.98269 17.7
      vertex 74.9253 4.4147 17.7
      vertex 75.2212 2.88178 17.7
    endloop
  endfacet
  facet normal -0 0 1
    outer loop
      vertex 74.82 4.37896 17.7
      vertex 75.2212 2.88178 17.7
      vertex 74.9253 4.4147 17.7
    endloop
  endfacet
  facet normal 0 0 1
    outer loop
      vertex 75.2212 2.88178 17.7
      vertex 74.82 4.37896 17.7
      vertex 74.9133 2.82053 17.7
    endloop
  endfacet
  facet normal -0 0 1
    outer loop
      vertex 74.7109 4.35727 17.7
      vertex 74.9133 2.82053 17.7
      vertex 74.82 4.37896 17.7
    endloop
  endfacet
  facet normal -0 0 1
    outer loop
      vertex 74.6 4.35 17.7
      vertex 74.9133 2.82053 17.7
      vertex 74.7109 4.35727 17.7
    endloop
  endfacet
  facet normal 0 0 1
    outer loop
      vertex 74.6 4.35 17.7
      vertex 74.6 2.8 17.7
      vertex 74.9133 2.82053 17.7
    endloop
  endfacet
  facet normal 0 0 1
    outer loop
      vertex 74.4891 4.35727 17.7
      vertex 74.6 2.8 17.7
      vertex 74.6 4.35 17.7
    endloop
  endfacet
  facet normal 0 0 1
    outer loop
      vertex 74.2867 2.82053 17.7
      vertex 74.4891 4.35727 17.7
      vertex 74.38 4.37896 17.7
    endloop
  endfacet
  facet normal 0 0 1
    outer loop
      vertex 74.4891 4.35727 17.7
      vertex 74.2867 2.82053 17.7
      vertex 74.6 2.8 17.7
    endloop
  endfacet
  facet normal 0 0 1
    outer loop
      vertex 73.9788 2.88178 17.7
      vertex 74.38 4.37896 17.7
      vertex 74.2747 4.4147 17.7
    endloop
  endfacet
  facet normal 0 0 1
    outer loop
      vertex 73.6816 2.98269 17.7
      vertex 74.2747 4.4147 17.7
      vertex 74.175 4.46388 17.7
    endloop
  endfacet
  facet normal 0 0 1
    outer loop
      vertex 73.4 3.12154 17.7
      vertex 74.175 4.46388 17.7
      vertex 74.0826 4.52565 17.7
    endloop
  endfacet
  facet normal 0 0 1
    outer loop
      vertex 73.139 3.29595 17.7
      vertex 74.0826 4.52565 17.7
      vertex 73.999 4.59896 17.7
    endloop
  endfacet
  facet normal 0 0 1
    outer loop
      vertex 74.38 4.37896 17.7
      vertex 73.9788 2.88178 17.7
      vertex 74.2867 2.82053 17.7
    endloop
  endfacet
  facet normal 0 0 1
    outer loop
      vertex 72.9029 3.50294 17.7
      vertex 73.999 4.59896 17.7
      vertex 73.9257 4.68255 17.7
    endloop
  endfacet
  facet normal 0 0 1
    outer loop
      vertex 72.696 3.73897 17.7
      vertex 73.9257 4.68255 17.7
      vertex 73.8639 4.775 17.7
    endloop
  endfacet
  facet normal 0 0 1
    outer loop
      vertex 72.5215 4 17.7
      vertex 73.8639 4.775 17.7
      vertex 73.8147 4.87472 17.7
    endloop
  endfacet
  facet normal 0 0 1
    outer loop
      vertex 72.3827 4.28156 17.7
      vertex 73.8147 4.87472 17.7
      vertex 73.779 4.98 17.7
    endloop
  endfacet
  facet normal 0 0 1
    outer loop
      vertex 72.2818 4.57883 17.7
      vertex 73.779 4.98 17.7
      vertex 73.7573 5.08905 17.7
    endloop
  endfacet
  facet normal 0 0 1
    outer loop
      vertex 74.2747 4.4147 17.7
      vertex 73.6816 2.98269 17.7
      vertex 73.9788 2.88178 17.7
    endloop
  endfacet
  facet normal 0 0 1
    outer loop
      vertex 72.2205 4.88674 17.7
      vertex 73.7573 5.08905 17.7
      vertex 73.75 5.2 17.7
    endloop
  endfacet
  facet normal -0 0 1
    outer loop
      vertex 72.5215 6.4 17.7
      vertex 73.8639 5.625 17.7
      vertex 72.696 6.66103 17.7
    endloop
  endfacet
  facet normal 0 0 1
    outer loop
      vertex 73.8639 5.625 17.7
      vertex 72.5215 6.4 17.7
      vertex 73.8147 5.52528 17.7
    endloop
  endfacet
  facet normal 0 0 1
    outer loop
      vertex 74.175 4.46388 17.7
      vertex 73.4 3.12154 17.7
      vertex 73.6816 2.98269 17.7
    endloop
  endfacet
  facet normal -0 0 1
    outer loop
      vertex 72.3827 6.11844 17.7
      vertex 73.8147 5.52528 17.7
      vertex 72.5215 6.4 17.7
    endloop
  endfacet
  facet normal 0 0 1
    outer loop
      vertex 74.0826 4.52565 17.7
      vertex 73.139 3.29595 17.7
      vertex 73.4 3.12154 17.7
    endloop
  endfacet
  facet normal 0 0 1
    outer loop
      vertex 73.8147 5.52528 17.7
      vertex 72.3827 6.11844 17.7
      vertex 73.779 5.42 17.7
    endloop
  endfacet
  facet normal 0 0 1
    outer loop
      vertex 73.999 4.59896 17.7
      vertex 72.9029 3.50294 17.7
      vertex 73.139 3.29595 17.7
    endloop
  endfacet
  facet normal -0 0 1
    outer loop
      vertex 72.2818 5.82117 17.7
      vertex 73.779 5.42 17.7
      vertex 72.3827 6.11844 17.7
    endloop
  endfacet
  facet normal 0 0 1
    outer loop
      vertex 73.9257 4.68255 17.7
      vertex 72.696 3.73897 17.7
      vertex 72.9029 3.50294 17.7
    endloop
  endfacet
  facet normal 0 0 1
    outer loop
      vertex 73.779 5.42 17.7
      vertex 72.2818 5.82117 17.7
      vertex 73.7573 5.31095 17.7
    endloop
  endfacet
  facet normal 0 0 1
    outer loop
      vertex 73.8639 4.775 17.7
      vertex 72.5215 4 17.7
      vertex 72.696 3.73897 17.7
    endloop
  endfacet
  facet normal -0 0 1
    outer loop
      vertex 72.2205 5.51326 17.7
      vertex 73.7573 5.31095 17.7
      vertex 72.2818 5.82117 17.7
    endloop
  endfacet
  facet normal 0 0 1
    outer loop
      vertex 73.8147 4.87472 17.7
      vertex 72.3827 4.28156 17.7
      vertex 72.5215 4 17.7
    endloop
  endfacet
  facet normal 0 0 1
    outer loop
      vertex 73.7573 5.31095 17.7
      vertex 72.2205 5.51326 17.7
      vertex 73.75 5.2 17.7
    endloop
  endfacet
  facet normal 0 0 1
    outer loop
      vertex 73.779 4.98 17.7
      vertex 72.2818 4.57883 17.7
      vertex 72.3827 4.28156 17.7
    endloop
  endfacet
  facet normal 0 0 1
    outer loop
      vertex 72.2 5.2 17.7
      vertex 73.75 5.2 17.7
      vertex 72.2205 5.51326 17.7
    endloop
  endfacet
  facet normal 0 0 1
    outer loop
      vertex 73.7573 5.08905 17.7
      vertex 72.2205 4.88674 17.7
      vertex 72.2818 4.57883 17.7
    endloop
  endfacet
  facet normal 0 0 1
    outer loop
      vertex 73.75 5.2 17.7
      vertex 72.2 5.2 17.7
      vertex 72.2205 4.88674 17.7
    endloop
  endfacet
  facet normal -0.065388 0.99786 0
    outer loop
      vertex 74.6 7.6 1.6
      vertex 74.2867 7.57947 7.6
      vertex 74.6 7.6 7.6
    endloop
  endfacet
  facet normal -0.065388 0.99786 0
    outer loop
      vertex 74.2867 7.57947 7.6
      vertex 74.6 7.6 1.6
      vertex 74.2867 7.57947 1.6
    endloop
  endfacet
  facet normal -0.065388 0.99786 0
    outer loop
      vertex 74.6 7.6 9.1
      vertex 74.2867 7.57947 17.7
      vertex 74.6 7.6 17.7
    endloop
  endfacet
  facet normal -0.065388 0.99786 0
    outer loop
      vertex 74.2867 7.57947 17.7
      vertex 74.6 7.6 9.1
      vertex 74.2867 7.57947 9.1
    endloop
  endfacet
  facet normal 0.997866 -0.0653012 0
    outer loop
      vertex 76.9795 4.88674 7.6
      vertex 77 5.2 1.6
      vertex 77 5.2 7.6
    endloop
  endfacet
  facet normal 0.997866 -0.0653012 0
    outer loop
      vertex 77 5.2 1.6
      vertex 76.9795 4.88674 7.6
      vertex 76.9795 4.88674 1.6
    endloop
  endfacet
  facet normal 0.997866 -0.0653012 0
    outer loop
      vertex 76.9795 4.88674 17.7
      vertex 77 5.2 9.1
      vertex 77 5.2 17.7
    endloop
  endfacet
  facet normal 0.997866 -0.0653012 0
    outer loop
      vertex 77 5.2 9.1
      vertex 76.9795 4.88674 17.7
      vertex 76.9795 4.88674 9.1
    endloop
  endfacet
  facet normal 0.065388 -0.99786 0
    outer loop
      vertex 74.6 2.8 1.6
      vertex 74.9133 2.82053 7.6
      vertex 74.6 2.8 7.6
    endloop
  endfacet
  facet normal 0.065388 -0.99786 0
    outer loop
      vertex 74.9133 2.82053 7.6
      vertex 74.6 2.8 1.6
      vertex 74.9133 2.82053 1.6
    endloop
  endfacet
  facet normal 0.065388 -0.99786 0
    outer loop
      vertex 74.6 2.8 9.1
      vertex 74.9133 2.82053 17.7
      vertex 74.6 2.8 17.7
    endloop
  endfacet
  facet normal 0.065388 -0.99786 0
    outer loop
      vertex 74.9133 2.82053 17.7
      vertex 74.6 2.8 9.1
      vertex 74.9133 2.82053 9.1
    endloop
  endfacet
  facet normal 0.65923 -0.751941 0
    outer loop
      vertex 76.061 3.29595 1.6
      vertex 76.2971 3.50294 7.6
      vertex 76.061 3.29595 7.6
    endloop
  endfacet
  facet normal 0.65923 -0.751941 0
    outer loop
      vertex 76.2971 3.50294 7.6
      vertex 76.061 3.29595 1.6
      vertex 76.2971 3.50294 1.6
    endloop
  endfacet
  facet normal 0.65923 -0.751941 0
    outer loop
      vertex 76.061 3.29595 9.1
      vertex 76.2971 3.50294 17.7
      vertex 76.061 3.29595 17.7
    endloop
  endfacet
  facet normal 0.65923 -0.751941 0
    outer loop
      vertex 76.2971 3.50294 17.7
      vertex 76.061 3.29595 9.1
      vertex 76.2971 3.50294 9.1
    endloop
  endfacet
  facet normal 0.831491 -0.555538 0
    outer loop
      vertex 76.5041 3.73897 7.6
      vertex 76.6785 4 1.6
      vertex 76.6785 4 7.6
    endloop
  endfacet
  facet normal 0.831491 -0.555538 0
    outer loop
      vertex 76.6785 4 1.6
      vertex 76.5041 3.73897 7.6
      vertex 76.5041 3.73897 1.6
    endloop
  endfacet
  facet normal 0.831491 -0.555538 0
    outer loop
      vertex 76.5041 3.73897 17.7
      vertex 76.6785 4 9.1
      vertex 76.6785 4 17.7
    endloop
  endfacet
  facet normal 0.831491 -0.555538 0
    outer loop
      vertex 76.6785 4 9.1
      vertex 76.5041 3.73897 17.7
      vertex 76.5041 3.73897 9.1
    endloop
  endfacet
  facet normal 0.980753 -0.195252 0
    outer loop
      vertex 76.9182 4.57883 7.6
      vertex 76.9795 4.88674 1.6
      vertex 76.9795 4.88674 7.6
    endloop
  endfacet
  facet normal 0.980753 -0.195252 0
    outer loop
      vertex 76.9795 4.88674 1.6
      vertex 76.9182 4.57883 7.6
      vertex 76.9182 4.57883 1.6
    endloop
  endfacet
  facet normal 0.980753 -0.195252 0
    outer loop
      vertex 76.9182 4.57883 17.7
      vertex 76.9795 4.88674 9.1
      vertex 76.9795 4.88674 17.7
    endloop
  endfacet
  facet normal 0.980753 -0.195252 0
    outer loop
      vertex 76.9795 4.88674 9.1
      vertex 76.9182 4.57883 17.7
      vertex 76.9182 4.57883 9.1
    endloop
  endfacet
  facet normal -0.555604 -0.831447 0
    outer loop
      vertex 73.139 3.29595 1.6
      vertex 73.4 3.12154 7.6
      vertex 73.139 3.29595 7.6
    endloop
  endfacet
  facet normal -0.555604 -0.831447 -0
    outer loop
      vertex 73.4 3.12154 7.6
      vertex 73.139 3.29595 1.6
      vertex 73.4 3.12154 1.6
    endloop
  endfacet
  facet normal -0.555604 -0.831447 0
    outer loop
      vertex 73.139 3.29595 9.1
      vertex 73.4 3.12154 17.7
      vertex 73.139 3.29595 17.7
    endloop
  endfacet
  facet normal -0.555604 -0.831447 -0
    outer loop
      vertex 73.4 3.12154 17.7
      vertex 73.139 3.29595 9.1
      vertex 73.4 3.12154 9.1
    endloop
  endfacet
  facet normal -0.442238 -0.896898 0
    outer loop
      vertex 73.4 3.12154 9.1
      vertex 73.6816 2.98269 17.7
      vertex 73.4 3.12154 17.7
    endloop
  endfacet
  facet normal -0.442238 -0.896898 -0
    outer loop
      vertex 73.6816 2.98269 17.7
      vertex 73.4 3.12154 9.1
      vertex 73.6816 2.98269 9.1
    endloop
  endfacet
  facet normal -0.442238 -0.896898 0
    outer loop
      vertex 73.4 3.12154 1.6
      vertex 73.6816 2.98269 7.6
      vertex 73.4 3.12154 7.6
    endloop
  endfacet
  facet normal -0.442238 -0.896898 -0
    outer loop
      vertex 73.6816 2.98269 7.6
      vertex 73.4 3.12154 1.6
      vertex 73.6816 2.98269 1.6
    endloop
  endfacet
  facet normal -0.195105 -0.980782 0
    outer loop
      vertex 73.9788 2.88178 1.6
      vertex 74.2867 2.82053 7.6
      vertex 73.9788 2.88178 7.6
    endloop
  endfacet
  facet normal -0.195105 -0.980782 -0
    outer loop
      vertex 74.2867 2.82053 7.6
      vertex 73.9788 2.88178 1.6
      vertex 74.2867 2.82053 1.6
    endloop
  endfacet
  facet normal -0.195105 -0.980782 0
    outer loop
      vertex 73.9788 2.88178 9.1
      vertex 74.2867 2.82053 17.7
      vertex 73.9788 2.88178 17.7
    endloop
  endfacet
  facet normal -0.195105 -0.980782 -0
    outer loop
      vertex 74.2867 2.82053 17.7
      vertex 73.9788 2.88178 9.1
      vertex 74.2867 2.82053 9.1
    endloop
  endfacet
  facet normal -0.896936 -0.44216 0
    outer loop
      vertex 72.5215 4 9.1
      vertex 72.3827 4.28156 17.7
      vertex 72.3827 4.28156 9.1
    endloop
  endfacet
  facet normal -0.896936 -0.44216 0
    outer loop
      vertex 72.3827 4.28156 17.7
      vertex 72.5215 4 9.1
      vertex 72.5215 4 17.7
    endloop
  endfacet
  facet normal -0.896936 -0.44216 0
    outer loop
      vertex 72.5215 4 1.6
      vertex 72.3827 4.28156 7.6
      vertex 72.3827 4.28156 1.6
    endloop
  endfacet
  facet normal -0.896936 -0.44216 0
    outer loop
      vertex 72.3827 4.28156 7.6
      vertex 72.5215 4 1.6
      vertex 72.5215 4 7.6
    endloop
  endfacet
  facet normal -0.946939 -0.321412 0
    outer loop
      vertex 72.3827 4.28156 1.6
      vertex 72.2818 4.57883 7.6
      vertex 72.2818 4.57883 1.6
    endloop
  endfacet
  facet normal -0.946939 -0.321412 0
    outer loop
      vertex 72.2818 4.57883 7.6
      vertex 72.3827 4.28156 1.6
      vertex 72.3827 4.28156 7.6
    endloop
  endfacet
  facet normal -0.946939 -0.321412 0
    outer loop
      vertex 72.3827 4.28156 9.1
      vertex 72.2818 4.57883 17.7
      vertex 72.2818 4.57883 9.1
    endloop
  endfacet
  facet normal -0.946939 -0.321412 0
    outer loop
      vertex 72.2818 4.57883 17.7
      vertex 72.3827 4.28156 9.1
      vertex 72.3827 4.28156 17.7
    endloop
  endfacet
  facet normal -0.997866 -0.0653012 0
    outer loop
      vertex 72.2205 4.88674 1.6
      vertex 72.2 5.2 7.6
      vertex 72.2 5.2 1.6
    endloop
  endfacet
  facet normal -0.997866 -0.0653012 0
    outer loop
      vertex 72.2 5.2 7.6
      vertex 72.2205 4.88674 1.6
      vertex 72.2205 4.88674 7.6
    endloop
  endfacet
  facet normal -0.997866 -0.0653012 0
    outer loop
      vertex 72.2205 4.88674 9.1
      vertex 72.2 5.2 17.7
      vertex 72.2 5.2 9.1
    endloop
  endfacet
  facet normal -0.997866 -0.0653012 0
    outer loop
      vertex 72.2 5.2 17.7
      vertex 72.2205 4.88674 9.1
      vertex 72.2205 4.88674 17.7
    endloop
  endfacet
  facet normal 0.751828 0.659359 0
    outer loop
      vertex 76.5041 6.66103 7.6
      vertex 76.2971 6.89706 1.6
      vertex 76.2971 6.89706 7.6
    endloop
  endfacet
  facet normal 0.751828 0.659359 0
    outer loop
      vertex 76.2971 6.89706 1.6
      vertex 76.5041 6.66103 7.6
      vertex 76.5041 6.66103 1.6
    endloop
  endfacet
  facet normal 0.751828 0.659359 0
    outer loop
      vertex 76.5041 6.66103 17.7
      vertex 76.2971 6.89706 9.1
      vertex 76.2971 6.89706 17.7
    endloop
  endfacet
  facet normal 0.751828 0.659359 0
    outer loop
      vertex 76.2971 6.89706 9.1
      vertex 76.5041 6.66103 17.7
      vertex 76.5041 6.66103 9.1
    endloop
  endfacet
  facet normal 0.442238 0.896898 -0
    outer loop
      vertex 75.8 7.27846 1.6
      vertex 75.5184 7.41731 7.6
      vertex 75.8 7.27846 7.6
    endloop
  endfacet
  facet normal 0.442238 0.896898 0
    outer loop
      vertex 75.5184 7.41731 7.6
      vertex 75.8 7.27846 1.6
      vertex 75.5184 7.41731 1.6
    endloop
  endfacet
  facet normal 0.442238 0.896898 -0
    outer loop
      vertex 75.8 7.27846 9.1
      vertex 75.5184 7.41731 17.7
      vertex 75.8 7.27846 17.7
    endloop
  endfacet
  facet normal 0.442238 0.896898 0
    outer loop
      vertex 75.5184 7.41731 17.7
      vertex 75.8 7.27846 9.1
      vertex 75.5184 7.41731 9.1
    endloop
  endfacet
  facet normal -0.442238 0.896898 0
    outer loop
      vertex 73.6816 7.41731 1.6
      vertex 73.4 7.27846 7.6
      vertex 73.6816 7.41731 7.6
    endloop
  endfacet
  facet normal -0.442238 0.896898 0
    outer loop
      vertex 73.4 7.27846 7.6
      vertex 73.6816 7.41731 1.6
      vertex 73.4 7.27846 1.6
    endloop
  endfacet
  facet normal -0.442238 0.896898 0
    outer loop
      vertex 73.6816 7.41731 9.1
      vertex 73.4 7.27846 17.7
      vertex 73.6816 7.41731 17.7
    endloop
  endfacet
  facet normal -0.442238 0.896898 0
    outer loop
      vertex 73.4 7.27846 17.7
      vertex 73.6816 7.41731 9.1
      vertex 73.4 7.27846 9.1
    endloop
  endfacet
  facet normal 0.195105 -0.980782 0
    outer loop
      vertex 74.9133 2.82053 1.6
      vertex 75.2212 2.88178 7.6
      vertex 74.9133 2.82053 7.6
    endloop
  endfacet
  facet normal 0.195105 -0.980782 0
    outer loop
      vertex 75.2212 2.88178 7.6
      vertex 74.9133 2.82053 1.6
      vertex 75.2212 2.88178 1.6
    endloop
  endfacet
  facet normal 0.195105 -0.980782 0
    outer loop
      vertex 74.9133 2.82053 9.1
      vertex 75.2212 2.88178 17.7
      vertex 74.9133 2.82053 17.7
    endloop
  endfacet
  facet normal 0.195105 -0.980782 0
    outer loop
      vertex 75.2212 2.88178 17.7
      vertex 74.9133 2.82053 9.1
      vertex 75.2212 2.88178 9.1
    endloop
  endfacet
  facet normal 0.442238 -0.896898 0
    outer loop
      vertex 75.5184 2.98269 1.6
      vertex 75.8 3.12154 7.6
      vertex 75.5184 2.98269 7.6
    endloop
  endfacet
  facet normal 0.442238 -0.896898 0
    outer loop
      vertex 75.8 3.12154 7.6
      vertex 75.5184 2.98269 1.6
      vertex 75.8 3.12154 1.6
    endloop
  endfacet
  facet normal 0.442238 -0.896898 0
    outer loop
      vertex 75.5184 2.98269 9.1
      vertex 75.8 3.12154 17.7
      vertex 75.5184 2.98269 17.7
    endloop
  endfacet
  facet normal 0.442238 -0.896898 0
    outer loop
      vertex 75.8 3.12154 17.7
      vertex 75.5184 2.98269 9.1
      vertex 75.8 3.12154 9.1
    endloop
  endfacet
  facet normal 0.896936 -0.44216 0
    outer loop
      vertex 76.6785 4 7.6
      vertex 76.8173 4.28156 1.6
      vertex 76.8173 4.28156 7.6
    endloop
  endfacet
  facet normal 0.896936 -0.44216 0
    outer loop
      vertex 76.8173 4.28156 1.6
      vertex 76.6785 4 7.6
      vertex 76.6785 4 1.6
    endloop
  endfacet
  facet normal 0.896936 -0.44216 0
    outer loop
      vertex 76.6785 4 17.7
      vertex 76.8173 4.28156 9.1
      vertex 76.8173 4.28156 17.7
    endloop
  endfacet
  facet normal 0.896936 -0.44216 0
    outer loop
      vertex 76.8173 4.28156 9.1
      vertex 76.6785 4 17.7
      vertex 76.6785 4 9.1
    endloop
  endfacet
  facet normal -0.831344 -0.555758 0
    outer loop
      vertex 72.696 3.73897 1.6
      vertex 72.5215 4 7.6
      vertex 72.5215 4 1.6
    endloop
  endfacet
  facet normal -0.831344 -0.555758 0
    outer loop
      vertex 72.5215 4 7.6
      vertex 72.696 3.73897 1.6
      vertex 72.696 3.73897 7.6
    endloop
  endfacet
  facet normal -0.831344 -0.555758 0
    outer loop
      vertex 72.696 3.73897 9.1
      vertex 72.5215 4 17.7
      vertex 72.5215 4 9.1
    endloop
  endfacet
  facet normal -0.831344 -0.555758 0
    outer loop
      vertex 72.5215 4 17.7
      vertex 72.696 3.73897 9.1
      vertex 72.696 3.73897 17.7
    endloop
  endfacet
  facet normal -0.980753 -0.195252 0
    outer loop
      vertex 72.2818 4.57883 1.6
      vertex 72.2205 4.88674 7.6
      vertex 72.2205 4.88674 1.6
    endloop
  endfacet
  facet normal -0.980753 -0.195252 0
    outer loop
      vertex 72.2205 4.88674 7.6
      vertex 72.2818 4.57883 1.6
      vertex 72.2818 4.57883 7.6
    endloop
  endfacet
  facet normal -0.980753 -0.195252 0
    outer loop
      vertex 72.2818 4.57883 9.1
      vertex 72.2205 4.88674 17.7
      vertex 72.2205 4.88674 9.1
    endloop
  endfacet
  facet normal -0.980753 -0.195252 0
    outer loop
      vertex 72.2205 4.88674 17.7
      vertex 72.2818 4.57883 9.1
      vertex 72.2818 4.57883 17.7
    endloop
  endfacet
  facet normal -0.997842 -0.0656534 0
    outer loop
      vertex 75.45 5.2 10.7
      vertex 75.4427 5.31095 17.7
      vertex 75.4427 5.31095 10.7
    endloop
  endfacet
  facet normal -0.997842 -0.0656534 0
    outer loop
      vertex 75.4427 5.31095 17.7
      vertex 75.45 5.2 10.7
      vertex 75.45 5.2 17.7
    endloop
  endfacet
  facet normal 0.997842 -0.0656534 0
    outer loop
      vertex 73.75 5.2 17.7
      vertex 73.7573 5.31095 10.7
      vertex 73.7573 5.31095 17.7
    endloop
  endfacet
  facet normal 0.997842 -0.0656534 0
    outer loop
      vertex 73.7573 5.31095 10.7
      vertex 73.75 5.2 17.7
      vertex 73.75 5.2 10.7
    endloop
  endfacet
  facet normal 0.0654141 -0.997858 0
    outer loop
      vertex 74.4891 6.04273 10.7
      vertex 74.6 6.05 17.7
      vertex 74.4891 6.04273 17.7
    endloop
  endfacet
  facet normal 0.0654141 -0.997858 0
    outer loop
      vertex 74.6 6.05 17.7
      vertex 74.4891 6.04273 10.7
      vertex 74.6 6.05 10.7
    endloop
  endfacet
  facet normal -0.0654141 0.997858 0
    outer loop
      vertex 74.7109 4.35727 10.7
      vertex 74.6 4.35 17.7
      vertex 74.7109 4.35727 17.7
    endloop
  endfacet
  facet normal -0.0654141 0.997858 0
    outer loop
      vertex 74.6 4.35 17.7
      vertex 74.7109 4.35727 10.7
      vertex 74.6 4.35 10.7
    endloop
  endfacet
  facet normal -0.751423 0.659821 0
    outer loop
      vertex 75.201 4.59896 10.7
      vertex 75.2744 4.68255 17.7
      vertex 75.2744 4.68255 10.7
    endloop
  endfacet
  facet normal -0.751423 0.659821 0
    outer loop
      vertex 75.2744 4.68255 17.7
      vertex 75.201 4.59896 10.7
      vertex 75.201 4.59896 17.7
    endloop
  endfacet
  facet normal -0.659319 -0.751863 0
    outer loop
      vertex 75.1174 5.87435 10.7
      vertex 75.201 5.80104 17.7
      vertex 75.1174 5.87435 17.7
    endloop
  endfacet
  facet normal -0.659319 -0.751863 -0
    outer loop
      vertex 75.201 5.80104 17.7
      vertex 75.1174 5.87435 10.7
      vertex 75.201 5.80104 10.7
    endloop
  endfacet
  facet normal 0.751869 -0.659313 0
    outer loop
      vertex 73.9257 5.71745 17.7
      vertex 73.999 5.80104 10.7
      vertex 73.999 5.80104 17.7
    endloop
  endfacet
  facet normal 0.751869 -0.659313 0
    outer loop
      vertex 73.999 5.80104 10.7
      vertex 73.9257 5.71745 17.7
      vertex 73.9257 5.71745 10.7
    endloop
  endfacet
  facet normal 0.442386 -0.896825 0
    outer loop
      vertex 74.175 5.93612 10.7
      vertex 74.2747 5.9853 17.7
      vertex 74.175 5.93612 17.7
    endloop
  endfacet
  facet normal 0.442386 -0.896825 0
    outer loop
      vertex 74.2747 5.9853 17.7
      vertex 74.175 5.93612 10.7
      vertex 74.2747 5.9853 10.7
    endloop
  endfacet
  facet normal -0.896789 -0.442459 0
    outer loop
      vertex 75.3853 5.52528 10.7
      vertex 75.3361 5.625 17.7
      vertex 75.3361 5.625 10.7
    endloop
  endfacet
  facet normal -0.896789 -0.442459 0
    outer loop
      vertex 75.3361 5.625 17.7
      vertex 75.3853 5.52528 10.7
      vertex 75.3853 5.52528 17.7
    endloop
  endfacet
  facet normal -0.831773 -0.555115 0
    outer loop
      vertex 75.3361 5.625 10.7
      vertex 75.2744 5.71745 17.7
      vertex 75.2744 5.71745 10.7
    endloop
  endfacet
  facet normal -0.831773 -0.555115 0
    outer loop
      vertex 75.2744 5.71745 17.7
      vertex 75.3361 5.625 10.7
      vertex 75.3361 5.625 17.7
    endloop
  endfacet
  facet normal -0.321403 -0.946943 0
    outer loop
      vertex 74.82 6.02104 10.7
      vertex 74.9253 5.9853 17.7
      vertex 74.82 6.02104 17.7
    endloop
  endfacet
  facet normal -0.321403 -0.946943 -0
    outer loop
      vertex 74.9253 5.9853 17.7
      vertex 74.82 6.02104 10.7
      vertex 74.9253 5.9853 10.7
    endloop
  endfacet
  facet normal -0.194992 -0.980805 0
    outer loop
      vertex 74.7109 6.04273 10.7
      vertex 74.82 6.02104 17.7
      vertex 74.7109 6.04273 17.7
    endloop
  endfacet
  facet normal -0.194992 -0.980805 -0
    outer loop
      vertex 74.82 6.02104 17.7
      vertex 74.7109 6.04273 10.7
      vertex 74.82 6.02104 10.7
    endloop
  endfacet
  facet normal -0.442386 -0.896825 0
    outer loop
      vertex 74.9253 5.9853 10.7
      vertex 75.025 5.93612 17.7
      vertex 74.9253 5.9853 17.7
    endloop
  endfacet
  facet normal -0.442386 -0.896825 -0
    outer loop
      vertex 75.025 5.93612 17.7
      vertex 74.9253 5.9853 10.7
      vertex 75.025 5.93612 10.7
    endloop
  endfacet
  facet normal 0.896789 -0.442459 0
    outer loop
      vertex 73.8147 5.52528 17.7
      vertex 73.8639 5.625 10.7
      vertex 73.8639 5.625 17.7
    endloop
  endfacet
  facet normal 0.896789 -0.442459 0
    outer loop
      vertex 73.8639 5.625 10.7
      vertex 73.8147 5.52528 17.7
      vertex 73.8147 5.52528 10.7
    endloop
  endfacet
  facet normal 0.831358 -0.555737 0
    outer loop
      vertex 73.8639 5.625 17.7
      vertex 73.9257 5.71745 10.7
      vertex 73.9257 5.71745 17.7
    endloop
  endfacet
  facet normal 0.831358 -0.555737 0
    outer loop
      vertex 73.9257 5.71745 10.7
      vertex 73.8639 5.625 17.7
      vertex 73.8639 5.625 10.7
    endloop
  endfacet
  facet normal 0.555759 -0.831344 0
    outer loop
      vertex 74.0826 5.87435 10.7
      vertex 74.175 5.93612 17.7
      vertex 74.0826 5.87435 17.7
    endloop
  endfacet
  facet normal 0.555759 -0.831344 0
    outer loop
      vertex 74.175 5.93612 17.7
      vertex 74.0826 5.87435 10.7
      vertex 74.175 5.93612 10.7
    endloop
  endfacet
  facet normal 0.321403 -0.946943 0
    outer loop
      vertex 74.2747 5.9853 10.7
      vertex 74.38 6.02104 17.7
      vertex 74.2747 5.9853 17.7
    endloop
  endfacet
  facet normal 0.321403 -0.946943 0
    outer loop
      vertex 74.38 6.02104 17.7
      vertex 74.2747 5.9853 10.7
      vertex 74.38 6.02104 10.7
    endloop
  endfacet
  facet normal 0 0 1
    outer loop
      vertex 75.4427 5.31095 10.7
      vertex 75.4427 5.08905 10.7
      vertex 75.45 5.2 10.7
    endloop
  endfacet
  facet normal 0 0 1
    outer loop
      vertex 75.421 5.42 10.7
      vertex 75.4427 5.08905 10.7
      vertex 75.4427 5.31095 10.7
    endloop
  endfacet
  facet normal 0 0 1
    outer loop
      vertex 75.421 5.42 10.7
      vertex 75.421 4.98 10.7
      vertex 75.4427 5.08905 10.7
    endloop
  endfacet
  facet normal 0 0 1
    outer loop
      vertex 75.3853 5.52528 10.7
      vertex 75.421 4.98 10.7
      vertex 75.421 5.42 10.7
    endloop
  endfacet
  facet normal 0 0 1
    outer loop
      vertex 75.3853 5.52528 10.7
      vertex 75.3853 4.87472 10.7
      vertex 75.421 4.98 10.7
    endloop
  endfacet
  facet normal 0 0 1
    outer loop
      vertex 75.3361 5.625 10.7
      vertex 75.3853 4.87472 10.7
      vertex 75.3853 5.52528 10.7
    endloop
  endfacet
  facet normal 0 0 1
    outer loop
      vertex 75.3361 5.625 10.7
      vertex 75.3361 4.775 10.7
      vertex 75.3853 4.87472 10.7
    endloop
  endfacet
  facet normal 0 0 1
    outer loop
      vertex 75.2744 5.71745 10.7
      vertex 75.3361 4.775 10.7
      vertex 75.3361 5.625 10.7
    endloop
  endfacet
  facet normal 0 0 1
    outer loop
      vertex 75.2744 5.71745 10.7
      vertex 75.2744 4.68255 10.7
      vertex 75.3361 4.775 10.7
    endloop
  endfacet
  facet normal 0 0 1
    outer loop
      vertex 75.201 5.80104 10.7
      vertex 75.2744 4.68255 10.7
      vertex 75.2744 5.71745 10.7
    endloop
  endfacet
  facet normal 0 0 1
    outer loop
      vertex 75.201 5.80104 10.7
      vertex 75.201 4.59896 10.7
      vertex 75.2744 4.68255 10.7
    endloop
  endfacet
  facet normal 0 0 1
    outer loop
      vertex 75.1174 5.87435 10.7
      vertex 75.201 4.59896 10.7
      vertex 75.201 5.80104 10.7
    endloop
  endfacet
  facet normal 0 0 1
    outer loop
      vertex 75.1174 5.87435 10.7
      vertex 75.1174 4.52565 10.7
      vertex 75.201 4.59896 10.7
    endloop
  endfacet
  facet normal 0 0 1
    outer loop
      vertex 75.025 5.93612 10.7
      vertex 75.1174 4.52565 10.7
      vertex 75.1174 5.87435 10.7
    endloop
  endfacet
  facet normal 0 0 1
    outer loop
      vertex 75.025 5.93612 10.7
      vertex 75.025 4.46388 10.7
      vertex 75.1174 4.52565 10.7
    endloop
  endfacet
  facet normal 0 0 1
    outer loop
      vertex 74.9253 5.9853 10.7
      vertex 75.025 4.46388 10.7
      vertex 75.025 5.93612 10.7
    endloop
  endfacet
  facet normal 0 0 1
    outer loop
      vertex 74.9253 5.9853 10.7
      vertex 74.9253 4.4147 10.7
      vertex 75.025 4.46388 10.7
    endloop
  endfacet
  facet normal 0 0 1
    outer loop
      vertex 74.82 6.02104 10.7
      vertex 74.9253 4.4147 10.7
      vertex 74.9253 5.9853 10.7
    endloop
  endfacet
  facet normal 0 0 1
    outer loop
      vertex 74.82 6.02104 10.7
      vertex 74.82 4.37896 10.7
      vertex 74.9253 4.4147 10.7
    endloop
  endfacet
  facet normal 0 0 1
    outer loop
      vertex 74.7109 6.04273 10.7
      vertex 74.82 4.37896 10.7
      vertex 74.82 6.02104 10.7
    endloop
  endfacet
  facet normal 0 0 1
    outer loop
      vertex 74.7109 6.04273 10.7
      vertex 74.7109 4.35727 10.7
      vertex 74.82 4.37896 10.7
    endloop
  endfacet
  facet normal 0 0 1
    outer loop
      vertex 74.6 6.05 10.7
      vertex 74.7109 4.35727 10.7
      vertex 74.7109 6.04273 10.7
    endloop
  endfacet
  facet normal 0 0 1
    outer loop
      vertex 74.6 6.05 10.7
      vertex 74.6 4.35 10.7
      vertex 74.7109 4.35727 10.7
    endloop
  endfacet
  facet normal -0 0 1
    outer loop
      vertex 74.4891 6.04273 10.7
      vertex 74.6 4.35 10.7
      vertex 74.6 6.05 10.7
    endloop
  endfacet
  facet normal 0 0 1
    outer loop
      vertex 74.4891 6.04273 10.7
      vertex 74.4891 4.35727 10.7
      vertex 74.6 4.35 10.7
    endloop
  endfacet
  facet normal -0 0 1
    outer loop
      vertex 74.38 6.02104 10.7
      vertex 74.4891 4.35727 10.7
      vertex 74.4891 6.04273 10.7
    endloop
  endfacet
  facet normal 0 0 1
    outer loop
      vertex 74.38 6.02104 10.7
      vertex 74.38 4.37896 10.7
      vertex 74.4891 4.35727 10.7
    endloop
  endfacet
  facet normal -0 0 1
    outer loop
      vertex 74.2747 5.9853 10.7
      vertex 74.38 4.37896 10.7
      vertex 74.38 6.02104 10.7
    endloop
  endfacet
  facet normal 0 0 1
    outer loop
      vertex 74.2747 5.9853 10.7
      vertex 74.2747 4.4147 10.7
      vertex 74.38 4.37896 10.7
    endloop
  endfacet
  facet normal -0 0 1
    outer loop
      vertex 74.175 5.93612 10.7
      vertex 74.2747 4.4147 10.7
      vertex 74.2747 5.9853 10.7
    endloop
  endfacet
  facet normal 0 0 1
    outer loop
      vertex 74.175 5.93612 10.7
      vertex 74.175 4.46388 10.7
      vertex 74.2747 4.4147 10.7
    endloop
  endfacet
  facet normal -0 0 1
    outer loop
      vertex 74.0826 5.87435 10.7
      vertex 74.175 4.46388 10.7
      vertex 74.175 5.93612 10.7
    endloop
  endfacet
  facet normal 0 0 1
    outer loop
      vertex 74.0826 5.87435 10.7
      vertex 74.0826 4.52565 10.7
      vertex 74.175 4.46388 10.7
    endloop
  endfacet
  facet normal -0 0 1
    outer loop
      vertex 73.999 5.80104 10.7
      vertex 74.0826 4.52565 10.7
      vertex 74.0826 5.87435 10.7
    endloop
  endfacet
  facet normal 0 0 1
    outer loop
      vertex 73.999 5.80104 10.7
      vertex 73.999 4.59896 10.7
      vertex 74.0826 4.52565 10.7
    endloop
  endfacet
  facet normal -0 0 1
    outer loop
      vertex 73.9257 5.71745 10.7
      vertex 73.999 4.59896 10.7
      vertex 73.999 5.80104 10.7
    endloop
  endfacet
  facet normal 0 0 1
    outer loop
      vertex 73.9257 5.71745 10.7
      vertex 73.9257 4.68255 10.7
      vertex 73.999 4.59896 10.7
    endloop
  endfacet
  facet normal -0 0 1
    outer loop
      vertex 73.8639 5.625 10.7
      vertex 73.9257 4.68255 10.7
      vertex 73.9257 5.71745 10.7
    endloop
  endfacet
  facet normal 0 0 1
    outer loop
      vertex 73.8639 5.625 10.7
      vertex 73.8639 4.775 10.7
      vertex 73.9257 4.68255 10.7
    endloop
  endfacet
  facet normal -0 0 1
    outer loop
      vertex 73.8147 5.52528 10.7
      vertex 73.8639 4.775 10.7
      vertex 73.8639 5.625 10.7
    endloop
  endfacet
  facet normal 0 0 1
    outer loop
      vertex 73.8147 5.52528 10.7
      vertex 73.8147 4.87472 10.7
      vertex 73.8639 4.775 10.7
    endloop
  endfacet
  facet normal -0 0 1
    outer loop
      vertex 73.779 5.42 10.7
      vertex 73.8147 4.87472 10.7
      vertex 73.8147 5.52528 10.7
    endloop
  endfacet
  facet normal 0 0 1
    outer loop
      vertex 73.779 5.42 10.7
      vertex 73.779 4.98 10.7
      vertex 73.8147 4.87472 10.7
    endloop
  endfacet
  facet normal -0 0 1
    outer loop
      vertex 73.7573 5.31095 10.7
      vertex 73.779 4.98 10.7
      vertex 73.779 5.42 10.7
    endloop
  endfacet
  facet normal 0 0 1
    outer loop
      vertex 73.7573 5.31095 10.7
      vertex 73.7573 5.08905 10.7
      vertex 73.779 4.98 10.7
    endloop
  endfacet
  facet normal 0 -0 1
    outer loop
      vertex 73.7573 5.08905 10.7
      vertex 73.7573 5.31095 10.7
      vertex 73.75 5.2 10.7
    endloop
  endfacet
  facet normal -0.194992 0.980805 0
    outer loop
      vertex 74.82 4.37896 10.7
      vertex 74.7109 4.35727 17.7
      vertex 74.82 4.37896 17.7
    endloop
  endfacet
  facet normal -0.194992 0.980805 0
    outer loop
      vertex 74.7109 4.35727 17.7
      vertex 74.82 4.37896 10.7
      vertex 74.7109 4.35727 10.7
    endloop
  endfacet
  facet normal -0.442386 0.896825 0
    outer loop
      vertex 75.025 4.46388 10.7
      vertex 74.9253 4.4147 17.7
      vertex 75.025 4.46388 17.7
    endloop
  endfacet
  facet normal -0.442386 0.896825 0
    outer loop
      vertex 74.9253 4.4147 17.7
      vertex 75.025 4.46388 10.7
      vertex 74.9253 4.4147 10.7
    endloop
  endfacet
  facet normal -0.947033 -0.321135 0
    outer loop
      vertex 75.421 5.42 10.7
      vertex 75.3853 5.52528 17.7
      vertex 75.3853 5.52528 10.7
    endloop
  endfacet
  facet normal -0.947033 -0.321135 0
    outer loop
      vertex 75.3853 5.52528 17.7
      vertex 75.421 5.42 10.7
      vertex 75.421 5.42 17.7
    endloop
  endfacet
  facet normal -0.98077 -0.195165 0
    outer loop
      vertex 75.4427 5.31095 10.7
      vertex 75.421 5.42 17.7
      vertex 75.421 5.42 10.7
    endloop
  endfacet
  facet normal -0.98077 -0.195165 0
    outer loop
      vertex 75.421 5.42 17.7
      vertex 75.4427 5.31095 10.7
      vertex 75.4427 5.31095 17.7
    endloop
  endfacet
  facet normal -0.751423 -0.659821 0
    outer loop
      vertex 75.2744 5.71745 10.7
      vertex 75.201 5.80104 17.7
      vertex 75.201 5.80104 10.7
    endloop
  endfacet
  facet normal -0.751423 -0.659821 0
    outer loop
      vertex 75.201 5.80104 17.7
      vertex 75.2744 5.71745 10.7
      vertex 75.2744 5.71745 17.7
    endloop
  endfacet
  facet normal -0.0654141 -0.997858 0
    outer loop
      vertex 74.6 6.05 10.7
      vertex 74.7109 6.04273 17.7
      vertex 74.6 6.05 17.7
    endloop
  endfacet
  facet normal -0.0654141 -0.997858 -0
    outer loop
      vertex 74.7109 6.04273 17.7
      vertex 74.6 6.05 10.7
      vertex 74.7109 6.04273 10.7
    endloop
  endfacet
  facet normal -0.555759 -0.831344 0
    outer loop
      vertex 75.025 5.93612 10.7
      vertex 75.1174 5.87435 17.7
      vertex 75.025 5.93612 17.7
    endloop
  endfacet
  facet normal -0.555759 -0.831344 -0
    outer loop
      vertex 75.1174 5.87435 17.7
      vertex 75.025 5.93612 10.7
      vertex 75.1174 5.87435 10.7
    endloop
  endfacet
  facet normal 0.947033 -0.321135 0
    outer loop
      vertex 73.779 5.42 17.7
      vertex 73.8147 5.52528 10.7
      vertex 73.8147 5.52528 17.7
    endloop
  endfacet
  facet normal 0.947033 -0.321135 0
    outer loop
      vertex 73.8147 5.52528 10.7
      vertex 73.779 5.42 17.7
      vertex 73.779 5.42 10.7
    endloop
  endfacet
  facet normal 0.98077 -0.195165 0
    outer loop
      vertex 73.7573 5.31095 17.7
      vertex 73.779 5.42 10.7
      vertex 73.779 5.42 17.7
    endloop
  endfacet
  facet normal 0.98077 -0.195165 0
    outer loop
      vertex 73.779 5.42 10.7
      vertex 73.7573 5.31095 17.7
      vertex 73.7573 5.31095 10.7
    endloop
  endfacet
  facet normal 0.659319 -0.751863 0
    outer loop
      vertex 73.999 5.80104 10.7
      vertex 74.0826 5.87435 17.7
      vertex 73.999 5.80104 17.7
    endloop
  endfacet
  facet normal 0.659319 -0.751863 0
    outer loop
      vertex 74.0826 5.87435 17.7
      vertex 73.999 5.80104 10.7
      vertex 74.0826 5.87435 10.7
    endloop
  endfacet
  facet normal 0.194992 -0.980805 0
    outer loop
      vertex 74.38 6.02104 10.7
      vertex 74.4891 6.04273 17.7
      vertex 74.38 6.02104 17.7
    endloop
  endfacet
  facet normal 0.194992 -0.980805 0
    outer loop
      vertex 74.4891 6.04273 17.7
      vertex 74.38 6.02104 10.7
      vertex 74.4891 6.04273 10.7
    endloop
  endfacet
  facet normal -0.997842 0.0656534 0
    outer loop
      vertex 75.4427 5.08905 10.7
      vertex 75.45 5.2 17.7
      vertex 75.45 5.2 10.7
    endloop
  endfacet
  facet normal -0.997842 0.0656534 0
    outer loop
      vertex 75.45 5.2 17.7
      vertex 75.4427 5.08905 10.7
      vertex 75.4427 5.08905 17.7
    endloop
  endfacet
  facet normal -0.947033 0.321135 0
    outer loop
      vertex 75.3853 4.87472 10.7
      vertex 75.421 4.98 17.7
      vertex 75.421 4.98 10.7
    endloop
  endfacet
  facet normal -0.947033 0.321135 0
    outer loop
      vertex 75.421 4.98 17.7
      vertex 75.3853 4.87472 10.7
      vertex 75.3853 4.87472 17.7
    endloop
  endfacet
  facet normal -0.98077 0.195165 0
    outer loop
      vertex 75.421 4.98 10.7
      vertex 75.4427 5.08905 17.7
      vertex 75.4427 5.08905 10.7
    endloop
  endfacet
  facet normal -0.98077 0.195165 0
    outer loop
      vertex 75.4427 5.08905 17.7
      vertex 75.421 4.98 10.7
      vertex 75.421 4.98 17.7
    endloop
  endfacet
  facet normal 0.896789 0.442459 0
    outer loop
      vertex 73.8639 4.775 17.7
      vertex 73.8147 4.87472 10.7
      vertex 73.8147 4.87472 17.7
    endloop
  endfacet
  facet normal 0.896789 0.442459 0
    outer loop
      vertex 73.8147 4.87472 10.7
      vertex 73.8639 4.775 17.7
      vertex 73.8639 4.775 10.7
    endloop
  endfacet
  facet normal -0.555759 0.831344 0
    outer loop
      vertex 75.1174 4.52565 10.7
      vertex 75.025 4.46388 17.7
      vertex 75.1174 4.52565 17.7
    endloop
  endfacet
  facet normal -0.555759 0.831344 0
    outer loop
      vertex 75.025 4.46388 17.7
      vertex 75.1174 4.52565 10.7
      vertex 75.025 4.46388 10.7
    endloop
  endfacet
  facet normal 0.98077 0.195165 0
    outer loop
      vertex 73.779 4.98 17.7
      vertex 73.7573 5.08905 10.7
      vertex 73.7573 5.08905 17.7
    endloop
  endfacet
  facet normal 0.98077 0.195165 0
    outer loop
      vertex 73.7573 5.08905 10.7
      vertex 73.779 4.98 17.7
      vertex 73.779 4.98 10.7
    endloop
  endfacet
  facet normal 0.997842 0.0656534 0
    outer loop
      vertex 73.7573 5.08905 17.7
      vertex 73.75 5.2 10.7
      vertex 73.75 5.2 17.7
    endloop
  endfacet
  facet normal 0.997842 0.0656534 0
    outer loop
      vertex 73.75 5.2 10.7
      vertex 73.7573 5.08905 17.7
      vertex 73.7573 5.08905 10.7
    endloop
  endfacet
  facet normal 0.947033 0.321135 0
    outer loop
      vertex 73.8147 4.87472 17.7
      vertex 73.779 4.98 10.7
      vertex 73.779 4.98 17.7
    endloop
  endfacet
  facet normal 0.947033 0.321135 0
    outer loop
      vertex 73.779 4.98 10.7
      vertex 73.8147 4.87472 17.7
      vertex 73.8147 4.87472 10.7
    endloop
  endfacet
  facet normal -0.659319 0.751863 0
    outer loop
      vertex 75.201 4.59896 10.7
      vertex 75.1174 4.52565 17.7
      vertex 75.201 4.59896 17.7
    endloop
  endfacet
  facet normal -0.659319 0.751863 0
    outer loop
      vertex 75.1174 4.52565 17.7
      vertex 75.201 4.59896 10.7
      vertex 75.1174 4.52565 10.7
    endloop
  endfacet
  facet normal -0.321403 0.946943 0
    outer loop
      vertex 74.9253 4.4147 10.7
      vertex 74.82 4.37896 17.7
      vertex 74.9253 4.4147 17.7
    endloop
  endfacet
  facet normal -0.321403 0.946943 0
    outer loop
      vertex 74.82 4.37896 17.7
      vertex 74.9253 4.4147 10.7
      vertex 74.82 4.37896 10.7
    endloop
  endfacet
  facet normal -0.896789 0.442459 0
    outer loop
      vertex 75.3361 4.775 10.7
      vertex 75.3853 4.87472 17.7
      vertex 75.3853 4.87472 10.7
    endloop
  endfacet
  facet normal -0.896789 0.442459 0
    outer loop
      vertex 75.3853 4.87472 17.7
      vertex 75.3361 4.775 10.7
      vertex 75.3361 4.775 17.7
    endloop
  endfacet
  facet normal -0.831773 0.555115 0
    outer loop
      vertex 75.2744 4.68255 10.7
      vertex 75.3361 4.775 17.7
      vertex 75.3361 4.775 10.7
    endloop
  endfacet
  facet normal -0.831773 0.555115 0
    outer loop
      vertex 75.3361 4.775 17.7
      vertex 75.2744 4.68255 10.7
      vertex 75.2744 4.68255 17.7
    endloop
  endfacet
  facet normal 0.321403 0.946943 -0
    outer loop
      vertex 74.38 4.37896 10.7
      vertex 74.2747 4.4147 17.7
      vertex 74.38 4.37896 17.7
    endloop
  endfacet
  facet normal 0.321403 0.946943 0
    outer loop
      vertex 74.2747 4.4147 17.7
      vertex 74.38 4.37896 10.7
      vertex 74.2747 4.4147 10.7
    endloop
  endfacet
  facet normal 0.194992 0.980805 -0
    outer loop
      vertex 74.4891 4.35727 10.7
      vertex 74.38 4.37896 17.7
      vertex 74.4891 4.35727 17.7
    endloop
  endfacet
  facet normal 0.194992 0.980805 0
    outer loop
      vertex 74.38 4.37896 17.7
      vertex 74.4891 4.35727 10.7
      vertex 74.38 4.37896 10.7
    endloop
  endfacet
  facet normal 0.751869 0.659313 0
    outer loop
      vertex 73.999 4.59896 17.7
      vertex 73.9257 4.68255 10.7
      vertex 73.9257 4.68255 17.7
    endloop
  endfacet
  facet normal 0.751869 0.659313 0
    outer loop
      vertex 73.9257 4.68255 10.7
      vertex 73.999 4.59896 17.7
      vertex 73.999 4.59896 10.7
    endloop
  endfacet
  facet normal 0.659319 0.751863 -0
    outer loop
      vertex 74.0826 4.52565 10.7
      vertex 73.999 4.59896 17.7
      vertex 74.0826 4.52565 17.7
    endloop
  endfacet
  facet normal 0.659319 0.751863 0
    outer loop
      vertex 73.999 4.59896 17.7
      vertex 74.0826 4.52565 10.7
      vertex 73.999 4.59896 10.7
    endloop
  endfacet
  facet normal 0.0654141 0.997858 -0
    outer loop
      vertex 74.6 4.35 10.7
      vertex 74.4891 4.35727 17.7
      vertex 74.6 4.35 17.7
    endloop
  endfacet
  facet normal 0.0654141 0.997858 0
    outer loop
      vertex 74.4891 4.35727 17.7
      vertex 74.6 4.35 10.7
      vertex 74.4891 4.35727 10.7
    endloop
  endfacet
  facet normal 0.831358 0.555737 0
    outer loop
      vertex 73.9257 4.68255 17.7
      vertex 73.8639 4.775 10.7
      vertex 73.8639 4.775 17.7
    endloop
  endfacet
  facet normal 0.831358 0.555737 0
    outer loop
      vertex 73.8639 4.775 10.7
      vertex 73.9257 4.68255 17.7
      vertex 73.9257 4.68255 10.7
    endloop
  endfacet
  facet normal 0.442386 0.896825 -0
    outer loop
      vertex 74.2747 4.4147 10.7
      vertex 74.175 4.46388 17.7
      vertex 74.2747 4.4147 17.7
    endloop
  endfacet
  facet normal 0.442386 0.896825 0
    outer loop
      vertex 74.175 4.46388 17.7
      vertex 74.2747 4.4147 10.7
      vertex 74.175 4.46388 10.7
    endloop
  endfacet
  facet normal 0.555759 0.831344 -0
    outer loop
      vertex 74.175 4.46388 10.7
      vertex 74.0826 4.52565 17.7
      vertex 74.175 4.46388 17.7
    endloop
  endfacet
  facet normal 0.555759 0.831344 0
    outer loop
      vertex 74.0826 4.52565 17.7
      vertex 74.175 4.46388 10.7
      vertex 74.0826 4.52565 10.7
    endloop
  endfacet
  facet normal 0.99786 0.065388 0
    outer loop
      vertex 7.6 44.6 7.6
      vertex 7.57947 44.9133 1.6
      vertex 7.57947 44.9133 7.6
    endloop
  endfacet
  facet normal 0.99786 0.065388 0
    outer loop
      vertex 7.57947 44.9133 1.6
      vertex 7.6 44.6 7.6
      vertex 7.6 44.6 1.6
    endloop
  endfacet
  facet normal 0.99786 0.065388 0
    outer loop
      vertex 7.6 44.6 17.7
      vertex 7.57947 44.9133 9.1
      vertex 7.57947 44.9133 17.7
    endloop
  endfacet
  facet normal 0.99786 0.065388 0
    outer loop
      vertex 7.57947 44.9133 9.1
      vertex 7.6 44.6 17.7
      vertex 7.6 44.6 9.1
    endloop
  endfacet
  facet normal -0.99786 0.065388 0
    outer loop
      vertex 2.8 44.6 1.6
      vertex 2.82053 44.9133 7.6
      vertex 2.82053 44.9133 1.6
    endloop
  endfacet
  facet normal -0.99786 0.065388 0
    outer loop
      vertex 2.82053 44.9133 7.6
      vertex 2.8 44.6 1.6
      vertex 2.8 44.6 7.6
    endloop
  endfacet
  facet normal -0.99786 0.065388 0
    outer loop
      vertex 2.8 44.6 9.1
      vertex 2.82053 44.9133 17.7
      vertex 2.82053 44.9133 9.1
    endloop
  endfacet
  facet normal -0.99786 0.065388 0
    outer loop
      vertex 2.82053 44.9133 17.7
      vertex 2.8 44.6 9.1
      vertex 2.8 44.6 17.7
    endloop
  endfacet
  facet normal 0.0653012 0.997866 -0
    outer loop
      vertex 5.51326 46.9795 1.6
      vertex 5.2 47 7.6
      vertex 5.51326 46.9795 7.6
    endloop
  endfacet
  facet normal 0.0653012 0.997866 0
    outer loop
      vertex 5.2 47 7.6
      vertex 5.51326 46.9795 1.6
      vertex 5.2 47 1.6
    endloop
  endfacet
  facet normal 0.0653012 0.997866 -0
    outer loop
      vertex 5.51326 46.9795 9.1
      vertex 5.2 47 17.7
      vertex 5.51326 46.9795 17.7
    endloop
  endfacet
  facet normal 0.0653012 0.997866 0
    outer loop
      vertex 5.2 47 17.7
      vertex 5.51326 46.9795 9.1
      vertex 5.2 47 9.1
    endloop
  endfacet
  facet normal -0.0653012 -0.997866 0
    outer loop
      vertex 4.88674 42.2205 1.6
      vertex 5.2 42.2 7.6
      vertex 4.88674 42.2205 7.6
    endloop
  endfacet
  facet normal -0.0653012 -0.997866 -0
    outer loop
      vertex 5.2 42.2 7.6
      vertex 4.88674 42.2205 1.6
      vertex 5.2 42.2 1.6
    endloop
  endfacet
  facet normal -0.0653012 -0.997866 0
    outer loop
      vertex 4.88674 42.2205 9.1
      vertex 5.2 42.2 17.7
      vertex 4.88674 42.2205 17.7
    endloop
  endfacet
  facet normal -0.0653012 -0.997866 -0
    outer loop
      vertex 5.2 42.2 17.7
      vertex 4.88674 42.2205 9.1
      vertex 5.2 42.2 9.1
    endloop
  endfacet
  facet normal 0.659179 0.751986 -0
    outer loop
      vertex 6.89706 46.2971 1.6
      vertex 6.66103 46.504 7.6
      vertex 6.89706 46.2971 7.6
    endloop
  endfacet
  facet normal 0.659179 0.751986 0
    outer loop
      vertex 6.66103 46.504 7.6
      vertex 6.89706 46.2971 1.6
      vertex 6.66103 46.504 1.6
    endloop
  endfacet
  facet normal 0.659179 0.751986 -0
    outer loop
      vertex 6.89706 46.2971 9.1
      vertex 6.66103 46.504 17.7
      vertex 6.89706 46.2971 17.7
    endloop
  endfacet
  facet normal 0.659179 0.751986 0
    outer loop
      vertex 6.66103 46.504 17.7
      vertex 6.89706 46.2971 9.1
      vertex 6.66103 46.504 9.1
    endloop
  endfacet
  facet normal -0.659179 0.751986 0
    outer loop
      vertex 3.73897 46.504 1.6
      vertex 3.50294 46.2971 7.6
      vertex 3.73897 46.504 7.6
    endloop
  endfacet
  facet normal -0.659179 0.751986 0
    outer loop
      vertex 3.50294 46.2971 7.6
      vertex 3.73897 46.504 1.6
      vertex 3.50294 46.2971 1.6
    endloop
  endfacet
  facet normal -0.659179 0.751986 0
    outer loop
      vertex 3.73897 46.504 9.1
      vertex 3.50294 46.2971 17.7
      vertex 3.73897 46.504 17.7
    endloop
  endfacet
  facet normal -0.659179 0.751986 0
    outer loop
      vertex 3.50294 46.2971 17.7
      vertex 3.73897 46.504 9.1
      vertex 3.50294 46.2971 9.1
    endloop
  endfacet
  facet normal -0.321412 0.946939 0
    outer loop
      vertex 4.57883 46.9182 1.6
      vertex 4.28156 46.8173 7.6
      vertex 4.57883 46.9182 7.6
    endloop
  endfacet
  facet normal -0.321412 0.946939 0
    outer loop
      vertex 4.28156 46.8173 7.6
      vertex 4.57883 46.9182 1.6
      vertex 4.28156 46.8173 1.6
    endloop
  endfacet
  facet normal -0.321412 0.946939 0
    outer loop
      vertex 4.57883 46.9182 9.1
      vertex 4.28156 46.8173 17.7
      vertex 4.57883 46.9182 17.7
    endloop
  endfacet
  facet normal -0.321412 0.946939 0
    outer loop
      vertex 4.28156 46.8173 17.7
      vertex 4.57883 46.9182 9.1
      vertex 4.28156 46.8173 9.1
    endloop
  endfacet
  facet normal 0.896898 0.442238 0
    outer loop
      vertex 7.41731 45.5184 7.6
      vertex 7.27846 45.8 1.6
      vertex 7.27846 45.8 7.6
    endloop
  endfacet
  facet normal 0.896898 0.442238 0
    outer loop
      vertex 7.27846 45.8 1.6
      vertex 7.41731 45.5184 7.6
      vertex 7.41731 45.5184 1.6
    endloop
  endfacet
  facet normal 0.896898 0.442238 0
    outer loop
      vertex 7.41731 45.5184 17.7
      vertex 7.27846 45.8 9.1
      vertex 7.27846 45.8 17.7
    endloop
  endfacet
  facet normal 0.896898 0.442238 0
    outer loop
      vertex 7.27846 45.8 9.1
      vertex 7.41731 45.5184 17.7
      vertex 7.41731 45.5184 9.1
    endloop
  endfacet
  facet normal 0.980782 0.195105 0
    outer loop
      vertex 7.57947 44.9133 7.6
      vertex 7.51822 45.2212 1.6
      vertex 7.51822 45.2212 7.6
    endloop
  endfacet
  facet normal 0.980782 0.195105 0
    outer loop
      vertex 7.51822 45.2212 1.6
      vertex 7.57947 44.9133 7.6
      vertex 7.57947 44.9133 1.6
    endloop
  endfacet
  facet normal 0.980782 0.195105 0
    outer loop
      vertex 7.57947 44.9133 17.7
      vertex 7.51822 45.2212 9.1
      vertex 7.51822 45.2212 17.7
    endloop
  endfacet
  facet normal 0.980782 0.195105 0
    outer loop
      vertex 7.51822 45.2212 9.1
      vertex 7.57947 44.9133 17.7
      vertex 7.57947 44.9133 9.1
    endloop
  endfacet
  facet normal 0.831447 0.555604 0
    outer loop
      vertex 7.27846 45.8 7.6
      vertex 7.10405 46.061 1.6
      vertex 7.10405 46.061 7.6
    endloop
  endfacet
  facet normal 0.831447 0.555604 0
    outer loop
      vertex 7.10405 46.061 1.6
      vertex 7.27846 45.8 7.6
      vertex 7.27846 45.8 1.6
    endloop
  endfacet
  facet normal 0.831447 0.555604 0
    outer loop
      vertex 7.27846 45.8 17.7
      vertex 7.10405 46.061 9.1
      vertex 7.10405 46.061 17.7
    endloop
  endfacet
  facet normal 0.831447 0.555604 0
    outer loop
      vertex 7.10405 46.061 9.1
      vertex 7.27846 45.8 17.7
      vertex 7.27846 45.8 9.1
    endloop
  endfacet
  facet normal 0.321412 0.946939 -0
    outer loop
      vertex 6.11844 46.8173 1.6
      vertex 5.82117 46.9182 7.6
      vertex 6.11844 46.8173 7.6
    endloop
  endfacet
  facet normal 0.321412 0.946939 0
    outer loop
      vertex 5.82117 46.9182 7.6
      vertex 6.11844 46.8173 1.6
      vertex 5.82117 46.9182 1.6
    endloop
  endfacet
  facet normal 0.321412 0.946939 -0
    outer loop
      vertex 6.11844 46.8173 9.1
      vertex 5.82117 46.9182 17.7
      vertex 6.11844 46.8173 17.7
    endloop
  endfacet
  facet normal 0.321412 0.946939 0
    outer loop
      vertex 5.82117 46.9182 17.7
      vertex 6.11844 46.8173 9.1
      vertex 5.82117 46.9182 9.1
    endloop
  endfacet
  facet normal 0.195252 0.980753 -0
    outer loop
      vertex 5.82117 46.9182 1.6
      vertex 5.51326 46.9795 7.6
      vertex 5.82117 46.9182 7.6
    endloop
  endfacet
  facet normal 0.195252 0.980753 0
    outer loop
      vertex 5.51326 46.9795 7.6
      vertex 5.82117 46.9182 1.6
      vertex 5.51326 46.9795 1.6
    endloop
  endfacet
  facet normal 0.195252 0.980753 -0
    outer loop
      vertex 5.82117 46.9182 9.1
      vertex 5.51326 46.9795 17.7
      vertex 5.82117 46.9182 17.7
    endloop
  endfacet
  facet normal 0.195252 0.980753 0
    outer loop
      vertex 5.51326 46.9795 17.7
      vertex 5.82117 46.9182 9.1
      vertex 5.51326 46.9795 9.1
    endloop
  endfacet
  facet normal 0.555758 0.831344 -0
    outer loop
      vertex 6.66103 46.504 1.6
      vertex 6.4 46.6785 7.6
      vertex 6.66103 46.504 7.6
    endloop
  endfacet
  facet normal 0.555758 0.831344 0
    outer loop
      vertex 6.4 46.6785 7.6
      vertex 6.66103 46.504 1.6
      vertex 6.4 46.6785 1.6
    endloop
  endfacet
  facet normal 0.555758 0.831344 -0
    outer loop
      vertex 6.66103 46.504 9.1
      vertex 6.4 46.6785 17.7
      vertex 6.66103 46.504 17.7
    endloop
  endfacet
  facet normal 0.555758 0.831344 0
    outer loop
      vertex 6.4 46.6785 17.7
      vertex 6.66103 46.504 9.1
      vertex 6.4 46.6785 9.1
    endloop
  endfacet
  facet normal -0.831447 0.555604 0
    outer loop
      vertex 3.12154 45.8 1.6
      vertex 3.29595 46.061 7.6
      vertex 3.29595 46.061 1.6
    endloop
  endfacet
  facet normal -0.831447 0.555604 0
    outer loop
      vertex 3.29595 46.061 7.6
      vertex 3.12154 45.8 1.6
      vertex 3.12154 45.8 7.6
    endloop
  endfacet
  facet normal -0.831447 0.555604 0
    outer loop
      vertex 3.12154 45.8 9.1
      vertex 3.29595 46.061 17.7
      vertex 3.29595 46.061 9.1
    endloop
  endfacet
  facet normal -0.831447 0.555604 0
    outer loop
      vertex 3.29595 46.061 17.7
      vertex 3.12154 45.8 9.1
      vertex 3.12154 45.8 17.7
    endloop
  endfacet
  facet normal -0.751941 0.65923 0
    outer loop
      vertex 3.29595 46.061 1.6
      vertex 3.50294 46.2971 7.6
      vertex 3.50294 46.2971 1.6
    endloop
  endfacet
  facet normal -0.751941 0.65923 0
    outer loop
      vertex 3.50294 46.2971 7.6
      vertex 3.29595 46.061 1.6
      vertex 3.29595 46.061 7.6
    endloop
  endfacet
  facet normal -0.751941 0.65923 0
    outer loop
      vertex 3.29595 46.061 9.1
      vertex 3.50294 46.2971 17.7
      vertex 3.50294 46.2971 9.1
    endloop
  endfacet
  facet normal -0.751941 0.65923 0
    outer loop
      vertex 3.50294 46.2971 17.7
      vertex 3.29595 46.061 9.1
      vertex 3.29595 46.061 17.7
    endloop
  endfacet
  facet normal -0.946907 0.321509 0
    outer loop
      vertex 2.88178 45.2212 1.6
      vertex 2.98269 45.5184 7.6
      vertex 2.98269 45.5184 1.6
    endloop
  endfacet
  facet normal -0.946907 0.321509 0
    outer loop
      vertex 2.98269 45.5184 7.6
      vertex 2.88178 45.2212 1.6
      vertex 2.88178 45.2212 7.6
    endloop
  endfacet
  facet normal -0.946907 0.321509 0
    outer loop
      vertex 2.88178 45.2212 9.1
      vertex 2.98269 45.5184 17.7
      vertex 2.98269 45.5184 9.1
    endloop
  endfacet
  facet normal -0.946907 0.321509 0
    outer loop
      vertex 2.98269 45.5184 17.7
      vertex 2.88178 45.2212 9.1
      vertex 2.88178 45.2212 17.7
    endloop
  endfacet
  facet normal -0.555758 0.831344 0
    outer loop
      vertex 4 46.6785 1.6
      vertex 3.73897 46.504 7.6
      vertex 4 46.6785 7.6
    endloop
  endfacet
  facet normal -0.555758 0.831344 0
    outer loop
      vertex 3.73897 46.504 7.6
      vertex 4 46.6785 1.6
      vertex 3.73897 46.504 1.6
    endloop
  endfacet
  facet normal -0.555758 0.831344 0
    outer loop
      vertex 4 46.6785 9.1
      vertex 3.73897 46.504 17.7
      vertex 4 46.6785 17.7
    endloop
  endfacet
  facet normal -0.555758 0.831344 0
    outer loop
      vertex 3.73897 46.504 17.7
      vertex 4 46.6785 9.1
      vertex 3.73897 46.504 9.1
    endloop
  endfacet
  facet normal -0.195252 0.980753 0
    outer loop
      vertex 4.88674 46.9795 1.6
      vertex 4.57883 46.9182 7.6
      vertex 4.88674 46.9795 7.6
    endloop
  endfacet
  facet normal -0.195252 0.980753 0
    outer loop
      vertex 4.57883 46.9182 7.6
      vertex 4.88674 46.9795 1.6
      vertex 4.57883 46.9182 1.6
    endloop
  endfacet
  facet normal -0.195252 0.980753 0
    outer loop
      vertex 4.88674 46.9795 9.1
      vertex 4.57883 46.9182 17.7
      vertex 4.88674 46.9795 17.7
    endloop
  endfacet
  facet normal -0.195252 0.980753 0
    outer loop
      vertex 4.57883 46.9182 17.7
      vertex 4.88674 46.9795 9.1
      vertex 4.57883 46.9182 9.1
    endloop
  endfacet
  facet normal 0.946907 -0.321509 0
    outer loop
      vertex 7.41731 43.6816 7.6
      vertex 7.51822 43.9788 1.6
      vertex 7.51822 43.9788 7.6
    endloop
  endfacet
  facet normal 0.946907 -0.321509 0
    outer loop
      vertex 7.51822 43.9788 1.6
      vertex 7.41731 43.6816 7.6
      vertex 7.41731 43.6816 1.6
    endloop
  endfacet
  facet normal 0.946907 -0.321509 0
    outer loop
      vertex 7.41731 43.6816 17.7
      vertex 7.51822 43.9788 9.1
      vertex 7.51822 43.9788 17.7
    endloop
  endfacet
  facet normal 0.946907 -0.321509 0
    outer loop
      vertex 7.51822 43.9788 9.1
      vertex 7.41731 43.6816 17.7
      vertex 7.41731 43.6816 9.1
    endloop
  endfacet
  facet normal 0.321412 -0.946939 0
    outer loop
      vertex 5.82117 42.2818 1.6
      vertex 6.11844 42.3827 7.6
      vertex 5.82117 42.2818 7.6
    endloop
  endfacet
  facet normal 0.321412 -0.946939 0
    outer loop
      vertex 6.11844 42.3827 7.6
      vertex 5.82117 42.2818 1.6
      vertex 6.11844 42.3827 1.6
    endloop
  endfacet
  facet normal 0.321412 -0.946939 0
    outer loop
      vertex 5.82117 42.2818 9.1
      vertex 6.11844 42.3827 17.7
      vertex 5.82117 42.2818 17.7
    endloop
  endfacet
  facet normal 0.321412 -0.946939 0
    outer loop
      vertex 6.11844 42.3827 17.7
      vertex 5.82117 42.2818 9.1
      vertex 6.11844 42.3827 9.1
    endloop
  endfacet
  facet normal 0.751941 -0.65923 0
    outer loop
      vertex 6.89706 42.9029 7.6
      vertex 7.10405 43.139 1.6
      vertex 7.10405 43.139 7.6
    endloop
  endfacet
  facet normal 0.751941 -0.65923 0
    outer loop
      vertex 7.10405 43.139 1.6
      vertex 6.89706 42.9029 7.6
      vertex 6.89706 42.9029 1.6
    endloop
  endfacet
  facet normal 0.751941 -0.65923 0
    outer loop
      vertex 6.89706 42.9029 17.7
      vertex 7.10405 43.139 9.1
      vertex 7.10405 43.139 17.7
    endloop
  endfacet
  facet normal 0.751941 -0.65923 0
    outer loop
      vertex 7.10405 43.139 9.1
      vertex 6.89706 42.9029 17.7
      vertex 6.89706 42.9029 9.1
    endloop
  endfacet
  facet normal 0.555758 -0.831344 0
    outer loop
      vertex 6.4 42.5215 1.6
      vertex 6.66103 42.696 7.6
      vertex 6.4 42.5215 7.6
    endloop
  endfacet
  facet normal 0.555758 -0.831344 0
    outer loop
      vertex 6.66103 42.696 7.6
      vertex 6.4 42.5215 1.6
      vertex 6.66103 42.696 1.6
    endloop
  endfacet
  facet normal 0.555758 -0.831344 0
    outer loop
      vertex 6.4 42.5215 9.1
      vertex 6.66103 42.696 17.7
      vertex 6.4 42.5215 17.7
    endloop
  endfacet
  facet normal 0.555758 -0.831344 0
    outer loop
      vertex 6.66103 42.696 17.7
      vertex 6.4 42.5215 9.1
      vertex 6.66103 42.696 9.1
    endloop
  endfacet
  facet normal -0.659179 -0.751986 0
    outer loop
      vertex 3.50294 42.9029 1.6
      vertex 3.73897 42.696 7.6
      vertex 3.50294 42.9029 7.6
    endloop
  endfacet
  facet normal -0.659179 -0.751986 -0
    outer loop
      vertex 3.73897 42.696 7.6
      vertex 3.50294 42.9029 1.6
      vertex 3.73897 42.696 1.6
    endloop
  endfacet
  facet normal -0.659179 -0.751986 0
    outer loop
      vertex 3.50294 42.9029 9.1
      vertex 3.73897 42.696 17.7
      vertex 3.50294 42.9029 17.7
    endloop
  endfacet
  facet normal -0.659179 -0.751986 -0
    outer loop
      vertex 3.73897 42.696 17.7
      vertex 3.50294 42.9029 9.1
      vertex 3.73897 42.696 9.1
    endloop
  endfacet
  facet normal -0.321412 -0.946939 0
    outer loop
      vertex 4.28156 42.3827 9.1
      vertex 4.57883 42.2818 17.7
      vertex 4.28156 42.3827 17.7
    endloop
  endfacet
  facet normal -0.321412 -0.946939 -0
    outer loop
      vertex 4.57883 42.2818 17.7
      vertex 4.28156 42.3827 9.1
      vertex 4.57883 42.2818 9.1
    endloop
  endfacet
  facet normal -0.321412 -0.946939 0
    outer loop
      vertex 4.28156 42.3827 1.6
      vertex 4.57883 42.2818 7.6
      vertex 4.28156 42.3827 7.6
    endloop
  endfacet
  facet normal -0.321412 -0.946939 -0
    outer loop
      vertex 4.57883 42.2818 7.6
      vertex 4.28156 42.3827 1.6
      vertex 4.57883 42.2818 1.6
    endloop
  endfacet
  facet normal -0.751941 -0.65923 0
    outer loop
      vertex 3.50294 42.9029 1.6
      vertex 3.29595 43.139 7.6
      vertex 3.29595 43.139 1.6
    endloop
  endfacet
  facet normal -0.751941 -0.65923 0
    outer loop
      vertex 3.29595 43.139 7.6
      vertex 3.50294 42.9029 1.6
      vertex 3.50294 42.9029 7.6
    endloop
  endfacet
  facet normal -0.751941 -0.65923 0
    outer loop
      vertex 3.50294 42.9029 9.1
      vertex 3.29595 43.139 17.7
      vertex 3.29595 43.139 9.1
    endloop
  endfacet
  facet normal -0.751941 -0.65923 0
    outer loop
      vertex 3.29595 43.139 17.7
      vertex 3.50294 42.9029 9.1
      vertex 3.50294 42.9029 17.7
    endloop
  endfacet
  facet normal 0 0 -1
    outer loop
      vertex 7.57947 44.2867 1.6
      vertex 7.57947 44.9133 1.6
      vertex 7.6 44.6 1.6
    endloop
  endfacet
  facet normal 0 0 -1
    outer loop
      vertex 7.51822 43.9788 1.6
      vertex 7.57947 44.9133 1.6
      vertex 7.57947 44.2867 1.6
    endloop
  endfacet
  facet normal 0 0 -1
    outer loop
      vertex 7.51822 43.9788 1.6
      vertex 7.51822 45.2212 1.6
      vertex 7.57947 44.9133 1.6
    endloop
  endfacet
  facet normal 0 0 -1
    outer loop
      vertex 7.41731 43.6816 1.6
      vertex 7.51822 45.2212 1.6
      vertex 7.51822 43.9788 1.6
    endloop
  endfacet
  facet normal 0 0 -1
    outer loop
      vertex 7.41731 43.6816 1.6
      vertex 7.41731 45.5184 1.6
      vertex 7.51822 45.2212 1.6
    endloop
  endfacet
  facet normal 0 0 -1
    outer loop
      vertex 7.27846 43.4 1.6
      vertex 7.41731 45.5184 1.6
      vertex 7.41731 43.6816 1.6
    endloop
  endfacet
  facet normal 0 0 -1
    outer loop
      vertex 7.27846 43.4 1.6
      vertex 7.27846 45.8 1.6
      vertex 7.41731 45.5184 1.6
    endloop
  endfacet
  facet normal 0 0 -1
    outer loop
      vertex 7.10405 43.139 1.6
      vertex 7.27846 45.8 1.6
      vertex 7.27846 43.4 1.6
    endloop
  endfacet
  facet normal 0 0 -1
    outer loop
      vertex 7.10405 43.139 1.6
      vertex 7.10405 46.061 1.6
      vertex 7.27846 45.8 1.6
    endloop
  endfacet
  facet normal 0 0 -1
    outer loop
      vertex 6.89706 42.9029 1.6
      vertex 7.10405 46.061 1.6
      vertex 7.10405 43.139 1.6
    endloop
  endfacet
  facet normal 0 0 -1
    outer loop
      vertex 6.89706 42.9029 1.6
      vertex 6.89706 46.2971 1.6
      vertex 7.10405 46.061 1.6
    endloop
  endfacet
  facet normal 0 0 -1
    outer loop
      vertex 6.66103 42.696 1.6
      vertex 6.89706 46.2971 1.6
      vertex 6.89706 42.9029 1.6
    endloop
  endfacet
  facet normal 0 0 -1
    outer loop
      vertex 6.66103 42.696 1.6
      vertex 6.66103 46.504 1.6
      vertex 6.89706 46.2971 1.6
    endloop
  endfacet
  facet normal 0 0 -1
    outer loop
      vertex 6.4 42.5215 1.6
      vertex 6.66103 46.504 1.6
      vertex 6.66103 42.696 1.6
    endloop
  endfacet
  facet normal 0 0 -1
    outer loop
      vertex 6.4 42.5215 1.6
      vertex 6.4 46.6785 1.6
      vertex 6.66103 46.504 1.6
    endloop
  endfacet
  facet normal 0 0 -1
    outer loop
      vertex 6.11844 42.3827 1.6
      vertex 6.4 46.6785 1.6
      vertex 6.4 42.5215 1.6
    endloop
  endfacet
  facet normal 0 0 -1
    outer loop
      vertex 6.11844 42.3827 1.6
      vertex 6.11844 46.8173 1.6
      vertex 6.4 46.6785 1.6
    endloop
  endfacet
  facet normal 0 0 -1
    outer loop
      vertex 5.82117 42.2818 1.6
      vertex 6.11844 46.8173 1.6
      vertex 6.11844 42.3827 1.6
    endloop
  endfacet
  facet normal 0 0 -1
    outer loop
      vertex 5.82117 42.2818 1.6
      vertex 5.82117 46.9182 1.6
      vertex 6.11844 46.8173 1.6
    endloop
  endfacet
  facet normal 0 0 -1
    outer loop
      vertex 5.51326 42.2205 1.6
      vertex 5.82117 46.9182 1.6
      vertex 5.82117 42.2818 1.6
    endloop
  endfacet
  facet normal 0 0 -1
    outer loop
      vertex 5.51326 42.2205 1.6
      vertex 5.51326 46.9795 1.6
      vertex 5.82117 46.9182 1.6
    endloop
  endfacet
  facet normal 0 0 -1
    outer loop
      vertex 5.2 42.2 1.6
      vertex 5.51326 46.9795 1.6
      vertex 5.51326 42.2205 1.6
    endloop
  endfacet
  facet normal 0 0 -1
    outer loop
      vertex 5.2 42.2 1.6
      vertex 5.2 47 1.6
      vertex 5.51326 46.9795 1.6
    endloop
  endfacet
  facet normal 0 0 -1
    outer loop
      vertex 4.88674 42.2205 1.6
      vertex 5.2 47 1.6
      vertex 5.2 42.2 1.6
    endloop
  endfacet
  facet normal 0 0 -1
    outer loop
      vertex 4.88674 42.2205 1.6
      vertex 4.88674 46.9795 1.6
      vertex 5.2 47 1.6
    endloop
  endfacet
  facet normal 0 0 -1
    outer loop
      vertex 4.57883 42.2818 1.6
      vertex 4.88674 46.9795 1.6
      vertex 4.88674 42.2205 1.6
    endloop
  endfacet
  facet normal 0 0 -1
    outer loop
      vertex 4.57883 42.2818 1.6
      vertex 4.57883 46.9182 1.6
      vertex 4.88674 46.9795 1.6
    endloop
  endfacet
  facet normal 0 0 -1
    outer loop
      vertex 4.28156 42.3827 1.6
      vertex 4.57883 46.9182 1.6
      vertex 4.57883 42.2818 1.6
    endloop
  endfacet
  facet normal 0 0 -1
    outer loop
      vertex 4.28156 42.3827 1.6
      vertex 4.28156 46.8173 1.6
      vertex 4.57883 46.9182 1.6
    endloop
  endfacet
  facet normal 0 0 -1
    outer loop
      vertex 4 42.5215 1.6
      vertex 4.28156 46.8173 1.6
      vertex 4.28156 42.3827 1.6
    endloop
  endfacet
  facet normal 0 0 -1
    outer loop
      vertex 4 42.5215 1.6
      vertex 4 46.6785 1.6
      vertex 4.28156 46.8173 1.6
    endloop
  endfacet
  facet normal 0 0 -1
    outer loop
      vertex 3.73897 42.696 1.6
      vertex 4 46.6785 1.6
      vertex 4 42.5215 1.6
    endloop
  endfacet
  facet normal 0 0 -1
    outer loop
      vertex 3.73897 42.696 1.6
      vertex 3.73897 46.504 1.6
      vertex 4 46.6785 1.6
    endloop
  endfacet
  facet normal 0 0 -1
    outer loop
      vertex 3.50294 42.9029 1.6
      vertex 3.73897 46.504 1.6
      vertex 3.73897 42.696 1.6
    endloop
  endfacet
  facet normal 0 0 -1
    outer loop
      vertex 3.50294 42.9029 1.6
      vertex 3.50294 46.2971 1.6
      vertex 3.73897 46.504 1.6
    endloop
  endfacet
  facet normal 0 0 -1
    outer loop
      vertex 3.29595 43.139 1.6
      vertex 3.50294 46.2971 1.6
      vertex 3.50294 42.9029 1.6
    endloop
  endfacet
  facet normal 0 0 -1
    outer loop
      vertex 3.29595 43.139 1.6
      vertex 3.29595 46.061 1.6
      vertex 3.50294 46.2971 1.6
    endloop
  endfacet
  facet normal 0 0 -1
    outer loop
      vertex 3.12154 43.4 1.6
      vertex 3.29595 46.061 1.6
      vertex 3.29595 43.139 1.6
    endloop
  endfacet
  facet normal 0 0 -1
    outer loop
      vertex 3.12154 43.4 1.6
      vertex 3.12154 45.8 1.6
      vertex 3.29595 46.061 1.6
    endloop
  endfacet
  facet normal 0 0 -1
    outer loop
      vertex 2.98269 43.6816 1.6
      vertex 3.12154 45.8 1.6
      vertex 3.12154 43.4 1.6
    endloop
  endfacet
  facet normal 0 0 -1
    outer loop
      vertex 2.98269 43.6816 1.6
      vertex 2.98269 45.5184 1.6
      vertex 3.12154 45.8 1.6
    endloop
  endfacet
  facet normal 0 0 -1
    outer loop
      vertex 2.88178 43.9788 1.6
      vertex 2.98269 45.5184 1.6
      vertex 2.98269 43.6816 1.6
    endloop
  endfacet
  facet normal 0 0 -1
    outer loop
      vertex 2.88178 43.9788 1.6
      vertex 2.88178 45.2212 1.6
      vertex 2.98269 45.5184 1.6
    endloop
  endfacet
  facet normal 0 0 -1
    outer loop
      vertex 2.82053 44.2867 1.6
      vertex 2.88178 45.2212 1.6
      vertex 2.88178 43.9788 1.6
    endloop
  endfacet
  facet normal 0 0 -1
    outer loop
      vertex 2.82053 44.2867 1.6
      vertex 2.82053 44.9133 1.6
      vertex 2.88178 45.2212 1.6
    endloop
  endfacet
  facet normal 0 -0 -1
    outer loop
      vertex 2.82053 44.9133 1.6
      vertex 2.82053 44.2867 1.6
      vertex 2.8 44.6 1.6
    endloop
  endfacet
  facet normal 0.946907 0.321509 0
    outer loop
      vertex 7.51822 45.2212 7.6
      vertex 7.41731 45.5184 1.6
      vertex 7.41731 45.5184 7.6
    endloop
  endfacet
  facet normal 0.946907 0.321509 0
    outer loop
      vertex 7.41731 45.5184 1.6
      vertex 7.51822 45.2212 7.6
      vertex 7.51822 45.2212 1.6
    endloop
  endfacet
  facet normal 0.946907 0.321509 0
    outer loop
      vertex 7.51822 45.2212 17.7
      vertex 7.41731 45.5184 9.1
      vertex 7.41731 45.5184 17.7
    endloop
  endfacet
  facet normal 0.946907 0.321509 0
    outer loop
      vertex 7.41731 45.5184 9.1
      vertex 7.51822 45.2212 17.7
      vertex 7.51822 45.2212 9.1
    endloop
  endfacet
  facet normal -0.896898 0.442238 0
    outer loop
      vertex 2.98269 45.5184 1.6
      vertex 3.12154 45.8 7.6
      vertex 3.12154 45.8 1.6
    endloop
  endfacet
  facet normal -0.896898 0.442238 0
    outer loop
      vertex 3.12154 45.8 7.6
      vertex 2.98269 45.5184 1.6
      vertex 2.98269 45.5184 7.6
    endloop
  endfacet
  facet normal -0.896898 0.442238 0
    outer loop
      vertex 2.98269 45.5184 9.1
      vertex 3.12154 45.8 17.7
      vertex 3.12154 45.8 9.1
    endloop
  endfacet
  facet normal -0.896898 0.442238 0
    outer loop
      vertex 3.12154 45.8 17.7
      vertex 2.98269 45.5184 9.1
      vertex 2.98269 45.5184 17.7
    endloop
  endfacet
  facet normal -0.980782 0.195105 0
    outer loop
      vertex 2.82053 44.9133 1.6
      vertex 2.88178 45.2212 7.6
      vertex 2.88178 45.2212 1.6
    endloop
  endfacet
  facet normal -0.980782 0.195105 0
    outer loop
      vertex 2.88178 45.2212 7.6
      vertex 2.82053 44.9133 1.6
      vertex 2.82053 44.9133 7.6
    endloop
  endfacet
  facet normal -0.980782 0.195105 0
    outer loop
      vertex 2.82053 44.9133 9.1
      vertex 2.88178 45.2212 17.7
      vertex 2.88178 45.2212 9.1
    endloop
  endfacet
  facet normal -0.980782 0.195105 0
    outer loop
      vertex 2.88178 45.2212 17.7
      vertex 2.82053 44.9133 9.1
      vertex 2.82053 44.9133 17.7
    endloop
  endfacet
  facet normal 0 0 1
    outer loop
      vertex 6.05 44.6 17.7
      vertex 7.6 44.6 17.7
      vertex 7.57947 44.9133 17.7
    endloop
  endfacet
  facet normal 0 0 1
    outer loop
      vertex 6.04273 44.7109 17.7
      vertex 7.57947 44.9133 17.7
      vertex 7.51822 45.2212 17.7
    endloop
  endfacet
  facet normal 0 0 1
    outer loop
      vertex 7.6 44.6 17.7
      vertex 6.05 44.6 17.7
      vertex 7.57947 44.2867 17.7
    endloop
  endfacet
  facet normal 0 0 1
    outer loop
      vertex 6.02104 44.82 17.7
      vertex 7.51822 45.2212 17.7
      vertex 7.41731 45.5184 17.7
    endloop
  endfacet
  facet normal -0 0 1
    outer loop
      vertex 6.04273 44.4891 17.7
      vertex 7.57947 44.2867 17.7
      vertex 6.05 44.6 17.7
    endloop
  endfacet
  facet normal 0 0 1
    outer loop
      vertex 5.9853 44.9253 17.7
      vertex 7.41731 45.5184 17.7
      vertex 7.27846 45.8 17.7
    endloop
  endfacet
  facet normal 0 0 1
    outer loop
      vertex 7.57947 44.2867 17.7
      vertex 6.04273 44.4891 17.7
      vertex 7.51822 43.9788 17.7
    endloop
  endfacet
  facet normal 0 0 1
    outer loop
      vertex 5.93612 45.025 17.7
      vertex 7.27846 45.8 17.7
      vertex 7.10405 46.061 17.7
    endloop
  endfacet
  facet normal -0 0 1
    outer loop
      vertex 6.02104 44.38 17.7
      vertex 7.51822 43.9788 17.7
      vertex 6.04273 44.4891 17.7
    endloop
  endfacet
  facet normal 0 0 1
    outer loop
      vertex 5.87435 45.1174 17.7
      vertex 7.10405 46.061 17.7
      vertex 6.89706 46.2971 17.7
    endloop
  endfacet
  facet normal 0 0 1
    outer loop
      vertex 7.51822 43.9788 17.7
      vertex 6.02104 44.38 17.7
      vertex 7.41731 43.6816 17.7
    endloop
  endfacet
  facet normal 0 0 1
    outer loop
      vertex 5.80104 45.201 17.7
      vertex 6.89706 46.2971 17.7
      vertex 6.66103 46.504 17.7
    endloop
  endfacet
  facet normal -0 0 1
    outer loop
      vertex 5.9853 44.2747 17.7
      vertex 7.41731 43.6816 17.7
      vertex 6.02104 44.38 17.7
    endloop
  endfacet
  facet normal 0 0 1
    outer loop
      vertex 5.71745 45.2743 17.7
      vertex 6.66103 46.504 17.7
      vertex 6.4 46.6785 17.7
    endloop
  endfacet
  facet normal 0 0 1
    outer loop
      vertex 7.41731 43.6816 17.7
      vertex 5.9853 44.2747 17.7
      vertex 7.27846 43.4 17.7
    endloop
  endfacet
  facet normal 0 0 1
    outer loop
      vertex 5.625 45.3361 17.7
      vertex 6.4 46.6785 17.7
      vertex 6.11844 46.8173 17.7
    endloop
  endfacet
  facet normal -0 0 1
    outer loop
      vertex 5.93612 44.175 17.7
      vertex 7.27846 43.4 17.7
      vertex 5.9853 44.2747 17.7
    endloop
  endfacet
  facet normal 0 0 1
    outer loop
      vertex 7.27846 43.4 17.7
      vertex 5.93612 44.175 17.7
      vertex 7.10405 43.139 17.7
    endloop
  endfacet
  facet normal 0 0 1
    outer loop
      vertex 7.57947 44.9133 17.7
      vertex 6.04273 44.7109 17.7
      vertex 6.05 44.6 17.7
    endloop
  endfacet
  facet normal 0 0 1
    outer loop
      vertex 7.51822 45.2212 17.7
      vertex 6.02104 44.82 17.7
      vertex 6.04273 44.7109 17.7
    endloop
  endfacet
  facet normal 0 0 1
    outer loop
      vertex 7.41731 45.5184 17.7
      vertex 5.9853 44.9253 17.7
      vertex 6.02104 44.82 17.7
    endloop
  endfacet
  facet normal 0 0 1
    outer loop
      vertex 7.27846 45.8 17.7
      vertex 5.93612 45.025 17.7
      vertex 5.9853 44.9253 17.7
    endloop
  endfacet
  facet normal 0 0 1
    outer loop
      vertex 7.10405 46.061 17.7
      vertex 5.87435 45.1174 17.7
      vertex 5.93612 45.025 17.7
    endloop
  endfacet
  facet normal 0 0 1
    outer loop
      vertex 5.52528 45.3853 17.7
      vertex 6.11844 46.8173 17.7
      vertex 5.82117 46.9182 17.7
    endloop
  endfacet
  facet normal 0 0 1
    outer loop
      vertex 6.89706 46.2971 17.7
      vertex 5.80104 45.201 17.7
      vertex 5.87435 45.1174 17.7
    endloop
  endfacet
  facet normal 0 0 1
    outer loop
      vertex 6.66103 46.504 17.7
      vertex 5.71745 45.2743 17.7
      vertex 5.80104 45.201 17.7
    endloop
  endfacet
  facet normal 0 0 1
    outer loop
      vertex 6.4 46.6785 17.7
      vertex 5.625 45.3361 17.7
      vertex 5.71745 45.2743 17.7
    endloop
  endfacet
  facet normal 0 0 1
    outer loop
      vertex 6.11844 46.8173 17.7
      vertex 5.52528 45.3853 17.7
      vertex 5.625 45.3361 17.7
    endloop
  endfacet
  facet normal 0 0 1
    outer loop
      vertex 5.42 45.421 17.7
      vertex 5.82117 46.9182 17.7
      vertex 5.51326 46.9795 17.7
    endloop
  endfacet
  facet normal 0 0 1
    outer loop
      vertex 5.82117 46.9182 17.7
      vertex 5.42 45.421 17.7
      vertex 5.52528 45.3853 17.7
    endloop
  endfacet
  facet normal 0 0 1
    outer loop
      vertex 5.51326 46.9795 17.7
      vertex 5.31095 45.4427 17.7
      vertex 5.42 45.421 17.7
    endloop
  endfacet
  facet normal 0 0 1
    outer loop
      vertex 5.2 47 17.7
      vertex 5.31095 45.4427 17.7
      vertex 5.51326 46.9795 17.7
    endloop
  endfacet
  facet normal 0 0 1
    outer loop
      vertex 5.2 47 17.7
      vertex 5.2 45.45 17.7
      vertex 5.31095 45.4427 17.7
    endloop
  endfacet
  facet normal 0 0 1
    outer loop
      vertex 5.2 47 17.7
      vertex 5.08905 45.4427 17.7
      vertex 5.2 45.45 17.7
    endloop
  endfacet
  facet normal -0 0 1
    outer loop
      vertex 4.88674 46.9795 17.7
      vertex 5.08905 45.4427 17.7
      vertex 5.2 47 17.7
    endloop
  endfacet
  facet normal 0 0 1
    outer loop
      vertex 5.08905 45.4427 17.7
      vertex 4.88674 46.9795 17.7
      vertex 4.98 45.421 17.7
    endloop
  endfacet
  facet normal -0 0 1
    outer loop
      vertex 4.57883 46.9182 17.7
      vertex 4.98 45.421 17.7
      vertex 4.88674 46.9795 17.7
    endloop
  endfacet
  facet normal 0 0 1
    outer loop
      vertex 4.98 45.421 17.7
      vertex 4.57883 46.9182 17.7
      vertex 4.87472 45.3853 17.7
    endloop
  endfacet
  facet normal -0 0 1
    outer loop
      vertex 4.28156 46.8173 17.7
      vertex 4.87472 45.3853 17.7
      vertex 4.57883 46.9182 17.7
    endloop
  endfacet
  facet normal 0 0 1
    outer loop
      vertex 4.87472 45.3853 17.7
      vertex 4.28156 46.8173 17.7
      vertex 4.775 45.3361 17.7
    endloop
  endfacet
  facet normal -0 0 1
    outer loop
      vertex 4 46.6785 17.7
      vertex 4.775 45.3361 17.7
      vertex 4.28156 46.8173 17.7
    endloop
  endfacet
  facet normal 0 0 1
    outer loop
      vertex 4.775 45.3361 17.7
      vertex 4 46.6785 17.7
      vertex 4.68255 45.2743 17.7
    endloop
  endfacet
  facet normal -0 0 1
    outer loop
      vertex 3.73897 46.504 17.7
      vertex 4.68255 45.2743 17.7
      vertex 4 46.6785 17.7
    endloop
  endfacet
  facet normal 0 0 1
    outer loop
      vertex 4.68255 45.2743 17.7
      vertex 3.73897 46.504 17.7
      vertex 4.59896 45.201 17.7
    endloop
  endfacet
  facet normal -0 0 1
    outer loop
      vertex 3.50294 46.2971 17.7
      vertex 4.59896 45.201 17.7
      vertex 3.73897 46.504 17.7
    endloop
  endfacet
  facet normal 0 0 1
    outer loop
      vertex 4.59896 45.201 17.7
      vertex 3.50294 46.2971 17.7
      vertex 4.52565 45.1174 17.7
    endloop
  endfacet
  facet normal 0 0 1
    outer loop
      vertex 4.52565 45.1174 17.7
      vertex 3.29595 46.061 17.7
      vertex 4.46388 45.025 17.7
    endloop
  endfacet
  facet normal -0 0 1
    outer loop
      vertex 3.29595 46.061 17.7
      vertex 4.52565 45.1174 17.7
      vertex 3.50294 46.2971 17.7
    endloop
  endfacet
  facet normal -0 0 1
    outer loop
      vertex 5.87435 44.0826 17.7
      vertex 7.10405 43.139 17.7
      vertex 5.93612 44.175 17.7
    endloop
  endfacet
  facet normal 0 0 1
    outer loop
      vertex 7.10405 43.139 17.7
      vertex 5.87435 44.0826 17.7
      vertex 6.89706 42.9029 17.7
    endloop
  endfacet
  facet normal -0 0 1
    outer loop
      vertex 5.80104 43.999 17.7
      vertex 6.89706 42.9029 17.7
      vertex 5.87435 44.0826 17.7
    endloop
  endfacet
  facet normal 0 0 1
    outer loop
      vertex 6.89706 42.9029 17.7
      vertex 5.80104 43.999 17.7
      vertex 6.66103 42.696 17.7
    endloop
  endfacet
  facet normal -0 0 1
    outer loop
      vertex 5.71745 43.9257 17.7
      vertex 6.66103 42.696 17.7
      vertex 5.80104 43.999 17.7
    endloop
  endfacet
  facet normal 0 0 1
    outer loop
      vertex 6.66103 42.696 17.7
      vertex 5.71745 43.9257 17.7
      vertex 6.4 42.5215 17.7
    endloop
  endfacet
  facet normal -0 0 1
    outer loop
      vertex 5.625 43.8639 17.7
      vertex 6.4 42.5215 17.7
      vertex 5.71745 43.9257 17.7
    endloop
  endfacet
  facet normal 0 0 1
    outer loop
      vertex 6.4 42.5215 17.7
      vertex 5.625 43.8639 17.7
      vertex 6.11844 42.3827 17.7
    endloop
  endfacet
  facet normal -0 0 1
    outer loop
      vertex 5.52528 43.8147 17.7
      vertex 6.11844 42.3827 17.7
      vertex 5.625 43.8639 17.7
    endloop
  endfacet
  facet normal 0 0 1
    outer loop
      vertex 6.11844 42.3827 17.7
      vertex 5.52528 43.8147 17.7
      vertex 5.82117 42.2818 17.7
    endloop
  endfacet
  facet normal -0 0 1
    outer loop
      vertex 5.42 43.779 17.7
      vertex 5.82117 42.2818 17.7
      vertex 5.52528 43.8147 17.7
    endloop
  endfacet
  facet normal 0 0 1
    outer loop
      vertex 5.82117 42.2818 17.7
      vertex 5.42 43.779 17.7
      vertex 5.51326 42.2205 17.7
    endloop
  endfacet
  facet normal -0 0 1
    outer loop
      vertex 5.31095 43.7573 17.7
      vertex 5.51326 42.2205 17.7
      vertex 5.42 43.779 17.7
    endloop
  endfacet
  facet normal -0 0 1
    outer loop
      vertex 5.2 43.75 17.7
      vertex 5.51326 42.2205 17.7
      vertex 5.31095 43.7573 17.7
    endloop
  endfacet
  facet normal 0 0 1
    outer loop
      vertex 5.2 43.75 17.7
      vertex 5.2 42.2 17.7
      vertex 5.51326 42.2205 17.7
    endloop
  endfacet
  facet normal 0 0 1
    outer loop
      vertex 5.08905 43.7573 17.7
      vertex 5.2 42.2 17.7
      vertex 5.2 43.75 17.7
    endloop
  endfacet
  facet normal 0 0 1
    outer loop
      vertex 4.88674 42.2205 17.7
      vertex 5.08905 43.7573 17.7
      vertex 4.98 43.779 17.7
    endloop
  endfacet
  facet normal 0 0 1
    outer loop
      vertex 5.08905 43.7573 17.7
      vertex 4.88674 42.2205 17.7
      vertex 5.2 42.2 17.7
    endloop
  endfacet
  facet normal 0 0 1
    outer loop
      vertex 4.57883 42.2818 17.7
      vertex 4.98 43.779 17.7
      vertex 4.87472 43.8147 17.7
    endloop
  endfacet
  facet normal 0 0 1
    outer loop
      vertex 4.28156 42.3827 17.7
      vertex 4.87472 43.8147 17.7
      vertex 4.775 43.8639 17.7
    endloop
  endfacet
  facet normal 0 0 1
    outer loop
      vertex 4 42.5215 17.7
      vertex 4.775 43.8639 17.7
      vertex 4.68255 43.9257 17.7
    endloop
  endfacet
  facet normal 0 0 1
    outer loop
      vertex 3.73897 42.696 17.7
      vertex 4.68255 43.9257 17.7
      vertex 4.59896 43.999 17.7
    endloop
  endfacet
  facet normal 0 0 1
    outer loop
      vertex 4.98 43.779 17.7
      vertex 4.57883 42.2818 17.7
      vertex 4.88674 42.2205 17.7
    endloop
  endfacet
  facet normal 0 0 1
    outer loop
      vertex 3.50294 42.9029 17.7
      vertex 4.59896 43.999 17.7
      vertex 4.52565 44.0826 17.7
    endloop
  endfacet
  facet normal 0 0 1
    outer loop
      vertex 3.29595 43.139 17.7
      vertex 4.52565 44.0826 17.7
      vertex 4.46388 44.175 17.7
    endloop
  endfacet
  facet normal 0 0 1
    outer loop
      vertex 3.12154 43.4 17.7
      vertex 4.46388 44.175 17.7
      vertex 4.4147 44.2747 17.7
    endloop
  endfacet
  facet normal 0 0 1
    outer loop
      vertex 2.98269 43.6816 17.7
      vertex 4.4147 44.2747 17.7
      vertex 4.37896 44.38 17.7
    endloop
  endfacet
  facet normal 0 0 1
    outer loop
      vertex 2.88178 43.9788 17.7
      vertex 4.37896 44.38 17.7
      vertex 4.35727 44.4891 17.7
    endloop
  endfacet
  facet normal 0 0 1
    outer loop
      vertex 4.87472 43.8147 17.7
      vertex 4.28156 42.3827 17.7
      vertex 4.57883 42.2818 17.7
    endloop
  endfacet
  facet normal 0 0 1
    outer loop
      vertex 2.82053 44.2867 17.7
      vertex 4.35727 44.4891 17.7
      vertex 4.35 44.6 17.7
    endloop
  endfacet
  facet normal -0 0 1
    outer loop
      vertex 3.12154 45.8 17.7
      vertex 4.46388 45.025 17.7
      vertex 3.29595 46.061 17.7
    endloop
  endfacet
  facet normal 0 0 1
    outer loop
      vertex 4.46388 45.025 17.7
      vertex 3.12154 45.8 17.7
      vertex 4.4147 44.9253 17.7
    endloop
  endfacet
  facet normal 0 0 1
    outer loop
      vertex 4.775 43.8639 17.7
      vertex 4 42.5215 17.7
      vertex 4.28156 42.3827 17.7
    endloop
  endfacet
  facet normal -0 0 1
    outer loop
      vertex 2.98269 45.5184 17.7
      vertex 4.4147 44.9253 17.7
      vertex 3.12154 45.8 17.7
    endloop
  endfacet
  facet normal 0 0 1
    outer loop
      vertex 4.68255 43.9257 17.7
      vertex 3.73897 42.696 17.7
      vertex 4 42.5215 17.7
    endloop
  endfacet
  facet normal 0 0 1
    outer loop
      vertex 4.4147 44.9253 17.7
      vertex 2.98269 45.5184 17.7
      vertex 4.37896 44.82 17.7
    endloop
  endfacet
  facet normal 0 0 1
    outer loop
      vertex 4.59896 43.999 17.7
      vertex 3.50294 42.9029 17.7
      vertex 3.73897 42.696 17.7
    endloop
  endfacet
  facet normal -0 0 1
    outer loop
      vertex 2.88178 45.2212 17.7
      vertex 4.37896 44.82 17.7
      vertex 2.98269 45.5184 17.7
    endloop
  endfacet
  facet normal 0 0 1
    outer loop
      vertex 4.52565 44.0826 17.7
      vertex 3.29595 43.139 17.7
      vertex 3.50294 42.9029 17.7
    endloop
  endfacet
  facet normal 0 0 1
    outer loop
      vertex 4.37896 44.82 17.7
      vertex 2.88178 45.2212 17.7
      vertex 4.35727 44.7109 17.7
    endloop
  endfacet
  facet normal 0 0 1
    outer loop
      vertex 4.46388 44.175 17.7
      vertex 3.12154 43.4 17.7
      vertex 3.29595 43.139 17.7
    endloop
  endfacet
  facet normal -0 0 1
    outer loop
      vertex 2.82053 44.9133 17.7
      vertex 4.35727 44.7109 17.7
      vertex 2.88178 45.2212 17.7
    endloop
  endfacet
  facet normal 0 0 1
    outer loop
      vertex 4.4147 44.2747 17.7
      vertex 2.98269 43.6816 17.7
      vertex 3.12154 43.4 17.7
    endloop
  endfacet
  facet normal 0 0 1
    outer loop
      vertex 4.35727 44.7109 17.7
      vertex 2.82053 44.9133 17.7
      vertex 4.35 44.6 17.7
    endloop
  endfacet
  facet normal 0 0 1
    outer loop
      vertex 4.37896 44.38 17.7
      vertex 2.88178 43.9788 17.7
      vertex 2.98269 43.6816 17.7
    endloop
  endfacet
  facet normal 0 0 1
    outer loop
      vertex 2.8 44.6 17.7
      vertex 4.35 44.6 17.7
      vertex 2.82053 44.9133 17.7
    endloop
  endfacet
  facet normal 0 0 1
    outer loop
      vertex 4.35727 44.4891 17.7
      vertex 2.82053 44.2867 17.7
      vertex 2.88178 43.9788 17.7
    endloop
  endfacet
  facet normal 0 0 1
    outer loop
      vertex 4.35 44.6 17.7
      vertex 2.8 44.6 17.7
      vertex 2.82053 44.2867 17.7
    endloop
  endfacet
  facet normal -0.0653012 0.997866 0
    outer loop
      vertex 5.2 47 1.6
      vertex 4.88674 46.9795 7.6
      vertex 5.2 47 7.6
    endloop
  endfacet
  facet normal -0.0653012 0.997866 0
    outer loop
      vertex 4.88674 46.9795 7.6
      vertex 5.2 47 1.6
      vertex 4.88674 46.9795 1.6
    endloop
  endfacet
  facet normal -0.0653012 0.997866 0
    outer loop
      vertex 5.2 47 9.1
      vertex 4.88674 46.9795 17.7
      vertex 5.2 47 17.7
    endloop
  endfacet
  facet normal -0.0653012 0.997866 0
    outer loop
      vertex 4.88674 46.9795 17.7
      vertex 5.2 47 9.1
      vertex 4.88674 46.9795 9.1
    endloop
  endfacet
  facet normal 0.99786 -0.065388 0
    outer loop
      vertex 7.57947 44.2867 7.6
      vertex 7.6 44.6 1.6
      vertex 7.6 44.6 7.6
    endloop
  endfacet
  facet normal 0.99786 -0.065388 0
    outer loop
      vertex 7.6 44.6 1.6
      vertex 7.57947 44.2867 7.6
      vertex 7.57947 44.2867 1.6
    endloop
  endfacet
  facet normal 0.99786 -0.065388 0
    outer loop
      vertex 7.57947 44.2867 17.7
      vertex 7.6 44.6 9.1
      vertex 7.6 44.6 17.7
    endloop
  endfacet
  facet normal 0.99786 -0.065388 0
    outer loop
      vertex 7.6 44.6 9.1
      vertex 7.57947 44.2867 17.7
      vertex 7.57947 44.2867 9.1
    endloop
  endfacet
  facet normal 0.0653012 -0.997866 0
    outer loop
      vertex 5.2 42.2 1.6
      vertex 5.51326 42.2205 7.6
      vertex 5.2 42.2 7.6
    endloop
  endfacet
  facet normal 0.0653012 -0.997866 0
    outer loop
      vertex 5.51326 42.2205 7.6
      vertex 5.2 42.2 1.6
      vertex 5.51326 42.2205 1.6
    endloop
  endfacet
  facet normal 0.0653012 -0.997866 0
    outer loop
      vertex 5.2 42.2 9.1
      vertex 5.51326 42.2205 17.7
      vertex 5.2 42.2 17.7
    endloop
  endfacet
  facet normal 0.0653012 -0.997866 0
    outer loop
      vertex 5.51326 42.2205 17.7
      vertex 5.2 42.2 9.1
      vertex 5.51326 42.2205 9.1
    endloop
  endfacet
  facet normal 0.659179 -0.751986 0
    outer loop
      vertex 6.66103 42.696 1.6
      vertex 6.89706 42.9029 7.6
      vertex 6.66103 42.696 7.6
    endloop
  endfacet
  facet normal 0.659179 -0.751986 0
    outer loop
      vertex 6.89706 42.9029 7.6
      vertex 6.66103 42.696 1.6
      vertex 6.89706 42.9029 1.6
    endloop
  endfacet
  facet normal 0.659179 -0.751986 0
    outer loop
      vertex 6.66103 42.696 9.1
      vertex 6.89706 42.9029 17.7
      vertex 6.66103 42.696 17.7
    endloop
  endfacet
  facet normal 0.659179 -0.751986 0
    outer loop
      vertex 6.89706 42.9029 17.7
      vertex 6.66103 42.696 9.1
      vertex 6.89706 42.9029 9.1
    endloop
  endfacet
  facet normal 0.831447 -0.555604 0
    outer loop
      vertex 7.10405 43.139 7.6
      vertex 7.27846 43.4 1.6
      vertex 7.27846 43.4 7.6
    endloop
  endfacet
  facet normal 0.831447 -0.555604 0
    outer loop
      vertex 7.27846 43.4 1.6
      vertex 7.10405 43.139 7.6
      vertex 7.10405 43.139 1.6
    endloop
  endfacet
  facet normal 0.831447 -0.555604 0
    outer loop
      vertex 7.10405 43.139 17.7
      vertex 7.27846 43.4 9.1
      vertex 7.27846 43.4 17.7
    endloop
  endfacet
  facet normal 0.831447 -0.555604 0
    outer loop
      vertex 7.27846 43.4 9.1
      vertex 7.10405 43.139 17.7
      vertex 7.10405 43.139 9.1
    endloop
  endfacet
  facet normal 0.980782 -0.195105 0
    outer loop
      vertex 7.51822 43.9788 7.6
      vertex 7.57947 44.2867 1.6
      vertex 7.57947 44.2867 7.6
    endloop
  endfacet
  facet normal 0.980782 -0.195105 0
    outer loop
      vertex 7.57947 44.2867 1.6
      vertex 7.51822 43.9788 7.6
      vertex 7.51822 43.9788 1.6
    endloop
  endfacet
  facet normal 0.980782 -0.195105 0
    outer loop
      vertex 7.51822 43.9788 17.7
      vertex 7.57947 44.2867 9.1
      vertex 7.57947 44.2867 17.7
    endloop
  endfacet
  facet normal 0.980782 -0.195105 0
    outer loop
      vertex 7.57947 44.2867 9.1
      vertex 7.51822 43.9788 17.7
      vertex 7.51822 43.9788 9.1
    endloop
  endfacet
  facet normal -0.555758 -0.831344 0
    outer loop
      vertex 3.73897 42.696 1.6
      vertex 4 42.5215 7.6
      vertex 3.73897 42.696 7.6
    endloop
  endfacet
  facet normal -0.555758 -0.831344 -0
    outer loop
      vertex 4 42.5215 7.6
      vertex 3.73897 42.696 1.6
      vertex 4 42.5215 1.6
    endloop
  endfacet
  facet normal -0.555758 -0.831344 0
    outer loop
      vertex 3.73897 42.696 9.1
      vertex 4 42.5215 17.7
      vertex 3.73897 42.696 17.7
    endloop
  endfacet
  facet normal -0.555758 -0.831344 -0
    outer loop
      vertex 4 42.5215 17.7
      vertex 3.73897 42.696 9.1
      vertex 4 42.5215 9.1
    endloop
  endfacet
  facet normal -0.44216 -0.896936 0
    outer loop
      vertex 4 42.5215 9.1
      vertex 4.28156 42.3827 17.7
      vertex 4 42.5215 17.7
    endloop
  endfacet
  facet normal -0.44216 -0.896936 -0
    outer loop
      vertex 4.28156 42.3827 17.7
      vertex 4 42.5215 9.1
      vertex 4.28156 42.3827 9.1
    endloop
  endfacet
  facet normal -0.44216 -0.896936 0
    outer loop
      vertex 4 42.5215 1.6
      vertex 4.28156 42.3827 7.6
      vertex 4 42.5215 7.6
    endloop
  endfacet
  facet normal -0.44216 -0.896936 -0
    outer loop
      vertex 4.28156 42.3827 7.6
      vertex 4 42.5215 1.6
      vertex 4.28156 42.3827 1.6
    endloop
  endfacet
  facet normal -0.195252 -0.980753 0
    outer loop
      vertex 4.57883 42.2818 1.6
      vertex 4.88674 42.2205 7.6
      vertex 4.57883 42.2818 7.6
    endloop
  endfacet
  facet normal -0.195252 -0.980753 -0
    outer loop
      vertex 4.88674 42.2205 7.6
      vertex 4.57883 42.2818 1.6
      vertex 4.88674 42.2205 1.6
    endloop
  endfacet
  facet normal -0.195252 -0.980753 0
    outer loop
      vertex 4.57883 42.2818 9.1
      vertex 4.88674 42.2205 17.7
      vertex 4.57883 42.2818 17.7
    endloop
  endfacet
  facet normal -0.195252 -0.980753 -0
    outer loop
      vertex 4.88674 42.2205 17.7
      vertex 4.57883 42.2818 9.1
      vertex 4.88674 42.2205 9.1
    endloop
  endfacet
  facet normal -0.896898 -0.442238 0
    outer loop
      vertex 3.12154 43.4 9.1
      vertex 2.98269 43.6816 17.7
      vertex 2.98269 43.6816 9.1
    endloop
  endfacet
  facet normal -0.896898 -0.442238 0
    outer loop
      vertex 2.98269 43.6816 17.7
      vertex 3.12154 43.4 9.1
      vertex 3.12154 43.4 17.7
    endloop
  endfacet
  facet normal -0.896898 -0.442238 0
    outer loop
      vertex 3.12154 43.4 1.6
      vertex 2.98269 43.6816 7.6
      vertex 2.98269 43.6816 1.6
    endloop
  endfacet
  facet normal -0.896898 -0.442238 0
    outer loop
      vertex 2.98269 43.6816 7.6
      vertex 3.12154 43.4 1.6
      vertex 3.12154 43.4 7.6
    endloop
  endfacet
  facet normal -0.946907 -0.321509 0
    outer loop
      vertex 2.98269 43.6816 1.6
      vertex 2.88178 43.9788 7.6
      vertex 2.88178 43.9788 1.6
    endloop
  endfacet
  facet normal -0.946907 -0.321509 0
    outer loop
      vertex 2.88178 43.9788 7.6
      vertex 2.98269 43.6816 1.6
      vertex 2.98269 43.6816 7.6
    endloop
  endfacet
  facet normal -0.946907 -0.321509 0
    outer loop
      vertex 2.98269 43.6816 9.1
      vertex 2.88178 43.9788 17.7
      vertex 2.88178 43.9788 9.1
    endloop
  endfacet
  facet normal -0.946907 -0.321509 0
    outer loop
      vertex 2.88178 43.9788 17.7
      vertex 2.98269 43.6816 9.1
      vertex 2.98269 43.6816 17.7
    endloop
  endfacet
  facet normal -0.99786 -0.065388 0
    outer loop
      vertex 2.82053 44.2867 1.6
      vertex 2.8 44.6 7.6
      vertex 2.8 44.6 1.6
    endloop
  endfacet
  facet normal -0.99786 -0.065388 0
    outer loop
      vertex 2.8 44.6 7.6
      vertex 2.82053 44.2867 1.6
      vertex 2.82053 44.2867 7.6
    endloop
  endfacet
  facet normal -0.99786 -0.065388 0
    outer loop
      vertex 2.82053 44.2867 9.1
      vertex 2.8 44.6 17.7
      vertex 2.8 44.6 9.1
    endloop
  endfacet
  facet normal -0.99786 -0.065388 0
    outer loop
      vertex 2.8 44.6 17.7
      vertex 2.82053 44.2867 9.1
      vertex 2.82053 44.2867 17.7
    endloop
  endfacet
  facet normal 0.751941 0.65923 0
    outer loop
      vertex 7.10405 46.061 7.6
      vertex 6.89706 46.2971 1.6
      vertex 6.89706 46.2971 7.6
    endloop
  endfacet
  facet normal 0.751941 0.65923 0
    outer loop
      vertex 6.89706 46.2971 1.6
      vertex 7.10405 46.061 7.6
      vertex 7.10405 46.061 1.6
    endloop
  endfacet
  facet normal 0.751941 0.65923 0
    outer loop
      vertex 7.10405 46.061 17.7
      vertex 6.89706 46.2971 9.1
      vertex 6.89706 46.2971 17.7
    endloop
  endfacet
  facet normal 0.751941 0.65923 0
    outer loop
      vertex 6.89706 46.2971 9.1
      vertex 7.10405 46.061 17.7
      vertex 7.10405 46.061 9.1
    endloop
  endfacet
  facet normal 0.44216 0.896936 -0
    outer loop
      vertex 6.4 46.6785 1.6
      vertex 6.11844 46.8173 7.6
      vertex 6.4 46.6785 7.6
    endloop
  endfacet
  facet normal 0.44216 0.896936 0
    outer loop
      vertex 6.11844 46.8173 7.6
      vertex 6.4 46.6785 1.6
      vertex 6.11844 46.8173 1.6
    endloop
  endfacet
  facet normal 0.44216 0.896936 -0
    outer loop
      vertex 6.4 46.6785 9.1
      vertex 6.11844 46.8173 17.7
      vertex 6.4 46.6785 17.7
    endloop
  endfacet
  facet normal 0.44216 0.896936 0
    outer loop
      vertex 6.11844 46.8173 17.7
      vertex 6.4 46.6785 9.1
      vertex 6.11844 46.8173 9.1
    endloop
  endfacet
  facet normal -0.44216 0.896936 0
    outer loop
      vertex 4.28156 46.8173 1.6
      vertex 4 46.6785 7.6
      vertex 4.28156 46.8173 7.6
    endloop
  endfacet
  facet normal -0.44216 0.896936 0
    outer loop
      vertex 4 46.6785 7.6
      vertex 4.28156 46.8173 1.6
      vertex 4 46.6785 1.6
    endloop
  endfacet
  facet normal -0.44216 0.896936 0
    outer loop
      vertex 4.28156 46.8173 9.1
      vertex 4 46.6785 17.7
      vertex 4.28156 46.8173 17.7
    endloop
  endfacet
  facet normal -0.44216 0.896936 0
    outer loop
      vertex 4 46.6785 17.7
      vertex 4.28156 46.8173 9.1
      vertex 4 46.6785 9.1
    endloop
  endfacet
  facet normal 0.195252 -0.980753 0
    outer loop
      vertex 5.51326 42.2205 1.6
      vertex 5.82117 42.2818 7.6
      vertex 5.51326 42.2205 7.6
    endloop
  endfacet
  facet normal 0.195252 -0.980753 0
    outer loop
      vertex 5.82117 42.2818 7.6
      vertex 5.51326 42.2205 1.6
      vertex 5.82117 42.2818 1.6
    endloop
  endfacet
  facet normal 0.195252 -0.980753 0
    outer loop
      vertex 5.51326 42.2205 9.1
      vertex 5.82117 42.2818 17.7
      vertex 5.51326 42.2205 17.7
    endloop
  endfacet
  facet normal 0.195252 -0.980753 0
    outer loop
      vertex 5.82117 42.2818 17.7
      vertex 5.51326 42.2205 9.1
      vertex 5.82117 42.2818 9.1
    endloop
  endfacet
  facet normal 0.44216 -0.896936 0
    outer loop
      vertex 6.11844 42.3827 1.6
      vertex 6.4 42.5215 7.6
      vertex 6.11844 42.3827 7.6
    endloop
  endfacet
  facet normal 0.44216 -0.896936 0
    outer loop
      vertex 6.4 42.5215 7.6
      vertex 6.11844 42.3827 1.6
      vertex 6.4 42.5215 1.6
    endloop
  endfacet
  facet normal 0.44216 -0.896936 0
    outer loop
      vertex 6.11844 42.3827 9.1
      vertex 6.4 42.5215 17.7
      vertex 6.11844 42.3827 17.7
    endloop
  endfacet
  facet normal 0.44216 -0.896936 0
    outer loop
      vertex 6.4 42.5215 17.7
      vertex 6.11844 42.3827 9.1
      vertex 6.4 42.5215 9.1
    endloop
  endfacet
  facet normal 0.896898 -0.442238 0
    outer loop
      vertex 7.27846 43.4 7.6
      vertex 7.41731 43.6816 1.6
      vertex 7.41731 43.6816 7.6
    endloop
  endfacet
  facet normal 0.896898 -0.442238 0
    outer loop
      vertex 7.41731 43.6816 1.6
      vertex 7.27846 43.4 7.6
      vertex 7.27846 43.4 1.6
    endloop
  endfacet
  facet normal 0.896898 -0.442238 0
    outer loop
      vertex 7.27846 43.4 17.7
      vertex 7.41731 43.6816 9.1
      vertex 7.41731 43.6816 17.7
    endloop
  endfacet
  facet normal 0.896898 -0.442238 0
    outer loop
      vertex 7.41731 43.6816 9.1
      vertex 7.27846 43.4 17.7
      vertex 7.27846 43.4 9.1
    endloop
  endfacet
  facet normal -0.831447 -0.555604 0
    outer loop
      vertex 3.29595 43.139 1.6
      vertex 3.12154 43.4 7.6
      vertex 3.12154 43.4 1.6
    endloop
  endfacet
  facet normal -0.831447 -0.555604 0
    outer loop
      vertex 3.12154 43.4 7.6
      vertex 3.29595 43.139 1.6
      vertex 3.29595 43.139 7.6
    endloop
  endfacet
  facet normal -0.831447 -0.555604 0
    outer loop
      vertex 3.29595 43.139 9.1
      vertex 3.12154 43.4 17.7
      vertex 3.12154 43.4 9.1
    endloop
  endfacet
  facet normal -0.831447 -0.555604 0
    outer loop
      vertex 3.12154 43.4 17.7
      vertex 3.29595 43.139 9.1
      vertex 3.29595 43.139 17.7
    endloop
  endfacet
  facet normal -0.980782 -0.195105 0
    outer loop
      vertex 2.88178 43.9788 1.6
      vertex 2.82053 44.2867 7.6
      vertex 2.82053 44.2867 1.6
    endloop
  endfacet
  facet normal -0.980782 -0.195105 0
    outer loop
      vertex 2.82053 44.2867 7.6
      vertex 2.88178 43.9788 1.6
      vertex 2.88178 43.9788 7.6
    endloop
  endfacet
  facet normal -0.980782 -0.195105 0
    outer loop
      vertex 2.88178 43.9788 9.1
      vertex 2.82053 44.2867 17.7
      vertex 2.82053 44.2867 9.1
    endloop
  endfacet
  facet normal -0.980782 -0.195105 0
    outer loop
      vertex 2.82053 44.2867 17.7
      vertex 2.88178 43.9788 9.1
      vertex 2.88178 43.9788 17.7
    endloop
  endfacet
  facet normal -0.997858 -0.0654141 0
    outer loop
      vertex 6.05 44.6 10.7
      vertex 6.04273 44.7109 17.7
      vertex 6.04273 44.7109 10.7
    endloop
  endfacet
  facet normal -0.997858 -0.0654141 0
    outer loop
      vertex 6.04273 44.7109 17.7
      vertex 6.05 44.6 10.7
      vertex 6.05 44.6 17.7
    endloop
  endfacet
  facet normal 0.997858 -0.0654141 0
    outer loop
      vertex 4.35 44.6 17.7
      vertex 4.35727 44.7109 10.7
      vertex 4.35727 44.7109 17.7
    endloop
  endfacet
  facet normal 0.997858 -0.0654141 0
    outer loop
      vertex 4.35727 44.7109 10.7
      vertex 4.35 44.6 17.7
      vertex 4.35 44.6 10.7
    endloop
  endfacet
  facet normal 0.0656534 -0.997842 0
    outer loop
      vertex 5.08905 45.4427 10.7
      vertex 5.2 45.45 17.7
      vertex 5.08905 45.4427 17.7
    endloop
  endfacet
  facet normal 0.0656534 -0.997842 0
    outer loop
      vertex 5.2 45.45 17.7
      vertex 5.08905 45.4427 10.7
      vertex 5.2 45.45 10.7
    endloop
  endfacet
  facet normal -0.0656534 0.997842 0
    outer loop
      vertex 5.31095 43.7573 10.7
      vertex 5.2 43.75 17.7
      vertex 5.31095 43.7573 17.7
    endloop
  endfacet
  facet normal -0.0656534 0.997842 0
    outer loop
      vertex 5.2 43.75 17.7
      vertex 5.31095 43.7573 10.7
      vertex 5.2 43.75 10.7
    endloop
  endfacet
  facet normal -0.751863 0.659319 0
    outer loop
      vertex 5.80104 43.999 10.7
      vertex 5.87435 44.0826 17.7
      vertex 5.87435 44.0826 10.7
    endloop
  endfacet
  facet normal -0.751863 0.659319 0
    outer loop
      vertex 5.87435 44.0826 17.7
      vertex 5.80104 43.999 10.7
      vertex 5.80104 43.999 17.7
    endloop
  endfacet
  facet normal -0.659313 -0.751869 0
    outer loop
      vertex 5.71745 45.2743 10.7
      vertex 5.80104 45.201 17.7
      vertex 5.71745 45.2743 17.7
    endloop
  endfacet
  facet normal -0.659313 -0.751869 -0
    outer loop
      vertex 5.80104 45.201 17.7
      vertex 5.71745 45.2743 10.7
      vertex 5.80104 45.201 10.7
    endloop
  endfacet
  facet normal 0.751863 -0.659319 0
    outer loop
      vertex 4.52565 45.1174 17.7
      vertex 4.59896 45.201 10.7
      vertex 4.59896 45.201 17.7
    endloop
  endfacet
  facet normal 0.751863 -0.659319 0
    outer loop
      vertex 4.59896 45.201 10.7
      vertex 4.52565 45.1174 17.7
      vertex 4.52565 45.1174 10.7
    endloop
  endfacet
  facet normal 0.442459 -0.896789 0
    outer loop
      vertex 4.775 45.3361 10.7
      vertex 4.87472 45.3853 17.7
      vertex 4.775 45.3361 17.7
    endloop
  endfacet
  facet normal 0.442459 -0.896789 0
    outer loop
      vertex 4.87472 45.3853 17.7
      vertex 4.775 45.3361 10.7
      vertex 4.87472 45.3853 10.7
    endloop
  endfacet
  facet normal -0.896825 -0.442386 0
    outer loop
      vertex 5.9853 44.9253 10.7
      vertex 5.93612 45.025 17.7
      vertex 5.93612 45.025 10.7
    endloop
  endfacet
  facet normal -0.896825 -0.442386 0
    outer loop
      vertex 5.93612 45.025 17.7
      vertex 5.9853 44.9253 10.7
      vertex 5.9853 44.9253 17.7
    endloop
  endfacet
  facet normal -0.831344 -0.555759 0
    outer loop
      vertex 5.93612 45.025 10.7
      vertex 5.87435 45.1174 17.7
      vertex 5.87435 45.1174 10.7
    endloop
  endfacet
  facet normal -0.831344 -0.555759 0
    outer loop
      vertex 5.87435 45.1174 17.7
      vertex 5.93612 45.025 10.7
      vertex 5.93612 45.025 17.7
    endloop
  endfacet
  facet normal -0.321135 -0.947033 0
    outer loop
      vertex 5.42 45.421 10.7
      vertex 5.52528 45.3853 17.7
      vertex 5.42 45.421 17.7
    endloop
  endfacet
  facet normal -0.321135 -0.947033 -0
    outer loop
      vertex 5.52528 45.3853 17.7
      vertex 5.42 45.421 10.7
      vertex 5.52528 45.3853 10.7
    endloop
  endfacet
  facet normal -0.195165 -0.98077 0
    outer loop
      vertex 5.31095 45.4427 10.7
      vertex 5.42 45.421 17.7
      vertex 5.31095 45.4427 17.7
    endloop
  endfacet
  facet normal -0.195165 -0.98077 -0
    outer loop
      vertex 5.42 45.421 17.7
      vertex 5.31095 45.4427 10.7
      vertex 5.42 45.421 10.7
    endloop
  endfacet
  facet normal -0.442459 -0.896789 0
    outer loop
      vertex 5.52528 45.3853 10.7
      vertex 5.625 45.3361 17.7
      vertex 5.52528 45.3853 17.7
    endloop
  endfacet
  facet normal -0.442459 -0.896789 -0
    outer loop
      vertex 5.625 45.3361 17.7
      vertex 5.52528 45.3853 10.7
      vertex 5.625 45.3361 10.7
    endloop
  endfacet
  facet normal 0.896825 -0.442386 0
    outer loop
      vertex 4.4147 44.9253 17.7
      vertex 4.46388 45.025 10.7
      vertex 4.46388 45.025 17.7
    endloop
  endfacet
  facet normal 0.896825 -0.442386 0
    outer loop
      vertex 4.46388 45.025 10.7
      vertex 4.4147 44.9253 17.7
      vertex 4.4147 44.9253 10.7
    endloop
  endfacet
  facet normal 0.831344 -0.555759 0
    outer loop
      vertex 4.46388 45.025 17.7
      vertex 4.52565 45.1174 10.7
      vertex 4.52565 45.1174 17.7
    endloop
  endfacet
  facet normal 0.831344 -0.555759 0
    outer loop
      vertex 4.52565 45.1174 10.7
      vertex 4.46388 45.025 17.7
      vertex 4.46388 45.025 10.7
    endloop
  endfacet
  facet normal 0.555737 -0.831358 0
    outer loop
      vertex 4.68255 45.2743 10.7
      vertex 4.775 45.3361 17.7
      vertex 4.68255 45.2743 17.7
    endloop
  endfacet
  facet normal 0.555737 -0.831358 0
    outer loop
      vertex 4.775 45.3361 17.7
      vertex 4.68255 45.2743 10.7
      vertex 4.775 45.3361 10.7
    endloop
  endfacet
  facet normal 0.321135 -0.947033 0
    outer loop
      vertex 4.87472 45.3853 10.7
      vertex 4.98 45.421 17.7
      vertex 4.87472 45.3853 17.7
    endloop
  endfacet
  facet normal 0.321135 -0.947033 0
    outer loop
      vertex 4.98 45.421 17.7
      vertex 4.87472 45.3853 10.7
      vertex 4.98 45.421 10.7
    endloop
  endfacet
  facet normal 0 0 1
    outer loop
      vertex 6.04273 44.7109 10.7
      vertex 6.04273 44.4891 10.7
      vertex 6.05 44.6 10.7
    endloop
  endfacet
  facet normal 0 0 1
    outer loop
      vertex 6.02104 44.82 10.7
      vertex 6.04273 44.4891 10.7
      vertex 6.04273 44.7109 10.7
    endloop
  endfacet
  facet normal 0 0 1
    outer loop
      vertex 6.02104 44.82 10.7
      vertex 6.02104 44.38 10.7
      vertex 6.04273 44.4891 10.7
    endloop
  endfacet
  facet normal 0 0 1
    outer loop
      vertex 5.9853 44.9253 10.7
      vertex 6.02104 44.38 10.7
      vertex 6.02104 44.82 10.7
    endloop
  endfacet
  facet normal 0 0 1
    outer loop
      vertex 5.9853 44.9253 10.7
      vertex 5.9853 44.2747 10.7
      vertex 6.02104 44.38 10.7
    endloop
  endfacet
  facet normal 0 0 1
    outer loop
      vertex 5.93612 45.025 10.7
      vertex 5.9853 44.2747 10.7
      vertex 5.9853 44.9253 10.7
    endloop
  endfacet
  facet normal 0 0 1
    outer loop
      vertex 5.93612 45.025 10.7
      vertex 5.93612 44.175 10.7
      vertex 5.9853 44.2747 10.7
    endloop
  endfacet
  facet normal 0 0 1
    outer loop
      vertex 5.87435 45.1174 10.7
      vertex 5.93612 44.175 10.7
      vertex 5.93612 45.025 10.7
    endloop
  endfacet
  facet normal 0 0 1
    outer loop
      vertex 5.87435 45.1174 10.7
      vertex 5.87435 44.0826 10.7
      vertex 5.93612 44.175 10.7
    endloop
  endfacet
  facet normal 0 0 1
    outer loop
      vertex 5.80104 45.201 10.7
      vertex 5.87435 44.0826 10.7
      vertex 5.87435 45.1174 10.7
    endloop
  endfacet
  facet normal 0 0 1
    outer loop
      vertex 5.80104 45.201 10.7
      vertex 5.80104 43.999 10.7
      vertex 5.87435 44.0826 10.7
    endloop
  endfacet
  facet normal 0 0 1
    outer loop
      vertex 5.71745 45.2743 10.7
      vertex 5.80104 43.999 10.7
      vertex 5.80104 45.201 10.7
    endloop
  endfacet
  facet normal 0 0 1
    outer loop
      vertex 5.71745 45.2743 10.7
      vertex 5.71745 43.9257 10.7
      vertex 5.80104 43.999 10.7
    endloop
  endfacet
  facet normal 0 0 1
    outer loop
      vertex 5.625 45.3361 10.7
      vertex 5.71745 43.9257 10.7
      vertex 5.71745 45.2743 10.7
    endloop
  endfacet
  facet normal 0 0 1
    outer loop
      vertex 5.625 45.3361 10.7
      vertex 5.625 43.8639 10.7
      vertex 5.71745 43.9257 10.7
    endloop
  endfacet
  facet normal 0 0 1
    outer loop
      vertex 5.52528 45.3853 10.7
      vertex 5.625 43.8639 10.7
      vertex 5.625 45.3361 10.7
    endloop
  endfacet
  facet normal 0 0 1
    outer loop
      vertex 5.52528 45.3853 10.7
      vertex 5.52528 43.8147 10.7
      vertex 5.625 43.8639 10.7
    endloop
  endfacet
  facet normal 0 0 1
    outer loop
      vertex 5.42 45.421 10.7
      vertex 5.52528 43.8147 10.7
      vertex 5.52528 45.3853 10.7
    endloop
  endfacet
  facet normal 0 0 1
    outer loop
      vertex 5.42 45.421 10.7
      vertex 5.42 43.779 10.7
      vertex 5.52528 43.8147 10.7
    endloop
  endfacet
  facet normal 0 0 1
    outer loop
      vertex 5.31095 45.4427 10.7
      vertex 5.42 43.779 10.7
      vertex 5.42 45.421 10.7
    endloop
  endfacet
  facet normal 0 0 1
    outer loop
      vertex 5.31095 45.4427 10.7
      vertex 5.31095 43.7573 10.7
      vertex 5.42 43.779 10.7
    endloop
  endfacet
  facet normal 0 0 1
    outer loop
      vertex 5.2 45.45 10.7
      vertex 5.31095 43.7573 10.7
      vertex 5.31095 45.4427 10.7
    endloop
  endfacet
  facet normal 0 0 1
    outer loop
      vertex 5.2 45.45 10.7
      vertex 5.2 43.75 10.7
      vertex 5.31095 43.7573 10.7
    endloop
  endfacet
  facet normal -0 0 1
    outer loop
      vertex 5.08905 45.4427 10.7
      vertex 5.2 43.75 10.7
      vertex 5.2 45.45 10.7
    endloop
  endfacet
  facet normal 0 0 1
    outer loop
      vertex 5.08905 45.4427 10.7
      vertex 5.08905 43.7573 10.7
      vertex 5.2 43.75 10.7
    endloop
  endfacet
  facet normal -0 0 1
    outer loop
      vertex 4.98 45.421 10.7
      vertex 5.08905 43.7573 10.7
      vertex 5.08905 45.4427 10.7
    endloop
  endfacet
  facet normal 0 0 1
    outer loop
      vertex 4.98 45.421 10.7
      vertex 4.98 43.779 10.7
      vertex 5.08905 43.7573 10.7
    endloop
  endfacet
  facet normal -0 0 1
    outer loop
      vertex 4.87472 45.3853 10.7
      vertex 4.98 43.779 10.7
      vertex 4.98 45.421 10.7
    endloop
  endfacet
  facet normal 0 0 1
    outer loop
      vertex 4.87472 45.3853 10.7
      vertex 4.87472 43.8147 10.7
      vertex 4.98 43.779 10.7
    endloop
  endfacet
  facet normal -0 0 1
    outer loop
      vertex 4.775 45.3361 10.7
      vertex 4.87472 43.8147 10.7
      vertex 4.87472 45.3853 10.7
    endloop
  endfacet
  facet normal 0 0 1
    outer loop
      vertex 4.775 45.3361 10.7
      vertex 4.775 43.8639 10.7
      vertex 4.87472 43.8147 10.7
    endloop
  endfacet
  facet normal -0 0 1
    outer loop
      vertex 4.68255 45.2743 10.7
      vertex 4.775 43.8639 10.7
      vertex 4.775 45.3361 10.7
    endloop
  endfacet
  facet normal 0 0 1
    outer loop
      vertex 4.68255 45.2743 10.7
      vertex 4.68255 43.9257 10.7
      vertex 4.775 43.8639 10.7
    endloop
  endfacet
  facet normal -0 0 1
    outer loop
      vertex 4.59896 45.201 10.7
      vertex 4.68255 43.9257 10.7
      vertex 4.68255 45.2743 10.7
    endloop
  endfacet
  facet normal 0 0 1
    outer loop
      vertex 4.59896 45.201 10.7
      vertex 4.59896 43.999 10.7
      vertex 4.68255 43.9257 10.7
    endloop
  endfacet
  facet normal -0 0 1
    outer loop
      vertex 4.52565 45.1174 10.7
      vertex 4.59896 43.999 10.7
      vertex 4.59896 45.201 10.7
    endloop
  endfacet
  facet normal 0 0 1
    outer loop
      vertex 4.52565 45.1174 10.7
      vertex 4.52565 44.0826 10.7
      vertex 4.59896 43.999 10.7
    endloop
  endfacet
  facet normal -0 0 1
    outer loop
      vertex 4.46388 45.025 10.7
      vertex 4.52565 44.0826 10.7
      vertex 4.52565 45.1174 10.7
    endloop
  endfacet
  facet normal 0 0 1
    outer loop
      vertex 4.46388 45.025 10.7
      vertex 4.46388 44.175 10.7
      vertex 4.52565 44.0826 10.7
    endloop
  endfacet
  facet normal -0 0 1
    outer loop
      vertex 4.4147 44.9253 10.7
      vertex 4.46388 44.175 10.7
      vertex 4.46388 45.025 10.7
    endloop
  endfacet
  facet normal 0 0 1
    outer loop
      vertex 4.4147 44.9253 10.7
      vertex 4.4147 44.2747 10.7
      vertex 4.46388 44.175 10.7
    endloop
  endfacet
  facet normal -0 0 1
    outer loop
      vertex 4.37896 44.82 10.7
      vertex 4.4147 44.2747 10.7
      vertex 4.4147 44.9253 10.7
    endloop
  endfacet
  facet normal 0 0 1
    outer loop
      vertex 4.37896 44.82 10.7
      vertex 4.37896 44.38 10.7
      vertex 4.4147 44.2747 10.7
    endloop
  endfacet
  facet normal -0 0 1
    outer loop
      vertex 4.35727 44.7109 10.7
      vertex 4.37896 44.38 10.7
      vertex 4.37896 44.82 10.7
    endloop
  endfacet
  facet normal 0 0 1
    outer loop
      vertex 4.35727 44.7109 10.7
      vertex 4.35727 44.4891 10.7
      vertex 4.37896 44.38 10.7
    endloop
  endfacet
  facet normal 0 -0 1
    outer loop
      vertex 4.35727 44.4891 10.7
      vertex 4.35727 44.7109 10.7
      vertex 4.35 44.6 10.7
    endloop
  endfacet
  facet normal -0.195165 0.98077 0
    outer loop
      vertex 5.42 43.779 10.7
      vertex 5.31095 43.7573 17.7
      vertex 5.42 43.779 17.7
    endloop
  endfacet
  facet normal -0.195165 0.98077 0
    outer loop
      vertex 5.31095 43.7573 17.7
      vertex 5.42 43.779 10.7
      vertex 5.31095 43.7573 10.7
    endloop
  endfacet
  facet normal -0.442459 0.896789 0
    outer loop
      vertex 5.625 43.8639 10.7
      vertex 5.52528 43.8147 17.7
      vertex 5.625 43.8639 17.7
    endloop
  endfacet
  facet normal -0.442459 0.896789 0
    outer loop
      vertex 5.52528 43.8147 17.7
      vertex 5.625 43.8639 10.7
      vertex 5.52528 43.8147 10.7
    endloop
  endfacet
  facet normal -0.946943 -0.321403 0
    outer loop
      vertex 6.02104 44.82 10.7
      vertex 5.9853 44.9253 17.7
      vertex 5.9853 44.9253 10.7
    endloop
  endfacet
  facet normal -0.946943 -0.321403 0
    outer loop
      vertex 5.9853 44.9253 17.7
      vertex 6.02104 44.82 10.7
      vertex 6.02104 44.82 17.7
    endloop
  endfacet
  facet normal -0.980805 -0.194992 0
    outer loop
      vertex 6.04273 44.7109 10.7
      vertex 6.02104 44.82 17.7
      vertex 6.02104 44.82 10.7
    endloop
  endfacet
  facet normal -0.980805 -0.194992 0
    outer loop
      vertex 6.02104 44.82 17.7
      vertex 6.04273 44.7109 10.7
      vertex 6.04273 44.7109 17.7
    endloop
  endfacet
  facet normal -0.751863 -0.659319 0
    outer loop
      vertex 5.87435 45.1174 10.7
      vertex 5.80104 45.201 17.7
      vertex 5.80104 45.201 10.7
    endloop
  endfacet
  facet normal -0.751863 -0.659319 0
    outer loop
      vertex 5.80104 45.201 17.7
      vertex 5.87435 45.1174 10.7
      vertex 5.87435 45.1174 17.7
    endloop
  endfacet
  facet normal -0.0656534 -0.997842 0
    outer loop
      vertex 5.2 45.45 10.7
      vertex 5.31095 45.4427 17.7
      vertex 5.2 45.45 17.7
    endloop
  endfacet
  facet normal -0.0656534 -0.997842 -0
    outer loop
      vertex 5.31095 45.4427 17.7
      vertex 5.2 45.45 10.7
      vertex 5.31095 45.4427 10.7
    endloop
  endfacet
  facet normal -0.555737 -0.831358 0
    outer loop
      vertex 5.625 45.3361 10.7
      vertex 5.71745 45.2743 17.7
      vertex 5.625 45.3361 17.7
    endloop
  endfacet
  facet normal -0.555737 -0.831358 -0
    outer loop
      vertex 5.71745 45.2743 17.7
      vertex 5.625 45.3361 10.7
      vertex 5.71745 45.2743 10.7
    endloop
  endfacet
  facet normal 0.946943 -0.321403 0
    outer loop
      vertex 4.37896 44.82 17.7
      vertex 4.4147 44.9253 10.7
      vertex 4.4147 44.9253 17.7
    endloop
  endfacet
  facet normal 0.946943 -0.321403 0
    outer loop
      vertex 4.4147 44.9253 10.7
      vertex 4.37896 44.82 17.7
      vertex 4.37896 44.82 10.7
    endloop
  endfacet
  facet normal 0.980805 -0.194992 0
    outer loop
      vertex 4.35727 44.7109 17.7
      vertex 4.37896 44.82 10.7
      vertex 4.37896 44.82 17.7
    endloop
  endfacet
  facet normal 0.980805 -0.194992 0
    outer loop
      vertex 4.37896 44.82 10.7
      vertex 4.35727 44.7109 17.7
      vertex 4.35727 44.7109 10.7
    endloop
  endfacet
  facet normal 0.659313 -0.751869 0
    outer loop
      vertex 4.59896 45.201 10.7
      vertex 4.68255 45.2743 17.7
      vertex 4.59896 45.201 17.7
    endloop
  endfacet
  facet normal 0.659313 -0.751869 0
    outer loop
      vertex 4.68255 45.2743 17.7
      vertex 4.59896 45.201 10.7
      vertex 4.68255 45.2743 10.7
    endloop
  endfacet
  facet normal 0.195165 -0.98077 0
    outer loop
      vertex 4.98 45.421 10.7
      vertex 5.08905 45.4427 17.7
      vertex 4.98 45.421 17.7
    endloop
  endfacet
  facet normal 0.195165 -0.98077 0
    outer loop
      vertex 5.08905 45.4427 17.7
      vertex 4.98 45.421 10.7
      vertex 5.08905 45.4427 10.7
    endloop
  endfacet
  facet normal -0.997858 0.0654141 0
    outer loop
      vertex 6.04273 44.4891 10.7
      vertex 6.05 44.6 17.7
      vertex 6.05 44.6 10.7
    endloop
  endfacet
  facet normal -0.997858 0.0654141 0
    outer loop
      vertex 6.05 44.6 17.7
      vertex 6.04273 44.4891 10.7
      vertex 6.04273 44.4891 17.7
    endloop
  endfacet
  facet normal -0.946943 0.321403 0
    outer loop
      vertex 5.9853 44.2747 10.7
      vertex 6.02104 44.38 17.7
      vertex 6.02104 44.38 10.7
    endloop
  endfacet
  facet normal -0.946943 0.321403 0
    outer loop
      vertex 6.02104 44.38 17.7
      vertex 5.9853 44.2747 10.7
      vertex 5.9853 44.2747 17.7
    endloop
  endfacet
  facet normal -0.980805 0.194992 0
    outer loop
      vertex 6.02104 44.38 10.7
      vertex 6.04273 44.4891 17.7
      vertex 6.04273 44.4891 10.7
    endloop
  endfacet
  facet normal -0.980805 0.194992 0
    outer loop
      vertex 6.04273 44.4891 17.7
      vertex 6.02104 44.38 10.7
      vertex 6.02104 44.38 17.7
    endloop
  endfacet
  facet normal 0.896825 0.442386 0
    outer loop
      vertex 4.46388 44.175 17.7
      vertex 4.4147 44.2747 10.7
      vertex 4.4147 44.2747 17.7
    endloop
  endfacet
  facet normal 0.896825 0.442386 0
    outer loop
      vertex 4.4147 44.2747 10.7
      vertex 4.46388 44.175 17.7
      vertex 4.46388 44.175 10.7
    endloop
  endfacet
  facet normal -0.555737 0.831358 0
    outer loop
      vertex 5.71745 43.9257 10.7
      vertex 5.625 43.8639 17.7
      vertex 5.71745 43.9257 17.7
    endloop
  endfacet
  facet normal -0.555737 0.831358 0
    outer loop
      vertex 5.625 43.8639 17.7
      vertex 5.71745 43.9257 10.7
      vertex 5.625 43.8639 10.7
    endloop
  endfacet
  facet normal 0.980805 0.194992 0
    outer loop
      vertex 4.37896 44.38 17.7
      vertex 4.35727 44.4891 10.7
      vertex 4.35727 44.4891 17.7
    endloop
  endfacet
  facet normal 0.980805 0.194992 0
    outer loop
      vertex 4.35727 44.4891 10.7
      vertex 4.37896 44.38 17.7
      vertex 4.37896 44.38 10.7
    endloop
  endfacet
  facet normal 0.997858 0.0654141 0
    outer loop
      vertex 4.35727 44.4891 17.7
      vertex 4.35 44.6 10.7
      vertex 4.35 44.6 17.7
    endloop
  endfacet
  facet normal 0.997858 0.0654141 0
    outer loop
      vertex 4.35 44.6 10.7
      vertex 4.35727 44.4891 17.7
      vertex 4.35727 44.4891 10.7
    endloop
  endfacet
  facet normal 0.946943 0.321403 0
    outer loop
      vertex 4.4147 44.2747 17.7
      vertex 4.37896 44.38 10.7
      vertex 4.37896 44.38 17.7
    endloop
  endfacet
  facet normal 0.946943 0.321403 0
    outer loop
      vertex 4.37896 44.38 10.7
      vertex 4.4147 44.2747 17.7
      vertex 4.4147 44.2747 10.7
    endloop
  endfacet
  facet normal -0.659313 0.751869 0
    outer loop
      vertex 5.80104 43.999 10.7
      vertex 5.71745 43.9257 17.7
      vertex 5.80104 43.999 17.7
    endloop
  endfacet
  facet normal -0.659313 0.751869 0
    outer loop
      vertex 5.71745 43.9257 17.7
      vertex 5.80104 43.999 10.7
      vertex 5.71745 43.9257 10.7
    endloop
  endfacet
  facet normal -0.321135 0.947033 0
    outer loop
      vertex 5.52528 43.8147 10.7
      vertex 5.42 43.779 17.7
      vertex 5.52528 43.8147 17.7
    endloop
  endfacet
  facet normal -0.321135 0.947033 0
    outer loop
      vertex 5.42 43.779 17.7
      vertex 5.52528 43.8147 10.7
      vertex 5.42 43.779 10.7
    endloop
  endfacet
  facet normal -0.896825 0.442386 0
    outer loop
      vertex 5.93612 44.175 10.7
      vertex 5.9853 44.2747 17.7
      vertex 5.9853 44.2747 10.7
    endloop
  endfacet
  facet normal -0.896825 0.442386 0
    outer loop
      vertex 5.9853 44.2747 17.7
      vertex 5.93612 44.175 10.7
      vertex 5.93612 44.175 17.7
    endloop
  endfacet
  facet normal -0.831344 0.555759 0
    outer loop
      vertex 5.87435 44.0826 10.7
      vertex 5.93612 44.175 17.7
      vertex 5.93612 44.175 10.7
    endloop
  endfacet
  facet normal -0.831344 0.555759 0
    outer loop
      vertex 5.93612 44.175 17.7
      vertex 5.87435 44.0826 10.7
      vertex 5.87435 44.0826 17.7
    endloop
  endfacet
  facet normal 0.321135 0.947033 -0
    outer loop
      vertex 4.98 43.779 10.7
      vertex 4.87472 43.8147 17.7
      vertex 4.98 43.779 17.7
    endloop
  endfacet
  facet normal 0.321135 0.947033 0
    outer loop
      vertex 4.87472 43.8147 17.7
      vertex 4.98 43.779 10.7
      vertex 4.87472 43.8147 10.7
    endloop
  endfacet
  facet normal 0.195165 0.98077 -0
    outer loop
      vertex 5.08905 43.7573 10.7
      vertex 4.98 43.779 17.7
      vertex 5.08905 43.7573 17.7
    endloop
  endfacet
  facet normal 0.195165 0.98077 0
    outer loop
      vertex 4.98 43.779 17.7
      vertex 5.08905 43.7573 10.7
      vertex 4.98 43.779 10.7
    endloop
  endfacet
  facet normal 0.751863 0.659319 0
    outer loop
      vertex 4.59896 43.999 17.7
      vertex 4.52565 44.0826 10.7
      vertex 4.52565 44.0826 17.7
    endloop
  endfacet
  facet normal 0.751863 0.659319 0
    outer loop
      vertex 4.52565 44.0826 10.7
      vertex 4.59896 43.999 17.7
      vertex 4.59896 43.999 10.7
    endloop
  endfacet
  facet normal 0.659313 0.751869 -0
    outer loop
      vertex 4.68255 43.9257 10.7
      vertex 4.59896 43.999 17.7
      vertex 4.68255 43.9257 17.7
    endloop
  endfacet
  facet normal 0.659313 0.751869 0
    outer loop
      vertex 4.59896 43.999 17.7
      vertex 4.68255 43.9257 10.7
      vertex 4.59896 43.999 10.7
    endloop
  endfacet
  facet normal 0.0656534 0.997842 -0
    outer loop
      vertex 5.2 43.75 10.7
      vertex 5.08905 43.7573 17.7
      vertex 5.2 43.75 17.7
    endloop
  endfacet
  facet normal 0.0656534 0.997842 0
    outer loop
      vertex 5.08905 43.7573 17.7
      vertex 5.2 43.75 10.7
      vertex 5.08905 43.7573 10.7
    endloop
  endfacet
  facet normal 0.831344 0.555759 0
    outer loop
      vertex 4.52565 44.0826 17.7
      vertex 4.46388 44.175 10.7
      vertex 4.46388 44.175 17.7
    endloop
  endfacet
  facet normal 0.831344 0.555759 0
    outer loop
      vertex 4.46388 44.175 10.7
      vertex 4.52565 44.0826 17.7
      vertex 4.52565 44.0826 10.7
    endloop
  endfacet
  facet normal 0.442459 0.896789 -0
    outer loop
      vertex 4.87472 43.8147 10.7
      vertex 4.775 43.8639 17.7
      vertex 4.87472 43.8147 17.7
    endloop
  endfacet
  facet normal 0.442459 0.896789 0
    outer loop
      vertex 4.775 43.8639 17.7
      vertex 4.87472 43.8147 10.7
      vertex 4.775 43.8639 10.7
    endloop
  endfacet
  facet normal 0.555737 0.831358 -0
    outer loop
      vertex 4.775 43.8639 10.7
      vertex 4.68255 43.9257 17.7
      vertex 4.775 43.8639 17.7
    endloop
  endfacet
  facet normal 0.555737 0.831358 0
    outer loop
      vertex 4.68255 43.9257 17.7
      vertex 4.775 43.8639 10.7
      vertex 4.68255 43.9257 10.7
    endloop
  endfacet
  facet normal 0.997866 0.0652929 0
    outer loop
      vertex 77 44.6 7.6
      vertex 76.9795 44.9133 1.6
      vertex 76.9795 44.9133 7.6
    endloop
  endfacet
  facet normal 0.997866 0.0652929 0
    outer loop
      vertex 76.9795 44.9133 1.6
      vertex 77 44.6 7.6
      vertex 77 44.6 1.6
    endloop
  endfacet
  facet normal 0.997866 0.0652929 0
    outer loop
      vertex 77 44.6 17.7
      vertex 76.9795 44.9133 9.1
      vertex 76.9795 44.9133 17.7
    endloop
  endfacet
  facet normal 0.997866 0.0652929 0
    outer loop
      vertex 76.9795 44.9133 9.1
      vertex 77 44.6 17.7
      vertex 77 44.6 9.1
    endloop
  endfacet
  facet normal -0.997866 0.0652929 0
    outer loop
      vertex 72.2 44.6 1.6
      vertex 72.2205 44.9133 7.6
      vertex 72.2205 44.9133 1.6
    endloop
  endfacet
  facet normal -0.997866 0.0652929 0
    outer loop
      vertex 72.2205 44.9133 7.6
      vertex 72.2 44.6 1.6
      vertex 72.2 44.6 7.6
    endloop
  endfacet
  facet normal -0.997866 0.0652929 0
    outer loop
      vertex 72.2 44.6 9.1
      vertex 72.2205 44.9133 17.7
      vertex 72.2205 44.9133 9.1
    endloop
  endfacet
  facet normal -0.997866 0.0652929 0
    outer loop
      vertex 72.2205 44.9133 17.7
      vertex 72.2 44.6 9.1
      vertex 72.2 44.6 17.7
    endloop
  endfacet
  facet normal 0.0652929 0.997866 -0
    outer loop
      vertex 74.9133 46.9795 1.6
      vertex 74.6 47 7.6
      vertex 74.9133 46.9795 7.6
    endloop
  endfacet
  facet normal 0.0652929 0.997866 0
    outer loop
      vertex 74.6 47 7.6
      vertex 74.9133 46.9795 1.6
      vertex 74.6 47 1.6
    endloop
  endfacet
  facet normal 0.0652929 0.997866 -0
    outer loop
      vertex 74.9133 46.9795 9.1
      vertex 74.6 47 17.7
      vertex 74.9133 46.9795 17.7
    endloop
  endfacet
  facet normal 0.0652929 0.997866 0
    outer loop
      vertex 74.6 47 17.7
      vertex 74.9133 46.9795 9.1
      vertex 74.6 47 9.1
    endloop
  endfacet
  facet normal -0.0652929 -0.997866 0
    outer loop
      vertex 74.2867 42.2205 1.6
      vertex 74.6 42.2 7.6
      vertex 74.2867 42.2205 7.6
    endloop
  endfacet
  facet normal -0.0652929 -0.997866 -0
    outer loop
      vertex 74.6 42.2 7.6
      vertex 74.2867 42.2205 1.6
      vertex 74.6 42.2 1.6
    endloop
  endfacet
  facet normal -0.0652929 -0.997866 0
    outer loop
      vertex 74.2867 42.2205 9.1
      vertex 74.6 42.2 17.7
      vertex 74.2867 42.2205 17.7
    endloop
  endfacet
  facet normal -0.0652929 -0.997866 -0
    outer loop
      vertex 74.6 42.2 17.7
      vertex 74.2867 42.2205 9.1
      vertex 74.6 42.2 9.1
    endloop
  endfacet
  facet normal 0.659068 0.752083 -0
    outer loop
      vertex 76.2971 46.2971 1.6
      vertex 76.061 46.504 7.6
      vertex 76.2971 46.2971 7.6
    endloop
  endfacet
  facet normal 0.659068 0.752083 0
    outer loop
      vertex 76.061 46.504 7.6
      vertex 76.2971 46.2971 1.6
      vertex 76.061 46.504 1.6
    endloop
  endfacet
  facet normal 0.659068 0.752083 -0
    outer loop
      vertex 76.2971 46.2971 9.1
      vertex 76.061 46.504 17.7
      vertex 76.2971 46.2971 17.7
    endloop
  endfacet
  facet normal 0.659068 0.752083 0
    outer loop
      vertex 76.061 46.504 17.7
      vertex 76.2971 46.2971 9.1
      vertex 76.061 46.504 9.1
    endloop
  endfacet
  facet normal -0.659068 0.752083 0
    outer loop
      vertex 73.139 46.504 1.6
      vertex 72.9029 46.2971 7.6
      vertex 73.139 46.504 7.6
    endloop
  endfacet
  facet normal -0.659068 0.752083 0
    outer loop
      vertex 72.9029 46.2971 7.6
      vertex 73.139 46.504 1.6
      vertex 72.9029 46.2971 1.6
    endloop
  endfacet
  facet normal -0.659068 0.752083 0
    outer loop
      vertex 73.139 46.504 9.1
      vertex 72.9029 46.2971 17.7
      vertex 73.139 46.504 17.7
    endloop
  endfacet
  facet normal -0.659068 0.752083 0
    outer loop
      vertex 72.9029 46.2971 17.7
      vertex 73.139 46.504 9.1
      vertex 72.9029 46.2971 9.1
    endloop
  endfacet
  facet normal -0.32148 0.946916 0
    outer loop
      vertex 73.9788 46.9182 1.6
      vertex 73.6816 46.8173 7.6
      vertex 73.9788 46.9182 7.6
    endloop
  endfacet
  facet normal -0.32148 0.946916 0
    outer loop
      vertex 73.6816 46.8173 7.6
      vertex 73.9788 46.9182 1.6
      vertex 73.6816 46.8173 1.6
    endloop
  endfacet
  facet normal -0.32148 0.946916 0
    outer loop
      vertex 73.9788 46.9182 9.1
      vertex 73.6816 46.8173 17.7
      vertex 73.9788 46.9182 17.7
    endloop
  endfacet
  facet normal -0.32148 0.946916 0
    outer loop
      vertex 73.6816 46.8173 17.7
      vertex 73.9788 46.9182 9.1
      vertex 73.6816 46.8173 9.1
    endloop
  endfacet
  facet normal 0.896961 0.44211 0
    outer loop
      vertex 76.8173 45.5184 7.6
      vertex 76.6785 45.8 1.6
      vertex 76.6785 45.8 7.6
    endloop
  endfacet
  facet normal 0.896961 0.44211 0
    outer loop
      vertex 76.6785 45.8 1.6
      vertex 76.8173 45.5184 7.6
      vertex 76.8173 45.5184 1.6
    endloop
  endfacet
  facet normal 0.896961 0.44211 0
    outer loop
      vertex 76.8173 45.5184 17.7
      vertex 76.6785 45.8 9.1
      vertex 76.6785 45.8 17.7
    endloop
  endfacet
  facet normal 0.896961 0.44211 0
    outer loop
      vertex 76.6785 45.8 9.1
      vertex 76.8173 45.5184 17.7
      vertex 76.8173 45.5184 9.1
    endloop
  endfacet
  facet normal 0.980752 0.195258 0
    outer loop
      vertex 76.9795 44.9133 7.6
      vertex 76.9182 45.2212 1.6
      vertex 76.9182 45.2212 7.6
    endloop
  endfacet
  facet normal 0.980752 0.195258 0
    outer loop
      vertex 76.9182 45.2212 1.6
      vertex 76.9795 44.9133 7.6
      vertex 76.9795 44.9133 1.6
    endloop
  endfacet
  facet normal 0.980752 0.195258 0
    outer loop
      vertex 76.9795 44.9133 17.7
      vertex 76.9182 45.2212 9.1
      vertex 76.9182 45.2212 17.7
    endloop
  endfacet
  facet normal 0.980752 0.195258 0
    outer loop
      vertex 76.9182 45.2212 9.1
      vertex 76.9795 44.9133 17.7
      vertex 76.9795 44.9133 9.1
    endloop
  endfacet
  facet normal 0.831462 0.555582 0
    outer loop
      vertex 76.6785 45.8 7.6
      vertex 76.5041 46.061 1.6
      vertex 76.5041 46.061 7.6
    endloop
  endfacet
  facet normal 0.831462 0.555582 0
    outer loop
      vertex 76.5041 46.061 1.6
      vertex 76.6785 45.8 7.6
      vertex 76.6785 45.8 1.6
    endloop
  endfacet
  facet normal 0.831462 0.555582 0
    outer loop
      vertex 76.6785 45.8 17.7
      vertex 76.5041 46.061 9.1
      vertex 76.5041 46.061 17.7
    endloop
  endfacet
  facet normal 0.831462 0.555582 0
    outer loop
      vertex 76.5041 46.061 9.1
      vertex 76.6785 45.8 17.7
      vertex 76.6785 45.8 9.1
    endloop
  endfacet
  facet normal 0.32148 0.946916 -0
    outer loop
      vertex 75.5184 46.8173 1.6
      vertex 75.2212 46.9182 7.6
      vertex 75.5184 46.8173 7.6
    endloop
  endfacet
  facet normal 0.32148 0.946916 0
    outer loop
      vertex 75.2212 46.9182 7.6
      vertex 75.5184 46.8173 1.6
      vertex 75.2212 46.9182 1.6
    endloop
  endfacet
  facet normal 0.32148 0.946916 -0
    outer loop
      vertex 75.5184 46.8173 9.1
      vertex 75.2212 46.9182 17.7
      vertex 75.5184 46.8173 17.7
    endloop
  endfacet
  facet normal 0.32148 0.946916 0
    outer loop
      vertex 75.2212 46.9182 17.7
      vertex 75.5184 46.8173 9.1
      vertex 75.2212 46.9182 9.1
    endloop
  endfacet
  facet normal 0.195258 0.980752 -0
    outer loop
      vertex 75.2212 46.9182 1.6
      vertex 74.9133 46.9795 7.6
      vertex 75.2212 46.9182 7.6
    endloop
  endfacet
  facet normal 0.195258 0.980752 0
    outer loop
      vertex 74.9133 46.9795 7.6
      vertex 75.2212 46.9182 1.6
      vertex 74.9133 46.9795 1.6
    endloop
  endfacet
  facet normal 0.195258 0.980752 -0
    outer loop
      vertex 75.2212 46.9182 9.1
      vertex 74.9133 46.9795 17.7
      vertex 75.2212 46.9182 17.7
    endloop
  endfacet
  facet normal 0.195258 0.980752 0
    outer loop
      vertex 74.9133 46.9795 17.7
      vertex 75.2212 46.9182 9.1
      vertex 74.9133 46.9795 9.1
    endloop
  endfacet
  facet normal 0.555802 0.831315 -0
    outer loop
      vertex 76.061 46.504 1.6
      vertex 75.8 46.6785 7.6
      vertex 76.061 46.504 7.6
    endloop
  endfacet
  facet normal 0.555802 0.831315 0
    outer loop
      vertex 75.8 46.6785 7.6
      vertex 76.061 46.504 1.6
      vertex 75.8 46.6785 1.6
    endloop
  endfacet
  facet normal 0.555802 0.831315 -0
    outer loop
      vertex 76.061 46.504 9.1
      vertex 75.8 46.6785 17.7
      vertex 76.061 46.504 17.7
    endloop
  endfacet
  facet normal 0.555802 0.831315 0
    outer loop
      vertex 75.8 46.6785 17.7
      vertex 76.061 46.504 9.1
      vertex 75.8 46.6785 9.1
    endloop
  endfacet
  facet normal -0.831315 0.555802 0
    outer loop
      vertex 72.5215 45.8 1.6
      vertex 72.696 46.061 7.6
      vertex 72.696 46.061 1.6
    endloop
  endfacet
  facet normal -0.831315 0.555802 0
    outer loop
      vertex 72.696 46.061 7.6
      vertex 72.5215 45.8 1.6
      vertex 72.5215 45.8 7.6
    endloop
  endfacet
  facet normal -0.831315 0.555802 0
    outer loop
      vertex 72.5215 45.8 9.1
      vertex 72.696 46.061 17.7
      vertex 72.696 46.061 9.1
    endloop
  endfacet
  facet normal -0.831315 0.555802 0
    outer loop
      vertex 72.696 46.061 17.7
      vertex 72.5215 45.8 9.1
      vertex 72.5215 45.8 17.7
    endloop
  endfacet
  facet normal -0.752083 0.659068 0
    outer loop
      vertex 72.696 46.061 1.6
      vertex 72.9029 46.2971 7.6
      vertex 72.9029 46.2971 1.6
    endloop
  endfacet
  facet normal -0.752083 0.659068 0
    outer loop
      vertex 72.9029 46.2971 7.6
      vertex 72.696 46.061 1.6
      vertex 72.696 46.061 7.6
    endloop
  endfacet
  facet normal -0.752083 0.659068 0
    outer loop
      vertex 72.696 46.061 9.1
      vertex 72.9029 46.2971 17.7
      vertex 72.9029 46.2971 9.1
    endloop
  endfacet
  facet normal -0.752083 0.659068 0
    outer loop
      vertex 72.9029 46.2971 17.7
      vertex 72.696 46.061 9.1
      vertex 72.696 46.061 17.7
    endloop
  endfacet
  facet normal -0.946916 0.32148 0
    outer loop
      vertex 72.2818 45.2212 1.6
      vertex 72.3827 45.5184 7.6
      vertex 72.3827 45.5184 1.6
    endloop
  endfacet
  facet normal -0.946916 0.32148 0
    outer loop
      vertex 72.3827 45.5184 7.6
      vertex 72.2818 45.2212 1.6
      vertex 72.2818 45.2212 7.6
    endloop
  endfacet
  facet normal -0.946916 0.32148 0
    outer loop
      vertex 72.2818 45.2212 9.1
      vertex 72.3827 45.5184 17.7
      vertex 72.3827 45.5184 9.1
    endloop
  endfacet
  facet normal -0.946916 0.32148 0
    outer loop
      vertex 72.3827 45.5184 17.7
      vertex 72.2818 45.2212 9.1
      vertex 72.2818 45.2212 17.7
    endloop
  endfacet
  facet normal -0.555802 0.831315 0
    outer loop
      vertex 73.4 46.6785 1.6
      vertex 73.139 46.504 7.6
      vertex 73.4 46.6785 7.6
    endloop
  endfacet
  facet normal -0.555802 0.831315 0
    outer loop
      vertex 73.139 46.504 7.6
      vertex 73.4 46.6785 1.6
      vertex 73.139 46.504 1.6
    endloop
  endfacet
  facet normal -0.555802 0.831315 0
    outer loop
      vertex 73.4 46.6785 9.1
      vertex 73.139 46.504 17.7
      vertex 73.4 46.6785 17.7
    endloop
  endfacet
  facet normal -0.555802 0.831315 0
    outer loop
      vertex 73.139 46.504 17.7
      vertex 73.4 46.6785 9.1
      vertex 73.139 46.504 9.1
    endloop
  endfacet
  facet normal -0.195258 0.980752 0
    outer loop
      vertex 74.2867 46.9795 1.6
      vertex 73.9788 46.9182 7.6
      vertex 74.2867 46.9795 7.6
    endloop
  endfacet
  facet normal -0.195258 0.980752 0
    outer loop
      vertex 73.9788 46.9182 7.6
      vertex 74.2867 46.9795 1.6
      vertex 73.9788 46.9182 1.6
    endloop
  endfacet
  facet normal -0.195258 0.980752 0
    outer loop
      vertex 74.2867 46.9795 9.1
      vertex 73.9788 46.9182 17.7
      vertex 74.2867 46.9795 17.7
    endloop
  endfacet
  facet normal -0.195258 0.980752 0
    outer loop
      vertex 73.9788 46.9182 17.7
      vertex 74.2867 46.9795 9.1
      vertex 73.9788 46.9182 9.1
    endloop
  endfacet
  facet normal 0.946916 -0.32148 0
    outer loop
      vertex 76.8173 43.6816 7.6
      vertex 76.9182 43.9788 1.6
      vertex 76.9182 43.9788 7.6
    endloop
  endfacet
  facet normal 0.946916 -0.32148 0
    outer loop
      vertex 76.9182 43.9788 1.6
      vertex 76.8173 43.6816 7.6
      vertex 76.8173 43.6816 1.6
    endloop
  endfacet
  facet normal 0.946916 -0.32148 0
    outer loop
      vertex 76.8173 43.6816 17.7
      vertex 76.9182 43.9788 9.1
      vertex 76.9182 43.9788 17.7
    endloop
  endfacet
  facet normal 0.946916 -0.32148 0
    outer loop
      vertex 76.9182 43.9788 9.1
      vertex 76.8173 43.6816 17.7
      vertex 76.8173 43.6816 9.1
    endloop
  endfacet
  facet normal 0.32148 -0.946916 0
    outer loop
      vertex 75.2212 42.2818 1.6
      vertex 75.5184 42.3827 7.6
      vertex 75.2212 42.2818 7.6
    endloop
  endfacet
  facet normal 0.32148 -0.946916 0
    outer loop
      vertex 75.5184 42.3827 7.6
      vertex 75.2212 42.2818 1.6
      vertex 75.5184 42.3827 1.6
    endloop
  endfacet
  facet normal 0.32148 -0.946916 0
    outer loop
      vertex 75.2212 42.2818 9.1
      vertex 75.5184 42.3827 17.7
      vertex 75.2212 42.2818 17.7
    endloop
  endfacet
  facet normal 0.32148 -0.946916 0
    outer loop
      vertex 75.5184 42.3827 17.7
      vertex 75.2212 42.2818 9.1
      vertex 75.5184 42.3827 9.1
    endloop
  endfacet
  facet normal 0.751925 -0.659248 0
    outer loop
      vertex 76.2971 42.9029 7.6
      vertex 76.5041 43.139 1.6
      vertex 76.5041 43.139 7.6
    endloop
  endfacet
  facet normal 0.751925 -0.659248 0
    outer loop
      vertex 76.5041 43.139 1.6
      vertex 76.2971 42.9029 7.6
      vertex 76.2971 42.9029 1.6
    endloop
  endfacet
  facet normal 0.751925 -0.659248 0
    outer loop
      vertex 76.2971 42.9029 17.7
      vertex 76.5041 43.139 9.1
      vertex 76.5041 43.139 17.7
    endloop
  endfacet
  facet normal 0.751925 -0.659248 0
    outer loop
      vertex 76.5041 43.139 9.1
      vertex 76.2971 42.9029 17.7
      vertex 76.2971 42.9029 9.1
    endloop
  endfacet
  facet normal 0.555802 -0.831315 0
    outer loop
      vertex 75.8 42.5215 1.6
      vertex 76.061 42.696 7.6
      vertex 75.8 42.5215 7.6
    endloop
  endfacet
  facet normal 0.555802 -0.831315 0
    outer loop
      vertex 76.061 42.696 7.6
      vertex 75.8 42.5215 1.6
      vertex 76.061 42.696 1.6
    endloop
  endfacet
  facet normal 0.555802 -0.831315 0
    outer loop
      vertex 75.8 42.5215 9.1
      vertex 76.061 42.696 17.7
      vertex 75.8 42.5215 17.7
    endloop
  endfacet
  facet normal 0.555802 -0.831315 0
    outer loop
      vertex 76.061 42.696 17.7
      vertex 75.8 42.5215 9.1
      vertex 76.061 42.696 9.1
    endloop
  endfacet
  facet normal -0.659068 -0.752083 0
    outer loop
      vertex 72.9029 42.9029 1.6
      vertex 73.139 42.696 7.6
      vertex 72.9029 42.9029 7.6
    endloop
  endfacet
  facet normal -0.659068 -0.752083 -0
    outer loop
      vertex 73.139 42.696 7.6
      vertex 72.9029 42.9029 1.6
      vertex 73.139 42.696 1.6
    endloop
  endfacet
  facet normal -0.659068 -0.752083 0
    outer loop
      vertex 72.9029 42.9029 9.1
      vertex 73.139 42.696 17.7
      vertex 72.9029 42.9029 17.7
    endloop
  endfacet
  facet normal -0.659068 -0.752083 -0
    outer loop
      vertex 73.139 42.696 17.7
      vertex 72.9029 42.9029 9.1
      vertex 73.139 42.696 9.1
    endloop
  endfacet
  facet normal -0.32148 -0.946916 0
    outer loop
      vertex 73.6816 42.3827 9.1
      vertex 73.9788 42.2818 17.7
      vertex 73.6816 42.3827 17.7
    endloop
  endfacet
  facet normal -0.32148 -0.946916 -0
    outer loop
      vertex 73.9788 42.2818 17.7
      vertex 73.6816 42.3827 9.1
      vertex 73.9788 42.2818 9.1
    endloop
  endfacet
  facet normal -0.32148 -0.946916 0
    outer loop
      vertex 73.6816 42.3827 1.6
      vertex 73.9788 42.2818 7.6
      vertex 73.6816 42.3827 7.6
    endloop
  endfacet
  facet normal -0.32148 -0.946916 -0
    outer loop
      vertex 73.9788 42.2818 7.6
      vertex 73.6816 42.3827 1.6
      vertex 73.9788 42.2818 1.6
    endloop
  endfacet
  facet normal -0.752083 -0.659068 0
    outer loop
      vertex 72.9029 42.9029 1.6
      vertex 72.696 43.139 7.6
      vertex 72.696 43.139 1.6
    endloop
  endfacet
  facet normal -0.752083 -0.659068 0
    outer loop
      vertex 72.696 43.139 7.6
      vertex 72.9029 42.9029 1.6
      vertex 72.9029 42.9029 7.6
    endloop
  endfacet
  facet normal -0.752083 -0.659068 0
    outer loop
      vertex 72.9029 42.9029 9.1
      vertex 72.696 43.139 17.7
      vertex 72.696 43.139 9.1
    endloop
  endfacet
  facet normal -0.752083 -0.659068 0
    outer loop
      vertex 72.696 43.139 17.7
      vertex 72.9029 42.9029 9.1
      vertex 72.9029 42.9029 17.7
    endloop
  endfacet
  facet normal 0 0 -1
    outer loop
      vertex 76.9795 44.2867 1.6
      vertex 76.9795 44.9133 1.6
      vertex 77 44.6 1.6
    endloop
  endfacet
  facet normal 0 0 -1
    outer loop
      vertex 76.9182 43.9788 1.6
      vertex 76.9795 44.9133 1.6
      vertex 76.9795 44.2867 1.6
    endloop
  endfacet
  facet normal 0 0 -1
    outer loop
      vertex 76.9182 43.9788 1.6
      vertex 76.9182 45.2212 1.6
      vertex 76.9795 44.9133 1.6
    endloop
  endfacet
  facet normal 0 0 -1
    outer loop
      vertex 76.8173 43.6816 1.6
      vertex 76.9182 45.2212 1.6
      vertex 76.9182 43.9788 1.6
    endloop
  endfacet
  facet normal 0 0 -1
    outer loop
      vertex 76.8173 43.6816 1.6
      vertex 76.8173 45.5184 1.6
      vertex 76.9182 45.2212 1.6
    endloop
  endfacet
  facet normal 0 0 -1
    outer loop
      vertex 76.6785 43.4 1.6
      vertex 76.8173 45.5184 1.6
      vertex 76.8173 43.6816 1.6
    endloop
  endfacet
  facet normal 0 0 -1
    outer loop
      vertex 76.6785 43.4 1.6
      vertex 76.6785 45.8 1.6
      vertex 76.8173 45.5184 1.6
    endloop
  endfacet
  facet normal 0 0 -1
    outer loop
      vertex 76.5041 43.139 1.6
      vertex 76.6785 45.8 1.6
      vertex 76.6785 43.4 1.6
    endloop
  endfacet
  facet normal 0 0 -1
    outer loop
      vertex 76.5041 43.139 1.6
      vertex 76.5041 46.061 1.6
      vertex 76.6785 45.8 1.6
    endloop
  endfacet
  facet normal 0 0 -1
    outer loop
      vertex 76.2971 42.9029 1.6
      vertex 76.5041 46.061 1.6
      vertex 76.5041 43.139 1.6
    endloop
  endfacet
  facet normal 0 0 -1
    outer loop
      vertex 76.2971 42.9029 1.6
      vertex 76.2971 46.2971 1.6
      vertex 76.5041 46.061 1.6
    endloop
  endfacet
  facet normal 0 0 -1
    outer loop
      vertex 76.061 42.696 1.6
      vertex 76.2971 46.2971 1.6
      vertex 76.2971 42.9029 1.6
    endloop
  endfacet
  facet normal 0 0 -1
    outer loop
      vertex 76.061 42.696 1.6
      vertex 76.061 46.504 1.6
      vertex 76.2971 46.2971 1.6
    endloop
  endfacet
  facet normal 0 0 -1
    outer loop
      vertex 75.8 42.5215 1.6
      vertex 76.061 46.504 1.6
      vertex 76.061 42.696 1.6
    endloop
  endfacet
  facet normal 0 0 -1
    outer loop
      vertex 75.8 42.5215 1.6
      vertex 75.8 46.6785 1.6
      vertex 76.061 46.504 1.6
    endloop
  endfacet
  facet normal 0 0 -1
    outer loop
      vertex 75.5184 42.3827 1.6
      vertex 75.8 46.6785 1.6
      vertex 75.8 42.5215 1.6
    endloop
  endfacet
  facet normal 0 0 -1
    outer loop
      vertex 75.5184 42.3827 1.6
      vertex 75.5184 46.8173 1.6
      vertex 75.8 46.6785 1.6
    endloop
  endfacet
  facet normal 0 0 -1
    outer loop
      vertex 75.2212 42.2818 1.6
      vertex 75.5184 46.8173 1.6
      vertex 75.5184 42.3827 1.6
    endloop
  endfacet
  facet normal 0 0 -1
    outer loop
      vertex 75.2212 42.2818 1.6
      vertex 75.2212 46.9182 1.6
      vertex 75.5184 46.8173 1.6
    endloop
  endfacet
  facet normal 0 0 -1
    outer loop
      vertex 74.9133 42.2205 1.6
      vertex 75.2212 46.9182 1.6
      vertex 75.2212 42.2818 1.6
    endloop
  endfacet
  facet normal 0 0 -1
    outer loop
      vertex 74.9133 42.2205 1.6
      vertex 74.9133 46.9795 1.6
      vertex 75.2212 46.9182 1.6
    endloop
  endfacet
  facet normal 0 0 -1
    outer loop
      vertex 74.6 42.2 1.6
      vertex 74.9133 46.9795 1.6
      vertex 74.9133 42.2205 1.6
    endloop
  endfacet
  facet normal 0 0 -1
    outer loop
      vertex 74.6 42.2 1.6
      vertex 74.6 47 1.6
      vertex 74.9133 46.9795 1.6
    endloop
  endfacet
  facet normal 0 0 -1
    outer loop
      vertex 74.2867 42.2205 1.6
      vertex 74.6 47 1.6
      vertex 74.6 42.2 1.6
    endloop
  endfacet
  facet normal 0 0 -1
    outer loop
      vertex 74.2867 42.2205 1.6
      vertex 74.2867 46.9795 1.6
      vertex 74.6 47 1.6
    endloop
  endfacet
  facet normal 0 0 -1
    outer loop
      vertex 73.9788 42.2818 1.6
      vertex 74.2867 46.9795 1.6
      vertex 74.2867 42.2205 1.6
    endloop
  endfacet
  facet normal 0 0 -1
    outer loop
      vertex 73.9788 42.2818 1.6
      vertex 73.9788 46.9182 1.6
      vertex 74.2867 46.9795 1.6
    endloop
  endfacet
  facet normal 0 0 -1
    outer loop
      vertex 73.6816 42.3827 1.6
      vertex 73.9788 46.9182 1.6
      vertex 73.9788 42.2818 1.6
    endloop
  endfacet
  facet normal 0 0 -1
    outer loop
      vertex 73.6816 42.3827 1.6
      vertex 73.6816 46.8173 1.6
      vertex 73.9788 46.9182 1.6
    endloop
  endfacet
  facet normal 0 0 -1
    outer loop
      vertex 73.4 42.5215 1.6
      vertex 73.6816 46.8173 1.6
      vertex 73.6816 42.3827 1.6
    endloop
  endfacet
  facet normal 0 0 -1
    outer loop
      vertex 73.4 42.5215 1.6
      vertex 73.4 46.6785 1.6
      vertex 73.6816 46.8173 1.6
    endloop
  endfacet
  facet normal 0 0 -1
    outer loop
      vertex 73.139 42.696 1.6
      vertex 73.4 46.6785 1.6
      vertex 73.4 42.5215 1.6
    endloop
  endfacet
  facet normal 0 0 -1
    outer loop
      vertex 73.139 42.696 1.6
      vertex 73.139 46.504 1.6
      vertex 73.4 46.6785 1.6
    endloop
  endfacet
  facet normal 0 0 -1
    outer loop
      vertex 72.9029 42.9029 1.6
      vertex 73.139 46.504 1.6
      vertex 73.139 42.696 1.6
    endloop
  endfacet
  facet normal 0 0 -1
    outer loop
      vertex 72.9029 42.9029 1.6
      vertex 72.9029 46.2971 1.6
      vertex 73.139 46.504 1.6
    endloop
  endfacet
  facet normal 0 0 -1
    outer loop
      vertex 72.696 43.139 1.6
      vertex 72.9029 46.2971 1.6
      vertex 72.9029 42.9029 1.6
    endloop
  endfacet
  facet normal 0 0 -1
    outer loop
      vertex 72.696 43.139 1.6
      vertex 72.696 46.061 1.6
      vertex 72.9029 46.2971 1.6
    endloop
  endfacet
  facet normal 0 0 -1
    outer loop
      vertex 72.5215 43.4 1.6
      vertex 72.696 46.061 1.6
      vertex 72.696 43.139 1.6
    endloop
  endfacet
  facet normal 0 0 -1
    outer loop
      vertex 72.5215 43.4 1.6
      vertex 72.5215 45.8 1.6
      vertex 72.696 46.061 1.6
    endloop
  endfacet
  facet normal 0 0 -1
    outer loop
      vertex 72.3827 43.6816 1.6
      vertex 72.5215 45.8 1.6
      vertex 72.5215 43.4 1.6
    endloop
  endfacet
  facet normal 0 0 -1
    outer loop
      vertex 72.3827 43.6816 1.6
      vertex 72.3827 45.5184 1.6
      vertex 72.5215 45.8 1.6
    endloop
  endfacet
  facet normal 0 0 -1
    outer loop
      vertex 72.2818 43.9788 1.6
      vertex 72.3827 45.5184 1.6
      vertex 72.3827 43.6816 1.6
    endloop
  endfacet
  facet normal 0 0 -1
    outer loop
      vertex 72.2818 43.9788 1.6
      vertex 72.2818 45.2212 1.6
      vertex 72.3827 45.5184 1.6
    endloop
  endfacet
  facet normal 0 0 -1
    outer loop
      vertex 72.2205 44.2867 1.6
      vertex 72.2818 45.2212 1.6
      vertex 72.2818 43.9788 1.6
    endloop
  endfacet
  facet normal 0 0 -1
    outer loop
      vertex 72.2205 44.2867 1.6
      vertex 72.2205 44.9133 1.6
      vertex 72.2818 45.2212 1.6
    endloop
  endfacet
  facet normal 0 -0 -1
    outer loop
      vertex 72.2205 44.9133 1.6
      vertex 72.2205 44.2867 1.6
      vertex 72.2 44.6 1.6
    endloop
  endfacet
  facet normal 0.946916 0.32148 0
    outer loop
      vertex 76.9182 45.2212 7.6
      vertex 76.8173 45.5184 1.6
      vertex 76.8173 45.5184 7.6
    endloop
  endfacet
  facet normal 0.946916 0.32148 0
    outer loop
      vertex 76.8173 45.5184 1.6
      vertex 76.9182 45.2212 7.6
      vertex 76.9182 45.2212 1.6
    endloop
  endfacet
  facet normal 0.946916 0.32148 0
    outer loop
      vertex 76.9182 45.2212 17.7
      vertex 76.8173 45.5184 9.1
      vertex 76.8173 45.5184 17.7
    endloop
  endfacet
  facet normal 0.946916 0.32148 0
    outer loop
      vertex 76.8173 45.5184 9.1
      vertex 76.9182 45.2212 17.7
      vertex 76.9182 45.2212 9.1
    endloop
  endfacet
  facet normal -0.896961 0.44211 0
    outer loop
      vertex 72.3827 45.5184 1.6
      vertex 72.5215 45.8 7.6
      vertex 72.5215 45.8 1.6
    endloop
  endfacet
  facet normal -0.896961 0.44211 0
    outer loop
      vertex 72.5215 45.8 7.6
      vertex 72.3827 45.5184 1.6
      vertex 72.3827 45.5184 7.6
    endloop
  endfacet
  facet normal -0.896961 0.44211 0
    outer loop
      vertex 72.3827 45.5184 9.1
      vertex 72.5215 45.8 17.7
      vertex 72.5215 45.8 9.1
    endloop
  endfacet
  facet normal -0.896961 0.44211 0
    outer loop
      vertex 72.5215 45.8 17.7
      vertex 72.3827 45.5184 9.1
      vertex 72.3827 45.5184 17.7
    endloop
  endfacet
  facet normal -0.980752 0.195258 0
    outer loop
      vertex 72.2205 44.9133 1.6
      vertex 72.2818 45.2212 7.6
      vertex 72.2818 45.2212 1.6
    endloop
  endfacet
  facet normal -0.980752 0.195258 0
    outer loop
      vertex 72.2818 45.2212 7.6
      vertex 72.2205 44.9133 1.6
      vertex 72.2205 44.9133 7.6
    endloop
  endfacet
  facet normal -0.980752 0.195258 0
    outer loop
      vertex 72.2205 44.9133 9.1
      vertex 72.2818 45.2212 17.7
      vertex 72.2818 45.2212 9.1
    endloop
  endfacet
  facet normal -0.980752 0.195258 0
    outer loop
      vertex 72.2818 45.2212 17.7
      vertex 72.2205 44.9133 9.1
      vertex 72.2205 44.9133 17.7
    endloop
  endfacet
  facet normal 0 0 1
    outer loop
      vertex 75.45 44.6 17.7
      vertex 77 44.6 17.7
      vertex 76.9795 44.9133 17.7
    endloop
  endfacet
  facet normal 0 0 1
    outer loop
      vertex 75.4427 44.7109 17.7
      vertex 76.9795 44.9133 17.7
      vertex 76.9182 45.2212 17.7
    endloop
  endfacet
  facet normal 0 0 1
    outer loop
      vertex 77 44.6 17.7
      vertex 75.45 44.6 17.7
      vertex 76.9795 44.2867 17.7
    endloop
  endfacet
  facet normal 0 0 1
    outer loop
      vertex 75.421 44.82 17.7
      vertex 76.9182 45.2212 17.7
      vertex 76.8173 45.5184 17.7
    endloop
  endfacet
  facet normal -0 0 1
    outer loop
      vertex 75.4427 44.4891 17.7
      vertex 76.9795 44.2867 17.7
      vertex 75.45 44.6 17.7
    endloop
  endfacet
  facet normal 0 0 1
    outer loop
      vertex 75.3853 44.9253 17.7
      vertex 76.8173 45.5184 17.7
      vertex 76.6785 45.8 17.7
    endloop
  endfacet
  facet normal 0 0 1
    outer loop
      vertex 76.9795 44.2867 17.7
      vertex 75.4427 44.4891 17.7
      vertex 76.9182 43.9788 17.7
    endloop
  endfacet
  facet normal 0 0 1
    outer loop
      vertex 75.3361 45.025 17.7
      vertex 76.6785 45.8 17.7
      vertex 76.5041 46.061 17.7
    endloop
  endfacet
  facet normal -0 0 1
    outer loop
      vertex 75.421 44.38 17.7
      vertex 76.9182 43.9788 17.7
      vertex 75.4427 44.4891 17.7
    endloop
  endfacet
  facet normal 0 0 1
    outer loop
      vertex 75.2744 45.1174 17.7
      vertex 76.5041 46.061 17.7
      vertex 76.2971 46.2971 17.7
    endloop
  endfacet
  facet normal 0 0 1
    outer loop
      vertex 76.9182 43.9788 17.7
      vertex 75.421 44.38 17.7
      vertex 76.8173 43.6816 17.7
    endloop
  endfacet
  facet normal 0 0 1
    outer loop
      vertex 75.201 45.201 17.7
      vertex 76.2971 46.2971 17.7
      vertex 76.061 46.504 17.7
    endloop
  endfacet
  facet normal -0 0 1
    outer loop
      vertex 75.3853 44.2747 17.7
      vertex 76.8173 43.6816 17.7
      vertex 75.421 44.38 17.7
    endloop
  endfacet
  facet normal 0 0 1
    outer loop
      vertex 75.1174 45.2743 17.7
      vertex 76.061 46.504 17.7
      vertex 75.8 46.6785 17.7
    endloop
  endfacet
  facet normal 0 0 1
    outer loop
      vertex 76.8173 43.6816 17.7
      vertex 75.3853 44.2747 17.7
      vertex 76.6785 43.4 17.7
    endloop
  endfacet
  facet normal 0 0 1
    outer loop
      vertex 75.025 45.3361 17.7
      vertex 75.8 46.6785 17.7
      vertex 75.5184 46.8173 17.7
    endloop
  endfacet
  facet normal -0 0 1
    outer loop
      vertex 75.3361 44.175 17.7
      vertex 76.6785 43.4 17.7
      vertex 75.3853 44.2747 17.7
    endloop
  endfacet
  facet normal 0 0 1
    outer loop
      vertex 76.6785 43.4 17.7
      vertex 75.3361 44.175 17.7
      vertex 76.5041 43.139 17.7
    endloop
  endfacet
  facet normal 0 0 1
    outer loop
      vertex 76.9795 44.9133 17.7
      vertex 75.4427 44.7109 17.7
      vertex 75.45 44.6 17.7
    endloop
  endfacet
  facet normal 0 0 1
    outer loop
      vertex 76.9182 45.2212 17.7
      vertex 75.421 44.82 17.7
      vertex 75.4427 44.7109 17.7
    endloop
  endfacet
  facet normal 0 0 1
    outer loop
      vertex 76.8173 45.5184 17.7
      vertex 75.3853 44.9253 17.7
      vertex 75.421 44.82 17.7
    endloop
  endfacet
  facet normal 0 0 1
    outer loop
      vertex 76.6785 45.8 17.7
      vertex 75.3361 45.025 17.7
      vertex 75.3853 44.9253 17.7
    endloop
  endfacet
  facet normal 0 0 1
    outer loop
      vertex 76.5041 46.061 17.7
      vertex 75.2744 45.1174 17.7
      vertex 75.3361 45.025 17.7
    endloop
  endfacet
  facet normal 0 0 1
    outer loop
      vertex 74.9253 45.3853 17.7
      vertex 75.5184 46.8173 17.7
      vertex 75.2212 46.9182 17.7
    endloop
  endfacet
  facet normal 0 0 1
    outer loop
      vertex 76.2971 46.2971 17.7
      vertex 75.201 45.201 17.7
      vertex 75.2744 45.1174 17.7
    endloop
  endfacet
  facet normal 0 0 1
    outer loop
      vertex 76.061 46.504 17.7
      vertex 75.1174 45.2743 17.7
      vertex 75.201 45.201 17.7
    endloop
  endfacet
  facet normal 0 0 1
    outer loop
      vertex 75.8 46.6785 17.7
      vertex 75.025 45.3361 17.7
      vertex 75.1174 45.2743 17.7
    endloop
  endfacet
  facet normal 0 0 1
    outer loop
      vertex 75.5184 46.8173 17.7
      vertex 74.9253 45.3853 17.7
      vertex 75.025 45.3361 17.7
    endloop
  endfacet
  facet normal 0 0 1
    outer loop
      vertex 74.82 45.421 17.7
      vertex 75.2212 46.9182 17.7
      vertex 74.9133 46.9795 17.7
    endloop
  endfacet
  facet normal 0 0 1
    outer loop
      vertex 75.2212 46.9182 17.7
      vertex 74.82 45.421 17.7
      vertex 74.9253 45.3853 17.7
    endloop
  endfacet
  facet normal 0 0 1
    outer loop
      vertex 74.9133 46.9795 17.7
      vertex 74.7109 45.4427 17.7
      vertex 74.82 45.421 17.7
    endloop
  endfacet
  facet normal 0 0 1
    outer loop
      vertex 74.6 47 17.7
      vertex 74.7109 45.4427 17.7
      vertex 74.9133 46.9795 17.7
    endloop
  endfacet
  facet normal 0 0 1
    outer loop
      vertex 74.6 47 17.7
      vertex 74.6 45.45 17.7
      vertex 74.7109 45.4427 17.7
    endloop
  endfacet
  facet normal 0 0 1
    outer loop
      vertex 74.6 47 17.7
      vertex 74.4891 45.4427 17.7
      vertex 74.6 45.45 17.7
    endloop
  endfacet
  facet normal -0 0 1
    outer loop
      vertex 74.2867 46.9795 17.7
      vertex 74.4891 45.4427 17.7
      vertex 74.6 47 17.7
    endloop
  endfacet
  facet normal 0 0 1
    outer loop
      vertex 74.4891 45.4427 17.7
      vertex 74.2867 46.9795 17.7
      vertex 74.38 45.421 17.7
    endloop
  endfacet
  facet normal -0 0 1
    outer loop
      vertex 73.9788 46.9182 17.7
      vertex 74.38 45.421 17.7
      vertex 74.2867 46.9795 17.7
    endloop
  endfacet
  facet normal 0 0 1
    outer loop
      vertex 74.38 45.421 17.7
      vertex 73.9788 46.9182 17.7
      vertex 74.2747 45.3853 17.7
    endloop
  endfacet
  facet normal -0 0 1
    outer loop
      vertex 73.6816 46.8173 17.7
      vertex 74.2747 45.3853 17.7
      vertex 73.9788 46.9182 17.7
    endloop
  endfacet
  facet normal 0 0 1
    outer loop
      vertex 74.2747 45.3853 17.7
      vertex 73.6816 46.8173 17.7
      vertex 74.175 45.3361 17.7
    endloop
  endfacet
  facet normal -0 0 1
    outer loop
      vertex 73.4 46.6785 17.7
      vertex 74.175 45.3361 17.7
      vertex 73.6816 46.8173 17.7
    endloop
  endfacet
  facet normal 0 0 1
    outer loop
      vertex 74.175 45.3361 17.7
      vertex 73.4 46.6785 17.7
      vertex 74.0826 45.2743 17.7
    endloop
  endfacet
  facet normal -0 0 1
    outer loop
      vertex 73.139 46.504 17.7
      vertex 74.0826 45.2743 17.7
      vertex 73.4 46.6785 17.7
    endloop
  endfacet
  facet normal 0 0 1
    outer loop
      vertex 74.0826 45.2743 17.7
      vertex 73.139 46.504 17.7
      vertex 73.999 45.201 17.7
    endloop
  endfacet
  facet normal -0 0 1
    outer loop
      vertex 72.9029 46.2971 17.7
      vertex 73.999 45.201 17.7
      vertex 73.139 46.504 17.7
    endloop
  endfacet
  facet normal 0 0 1
    outer loop
      vertex 73.999 45.201 17.7
      vertex 72.9029 46.2971 17.7
      vertex 73.9257 45.1174 17.7
    endloop
  endfacet
  facet normal 0 0 1
    outer loop
      vertex 73.9257 45.1174 17.7
      vertex 72.696 46.061 17.7
      vertex 73.8639 45.025 17.7
    endloop
  endfacet
  facet normal -0 0 1
    outer loop
      vertex 72.696 46.061 17.7
      vertex 73.9257 45.1174 17.7
      vertex 72.9029 46.2971 17.7
    endloop
  endfacet
  facet normal -0 0 1
    outer loop
      vertex 75.2744 44.0826 17.7
      vertex 76.5041 43.139 17.7
      vertex 75.3361 44.175 17.7
    endloop
  endfacet
  facet normal 0 0 1
    outer loop
      vertex 76.5041 43.139 17.7
      vertex 75.2744 44.0826 17.7
      vertex 76.2971 42.9029 17.7
    endloop
  endfacet
  facet normal -0 0 1
    outer loop
      vertex 75.201 43.999 17.7
      vertex 76.2971 42.9029 17.7
      vertex 75.2744 44.0826 17.7
    endloop
  endfacet
  facet normal 0 0 1
    outer loop
      vertex 76.2971 42.9029 17.7
      vertex 75.201 43.999 17.7
      vertex 76.061 42.696 17.7
    endloop
  endfacet
  facet normal -0 0 1
    outer loop
      vertex 75.1174 43.9257 17.7
      vertex 76.061 42.696 17.7
      vertex 75.201 43.999 17.7
    endloop
  endfacet
  facet normal 0 0 1
    outer loop
      vertex 76.061 42.696 17.7
      vertex 75.1174 43.9257 17.7
      vertex 75.8 42.5215 17.7
    endloop
  endfacet
  facet normal -0 0 1
    outer loop
      vertex 75.025 43.8639 17.7
      vertex 75.8 42.5215 17.7
      vertex 75.1174 43.9257 17.7
    endloop
  endfacet
  facet normal 0 0 1
    outer loop
      vertex 75.8 42.5215 17.7
      vertex 75.025 43.8639 17.7
      vertex 75.5184 42.3827 17.7
    endloop
  endfacet
  facet normal -0 0 1
    outer loop
      vertex 74.9253 43.8147 17.7
      vertex 75.5184 42.3827 17.7
      vertex 75.025 43.8639 17.7
    endloop
  endfacet
  facet normal 0 0 1
    outer loop
      vertex 75.5184 42.3827 17.7
      vertex 74.9253 43.8147 17.7
      vertex 75.2212 42.2818 17.7
    endloop
  endfacet
  facet normal -0 0 1
    outer loop
      vertex 74.82 43.779 17.7
      vertex 75.2212 42.2818 17.7
      vertex 74.9253 43.8147 17.7
    endloop
  endfacet
  facet normal 0 0 1
    outer loop
      vertex 75.2212 42.2818 17.7
      vertex 74.82 43.779 17.7
      vertex 74.9133 42.2205 17.7
    endloop
  endfacet
  facet normal -0 0 1
    outer loop
      vertex 74.7109 43.7573 17.7
      vertex 74.9133 42.2205 17.7
      vertex 74.82 43.779 17.7
    endloop
  endfacet
  facet normal -0 0 1
    outer loop
      vertex 74.6 43.75 17.7
      vertex 74.9133 42.2205 17.7
      vertex 74.7109 43.7573 17.7
    endloop
  endfacet
  facet normal 0 0 1
    outer loop
      vertex 74.6 43.75 17.7
      vertex 74.6 42.2 17.7
      vertex 74.9133 42.2205 17.7
    endloop
  endfacet
  facet normal 0 0 1
    outer loop
      vertex 74.4891 43.7573 17.7
      vertex 74.6 42.2 17.7
      vertex 74.6 43.75 17.7
    endloop
  endfacet
  facet normal 0 0 1
    outer loop
      vertex 74.2867 42.2205 17.7
      vertex 74.4891 43.7573 17.7
      vertex 74.38 43.779 17.7
    endloop
  endfacet
  facet normal 0 0 1
    outer loop
      vertex 74.4891 43.7573 17.7
      vertex 74.2867 42.2205 17.7
      vertex 74.6 42.2 17.7
    endloop
  endfacet
  facet normal 0 0 1
    outer loop
      vertex 73.9788 42.2818 17.7
      vertex 74.38 43.779 17.7
      vertex 74.2747 43.8147 17.7
    endloop
  endfacet
  facet normal 0 0 1
    outer loop
      vertex 73.6816 42.3827 17.7
      vertex 74.2747 43.8147 17.7
      vertex 74.175 43.8639 17.7
    endloop
  endfacet
  facet normal 0 0 1
    outer loop
      vertex 73.4 42.5215 17.7
      vertex 74.175 43.8639 17.7
      vertex 74.0826 43.9257 17.7
    endloop
  endfacet
  facet normal 0 0 1
    outer loop
      vertex 73.139 42.696 17.7
      vertex 74.0826 43.9257 17.7
      vertex 73.999 43.999 17.7
    endloop
  endfacet
  facet normal 0 0 1
    outer loop
      vertex 74.38 43.779 17.7
      vertex 73.9788 42.2818 17.7
      vertex 74.2867 42.2205 17.7
    endloop
  endfacet
  facet normal 0 0 1
    outer loop
      vertex 72.9029 42.9029 17.7
      vertex 73.999 43.999 17.7
      vertex 73.9257 44.0826 17.7
    endloop
  endfacet
  facet normal 0 0 1
    outer loop
      vertex 72.696 43.139 17.7
      vertex 73.9257 44.0826 17.7
      vertex 73.8639 44.175 17.7
    endloop
  endfacet
  facet normal 0 0 1
    outer loop
      vertex 72.5215 43.4 17.7
      vertex 73.8639 44.175 17.7
      vertex 73.8147 44.2747 17.7
    endloop
  endfacet
  facet normal 0 0 1
    outer loop
      vertex 72.3827 43.6816 17.7
      vertex 73.8147 44.2747 17.7
      vertex 73.779 44.38 17.7
    endloop
  endfacet
  facet normal 0 0 1
    outer loop
      vertex 72.2818 43.9788 17.7
      vertex 73.779 44.38 17.7
      vertex 73.7573 44.4891 17.7
    endloop
  endfacet
  facet normal 0 0 1
    outer loop
      vertex 74.2747 43.8147 17.7
      vertex 73.6816 42.3827 17.7
      vertex 73.9788 42.2818 17.7
    endloop
  endfacet
  facet normal 0 0 1
    outer loop
      vertex 72.2205 44.2867 17.7
      vertex 73.7573 44.4891 17.7
      vertex 73.75 44.6 17.7
    endloop
  endfacet
  facet normal -0 0 1
    outer loop
      vertex 72.5215 45.8 17.7
      vertex 73.8639 45.025 17.7
      vertex 72.696 46.061 17.7
    endloop
  endfacet
  facet normal 0 0 1
    outer loop
      vertex 73.8639 45.025 17.7
      vertex 72.5215 45.8 17.7
      vertex 73.8147 44.9253 17.7
    endloop
  endfacet
  facet normal 0 0 1
    outer loop
      vertex 74.175 43.8639 17.7
      vertex 73.4 42.5215 17.7
      vertex 73.6816 42.3827 17.7
    endloop
  endfacet
  facet normal -0 0 1
    outer loop
      vertex 72.3827 45.5184 17.7
      vertex 73.8147 44.9253 17.7
      vertex 72.5215 45.8 17.7
    endloop
  endfacet
  facet normal 0 0 1
    outer loop
      vertex 74.0826 43.9257 17.7
      vertex 73.139 42.696 17.7
      vertex 73.4 42.5215 17.7
    endloop
  endfacet
  facet normal 0 0 1
    outer loop
      vertex 73.8147 44.9253 17.7
      vertex 72.3827 45.5184 17.7
      vertex 73.779 44.82 17.7
    endloop
  endfacet
  facet normal 0 0 1
    outer loop
      vertex 73.999 43.999 17.7
      vertex 72.9029 42.9029 17.7
      vertex 73.139 42.696 17.7
    endloop
  endfacet
  facet normal -0 0 1
    outer loop
      vertex 72.2818 45.2212 17.7
      vertex 73.779 44.82 17.7
      vertex 72.3827 45.5184 17.7
    endloop
  endfacet
  facet normal 0 0 1
    outer loop
      vertex 73.9257 44.0826 17.7
      vertex 72.696 43.139 17.7
      vertex 72.9029 42.9029 17.7
    endloop
  endfacet
  facet normal 0 0 1
    outer loop
      vertex 73.779 44.82 17.7
      vertex 72.2818 45.2212 17.7
      vertex 73.7573 44.7109 17.7
    endloop
  endfacet
  facet normal 0 0 1
    outer loop
      vertex 73.8639 44.175 17.7
      vertex 72.5215 43.4 17.7
      vertex 72.696 43.139 17.7
    endloop
  endfacet
  facet normal -0 0 1
    outer loop
      vertex 72.2205 44.9133 17.7
      vertex 73.7573 44.7109 17.7
      vertex 72.2818 45.2212 17.7
    endloop
  endfacet
  facet normal 0 0 1
    outer loop
      vertex 73.8147 44.2747 17.7
      vertex 72.3827 43.6816 17.7
      vertex 72.5215 43.4 17.7
    endloop
  endfacet
  facet normal 0 0 1
    outer loop
      vertex 73.7573 44.7109 17.7
      vertex 72.2205 44.9133 17.7
      vertex 73.75 44.6 17.7
    endloop
  endfacet
  facet normal 0 0 1
    outer loop
      vertex 73.779 44.38 17.7
      vertex 72.2818 43.9788 17.7
      vertex 72.3827 43.6816 17.7
    endloop
  endfacet
  facet normal 0 0 1
    outer loop
      vertex 72.2 44.6 17.7
      vertex 73.75 44.6 17.7
      vertex 72.2205 44.9133 17.7
    endloop
  endfacet
  facet normal 0 0 1
    outer loop
      vertex 73.7573 44.4891 17.7
      vertex 72.2205 44.2867 17.7
      vertex 72.2818 43.9788 17.7
    endloop
  endfacet
  facet normal 0 0 1
    outer loop
      vertex 73.75 44.6 17.7
      vertex 72.2 44.6 17.7
      vertex 72.2205 44.2867 17.7
    endloop
  endfacet
  facet normal -0.0652929 0.997866 0
    outer loop
      vertex 74.6 47 1.6
      vertex 74.2867 46.9795 7.6
      vertex 74.6 47 7.6
    endloop
  endfacet
  facet normal -0.0652929 0.997866 0
    outer loop
      vertex 74.2867 46.9795 7.6
      vertex 74.6 47 1.6
      vertex 74.2867 46.9795 1.6
    endloop
  endfacet
  facet normal -0.0652929 0.997866 0
    outer loop
      vertex 74.6 47 9.1
      vertex 74.2867 46.9795 17.7
      vertex 74.6 47 17.7
    endloop
  endfacet
  facet normal -0.0652929 0.997866 0
    outer loop
      vertex 74.2867 46.9795 17.7
      vertex 74.6 47 9.1
      vertex 74.2867 46.9795 9.1
    endloop
  endfacet
  facet normal 0.997866 -0.0652929 0
    outer loop
      vertex 76.9795 44.2867 7.6
      vertex 77 44.6 1.6
      vertex 77 44.6 7.6
    endloop
  endfacet
  facet normal 0.997866 -0.0652929 0
    outer loop
      vertex 77 44.6 1.6
      vertex 76.9795 44.2867 7.6
      vertex 76.9795 44.2867 1.6
    endloop
  endfacet
  facet normal 0.997866 -0.0652929 0
    outer loop
      vertex 76.9795 44.2867 17.7
      vertex 77 44.6 9.1
      vertex 77 44.6 17.7
    endloop
  endfacet
  facet normal 0.997866 -0.0652929 0
    outer loop
      vertex 77 44.6 9.1
      vertex 76.9795 44.2867 17.7
      vertex 76.9795 44.2867 9.1
    endloop
  endfacet
  facet normal 0.0652929 -0.997866 0
    outer loop
      vertex 74.6 42.2 1.6
      vertex 74.9133 42.2205 7.6
      vertex 74.6 42.2 7.6
    endloop
  endfacet
  facet normal 0.0652929 -0.997866 0
    outer loop
      vertex 74.9133 42.2205 7.6
      vertex 74.6 42.2 1.6
      vertex 74.9133 42.2205 1.6
    endloop
  endfacet
  facet normal 0.0652929 -0.997866 0
    outer loop
      vertex 74.6 42.2 9.1
      vertex 74.9133 42.2205 17.7
      vertex 74.6 42.2 17.7
    endloop
  endfacet
  facet normal 0.0652929 -0.997866 0
    outer loop
      vertex 74.9133 42.2205 17.7
      vertex 74.6 42.2 9.1
      vertex 74.9133 42.2205 9.1
    endloop
  endfacet
  facet normal 0.659068 -0.752083 0
    outer loop
      vertex 76.061 42.696 1.6
      vertex 76.2971 42.9029 7.6
      vertex 76.061 42.696 7.6
    endloop
  endfacet
  facet normal 0.659068 -0.752083 0
    outer loop
      vertex 76.2971 42.9029 7.6
      vertex 76.061 42.696 1.6
      vertex 76.2971 42.9029 1.6
    endloop
  endfacet
  facet normal 0.659068 -0.752083 0
    outer loop
      vertex 76.061 42.696 9.1
      vertex 76.2971 42.9029 17.7
      vertex 76.061 42.696 17.7
    endloop
  endfacet
  facet normal 0.659068 -0.752083 0
    outer loop
      vertex 76.2971 42.9029 17.7
      vertex 76.061 42.696 9.1
      vertex 76.2971 42.9029 9.1
    endloop
  endfacet
  facet normal 0.831462 -0.555582 0
    outer loop
      vertex 76.5041 43.139 7.6
      vertex 76.6785 43.4 1.6
      vertex 76.6785 43.4 7.6
    endloop
  endfacet
  facet normal 0.831462 -0.555582 0
    outer loop
      vertex 76.6785 43.4 1.6
      vertex 76.5041 43.139 7.6
      vertex 76.5041 43.139 1.6
    endloop
  endfacet
  facet normal 0.831462 -0.555582 0
    outer loop
      vertex 76.5041 43.139 17.7
      vertex 76.6785 43.4 9.1
      vertex 76.6785 43.4 17.7
    endloop
  endfacet
  facet normal 0.831462 -0.555582 0
    outer loop
      vertex 76.6785 43.4 9.1
      vertex 76.5041 43.139 17.7
      vertex 76.5041 43.139 9.1
    endloop
  endfacet
  facet normal 0.980752 -0.195258 0
    outer loop
      vertex 76.9182 43.9788 7.6
      vertex 76.9795 44.2867 1.6
      vertex 76.9795 44.2867 7.6
    endloop
  endfacet
  facet normal 0.980752 -0.195258 0
    outer loop
      vertex 76.9795 44.2867 1.6
      vertex 76.9182 43.9788 7.6
      vertex 76.9182 43.9788 1.6
    endloop
  endfacet
  facet normal 0.980752 -0.195258 0
    outer loop
      vertex 76.9182 43.9788 17.7
      vertex 76.9795 44.2867 9.1
      vertex 76.9795 44.2867 17.7
    endloop
  endfacet
  facet normal 0.980752 -0.195258 0
    outer loop
      vertex 76.9795 44.2867 9.1
      vertex 76.9182 43.9788 17.7
      vertex 76.9182 43.9788 9.1
    endloop
  endfacet
  facet normal -0.555802 -0.831315 0
    outer loop
      vertex 73.139 42.696 1.6
      vertex 73.4 42.5215 7.6
      vertex 73.139 42.696 7.6
    endloop
  endfacet
  facet normal -0.555802 -0.831315 -0
    outer loop
      vertex 73.4 42.5215 7.6
      vertex 73.139 42.696 1.6
      vertex 73.4 42.5215 1.6
    endloop
  endfacet
  facet normal -0.555802 -0.831315 0
    outer loop
      vertex 73.139 42.696 9.1
      vertex 73.4 42.5215 17.7
      vertex 73.139 42.696 17.7
    endloop
  endfacet
  facet normal -0.555802 -0.831315 -0
    outer loop
      vertex 73.4 42.5215 17.7
      vertex 73.139 42.696 9.1
      vertex 73.4 42.5215 9.1
    endloop
  endfacet
  facet normal -0.44211 -0.896961 0
    outer loop
      vertex 73.4 42.5215 9.1
      vertex 73.6816 42.3827 17.7
      vertex 73.4 42.5215 17.7
    endloop
  endfacet
  facet normal -0.44211 -0.896961 -0
    outer loop
      vertex 73.6816 42.3827 17.7
      vertex 73.4 42.5215 9.1
      vertex 73.6816 42.3827 9.1
    endloop
  endfacet
  facet normal -0.44211 -0.896961 0
    outer loop
      vertex 73.4 42.5215 1.6
      vertex 73.6816 42.3827 7.6
      vertex 73.4 42.5215 7.6
    endloop
  endfacet
  facet normal -0.44211 -0.896961 -0
    outer loop
      vertex 73.6816 42.3827 7.6
      vertex 73.4 42.5215 1.6
      vertex 73.6816 42.3827 1.6
    endloop
  endfacet
  facet normal -0.195258 -0.980752 0
    outer loop
      vertex 73.9788 42.2818 1.6
      vertex 74.2867 42.2205 7.6
      vertex 73.9788 42.2818 7.6
    endloop
  endfacet
  facet normal -0.195258 -0.980752 -0
    outer loop
      vertex 74.2867 42.2205 7.6
      vertex 73.9788 42.2818 1.6
      vertex 74.2867 42.2205 1.6
    endloop
  endfacet
  facet normal -0.195258 -0.980752 0
    outer loop
      vertex 73.9788 42.2818 9.1
      vertex 74.2867 42.2205 17.7
      vertex 73.9788 42.2818 17.7
    endloop
  endfacet
  facet normal -0.195258 -0.980752 -0
    outer loop
      vertex 74.2867 42.2205 17.7
      vertex 73.9788 42.2818 9.1
      vertex 74.2867 42.2205 9.1
    endloop
  endfacet
  facet normal -0.896961 -0.44211 0
    outer loop
      vertex 72.5215 43.4 9.1
      vertex 72.3827 43.6816 17.7
      vertex 72.3827 43.6816 9.1
    endloop
  endfacet
  facet normal -0.896961 -0.44211 0
    outer loop
      vertex 72.3827 43.6816 17.7
      vertex 72.5215 43.4 9.1
      vertex 72.5215 43.4 17.7
    endloop
  endfacet
  facet normal -0.896961 -0.44211 0
    outer loop
      vertex 72.5215 43.4 1.6
      vertex 72.3827 43.6816 7.6
      vertex 72.3827 43.6816 1.6
    endloop
  endfacet
  facet normal -0.896961 -0.44211 0
    outer loop
      vertex 72.3827 43.6816 7.6
      vertex 72.5215 43.4 1.6
      vertex 72.5215 43.4 7.6
    endloop
  endfacet
  facet normal -0.946916 -0.32148 0
    outer loop
      vertex 72.3827 43.6816 1.6
      vertex 72.2818 43.9788 7.6
      vertex 72.2818 43.9788 1.6
    endloop
  endfacet
  facet normal -0.946916 -0.32148 0
    outer loop
      vertex 72.2818 43.9788 7.6
      vertex 72.3827 43.6816 1.6
      vertex 72.3827 43.6816 7.6
    endloop
  endfacet
  facet normal -0.946916 -0.32148 0
    outer loop
      vertex 72.3827 43.6816 9.1
      vertex 72.2818 43.9788 17.7
      vertex 72.2818 43.9788 9.1
    endloop
  endfacet
  facet normal -0.946916 -0.32148 0
    outer loop
      vertex 72.2818 43.9788 17.7
      vertex 72.3827 43.6816 9.1
      vertex 72.3827 43.6816 17.7
    endloop
  endfacet
  facet normal -0.997866 -0.0652929 0
    outer loop
      vertex 72.2205 44.2867 1.6
      vertex 72.2 44.6 7.6
      vertex 72.2 44.6 1.6
    endloop
  endfacet
  facet normal -0.997866 -0.0652929 0
    outer loop
      vertex 72.2 44.6 7.6
      vertex 72.2205 44.2867 1.6
      vertex 72.2205 44.2867 7.6
    endloop
  endfacet
  facet normal -0.997866 -0.0652929 0
    outer loop
      vertex 72.2205 44.2867 9.1
      vertex 72.2 44.6 17.7
      vertex 72.2 44.6 9.1
    endloop
  endfacet
  facet normal -0.997866 -0.0652929 0
    outer loop
      vertex 72.2 44.6 17.7
      vertex 72.2205 44.2867 9.1
      vertex 72.2205 44.2867 17.7
    endloop
  endfacet
  facet normal 0.751925 0.659248 0
    outer loop
      vertex 76.5041 46.061 7.6
      vertex 76.2971 46.2971 1.6
      vertex 76.2971 46.2971 7.6
    endloop
  endfacet
  facet normal 0.751925 0.659248 0
    outer loop
      vertex 76.2971 46.2971 1.6
      vertex 76.5041 46.061 7.6
      vertex 76.5041 46.061 1.6
    endloop
  endfacet
  facet normal 0.751925 0.659248 0
    outer loop
      vertex 76.5041 46.061 17.7
      vertex 76.2971 46.2971 9.1
      vertex 76.2971 46.2971 17.7
    endloop
  endfacet
  facet normal 0.751925 0.659248 0
    outer loop
      vertex 76.2971 46.2971 9.1
      vertex 76.5041 46.061 17.7
      vertex 76.5041 46.061 9.1
    endloop
  endfacet
  facet normal 0.44211 0.896961 -0
    outer loop
      vertex 75.8 46.6785 1.6
      vertex 75.5184 46.8173 7.6
      vertex 75.8 46.6785 7.6
    endloop
  endfacet
  facet normal 0.44211 0.896961 0
    outer loop
      vertex 75.5184 46.8173 7.6
      vertex 75.8 46.6785 1.6
      vertex 75.5184 46.8173 1.6
    endloop
  endfacet
  facet normal 0.44211 0.896961 -0
    outer loop
      vertex 75.8 46.6785 9.1
      vertex 75.5184 46.8173 17.7
      vertex 75.8 46.6785 17.7
    endloop
  endfacet
  facet normal 0.44211 0.896961 0
    outer loop
      vertex 75.5184 46.8173 17.7
      vertex 75.8 46.6785 9.1
      vertex 75.5184 46.8173 9.1
    endloop
  endfacet
  facet normal -0.44211 0.896961 0
    outer loop
      vertex 73.6816 46.8173 1.6
      vertex 73.4 46.6785 7.6
      vertex 73.6816 46.8173 7.6
    endloop
  endfacet
  facet normal -0.44211 0.896961 0
    outer loop
      vertex 73.4 46.6785 7.6
      vertex 73.6816 46.8173 1.6
      vertex 73.4 46.6785 1.6
    endloop
  endfacet
  facet normal -0.44211 0.896961 0
    outer loop
      vertex 73.6816 46.8173 9.1
      vertex 73.4 46.6785 17.7
      vertex 73.6816 46.8173 17.7
    endloop
  endfacet
  facet normal -0.44211 0.896961 0
    outer loop
      vertex 73.4 46.6785 17.7
      vertex 73.6816 46.8173 9.1
      vertex 73.4 46.6785 9.1
    endloop
  endfacet
  facet normal 0.195258 -0.980752 0
    outer loop
      vertex 74.9133 42.2205 1.6
      vertex 75.2212 42.2818 7.6
      vertex 74.9133 42.2205 7.6
    endloop
  endfacet
  facet normal 0.195258 -0.980752 0
    outer loop
      vertex 75.2212 42.2818 7.6
      vertex 74.9133 42.2205 1.6
      vertex 75.2212 42.2818 1.6
    endloop
  endfacet
  facet normal 0.195258 -0.980752 0
    outer loop
      vertex 74.9133 42.2205 9.1
      vertex 75.2212 42.2818 17.7
      vertex 74.9133 42.2205 17.7
    endloop
  endfacet
  facet normal 0.195258 -0.980752 0
    outer loop
      vertex 75.2212 42.2818 17.7
      vertex 74.9133 42.2205 9.1
      vertex 75.2212 42.2818 9.1
    endloop
  endfacet
  facet normal 0.44211 -0.896961 0
    outer loop
      vertex 75.5184 42.3827 1.6
      vertex 75.8 42.5215 7.6
      vertex 75.5184 42.3827 7.6
    endloop
  endfacet
  facet normal 0.44211 -0.896961 0
    outer loop
      vertex 75.8 42.5215 7.6
      vertex 75.5184 42.3827 1.6
      vertex 75.8 42.5215 1.6
    endloop
  endfacet
  facet normal 0.44211 -0.896961 0
    outer loop
      vertex 75.5184 42.3827 9.1
      vertex 75.8 42.5215 17.7
      vertex 75.5184 42.3827 17.7
    endloop
  endfacet
  facet normal 0.44211 -0.896961 0
    outer loop
      vertex 75.8 42.5215 17.7
      vertex 75.5184 42.3827 9.1
      vertex 75.8 42.5215 9.1
    endloop
  endfacet
  facet normal 0.896961 -0.44211 0
    outer loop
      vertex 76.6785 43.4 7.6
      vertex 76.8173 43.6816 1.6
      vertex 76.8173 43.6816 7.6
    endloop
  endfacet
  facet normal 0.896961 -0.44211 0
    outer loop
      vertex 76.8173 43.6816 1.6
      vertex 76.6785 43.4 7.6
      vertex 76.6785 43.4 1.6
    endloop
  endfacet
  facet normal 0.896961 -0.44211 0
    outer loop
      vertex 76.6785 43.4 17.7
      vertex 76.8173 43.6816 9.1
      vertex 76.8173 43.6816 17.7
    endloop
  endfacet
  facet normal 0.896961 -0.44211 0
    outer loop
      vertex 76.8173 43.6816 9.1
      vertex 76.6785 43.4 17.7
      vertex 76.6785 43.4 9.1
    endloop
  endfacet
  facet normal -0.831315 -0.555802 0
    outer loop
      vertex 72.696 43.139 1.6
      vertex 72.5215 43.4 7.6
      vertex 72.5215 43.4 1.6
    endloop
  endfacet
  facet normal -0.831315 -0.555802 0
    outer loop
      vertex 72.5215 43.4 7.6
      vertex 72.696 43.139 1.6
      vertex 72.696 43.139 7.6
    endloop
  endfacet
  facet normal -0.831315 -0.555802 0
    outer loop
      vertex 72.696 43.139 9.1
      vertex 72.5215 43.4 17.7
      vertex 72.5215 43.4 9.1
    endloop
  endfacet
  facet normal -0.831315 -0.555802 0
    outer loop
      vertex 72.5215 43.4 17.7
      vertex 72.696 43.139 9.1
      vertex 72.696 43.139 17.7
    endloop
  endfacet
  facet normal -0.980752 -0.195258 0
    outer loop
      vertex 72.2818 43.9788 1.6
      vertex 72.2205 44.2867 7.6
      vertex 72.2205 44.2867 1.6
    endloop
  endfacet
  facet normal -0.980752 -0.195258 0
    outer loop
      vertex 72.2205 44.2867 7.6
      vertex 72.2818 43.9788 1.6
      vertex 72.2818 43.9788 7.6
    endloop
  endfacet
  facet normal -0.980752 -0.195258 0
    outer loop
      vertex 72.2818 43.9788 9.1
      vertex 72.2205 44.2867 17.7
      vertex 72.2205 44.2867 9.1
    endloop
  endfacet
  facet normal -0.980752 -0.195258 0
    outer loop
      vertex 72.2205 44.2867 17.7
      vertex 72.2818 43.9788 9.1
      vertex 72.2818 43.9788 17.7
    endloop
  endfacet
  facet normal -0.997841 -0.0656829 0
    outer loop
      vertex 75.45 44.6 10.7
      vertex 75.4427 44.7109 17.7
      vertex 75.4427 44.7109 10.7
    endloop
  endfacet
  facet normal -0.997841 -0.0656829 0
    outer loop
      vertex 75.4427 44.7109 17.7
      vertex 75.45 44.6 10.7
      vertex 75.45 44.6 17.7
    endloop
  endfacet
  facet normal 0.997841 -0.0656829 0
    outer loop
      vertex 73.75 44.6 17.7
      vertex 73.7573 44.7109 10.7
      vertex 73.7573 44.7109 17.7
    endloop
  endfacet
  facet normal 0.997841 -0.0656829 0
    outer loop
      vertex 73.7573 44.7109 10.7
      vertex 73.75 44.6 17.7
      vertex 73.75 44.6 10.7
    endloop
  endfacet
  facet normal 0.0656829 -0.997841 0
    outer loop
      vertex 74.4891 45.4427 10.7
      vertex 74.6 45.45 17.7
      vertex 74.4891 45.4427 17.7
    endloop
  endfacet
  facet normal 0.0656829 -0.997841 0
    outer loop
      vertex 74.6 45.45 17.7
      vertex 74.4891 45.4427 10.7
      vertex 74.6 45.45 10.7
    endloop
  endfacet
  facet normal -0.0656829 0.997841 0
    outer loop
      vertex 74.7109 43.7573 10.7
      vertex 74.6 43.75 17.7
      vertex 74.7109 43.7573 17.7
    endloop
  endfacet
  facet normal -0.0656829 0.997841 0
    outer loop
      vertex 74.6 43.75 17.7
      vertex 74.7109 43.7573 10.7
      vertex 74.6 43.75 10.7
    endloop
  endfacet
  facet normal -0.751462 0.659776 0
    outer loop
      vertex 75.201 43.999 10.7
      vertex 75.2744 44.0826 17.7
      vertex 75.2744 44.0826 10.7
    endloop
  endfacet
  facet normal -0.751462 0.659776 0
    outer loop
      vertex 75.2744 44.0826 17.7
      vertex 75.201 43.999 10.7
      vertex 75.201 43.999 17.7
    endloop
  endfacet
  facet normal -0.659268 -0.751908 0
    outer loop
      vertex 75.1174 45.2743 10.7
      vertex 75.201 45.201 17.7
      vertex 75.1174 45.2743 17.7
    endloop
  endfacet
  facet normal -0.659268 -0.751908 -0
    outer loop
      vertex 75.201 45.201 17.7
      vertex 75.1174 45.2743 10.7
      vertex 75.201 45.201 10.7
    endloop
  endfacet
  facet normal 0.751908 -0.659268 0
    outer loop
      vertex 73.9257 45.1174 17.7
      vertex 73.999 45.201 10.7
      vertex 73.999 45.201 17.7
    endloop
  endfacet
  facet normal 0.751908 -0.659268 0
    outer loop
      vertex 73.999 45.201 10.7
      vertex 73.9257 45.1174 17.7
      vertex 73.9257 45.1174 10.7
    endloop
  endfacet
  facet normal 0.44253 -0.896754 0
    outer loop
      vertex 74.175 45.3361 10.7
      vertex 74.2747 45.3853 17.7
      vertex 74.175 45.3361 17.7
    endloop
  endfacet
  facet normal 0.44253 -0.896754 0
    outer loop
      vertex 74.2747 45.3853 17.7
      vertex 74.175 45.3361 10.7
      vertex 74.2747 45.3853 10.7
    endloop
  endfacet
  facet normal -0.896754 -0.44253 0
    outer loop
      vertex 75.3853 44.9253 10.7
      vertex 75.3361 45.025 17.7
      vertex 75.3361 45.025 10.7
    endloop
  endfacet
  facet normal -0.896754 -0.44253 0
    outer loop
      vertex 75.3361 45.025 17.7
      vertex 75.3853 44.9253 10.7
      vertex 75.3853 44.9253 17.7
    endloop
  endfacet
  facet normal -0.831635 -0.555323 0
    outer loop
      vertex 75.3361 45.025 10.7
      vertex 75.2744 45.1174 17.7
      vertex 75.2744 45.1174 10.7
    endloop
  endfacet
  facet normal -0.831635 -0.555323 0
    outer loop
      vertex 75.2744 45.1174 17.7
      vertex 75.3361 45.025 10.7
      vertex 75.3361 45.025 17.7
    endloop
  endfacet
  facet normal -0.32108 -0.947052 0
    outer loop
      vertex 74.82 45.421 10.7
      vertex 74.9253 45.3853 17.7
      vertex 74.82 45.421 17.7
    endloop
  endfacet
  facet normal -0.32108 -0.947052 -0
    outer loop
      vertex 74.9253 45.3853 17.7
      vertex 74.82 45.421 10.7
      vertex 74.9253 45.3853 10.7
    endloop
  endfacet
  facet normal -0.195079 -0.980788 0
    outer loop
      vertex 74.7109 45.4427 10.7
      vertex 74.82 45.421 17.7
      vertex 74.7109 45.4427 17.7
    endloop
  endfacet
  facet normal -0.195079 -0.980788 -0
    outer loop
      vertex 74.82 45.421 17.7
      vertex 74.7109 45.4427 10.7
      vertex 74.82 45.421 10.7
    endloop
  endfacet
  facet normal -0.44253 -0.896754 0
    outer loop
      vertex 74.9253 45.3853 10.7
      vertex 75.025 45.3361 17.7
      vertex 74.9253 45.3853 17.7
    endloop
  endfacet
  facet normal -0.44253 -0.896754 -0
    outer loop
      vertex 75.025 45.3361 17.7
      vertex 74.9253 45.3853 10.7
      vertex 75.025 45.3361 10.7
    endloop
  endfacet
  facet normal 0.896754 -0.44253 0
    outer loop
      vertex 73.8147 44.9253 17.7
      vertex 73.8639 45.025 10.7
      vertex 73.8639 45.025 17.7
    endloop
  endfacet
  facet normal 0.896754 -0.44253 0
    outer loop
      vertex 73.8639 45.025 10.7
      vertex 73.8147 44.9253 17.7
      vertex 73.8147 44.9253 10.7
    endloop
  endfacet
  facet normal 0.831219 -0.555945 0
    outer loop
      vertex 73.8639 45.025 17.7
      vertex 73.9257 45.1174 10.7
      vertex 73.9257 45.1174 17.7
    endloop
  endfacet
  facet normal 0.831219 -0.555945 0
    outer loop
      vertex 73.9257 45.1174 10.7
      vertex 73.8639 45.025 17.7
      vertex 73.8639 45.025 10.7
    endloop
  endfacet
  facet normal 0.555945 -0.831219 0
    outer loop
      vertex 74.0826 45.2743 10.7
      vertex 74.175 45.3361 17.7
      vertex 74.0826 45.2743 17.7
    endloop
  endfacet
  facet normal 0.555945 -0.831219 0
    outer loop
      vertex 74.175 45.3361 17.7
      vertex 74.0826 45.2743 10.7
      vertex 74.175 45.3361 10.7
    endloop
  endfacet
  facet normal 0.32108 -0.947052 0
    outer loop
      vertex 74.2747 45.3853 10.7
      vertex 74.38 45.421 17.7
      vertex 74.2747 45.3853 17.7
    endloop
  endfacet
  facet normal 0.32108 -0.947052 0
    outer loop
      vertex 74.38 45.421 17.7
      vertex 74.2747 45.3853 10.7
      vertex 74.38 45.421 10.7
    endloop
  endfacet
  facet normal 0 0 1
    outer loop
      vertex 75.4427 44.7109 10.7
      vertex 75.4427 44.4891 10.7
      vertex 75.45 44.6 10.7
    endloop
  endfacet
  facet normal 0 0 1
    outer loop
      vertex 75.421 44.82 10.7
      vertex 75.4427 44.4891 10.7
      vertex 75.4427 44.7109 10.7
    endloop
  endfacet
  facet normal 0 0 1
    outer loop
      vertex 75.421 44.82 10.7
      vertex 75.421 44.38 10.7
      vertex 75.4427 44.4891 10.7
    endloop
  endfacet
  facet normal 0 0 1
    outer loop
      vertex 75.3853 44.9253 10.7
      vertex 75.421 44.38 10.7
      vertex 75.421 44.82 10.7
    endloop
  endfacet
  facet normal 0 0 1
    outer loop
      vertex 75.3853 44.9253 10.7
      vertex 75.3853 44.2747 10.7
      vertex 75.421 44.38 10.7
    endloop
  endfacet
  facet normal 0 0 1
    outer loop
      vertex 75.3361 45.025 10.7
      vertex 75.3853 44.2747 10.7
      vertex 75.3853 44.9253 10.7
    endloop
  endfacet
  facet normal 0 0 1
    outer loop
      vertex 75.3361 45.025 10.7
      vertex 75.3361 44.175 10.7
      vertex 75.3853 44.2747 10.7
    endloop
  endfacet
  facet normal 0 0 1
    outer loop
      vertex 75.2744 45.1174 10.7
      vertex 75.3361 44.175 10.7
      vertex 75.3361 45.025 10.7
    endloop
  endfacet
  facet normal 0 0 1
    outer loop
      vertex 75.2744 45.1174 10.7
      vertex 75.2744 44.0826 10.7
      vertex 75.3361 44.175 10.7
    endloop
  endfacet
  facet normal 0 0 1
    outer loop
      vertex 75.201 45.201 10.7
      vertex 75.2744 44.0826 10.7
      vertex 75.2744 45.1174 10.7
    endloop
  endfacet
  facet normal 0 0 1
    outer loop
      vertex 75.201 45.201 10.7
      vertex 75.201 43.999 10.7
      vertex 75.2744 44.0826 10.7
    endloop
  endfacet
  facet normal 0 0 1
    outer loop
      vertex 75.1174 45.2743 10.7
      vertex 75.201 43.999 10.7
      vertex 75.201 45.201 10.7
    endloop
  endfacet
  facet normal 0 0 1
    outer loop
      vertex 75.1174 45.2743 10.7
      vertex 75.1174 43.9257 10.7
      vertex 75.201 43.999 10.7
    endloop
  endfacet
  facet normal 0 0 1
    outer loop
      vertex 75.025 45.3361 10.7
      vertex 75.1174 43.9257 10.7
      vertex 75.1174 45.2743 10.7
    endloop
  endfacet
  facet normal 0 0 1
    outer loop
      vertex 75.025 45.3361 10.7
      vertex 75.025 43.8639 10.7
      vertex 75.1174 43.9257 10.7
    endloop
  endfacet
  facet normal 0 0 1
    outer loop
      vertex 74.9253 45.3853 10.7
      vertex 75.025 43.8639 10.7
      vertex 75.025 45.3361 10.7
    endloop
  endfacet
  facet normal 0 0 1
    outer loop
      vertex 74.9253 45.3853 10.7
      vertex 74.9253 43.8147 10.7
      vertex 75.025 43.8639 10.7
    endloop
  endfacet
  facet normal 0 0 1
    outer loop
      vertex 74.82 45.421 10.7
      vertex 74.9253 43.8147 10.7
      vertex 74.9253 45.3853 10.7
    endloop
  endfacet
  facet normal 0 0 1
    outer loop
      vertex 74.82 45.421 10.7
      vertex 74.82 43.779 10.7
      vertex 74.9253 43.8147 10.7
    endloop
  endfacet
  facet normal 0 0 1
    outer loop
      vertex 74.7109 45.4427 10.7
      vertex 74.82 43.779 10.7
      vertex 74.82 45.421 10.7
    endloop
  endfacet
  facet normal 0 0 1
    outer loop
      vertex 74.7109 45.4427 10.7
      vertex 74.7109 43.7573 10.7
      vertex 74.82 43.779 10.7
    endloop
  endfacet
  facet normal 0 0 1
    outer loop
      vertex 74.6 45.45 10.7
      vertex 74.7109 43.7573 10.7
      vertex 74.7109 45.4427 10.7
    endloop
  endfacet
  facet normal 0 0 1
    outer loop
      vertex 74.6 45.45 10.7
      vertex 74.6 43.75 10.7
      vertex 74.7109 43.7573 10.7
    endloop
  endfacet
  facet normal -0 0 1
    outer loop
      vertex 74.4891 45.4427 10.7
      vertex 74.6 43.75 10.7
      vertex 74.6 45.45 10.7
    endloop
  endfacet
  facet normal 0 0 1
    outer loop
      vertex 74.4891 45.4427 10.7
      vertex 74.4891 43.7573 10.7
      vertex 74.6 43.75 10.7
    endloop
  endfacet
  facet normal -0 0 1
    outer loop
      vertex 74.38 45.421 10.7
      vertex 74.4891 43.7573 10.7
      vertex 74.4891 45.4427 10.7
    endloop
  endfacet
  facet normal 0 0 1
    outer loop
      vertex 74.38 45.421 10.7
      vertex 74.38 43.779 10.7
      vertex 74.4891 43.7573 10.7
    endloop
  endfacet
  facet normal -0 0 1
    outer loop
      vertex 74.2747 45.3853 10.7
      vertex 74.38 43.779 10.7
      vertex 74.38 45.421 10.7
    endloop
  endfacet
  facet normal 0 0 1
    outer loop
      vertex 74.2747 45.3853 10.7
      vertex 74.2747 43.8147 10.7
      vertex 74.38 43.779 10.7
    endloop
  endfacet
  facet normal -0 0 1
    outer loop
      vertex 74.175 45.3361 10.7
      vertex 74.2747 43.8147 10.7
      vertex 74.2747 45.3853 10.7
    endloop
  endfacet
  facet normal 0 0 1
    outer loop
      vertex 74.175 45.3361 10.7
      vertex 74.175 43.8639 10.7
      vertex 74.2747 43.8147 10.7
    endloop
  endfacet
  facet normal -0 0 1
    outer loop
      vertex 74.0826 45.2743 10.7
      vertex 74.175 43.8639 10.7
      vertex 74.175 45.3361 10.7
    endloop
  endfacet
  facet normal 0 0 1
    outer loop
      vertex 74.0826 45.2743 10.7
      vertex 74.0826 43.9257 10.7
      vertex 74.175 43.8639 10.7
    endloop
  endfacet
  facet normal -0 0 1
    outer loop
      vertex 73.999 45.201 10.7
      vertex 74.0826 43.9257 10.7
      vertex 74.0826 45.2743 10.7
    endloop
  endfacet
  facet normal 0 0 1
    outer loop
      vertex 73.999 45.201 10.7
      vertex 73.999 43.999 10.7
      vertex 74.0826 43.9257 10.7
    endloop
  endfacet
  facet normal -0 0 1
    outer loop
      vertex 73.9257 45.1174 10.7
      vertex 73.999 43.999 10.7
      vertex 73.999 45.201 10.7
    endloop
  endfacet
  facet normal 0 0 1
    outer loop
      vertex 73.9257 45.1174 10.7
      vertex 73.9257 44.0826 10.7
      vertex 73.999 43.999 10.7
    endloop
  endfacet
  facet normal -0 0 1
    outer loop
      vertex 73.8639 45.025 10.7
      vertex 73.9257 44.0826 10.7
      vertex 73.9257 45.1174 10.7
    endloop
  endfacet
  facet normal 0 0 1
    outer loop
      vertex 73.8639 45.025 10.7
      vertex 73.8639 44.175 10.7
      vertex 73.9257 44.0826 10.7
    endloop
  endfacet
  facet normal -0 0 1
    outer loop
      vertex 73.8147 44.9253 10.7
      vertex 73.8639 44.175 10.7
      vertex 73.8639 45.025 10.7
    endloop
  endfacet
  facet normal 0 0 1
    outer loop
      vertex 73.8147 44.9253 10.7
      vertex 73.8147 44.2747 10.7
      vertex 73.8639 44.175 10.7
    endloop
  endfacet
  facet normal -0 0 1
    outer loop
      vertex 73.779 44.82 10.7
      vertex 73.8147 44.2747 10.7
      vertex 73.8147 44.9253 10.7
    endloop
  endfacet
  facet normal 0 0 1
    outer loop
      vertex 73.779 44.82 10.7
      vertex 73.779 44.38 10.7
      vertex 73.8147 44.2747 10.7
    endloop
  endfacet
  facet normal -0 0 1
    outer loop
      vertex 73.7573 44.7109 10.7
      vertex 73.779 44.38 10.7
      vertex 73.779 44.82 10.7
    endloop
  endfacet
  facet normal 0 0 1
    outer loop
      vertex 73.7573 44.7109 10.7
      vertex 73.7573 44.4891 10.7
      vertex 73.779 44.38 10.7
    endloop
  endfacet
  facet normal 0 -0 1
    outer loop
      vertex 73.7573 44.4891 10.7
      vertex 73.7573 44.7109 10.7
      vertex 73.75 44.6 10.7
    endloop
  endfacet
  facet normal -0.195079 0.980788 0
    outer loop
      vertex 74.82 43.779 10.7
      vertex 74.7109 43.7573 17.7
      vertex 74.82 43.779 17.7
    endloop
  endfacet
  facet normal -0.195079 0.980788 0
    outer loop
      vertex 74.7109 43.7573 17.7
      vertex 74.82 43.779 10.7
      vertex 74.7109 43.7573 10.7
    endloop
  endfacet
  facet normal -0.44253 0.896754 0
    outer loop
      vertex 75.025 43.8639 10.7
      vertex 74.9253 43.8147 17.7
      vertex 75.025 43.8639 17.7
    endloop
  endfacet
  facet normal -0.44253 0.896754 0
    outer loop
      vertex 74.9253 43.8147 17.7
      vertex 75.025 43.8639 10.7
      vertex 74.9253 43.8147 10.7
    endloop
  endfacet
  facet normal -0.947052 -0.32108 0
    outer loop
      vertex 75.421 44.82 10.7
      vertex 75.3853 44.9253 17.7
      vertex 75.3853 44.9253 10.7
    endloop
  endfacet
  facet normal -0.947052 -0.32108 0
    outer loop
      vertex 75.3853 44.9253 17.7
      vertex 75.421 44.82 10.7
      vertex 75.421 44.82 17.7
    endloop
  endfacet
  facet normal -0.980788 -0.195079 0
    outer loop
      vertex 75.4427 44.7109 10.7
      vertex 75.421 44.82 17.7
      vertex 75.421 44.82 10.7
    endloop
  endfacet
  facet normal -0.980788 -0.195079 0
    outer loop
      vertex 75.421 44.82 17.7
      vertex 75.4427 44.7109 10.7
      vertex 75.4427 44.7109 17.7
    endloop
  endfacet
  facet normal -0.751462 -0.659776 0
    outer loop
      vertex 75.2744 45.1174 10.7
      vertex 75.201 45.201 17.7
      vertex 75.201 45.201 10.7
    endloop
  endfacet
  facet normal -0.751462 -0.659776 0
    outer loop
      vertex 75.201 45.201 17.7
      vertex 75.2744 45.1174 10.7
      vertex 75.2744 45.1174 17.7
    endloop
  endfacet
  facet normal -0.0656829 -0.997841 0
    outer loop
      vertex 74.6 45.45 10.7
      vertex 74.7109 45.4427 17.7
      vertex 74.6 45.45 17.7
    endloop
  endfacet
  facet normal -0.0656829 -0.997841 -0
    outer loop
      vertex 74.7109 45.4427 17.7
      vertex 74.6 45.45 10.7
      vertex 74.7109 45.4427 10.7
    endloop
  endfacet
  facet normal -0.555945 -0.831219 0
    outer loop
      vertex 75.025 45.3361 10.7
      vertex 75.1174 45.2743 17.7
      vertex 75.025 45.3361 17.7
    endloop
  endfacet
  facet normal -0.555945 -0.831219 -0
    outer loop
      vertex 75.1174 45.2743 17.7
      vertex 75.025 45.3361 10.7
      vertex 75.1174 45.2743 10.7
    endloop
  endfacet
  facet normal 0.947052 -0.32108 0
    outer loop
      vertex 73.779 44.82 17.7
      vertex 73.8147 44.9253 10.7
      vertex 73.8147 44.9253 17.7
    endloop
  endfacet
  facet normal 0.947052 -0.32108 0
    outer loop
      vertex 73.8147 44.9253 10.7
      vertex 73.779 44.82 17.7
      vertex 73.779 44.82 10.7
    endloop
  endfacet
  facet normal 0.980788 -0.195079 0
    outer loop
      vertex 73.7573 44.7109 17.7
      vertex 73.779 44.82 10.7
      vertex 73.779 44.82 17.7
    endloop
  endfacet
  facet normal 0.980788 -0.195079 0
    outer loop
      vertex 73.779 44.82 10.7
      vertex 73.7573 44.7109 17.7
      vertex 73.7573 44.7109 10.7
    endloop
  endfacet
  facet normal 0.659268 -0.751908 0
    outer loop
      vertex 73.999 45.201 10.7
      vertex 74.0826 45.2743 17.7
      vertex 73.999 45.201 17.7
    endloop
  endfacet
  facet normal 0.659268 -0.751908 0
    outer loop
      vertex 74.0826 45.2743 17.7
      vertex 73.999 45.201 10.7
      vertex 74.0826 45.2743 10.7
    endloop
  endfacet
  facet normal 0.195079 -0.980788 0
    outer loop
      vertex 74.38 45.421 10.7
      vertex 74.4891 45.4427 17.7
      vertex 74.38 45.421 17.7
    endloop
  endfacet
  facet normal 0.195079 -0.980788 0
    outer loop
      vertex 74.4891 45.4427 17.7
      vertex 74.38 45.421 10.7
      vertex 74.4891 45.4427 10.7
    endloop
  endfacet
  facet normal -0.997841 0.0656829 0
    outer loop
      vertex 75.4427 44.4891 10.7
      vertex 75.45 44.6 17.7
      vertex 75.45 44.6 10.7
    endloop
  endfacet
  facet normal -0.997841 0.0656829 0
    outer loop
      vertex 75.45 44.6 17.7
      vertex 75.4427 44.4891 10.7
      vertex 75.4427 44.4891 17.7
    endloop
  endfacet
  facet normal -0.947052 0.32108 0
    outer loop
      vertex 75.3853 44.2747 10.7
      vertex 75.421 44.38 17.7
      vertex 75.421 44.38 10.7
    endloop
  endfacet
  facet normal -0.947052 0.32108 0
    outer loop
      vertex 75.421 44.38 17.7
      vertex 75.3853 44.2747 10.7
      vertex 75.3853 44.2747 17.7
    endloop
  endfacet
  facet normal -0.980788 0.195079 0
    outer loop
      vertex 75.421 44.38 10.7
      vertex 75.4427 44.4891 17.7
      vertex 75.4427 44.4891 10.7
    endloop
  endfacet
  facet normal -0.980788 0.195079 0
    outer loop
      vertex 75.4427 44.4891 17.7
      vertex 75.421 44.38 10.7
      vertex 75.421 44.38 17.7
    endloop
  endfacet
  facet normal 0.896754 0.44253 0
    outer loop
      vertex 73.8639 44.175 17.7
      vertex 73.8147 44.2747 10.7
      vertex 73.8147 44.2747 17.7
    endloop
  endfacet
  facet normal 0.896754 0.44253 0
    outer loop
      vertex 73.8147 44.2747 10.7
      vertex 73.8639 44.175 17.7
      vertex 73.8639 44.175 10.7
    endloop
  endfacet
  facet normal -0.555945 0.831219 0
    outer loop
      vertex 75.1174 43.9257 10.7
      vertex 75.025 43.8639 17.7
      vertex 75.1174 43.9257 17.7
    endloop
  endfacet
  facet normal -0.555945 0.831219 0
    outer loop
      vertex 75.025 43.8639 17.7
      vertex 75.1174 43.9257 10.7
      vertex 75.025 43.8639 10.7
    endloop
  endfacet
  facet normal 0.980788 0.195079 0
    outer loop
      vertex 73.779 44.38 17.7
      vertex 73.7573 44.4891 10.7
      vertex 73.7573 44.4891 17.7
    endloop
  endfacet
  facet normal 0.980788 0.195079 0
    outer loop
      vertex 73.7573 44.4891 10.7
      vertex 73.779 44.38 17.7
      vertex 73.779 44.38 10.7
    endloop
  endfacet
  facet normal 0.997841 0.0656829 0
    outer loop
      vertex 73.7573 44.4891 17.7
      vertex 73.75 44.6 10.7
      vertex 73.75 44.6 17.7
    endloop
  endfacet
  facet normal 0.997841 0.0656829 0
    outer loop
      vertex 73.75 44.6 10.7
      vertex 73.7573 44.4891 17.7
      vertex 73.7573 44.4891 10.7
    endloop
  endfacet
  facet normal 0.947052 0.32108 0
    outer loop
      vertex 73.8147 44.2747 17.7
      vertex 73.779 44.38 10.7
      vertex 73.779 44.38 17.7
    endloop
  endfacet
  facet normal 0.947052 0.32108 0
    outer loop
      vertex 73.779 44.38 10.7
      vertex 73.8147 44.2747 17.7
      vertex 73.8147 44.2747 10.7
    endloop
  endfacet
  facet normal -0.659268 0.751908 0
    outer loop
      vertex 75.201 43.999 10.7
      vertex 75.1174 43.9257 17.7
      vertex 75.201 43.999 17.7
    endloop
  endfacet
  facet normal -0.659268 0.751908 0
    outer loop
      vertex 75.1174 43.9257 17.7
      vertex 75.201 43.999 10.7
      vertex 75.1174 43.9257 10.7
    endloop
  endfacet
  facet normal -0.32108 0.947052 0
    outer loop
      vertex 74.9253 43.8147 10.7
      vertex 74.82 43.779 17.7
      vertex 74.9253 43.8147 17.7
    endloop
  endfacet
  facet normal -0.32108 0.947052 0
    outer loop
      vertex 74.82 43.779 17.7
      vertex 74.9253 43.8147 10.7
      vertex 74.82 43.779 10.7
    endloop
  endfacet
  facet normal -0.896754 0.44253 0
    outer loop
      vertex 75.3361 44.175 10.7
      vertex 75.3853 44.2747 17.7
      vertex 75.3853 44.2747 10.7
    endloop
  endfacet
  facet normal -0.896754 0.44253 0
    outer loop
      vertex 75.3853 44.2747 17.7
      vertex 75.3361 44.175 10.7
      vertex 75.3361 44.175 17.7
    endloop
  endfacet
  facet normal -0.831635 0.555323 0
    outer loop
      vertex 75.2744 44.0826 10.7
      vertex 75.3361 44.175 17.7
      vertex 75.3361 44.175 10.7
    endloop
  endfacet
  facet normal -0.831635 0.555323 0
    outer loop
      vertex 75.3361 44.175 17.7
      vertex 75.2744 44.0826 10.7
      vertex 75.2744 44.0826 17.7
    endloop
  endfacet
  facet normal 0.32108 0.947052 -0
    outer loop
      vertex 74.38 43.779 10.7
      vertex 74.2747 43.8147 17.7
      vertex 74.38 43.779 17.7
    endloop
  endfacet
  facet normal 0.32108 0.947052 0
    outer loop
      vertex 74.2747 43.8147 17.7
      vertex 74.38 43.779 10.7
      vertex 74.2747 43.8147 10.7
    endloop
  endfacet
  facet normal 0.195079 0.980788 -0
    outer loop
      vertex 74.4891 43.7573 10.7
      vertex 74.38 43.779 17.7
      vertex 74.4891 43.7573 17.7
    endloop
  endfacet
  facet normal 0.195079 0.980788 0
    outer loop
      vertex 74.38 43.779 17.7
      vertex 74.4891 43.7573 10.7
      vertex 74.38 43.779 10.7
    endloop
  endfacet
  facet normal 0.751908 0.659268 0
    outer loop
      vertex 73.999 43.999 17.7
      vertex 73.9257 44.0826 10.7
      vertex 73.9257 44.0826 17.7
    endloop
  endfacet
  facet normal 0.751908 0.659268 0
    outer loop
      vertex 73.9257 44.0826 10.7
      vertex 73.999 43.999 17.7
      vertex 73.999 43.999 10.7
    endloop
  endfacet
  facet normal 0.659268 0.751908 -0
    outer loop
      vertex 74.0826 43.9257 10.7
      vertex 73.999 43.999 17.7
      vertex 74.0826 43.9257 17.7
    endloop
  endfacet
  facet normal 0.659268 0.751908 0
    outer loop
      vertex 73.999 43.999 17.7
      vertex 74.0826 43.9257 10.7
      vertex 73.999 43.999 10.7
    endloop
  endfacet
  facet normal 0.0656829 0.997841 -0
    outer loop
      vertex 74.6 43.75 10.7
      vertex 74.4891 43.7573 17.7
      vertex 74.6 43.75 17.7
    endloop
  endfacet
  facet normal 0.0656829 0.997841 0
    outer loop
      vertex 74.4891 43.7573 17.7
      vertex 74.6 43.75 10.7
      vertex 74.4891 43.7573 10.7
    endloop
  endfacet
  facet normal 0.831219 0.555945 0
    outer loop
      vertex 73.9257 44.0826 17.7
      vertex 73.8639 44.175 10.7
      vertex 73.8639 44.175 17.7
    endloop
  endfacet
  facet normal 0.831219 0.555945 0
    outer loop
      vertex 73.8639 44.175 10.7
      vertex 73.9257 44.0826 17.7
      vertex 73.9257 44.0826 10.7
    endloop
  endfacet
  facet normal 0.44253 0.896754 -0
    outer loop
      vertex 74.2747 43.8147 10.7
      vertex 74.175 43.8639 17.7
      vertex 74.2747 43.8147 17.7
    endloop
  endfacet
  facet normal 0.44253 0.896754 0
    outer loop
      vertex 74.175 43.8639 17.7
      vertex 74.2747 43.8147 10.7
      vertex 74.175 43.8639 10.7
    endloop
  endfacet
  facet normal 0.555945 0.831219 -0
    outer loop
      vertex 74.175 43.8639 10.7
      vertex 74.0826 43.9257 17.7
      vertex 74.175 43.8639 17.7
    endloop
  endfacet
  facet normal 0.555945 0.831219 0
    outer loop
      vertex 74.0826 43.9257 17.7
      vertex 74.175 43.8639 10.7
      vertex 74.0826 43.9257 10.7
    endloop
  endfacet
  facet normal 0.997856 0.0654432 -0
    outer loop
      vertex 71.4 39.4 7.6
      vertex 71.3786 39.7263 9.1
      vertex 71.4 39.4 9.1
    endloop
  endfacet
  facet normal 0.997856 0.0654432 0
    outer loop
      vertex 71.3786 39.7263 9.1
      vertex 71.4 39.4 7.6
      vertex 71.3786 39.7263 1.6
    endloop
  endfacet
  facet normal 0.997856 0.0654432 0
    outer loop
      vertex 71.4 39.4 7.6
      vertex 71.4 39.4 1.6
      vertex 71.3786 39.7263 1.6
    endloop
  endfacet
  facet normal -0.997856 0.0654432 0
    outer loop
      vertex 66.4 39.4 1.6
      vertex 66.4214 39.7263 9.1
      vertex 66.4214 39.7263 1.6
    endloop
  endfacet
  facet normal -0.997856 0.0654432 0
    outer loop
      vertex 66.4214 39.7263 9.1
      vertex 66.4 39.4 1.6
      vertex 66.4 39.4 9.1
    endloop
  endfacet
  facet normal 0.0654432 0.997856 -0
    outer loop
      vertex 69.2263 41.8786 1.6
      vertex 68.9 41.9 7.6
      vertex 69.2263 41.8786 7.6
    endloop
  endfacet
  facet normal 0.0654432 0.997856 0
    outer loop
      vertex 68.9 41.9 7.6
      vertex 69.2263 41.8786 1.6
      vertex 68.9 41.9 1.6
    endloop
  endfacet
  facet normal 0.751913 0.659262 0
    outer loop
      vertex 70.8834 40.9219 9.1
      vertex 70.6678 41.1678 1.6
      vertex 70.6678 41.1678 9.1
    endloop
  endfacet
  facet normal 0.751913 0.659262 0
    outer loop
      vertex 70.6678 41.1678 1.6
      vertex 70.8834 40.9219 9.1
      vertex 70.8834 40.9219 1.6
    endloop
  endfacet
  facet normal -0.659262 0.751913 0
    outer loop
      vertex 67.3781 41.3834 1.6
      vertex 67.1322 41.1678 9.1
      vertex 67.3781 41.3834 9.1
    endloop
  endfacet
  facet normal -0.659262 0.751913 0
    outer loop
      vertex 67.1322 41.1678 9.1
      vertex 67.3781 41.3834 1.6
      vertex 67.1322 41.1678 1.6
    endloop
  endfacet
  facet normal -0.32136 0.946957 0
    outer loop
      vertex 68.253 41.8148 1.6
      vertex 67.9433 41.7097 7.6
      vertex 68.253 41.8148 7.6
    endloop
  endfacet
  facet normal -0.32136 0.946957 0
    outer loop
      vertex 67.9433 41.7097 7.6
      vertex 68.253 41.8148 1.6
      vertex 67.9433 41.7097 1.6
    endloop
  endfacet
  facet normal -0.946957 -0.32136 0
    outer loop
      vertex 66.5903 38.4433 1.6
      vertex 66.4852 38.753 9.1
      vertex 66.4852 38.753 1.6
    endloop
  endfacet
  facet normal -0.946957 -0.32136 0
    outer loop
      vertex 66.4852 38.753 9.1
      vertex 66.5903 38.4433 1.6
      vertex 66.5903 38.4433 9.1
    endloop
  endfacet
  facet normal 0 0 -1
    outer loop
      vertex 69.75 39.4 1.6
      vertex 71.4 39.4 1.6
      vertex 71.3786 39.0737 1.6
    endloop
  endfacet
  facet normal 0 0 -1
    outer loop
      vertex 69.7427 39.2891 1.6
      vertex 71.3786 39.0737 1.6
      vertex 71.3148 38.753 1.6
    endloop
  endfacet
  facet normal 0 0 -1
    outer loop
      vertex 71.4 39.4 1.6
      vertex 69.75 39.4 1.6
      vertex 71.3786 39.7263 1.6
    endloop
  endfacet
  facet normal 0 0 -1
    outer loop
      vertex 69.721 39.18 1.6
      vertex 71.3148 38.753 1.6
      vertex 71.2097 38.4433 1.6
    endloop
  endfacet
  facet normal 0 0 -1
    outer loop
      vertex 69.7427 39.5109 1.6
      vertex 71.3786 39.7263 1.6
      vertex 69.75 39.4 1.6
    endloop
  endfacet
  facet normal 0 0 -1
    outer loop
      vertex 69.6853 39.0747 1.6
      vertex 71.2097 38.4433 1.6
      vertex 71.0651 38.15 1.6
    endloop
  endfacet
  facet normal -0 0 -1
    outer loop
      vertex 71.3786 39.7263 1.6
      vertex 69.7427 39.5109 1.6
      vertex 71.3148 40.047 1.6
    endloop
  endfacet
  facet normal 0 0 -1
    outer loop
      vertex 69.6361 38.975 1.6
      vertex 71.0651 38.15 1.6
      vertex 70.8834 37.8781 1.6
    endloop
  endfacet
  facet normal 0 0 -1
    outer loop
      vertex 69.721 39.62 1.6
      vertex 71.3148 40.047 1.6
      vertex 69.7427 39.5109 1.6
    endloop
  endfacet
  facet normal 0 0 -1
    outer loop
      vertex 69.5743 38.8826 1.6
      vertex 70.8834 37.8781 1.6
      vertex 70.6678 37.6322 1.6
    endloop
  endfacet
  facet normal -0 0 -1
    outer loop
      vertex 71.3148 40.047 1.6
      vertex 69.721 39.62 1.6
      vertex 71.2097 40.3567 1.6
    endloop
  endfacet
  facet normal 0 0 -1
    outer loop
      vertex 69.501 38.799 1.6
      vertex 70.6678 37.6322 1.6
      vertex 70.4219 37.4166 1.6
    endloop
  endfacet
  facet normal 0 0 -1
    outer loop
      vertex 69.6853 39.7253 1.6
      vertex 71.2097 40.3567 1.6
      vertex 69.721 39.62 1.6
    endloop
  endfacet
  facet normal 0 0 -1
    outer loop
      vertex 69.4174 38.7257 1.6
      vertex 70.4219 37.4166 1.6
      vertex 70.15 37.2349 1.6
    endloop
  endfacet
  facet normal -0 0 -1
    outer loop
      vertex 71.2097 40.3567 1.6
      vertex 69.6853 39.7253 1.6
      vertex 71.0651 40.65 1.6
    endloop
  endfacet
  facet normal 0 0 -1
    outer loop
      vertex 69.325 38.6639 1.6
      vertex 70.15 37.2349 1.6
      vertex 69.8567 37.0903 1.6
    endloop
  endfacet
  facet normal 0 0 -1
    outer loop
      vertex 69.6361 39.825 1.6
      vertex 71.0651 40.65 1.6
      vertex 69.6853 39.7253 1.6
    endloop
  endfacet
  facet normal -0 0 -1
    outer loop
      vertex 71.0651 40.65 1.6
      vertex 69.6361 39.825 1.6
      vertex 70.8834 40.9219 1.6
    endloop
  endfacet
  facet normal 0 0 -1
    outer loop
      vertex 71.3786 39.0737 1.6
      vertex 69.7427 39.2891 1.6
      vertex 69.75 39.4 1.6
    endloop
  endfacet
  facet normal 0 0 -1
    outer loop
      vertex 71.3148 38.753 1.6
      vertex 69.721 39.18 1.6
      vertex 69.7427 39.2891 1.6
    endloop
  endfacet
  facet normal 0 0 -1
    outer loop
      vertex 71.2097 38.4433 1.6
      vertex 69.6853 39.0747 1.6
      vertex 69.721 39.18 1.6
    endloop
  endfacet
  facet normal 0 0 -1
    outer loop
      vertex 71.0651 38.15 1.6
      vertex 69.6361 38.975 1.6
      vertex 69.6853 39.0747 1.6
    endloop
  endfacet
  facet normal 0 0 -1
    outer loop
      vertex 70.8834 37.8781 1.6
      vertex 69.5743 38.8826 1.6
      vertex 69.6361 38.975 1.6
    endloop
  endfacet
  facet normal 0 0 -1
    outer loop
      vertex 69.2253 38.6147 1.6
      vertex 69.8567 37.0903 1.6
      vertex 69.5471 36.9852 1.6
    endloop
  endfacet
  facet normal 0 0 -1
    outer loop
      vertex 70.6678 37.6322 1.6
      vertex 69.501 38.799 1.6
      vertex 69.5743 38.8826 1.6
    endloop
  endfacet
  facet normal 0 0 -1
    outer loop
      vertex 70.4219 37.4166 1.6
      vertex 69.4174 38.7257 1.6
      vertex 69.501 38.799 1.6
    endloop
  endfacet
  facet normal 0 0 -1
    outer loop
      vertex 70.15 37.2349 1.6
      vertex 69.325 38.6639 1.6
      vertex 69.4174 38.7257 1.6
    endloop
  endfacet
  facet normal 0 0 -1
    outer loop
      vertex 69.12 38.579 1.6
      vertex 69.5471 36.9852 1.6
      vertex 69.2263 36.9214 1.6
    endloop
  endfacet
  facet normal 0 0 -1
    outer loop
      vertex 69.8567 37.0903 1.6
      vertex 69.2253 38.6147 1.6
      vertex 69.325 38.6639 1.6
    endloop
  endfacet
  facet normal 0 0 -1
    outer loop
      vertex 69.5471 36.9852 1.6
      vertex 69.12 38.579 1.6
      vertex 69.2253 38.6147 1.6
    endloop
  endfacet
  facet normal 0 0 -1
    outer loop
      vertex 69.2263 36.9214 1.6
      vertex 69.0109 38.5573 1.6
      vertex 69.12 38.579 1.6
    endloop
  endfacet
  facet normal 0 0 -1
    outer loop
      vertex 68.9 36.9 1.6
      vertex 69.0109 38.5573 1.6
      vertex 69.2263 36.9214 1.6
    endloop
  endfacet
  facet normal 0 0 -1
    outer loop
      vertex 68.9 36.9 1.6
      vertex 68.9 38.55 1.6
      vertex 69.0109 38.5573 1.6
    endloop
  endfacet
  facet normal 0 0 -1
    outer loop
      vertex 68.9 36.9 1.6
      vertex 68.7891 38.5573 1.6
      vertex 68.9 38.55 1.6
    endloop
  endfacet
  facet normal 0 0 -1
    outer loop
      vertex 68.5737 36.9214 1.6
      vertex 68.7891 38.5573 1.6
      vertex 68.9 36.9 1.6
    endloop
  endfacet
  facet normal -0 0 -1
    outer loop
      vertex 68.7891 38.5573 1.6
      vertex 68.5737 36.9214 1.6
      vertex 68.68 38.579 1.6
    endloop
  endfacet
  facet normal 0 0 -1
    outer loop
      vertex 68.253 36.9852 1.6
      vertex 68.68 38.579 1.6
      vertex 68.5737 36.9214 1.6
    endloop
  endfacet
  facet normal -0 0 -1
    outer loop
      vertex 68.68 38.579 1.6
      vertex 68.253 36.9852 1.6
      vertex 68.5747 38.6147 1.6
    endloop
  endfacet
  facet normal 0 0 -1
    outer loop
      vertex 67.9433 37.0903 1.6
      vertex 68.5747 38.6147 1.6
      vertex 68.253 36.9852 1.6
    endloop
  endfacet
  facet normal -0 0 -1
    outer loop
      vertex 68.5747 38.6147 1.6
      vertex 67.9433 37.0903 1.6
      vertex 68.475 38.6639 1.6
    endloop
  endfacet
  facet normal 0 0 -1
    outer loop
      vertex 67.65 37.2349 1.6
      vertex 68.475 38.6639 1.6
      vertex 67.9433 37.0903 1.6
    endloop
  endfacet
  facet normal -0 0 -1
    outer loop
      vertex 68.475 38.6639 1.6
      vertex 67.65 37.2349 1.6
      vertex 68.3826 38.7257 1.6
    endloop
  endfacet
  facet normal 0 0 -1
    outer loop
      vertex 67.3781 37.4166 1.6
      vertex 68.3826 38.7257 1.6
      vertex 67.65 37.2349 1.6
    endloop
  endfacet
  facet normal -0 0 -1
    outer loop
      vertex 68.3826 38.7257 1.6
      vertex 67.3781 37.4166 1.6
      vertex 68.299 38.799 1.6
    endloop
  endfacet
  facet normal 0 0 -1
    outer loop
      vertex 67.1322 37.6322 1.6
      vertex 68.299 38.799 1.6
      vertex 67.3781 37.4166 1.6
    endloop
  endfacet
  facet normal -0 0 -1
    outer loop
      vertex 68.299 38.799 1.6
      vertex 67.1322 37.6322 1.6
      vertex 68.2256 38.8826 1.6
    endloop
  endfacet
  facet normal -0 0 -1
    outer loop
      vertex 68.2256 38.8826 1.6
      vertex 66.9166 37.8781 1.6
      vertex 68.1639 38.975 1.6
    endloop
  endfacet
  facet normal 0 0 -1
    outer loop
      vertex 66.9166 37.8781 1.6
      vertex 68.2256 38.8826 1.6
      vertex 67.1322 37.6322 1.6
    endloop
  endfacet
  facet normal 0 0 -1
    outer loop
      vertex 69.5743 39.9174 1.6
      vertex 70.8834 40.9219 1.6
      vertex 69.6361 39.825 1.6
    endloop
  endfacet
  facet normal -0 0 -1
    outer loop
      vertex 70.8834 40.9219 1.6
      vertex 69.5743 39.9174 1.6
      vertex 70.6678 41.1678 1.6
    endloop
  endfacet
  facet normal 0 0 -1
    outer loop
      vertex 69.501 40.001 1.6
      vertex 70.6678 41.1678 1.6
      vertex 69.5743 39.9174 1.6
    endloop
  endfacet
  facet normal -0 0 -1
    outer loop
      vertex 70.6678 41.1678 1.6
      vertex 69.501 40.001 1.6
      vertex 70.4219 41.3834 1.6
    endloop
  endfacet
  facet normal 0 0 -1
    outer loop
      vertex 69.4174 40.0743 1.6
      vertex 70.4219 41.3834 1.6
      vertex 69.501 40.001 1.6
    endloop
  endfacet
  facet normal -0 0 -1
    outer loop
      vertex 70.4219 41.3834 1.6
      vertex 69.4174 40.0743 1.6
      vertex 70.15 41.5651 1.6
    endloop
  endfacet
  facet normal 0 0 -1
    outer loop
      vertex 69.325 40.1361 1.6
      vertex 70.15 41.5651 1.6
      vertex 69.4174 40.0743 1.6
    endloop
  endfacet
  facet normal -0 0 -1
    outer loop
      vertex 70.15 41.5651 1.6
      vertex 69.325 40.1361 1.6
      vertex 69.8567 41.7097 1.6
    endloop
  endfacet
  facet normal 0 0 -1
    outer loop
      vertex 69.2253 40.1853 1.6
      vertex 69.8567 41.7097 1.6
      vertex 69.325 40.1361 1.6
    endloop
  endfacet
  facet normal -0 0 -1
    outer loop
      vertex 69.8567 41.7097 1.6
      vertex 69.2253 40.1853 1.6
      vertex 69.5471 41.8148 1.6
    endloop
  endfacet
  facet normal 0 0 -1
    outer loop
      vertex 69.12 40.221 1.6
      vertex 69.5471 41.8148 1.6
      vertex 69.2253 40.1853 1.6
    endloop
  endfacet
  facet normal -0 0 -1
    outer loop
      vertex 69.5471 41.8148 1.6
      vertex 69.12 40.221 1.6
      vertex 69.2263 41.8786 1.6
    endloop
  endfacet
  facet normal 0 0 -1
    outer loop
      vertex 69.0109 40.2427 1.6
      vertex 69.2263 41.8786 1.6
      vertex 69.12 40.221 1.6
    endloop
  endfacet
  facet normal 0 0 -1
    outer loop
      vertex 68.9 40.25 1.6
      vertex 69.2263 41.8786 1.6
      vertex 69.0109 40.2427 1.6
    endloop
  endfacet
  facet normal 0 0 -1
    outer loop
      vertex 68.9 40.25 1.6
      vertex 68.9 41.9 1.6
      vertex 69.2263 41.8786 1.6
    endloop
  endfacet
  facet normal 0 0 -1
    outer loop
      vertex 68.7891 40.2427 1.6
      vertex 68.9 41.9 1.6
      vertex 68.9 40.25 1.6
    endloop
  endfacet
  facet normal 0 0 -1
    outer loop
      vertex 68.5737 41.8786 1.6
      vertex 68.7891 40.2427 1.6
      vertex 68.68 40.221 1.6
    endloop
  endfacet
  facet normal 0 0 -1
    outer loop
      vertex 68.253 41.8148 1.6
      vertex 68.68 40.221 1.6
      vertex 68.5747 40.1853 1.6
    endloop
  endfacet
  facet normal 0 0 -1
    outer loop
      vertex 68.7891 40.2427 1.6
      vertex 68.5737 41.8786 1.6
      vertex 68.9 41.9 1.6
    endloop
  endfacet
  facet normal 0 0 -1
    outer loop
      vertex 67.9433 41.7097 1.6
      vertex 68.5747 40.1853 1.6
      vertex 68.475 40.1361 1.6
    endloop
  endfacet
  facet normal 0 0 -1
    outer loop
      vertex 67.65 41.5651 1.6
      vertex 68.475 40.1361 1.6
      vertex 68.3826 40.0743 1.6
    endloop
  endfacet
  facet normal 0 0 -1
    outer loop
      vertex 67.3781 41.3834 1.6
      vertex 68.3826 40.0743 1.6
      vertex 68.299 40.001 1.6
    endloop
  endfacet
  facet normal 0 0 -1
    outer loop
      vertex 68.68 40.221 1.6
      vertex 68.253 41.8148 1.6
      vertex 68.5737 41.8786 1.6
    endloop
  endfacet
  facet normal 0 0 -1
    outer loop
      vertex 67.1322 41.1678 1.6
      vertex 68.299 40.001 1.6
      vertex 68.2256 39.9174 1.6
    endloop
  endfacet
  facet normal 0 0 -1
    outer loop
      vertex 66.9166 40.9219 1.6
      vertex 68.2256 39.9174 1.6
      vertex 68.1639 39.825 1.6
    endloop
  endfacet
  facet normal 0 0 -1
    outer loop
      vertex 66.7349 40.65 1.6
      vertex 68.1639 39.825 1.6
      vertex 68.1147 39.7253 1.6
    endloop
  endfacet
  facet normal 0 0 -1
    outer loop
      vertex 66.5903 40.3567 1.6
      vertex 68.1147 39.7253 1.6
      vertex 68.079 39.62 1.6
    endloop
  endfacet
  facet normal 0 0 -1
    outer loop
      vertex 66.4852 40.047 1.6
      vertex 68.079 39.62 1.6
      vertex 68.0573 39.5109 1.6
    endloop
  endfacet
  facet normal 0 0 -1
    outer loop
      vertex 68.5747 40.1853 1.6
      vertex 67.9433 41.7097 1.6
      vertex 68.253 41.8148 1.6
    endloop
  endfacet
  facet normal 0 0 -1
    outer loop
      vertex 66.4214 39.7263 1.6
      vertex 68.0573 39.5109 1.6
      vertex 68.05 39.4 1.6
    endloop
  endfacet
  facet normal 0 0 -1
    outer loop
      vertex 66.7349 38.15 1.6
      vertex 68.1639 38.975 1.6
      vertex 66.9166 37.8781 1.6
    endloop
  endfacet
  facet normal -0 0 -1
    outer loop
      vertex 68.1639 38.975 1.6
      vertex 66.7349 38.15 1.6
      vertex 68.1147 39.0747 1.6
    endloop
  endfacet
  facet normal 0 0 -1
    outer loop
      vertex 68.475 40.1361 1.6
      vertex 67.65 41.5651 1.6
      vertex 67.9433 41.7097 1.6
    endloop
  endfacet
  facet normal 0 0 -1
    outer loop
      vertex 66.5903 38.4433 1.6
      vertex 68.1147 39.0747 1.6
      vertex 66.7349 38.15 1.6
    endloop
  endfacet
  facet normal 0 0 -1
    outer loop
      vertex 68.3826 40.0743 1.6
      vertex 67.3781 41.3834 1.6
      vertex 67.65 41.5651 1.6
    endloop
  endfacet
  facet normal -0 0 -1
    outer loop
      vertex 68.1147 39.0747 1.6
      vertex 66.5903 38.4433 1.6
      vertex 68.079 39.18 1.6
    endloop
  endfacet
  facet normal 0 0 -1
    outer loop
      vertex 68.299 40.001 1.6
      vertex 67.1322 41.1678 1.6
      vertex 67.3781 41.3834 1.6
    endloop
  endfacet
  facet normal 0 0 -1
    outer loop
      vertex 66.4852 38.753 1.6
      vertex 68.079 39.18 1.6
      vertex 66.5903 38.4433 1.6
    endloop
  endfacet
  facet normal 0 0 -1
    outer loop
      vertex 68.2256 39.9174 1.6
      vertex 66.9166 40.9219 1.6
      vertex 67.1322 41.1678 1.6
    endloop
  endfacet
  facet normal -0 0 -1
    outer loop
      vertex 68.079 39.18 1.6
      vertex 66.4852 38.753 1.6
      vertex 68.0573 39.2891 1.6
    endloop
  endfacet
  facet normal 0 0 -1
    outer loop
      vertex 68.1639 39.825 1.6
      vertex 66.7349 40.65 1.6
      vertex 66.9166 40.9219 1.6
    endloop
  endfacet
  facet normal 0 0 -1
    outer loop
      vertex 66.4214 39.0737 1.6
      vertex 68.0573 39.2891 1.6
      vertex 66.4852 38.753 1.6
    endloop
  endfacet
  facet normal 0 0 -1
    outer loop
      vertex 68.1147 39.7253 1.6
      vertex 66.5903 40.3567 1.6
      vertex 66.7349 40.65 1.6
    endloop
  endfacet
  facet normal -0 0 -1
    outer loop
      vertex 68.0573 39.2891 1.6
      vertex 66.4214 39.0737 1.6
      vertex 68.05 39.4 1.6
    endloop
  endfacet
  facet normal 0 0 -1
    outer loop
      vertex 68.079 39.62 1.6
      vertex 66.4852 40.047 1.6
      vertex 66.5903 40.3567 1.6
    endloop
  endfacet
  facet normal 0 0 -1
    outer loop
      vertex 66.4 39.4 1.6
      vertex 68.05 39.4 1.6
      vertex 66.4214 39.0737 1.6
    endloop
  endfacet
  facet normal 0 0 -1
    outer loop
      vertex 68.0573 39.5109 1.6
      vertex 66.4214 39.7263 1.6
      vertex 66.4852 40.047 1.6
    endloop
  endfacet
  facet normal 0 0 -1
    outer loop
      vertex 68.05 39.4 1.6
      vertex 66.4 39.4 1.6
      vertex 66.4214 39.7263 1.6
    endloop
  endfacet
  facet normal 0.896921 0.442191 0
    outer loop
      vertex 71.2097 40.3567 9.1
      vertex 71.0651 40.65 1.6
      vertex 71.0651 40.65 9.1
    endloop
  endfacet
  facet normal 0.896921 0.442191 0
    outer loop
      vertex 71.0651 40.65 1.6
      vertex 71.2097 40.3567 9.1
      vertex 71.2097 40.3567 1.6
    endloop
  endfacet
  facet normal 0.98078 0.195116 0
    outer loop
      vertex 71.3786 39.7263 9.1
      vertex 71.3148 40.047 1.6
      vertex 71.3148 40.047 9.1
    endloop
  endfacet
  facet normal 0.98078 0.195116 0
    outer loop
      vertex 71.3148 40.047 1.6
      vertex 71.3786 39.7263 9.1
      vertex 71.3786 39.7263 1.6
    endloop
  endfacet
  facet normal 0.831438 0.555617 0
    outer loop
      vertex 71.0651 40.65 9.1
      vertex 70.8834 40.9219 1.6
      vertex 70.8834 40.9219 9.1
    endloop
  endfacet
  facet normal 0.831438 0.555617 0
    outer loop
      vertex 70.8834 40.9219 1.6
      vertex 71.0651 40.65 9.1
      vertex 71.0651 40.65 1.6
    endloop
  endfacet
  facet normal 0.442191 0.896921 -0
    outer loop
      vertex 70.15 41.5651 1.6
      vertex 69.8567 41.7097 7.6
      vertex 70.15 41.5651 7.6
    endloop
  endfacet
  facet normal 0.442191 0.896921 0
    outer loop
      vertex 69.8567 41.7097 7.6
      vertex 70.15 41.5651 1.6
      vertex 69.8567 41.7097 1.6
    endloop
  endfacet
  facet normal 0 0 -1
    outer loop
      vertex 70.4219 41.3834 9.1
      vertex 70.397 41.4 9.1
      vertex 70.15 41.5651 9.1
    endloop
  endfacet
  facet normal 0.5547 0.83205 0
    outer loop
      vertex 70.4219 41.3834 9.1
      vertex 70.397 41.4 7.6
      vertex 70.397 41.4 9.1
    endloop
  endfacet
  facet normal 0.5547 0.83205 -0
    outer loop
      vertex 70.4219 41.3834 1.6
      vertex 70.397 41.4 7.6
      vertex 70.4219 41.3834 9.1
    endloop
  endfacet
  facet normal 0.55571 0.831377 6.053e-06
    outer loop
      vertex 70.4219 41.3834 1.6
      vertex 70.15 41.5651 7.6
      vertex 70.397 41.4 7.6
    endloop
  endfacet
  facet normal 0.555617 0.831438 0
    outer loop
      vertex 70.15 41.5651 7.6
      vertex 70.4219 41.3834 1.6
      vertex 70.15 41.5651 1.6
    endloop
  endfacet
  facet normal -0.896921 0.442191 0
    outer loop
      vertex 66.5903 40.3567 1.6
      vertex 66.7349 40.65 9.1
      vertex 66.7349 40.65 1.6
    endloop
  endfacet
  facet normal -0.896921 0.442191 0
    outer loop
      vertex 66.7349 40.65 9.1
      vertex 66.5903 40.3567 1.6
      vertex 66.5903 40.3567 9.1
    endloop
  endfacet
  facet normal 0 0 1
    outer loop
      vertex 69.75 39.4 9.1
      vertex 71.4 39.4 9.1
      vertex 71.3786 39.7263 9.1
    endloop
  endfacet
  facet normal 0 0 1
    outer loop
      vertex 69.7427 39.5109 9.1
      vertex 71.3786 39.7263 9.1
      vertex 71.3148 40.047 9.1
    endloop
  endfacet
  facet normal 0 0 1
    outer loop
      vertex 71.4 39.4 9.1
      vertex 69.75 39.4 9.1
      vertex 71.3786 39.0737 9.1
    endloop
  endfacet
  facet normal 0 0 1
    outer loop
      vertex 69.721 39.62 9.1
      vertex 71.3148 40.047 9.1
      vertex 71.2097 40.3567 9.1
    endloop
  endfacet
  facet normal -0 0 1
    outer loop
      vertex 69.7427 39.2891 9.1
      vertex 71.3786 39.0737 9.1
      vertex 69.75 39.4 9.1
    endloop
  endfacet
  facet normal 0 0 1
    outer loop
      vertex 69.6853 39.7253 9.1
      vertex 71.2097 40.3567 9.1
      vertex 71.0651 40.65 9.1
    endloop
  endfacet
  facet normal 0 0 1
    outer loop
      vertex 71.3786 39.0737 9.1
      vertex 69.7427 39.2891 9.1
      vertex 71.3148 38.753 9.1
    endloop
  endfacet
  facet normal 0 0 1
    outer loop
      vertex 69.6361 39.825 9.1
      vertex 71.0651 40.65 9.1
      vertex 70.8834 40.9219 9.1
    endloop
  endfacet
  facet normal -0 0 1
    outer loop
      vertex 69.721 39.18 9.1
      vertex 71.3148 38.753 9.1
      vertex 69.7427 39.2891 9.1
    endloop
  endfacet
  facet normal 0 0 1
    outer loop
      vertex 69.5743 39.9174 9.1
      vertex 70.8834 40.9219 9.1
      vertex 70.6678 41.1678 9.1
    endloop
  endfacet
  facet normal 0 0 1
    outer loop
      vertex 71.3148 38.753 9.1
      vertex 69.721 39.18 9.1
      vertex 71.2097 38.4433 9.1
    endloop
  endfacet
  facet normal 0 0 1
    outer loop
      vertex 69.501 40.001 9.1
      vertex 70.6678 41.1678 9.1
      vertex 70.4219 41.3834 9.1
    endloop
  endfacet
  facet normal -0 0 1
    outer loop
      vertex 69.6853 39.0747 9.1
      vertex 71.2097 38.4433 9.1
      vertex 69.721 39.18 9.1
    endloop
  endfacet
  facet normal 0 0 1
    outer loop
      vertex 69.4174 40.0743 9.1
      vertex 70.4219 41.3834 9.1
      vertex 70.15 41.5651 9.1
    endloop
  endfacet
  facet normal 0 0 1
    outer loop
      vertex 71.2097 38.4433 9.1
      vertex 69.6853 39.0747 9.1
      vertex 71.0651 38.15 9.1
    endloop
  endfacet
  facet normal 0 0 1
    outer loop
      vertex 69.325 40.1361 9.1
      vertex 70.15 41.5651 9.1
      vertex 69.8567 41.7097 9.1
    endloop
  endfacet
  facet normal -0 0 1
    outer loop
      vertex 69.6361 38.975 9.1
      vertex 71.0651 38.15 9.1
      vertex 69.6853 39.0747 9.1
    endloop
  endfacet
  facet normal 0 0 1
    outer loop
      vertex 71.0651 38.15 9.1
      vertex 69.6361 38.975 9.1
      vertex 70.8834 37.8781 9.1
    endloop
  endfacet
  facet normal 0 0 1
    outer loop
      vertex 71.3786 39.7263 9.1
      vertex 69.7427 39.5109 9.1
      vertex 69.75 39.4 9.1
    endloop
  endfacet
  facet normal 0 0 1
    outer loop
      vertex 71.3148 40.047 9.1
      vertex 69.721 39.62 9.1
      vertex 69.7427 39.5109 9.1
    endloop
  endfacet
  facet normal 0 0 1
    outer loop
      vertex 71.2097 40.3567 9.1
      vertex 69.6853 39.7253 9.1
      vertex 69.721 39.62 9.1
    endloop
  endfacet
  facet normal 0 0 1
    outer loop
      vertex 71.0651 40.65 9.1
      vertex 69.6361 39.825 9.1
      vertex 69.6853 39.7253 9.1
    endloop
  endfacet
  facet normal 0 0 1
    outer loop
      vertex 70.8834 40.9219 9.1
      vertex 69.5743 39.9174 9.1
      vertex 69.6361 39.825 9.1
    endloop
  endfacet
  facet normal 0 0 1
    outer loop
      vertex 69.2253 40.1853 9.1
      vertex 69.8567 41.7097 9.1
      vertex 69.5471 41.8148 9.1
    endloop
  endfacet
  facet normal 0 0 1
    outer loop
      vertex 70.6678 41.1678 9.1
      vertex 69.501 40.001 9.1
      vertex 69.5743 39.9174 9.1
    endloop
  endfacet
  facet normal 0 0 1
    outer loop
      vertex 70.4219 41.3834 9.1
      vertex 69.4174 40.0743 9.1
      vertex 69.501 40.001 9.1
    endloop
  endfacet
  facet normal 0 0 1
    outer loop
      vertex 70.15 41.5651 9.1
      vertex 69.325 40.1361 9.1
      vertex 69.4174 40.0743 9.1
    endloop
  endfacet
  facet normal 0 0 1
    outer loop
      vertex 69.12 40.221 9.1
      vertex 69.5471 41.8148 9.1
      vertex 69.2263 41.8786 9.1
    endloop
  endfacet
  facet normal 0 0 1
    outer loop
      vertex 69.8567 41.7097 9.1
      vertex 69.2253 40.1853 9.1
      vertex 69.325 40.1361 9.1
    endloop
  endfacet
  facet normal 0 0 1
    outer loop
      vertex 69.5471 41.8148 9.1
      vertex 69.12 40.221 9.1
      vertex 69.2253 40.1853 9.1
    endloop
  endfacet
  facet normal 0 0 1
    outer loop
      vertex 69.2263 41.8786 9.1
      vertex 69.0109 40.2427 9.1
      vertex 69.12 40.221 9.1
    endloop
  endfacet
  facet normal 0 0 1
    outer loop
      vertex 68.9 41.9 9.1
      vertex 69.0109 40.2427 9.1
      vertex 69.2263 41.8786 9.1
    endloop
  endfacet
  facet normal 0 0 1
    outer loop
      vertex 68.9 41.9 9.1
      vertex 68.9 40.25 9.1
      vertex 69.0109 40.2427 9.1
    endloop
  endfacet
  facet normal 0 0 1
    outer loop
      vertex 68.9 41.9 9.1
      vertex 68.7891 40.2427 9.1
      vertex 68.9 40.25 9.1
    endloop
  endfacet
  facet normal -0 0 1
    outer loop
      vertex 68.5737 41.8786 9.1
      vertex 68.7891 40.2427 9.1
      vertex 68.9 41.9 9.1
    endloop
  endfacet
  facet normal 0 0 1
    outer loop
      vertex 68.7891 40.2427 9.1
      vertex 68.5737 41.8786 9.1
      vertex 68.68 40.221 9.1
    endloop
  endfacet
  facet normal -0 0 1
    outer loop
      vertex 68.253 41.8148 9.1
      vertex 68.68 40.221 9.1
      vertex 68.5737 41.8786 9.1
    endloop
  endfacet
  facet normal 0 0 1
    outer loop
      vertex 68.68 40.221 9.1
      vertex 68.253 41.8148 9.1
      vertex 68.5747 40.1853 9.1
    endloop
  endfacet
  facet normal -0 0 1
    outer loop
      vertex 67.9433 41.7097 9.1
      vertex 68.5747 40.1853 9.1
      vertex 68.253 41.8148 9.1
    endloop
  endfacet
  facet normal 0 0 1
    outer loop
      vertex 68.5747 40.1853 9.1
      vertex 67.9433 41.7097 9.1
      vertex 68.475 40.1361 9.1
    endloop
  endfacet
  facet normal -0 0 1
    outer loop
      vertex 67.65 41.5651 9.1
      vertex 68.475 40.1361 9.1
      vertex 67.9433 41.7097 9.1
    endloop
  endfacet
  facet normal 0 0 1
    outer loop
      vertex 68.475 40.1361 9.1
      vertex 67.65 41.5651 9.1
      vertex 68.3826 40.0743 9.1
    endloop
  endfacet
  facet normal -0 0 1
    outer loop
      vertex 67.3781 41.3834 9.1
      vertex 68.3826 40.0743 9.1
      vertex 67.65 41.5651 9.1
    endloop
  endfacet
  facet normal 0 0 1
    outer loop
      vertex 68.3826 40.0743 9.1
      vertex 67.3781 41.3834 9.1
      vertex 68.299 40.001 9.1
    endloop
  endfacet
  facet normal -0 0 1
    outer loop
      vertex 67.1322 41.1678 9.1
      vertex 68.299 40.001 9.1
      vertex 67.3781 41.3834 9.1
    endloop
  endfacet
  facet normal 0 0 1
    outer loop
      vertex 68.299 40.001 9.1
      vertex 67.1322 41.1678 9.1
      vertex 68.2256 39.9174 9.1
    endloop
  endfacet
  facet normal 0 0 1
    outer loop
      vertex 68.2256 39.9174 9.1
      vertex 66.9166 40.9219 9.1
      vertex 68.1639 39.825 9.1
    endloop
  endfacet
  facet normal -0 0 1
    outer loop
      vertex 66.9166 40.9219 9.1
      vertex 68.2256 39.9174 9.1
      vertex 67.1322 41.1678 9.1
    endloop
  endfacet
  facet normal -0 0 1
    outer loop
      vertex 69.5743 38.8826 9.1
      vertex 70.8834 37.8781 9.1
      vertex 69.6361 38.975 9.1
    endloop
  endfacet
  facet normal 0 0 1
    outer loop
      vertex 70.8834 37.8781 9.1
      vertex 69.5743 38.8826 9.1
      vertex 70.6678 37.6322 9.1
    endloop
  endfacet
  facet normal -0 0 1
    outer loop
      vertex 69.501 38.799 9.1
      vertex 70.6678 37.6322 9.1
      vertex 69.5743 38.8826 9.1
    endloop
  endfacet
  facet normal 0 0 1
    outer loop
      vertex 70.6678 37.6322 9.1
      vertex 69.501 38.799 9.1
      vertex 70.4219 37.4166 9.1
    endloop
  endfacet
  facet normal -0 0 1
    outer loop
      vertex 69.4174 38.7257 9.1
      vertex 70.4219 37.4166 9.1
      vertex 69.501 38.799 9.1
    endloop
  endfacet
  facet normal 0 0 1
    outer loop
      vertex 70.4219 37.4166 9.1
      vertex 69.4174 38.7257 9.1
      vertex 70.15 37.2349 9.1
    endloop
  endfacet
  facet normal -0 0 1
    outer loop
      vertex 69.325 38.6639 9.1
      vertex 70.15 37.2349 9.1
      vertex 69.4174 38.7257 9.1
    endloop
  endfacet
  facet normal 0 0 1
    outer loop
      vertex 70.15 37.2349 9.1
      vertex 69.325 38.6639 9.1
      vertex 69.8567 37.0903 9.1
    endloop
  endfacet
  facet normal -0 0 1
    outer loop
      vertex 69.2253 38.6147 9.1
      vertex 69.8567 37.0903 9.1
      vertex 69.325 38.6639 9.1
    endloop
  endfacet
  facet normal 0 0 1
    outer loop
      vertex 69.8567 37.0903 9.1
      vertex 69.2253 38.6147 9.1
      vertex 69.5471 36.9852 9.1
    endloop
  endfacet
  facet normal -0 0 1
    outer loop
      vertex 69.12 38.579 9.1
      vertex 69.5471 36.9852 9.1
      vertex 69.2253 38.6147 9.1
    endloop
  endfacet
  facet normal 0 0 1
    outer loop
      vertex 69.5471 36.9852 9.1
      vertex 69.12 38.579 9.1
      vertex 69.2263 36.9214 9.1
    endloop
  endfacet
  facet normal -0 0 1
    outer loop
      vertex 69.0109 38.5573 9.1
      vertex 69.2263 36.9214 9.1
      vertex 69.12 38.579 9.1
    endloop
  endfacet
  facet normal -0 0 1
    outer loop
      vertex 68.9 38.55 9.1
      vertex 69.2263 36.9214 9.1
      vertex 69.0109 38.5573 9.1
    endloop
  endfacet
  facet normal 0 0 1
    outer loop
      vertex 68.9 38.55 9.1
      vertex 68.9 36.9 9.1
      vertex 69.2263 36.9214 9.1
    endloop
  endfacet
  facet normal 0 0 1
    outer loop
      vertex 68.7891 38.5573 9.1
      vertex 68.9 36.9 9.1
      vertex 68.9 38.55 9.1
    endloop
  endfacet
  facet normal 0 0 1
    outer loop
      vertex 68.5737 36.9214 9.1
      vertex 68.7891 38.5573 9.1
      vertex 68.68 38.579 9.1
    endloop
  endfacet
  facet normal 0 0 1
    outer loop
      vertex 68.253 36.9852 9.1
      vertex 68.68 38.579 9.1
      vertex 68.5747 38.6147 9.1
    endloop
  endfacet
  facet normal 0 0 1
    outer loop
      vertex 68.7891 38.5573 9.1
      vertex 68.5737 36.9214 9.1
      vertex 68.9 36.9 9.1
    endloop
  endfacet
  facet normal 0 0 1
    outer loop
      vertex 67.9433 37.0903 9.1
      vertex 68.5747 38.6147 9.1
      vertex 68.475 38.6639 9.1
    endloop
  endfacet
  facet normal 0 0 1
    outer loop
      vertex 67.65 37.2349 9.1
      vertex 68.475 38.6639 9.1
      vertex 68.3826 38.7257 9.1
    endloop
  endfacet
  facet normal 0 0 1
    outer loop
      vertex 67.3781 37.4166 9.1
      vertex 68.3826 38.7257 9.1
      vertex 68.299 38.799 9.1
    endloop
  endfacet
  facet normal 0 0 1
    outer loop
      vertex 68.68 38.579 9.1
      vertex 68.253 36.9852 9.1
      vertex 68.5737 36.9214 9.1
    endloop
  endfacet
  facet normal 0 0 1
    outer loop
      vertex 67.1322 37.6322 9.1
      vertex 68.299 38.799 9.1
      vertex 68.2256 38.8826 9.1
    endloop
  endfacet
  facet normal 0 0 1
    outer loop
      vertex 66.9166 37.8781 9.1
      vertex 68.2256 38.8826 9.1
      vertex 68.1639 38.975 9.1
    endloop
  endfacet
  facet normal 0 0 1
    outer loop
      vertex 66.7349 38.15 9.1
      vertex 68.1639 38.975 9.1
      vertex 68.1147 39.0747 9.1
    endloop
  endfacet
  facet normal 0 0 1
    outer loop
      vertex 66.5903 38.4433 9.1
      vertex 68.1147 39.0747 9.1
      vertex 68.079 39.18 9.1
    endloop
  endfacet
  facet normal 0 0 1
    outer loop
      vertex 66.4852 38.753 9.1
      vertex 68.079 39.18 9.1
      vertex 68.0573 39.2891 9.1
    endloop
  endfacet
  facet normal 0 0 1
    outer loop
      vertex 68.5747 38.6147 9.1
      vertex 67.9433 37.0903 9.1
      vertex 68.253 36.9852 9.1
    endloop
  endfacet
  facet normal 0 0 1
    outer loop
      vertex 66.4214 39.0737 9.1
      vertex 68.0573 39.2891 9.1
      vertex 68.05 39.4 9.1
    endloop
  endfacet
  facet normal -0 0 1
    outer loop
      vertex 66.7349 40.65 9.1
      vertex 68.1639 39.825 9.1
      vertex 66.9166 40.9219 9.1
    endloop
  endfacet
  facet normal 0 0 1
    outer loop
      vertex 68.1639 39.825 9.1
      vertex 66.7349 40.65 9.1
      vertex 68.1147 39.7253 9.1
    endloop
  endfacet
  facet normal 0 0 1
    outer loop
      vertex 68.475 38.6639 9.1
      vertex 67.65 37.2349 9.1
      vertex 67.9433 37.0903 9.1
    endloop
  endfacet
  facet normal -0 0 1
    outer loop
      vertex 66.5903 40.3567 9.1
      vertex 68.1147 39.7253 9.1
      vertex 66.7349 40.65 9.1
    endloop
  endfacet
  facet normal 0 0 1
    outer loop
      vertex 68.3826 38.7257 9.1
      vertex 67.3781 37.4166 9.1
      vertex 67.65 37.2349 9.1
    endloop
  endfacet
  facet normal 0 0 1
    outer loop
      vertex 68.1147 39.7253 9.1
      vertex 66.5903 40.3567 9.1
      vertex 68.079 39.62 9.1
    endloop
  endfacet
  facet normal 0 0 1
    outer loop
      vertex 68.299 38.799 9.1
      vertex 67.1322 37.6322 9.1
      vertex 67.3781 37.4166 9.1
    endloop
  endfacet
  facet normal -0 0 1
    outer loop
      vertex 66.4852 40.047 9.1
      vertex 68.079 39.62 9.1
      vertex 66.5903 40.3567 9.1
    endloop
  endfacet
  facet normal 0 0 1
    outer loop
      vertex 68.2256 38.8826 9.1
      vertex 66.9166 37.8781 9.1
      vertex 67.1322 37.6322 9.1
    endloop
  endfacet
  facet normal 0 0 1
    outer loop
      vertex 68.079 39.62 9.1
      vertex 66.4852 40.047 9.1
      vertex 68.0573 39.5109 9.1
    endloop
  endfacet
  facet normal 0 0 1
    outer loop
      vertex 68.1639 38.975 9.1
      vertex 66.7349 38.15 9.1
      vertex 66.9166 37.8781 9.1
    endloop
  endfacet
  facet normal -0 0 1
    outer loop
      vertex 66.4214 39.7263 9.1
      vertex 68.0573 39.5109 9.1
      vertex 66.4852 40.047 9.1
    endloop
  endfacet
  facet normal 0 0 1
    outer loop
      vertex 68.1147 39.0747 9.1
      vertex 66.5903 38.4433 9.1
      vertex 66.7349 38.15 9.1
    endloop
  endfacet
  facet normal 0 0 1
    outer loop
      vertex 68.0573 39.5109 9.1
      vertex 66.4214 39.7263 9.1
      vertex 68.05 39.4 9.1
    endloop
  endfacet
  facet normal 0 0 1
    outer loop
      vertex 68.079 39.18 9.1
      vertex 66.4852 38.753 9.1
      vertex 66.5903 38.4433 9.1
    endloop
  endfacet
  facet normal 0 0 1
    outer loop
      vertex 66.4 39.4 9.1
      vertex 68.05 39.4 9.1
      vertex 66.4214 39.7263 9.1
    endloop
  endfacet
  facet normal 0 0 1
    outer loop
      vertex 68.0573 39.2891 9.1
      vertex 66.4214 39.0737 9.1
      vertex 66.4852 38.753 9.1
    endloop
  endfacet
  facet normal 0 0 1
    outer loop
      vertex 68.05 39.4 9.1
      vertex 66.4 39.4 9.1
      vertex 66.4214 39.0737 9.1
    endloop
  endfacet
  facet normal -0.442191 0.896921 0
    outer loop
      vertex 67.9433 41.7097 1.6
      vertex 67.65 41.5651 7.6
      vertex 67.9433 41.7097 7.6
    endloop
  endfacet
  facet normal -0.442191 0.896921 0
    outer loop
      vertex 67.65 41.5651 7.6
      vertex 67.9433 41.7097 1.6
      vertex 67.65 41.5651 1.6
    endloop
  endfacet
  facet normal -0.0654432 0.997856 0
    outer loop
      vertex 68.9 41.9 1.6
      vertex 68.5737 41.8786 7.6
      vertex 68.9 41.9 7.6
    endloop
  endfacet
  facet normal -0.0654432 0.997856 0
    outer loop
      vertex 68.5737 41.8786 7.6
      vertex 68.9 41.9 1.6
      vertex 68.5737 41.8786 1.6
    endloop
  endfacet
  facet normal 0.946957 -0.32136 0
    outer loop
      vertex 71.2097 38.4433 9.1
      vertex 71.3148 38.753 1.6
      vertex 71.3148 38.753 9.1
    endloop
  endfacet
  facet normal 0.946957 -0.32136 0
    outer loop
      vertex 71.3148 38.753 1.6
      vertex 71.2097 38.4433 9.1
      vertex 71.2097 38.4433 1.6
    endloop
  endfacet
  facet normal 0.321453 -0.946926 0
    outer loop
      vertex 69.5471 36.9852 1.6
      vertex 69.8567 37.0903 9.1
      vertex 69.5471 36.9852 9.1
    endloop
  endfacet
  facet normal 0.321453 -0.946926 0
    outer loop
      vertex 69.8567 37.0903 9.1
      vertex 69.5471 36.9852 1.6
      vertex 69.8567 37.0903 1.6
    endloop
  endfacet
  facet normal 0.0654432 -0.997856 0
    outer loop
      vertex 68.9 36.9 1.6
      vertex 69.2263 36.9214 9.1
      vertex 68.9 36.9 9.1
    endloop
  endfacet
  facet normal 0.0654432 -0.997856 0
    outer loop
      vertex 69.2263 36.9214 9.1
      vertex 68.9 36.9 1.6
      vertex 69.2263 36.9214 1.6
    endloop
  endfacet
  facet normal 0.442191 -0.896921 0
    outer loop
      vertex 69.8567 37.0903 1.6
      vertex 70.15 37.2349 9.1
      vertex 69.8567 37.0903 9.1
    endloop
  endfacet
  facet normal 0.442191 -0.896921 0
    outer loop
      vertex 70.15 37.2349 9.1
      vertex 69.8567 37.0903 1.6
      vertex 70.15 37.2349 1.6
    endloop
  endfacet
  facet normal -0.896921 -0.442191 0
    outer loop
      vertex 66.7349 38.15 1.6
      vertex 66.5903 38.4433 9.1
      vertex 66.5903 38.4433 1.6
    endloop
  endfacet
  facet normal -0.896921 -0.442191 0
    outer loop
      vertex 66.5903 38.4433 9.1
      vertex 66.7349 38.15 1.6
      vertex 66.7349 38.15 9.1
    endloop
  endfacet
  facet normal -0.997856 -0.0654432 0
    outer loop
      vertex 66.4214 39.0737 1.6
      vertex 66.4 39.4 9.1
      vertex 66.4 39.4 1.6
    endloop
  endfacet
  facet normal -0.997856 -0.0654432 0
    outer loop
      vertex 66.4 39.4 9.1
      vertex 66.4214 39.0737 1.6
      vertex 66.4214 39.0737 9.1
    endloop
  endfacet
  facet normal 0.946957 0.32136 0
    outer loop
      vertex 71.3148 40.047 9.1
      vertex 71.2097 40.3567 1.6
      vertex 71.2097 40.3567 9.1
    endloop
  endfacet
  facet normal 0.946957 0.32136 0
    outer loop
      vertex 71.2097 40.3567 1.6
      vertex 71.3148 40.047 9.1
      vertex 71.3148 40.047 1.6
    endloop
  endfacet
  facet normal 0.321453 0.946926 -0
    outer loop
      vertex 69.8567 41.7097 1.6
      vertex 69.5471 41.8148 7.6
      vertex 69.8567 41.7097 7.6
    endloop
  endfacet
  facet normal 0.321453 0.946926 0
    outer loop
      vertex 69.5471 41.8148 7.6
      vertex 69.8567 41.7097 1.6
      vertex 69.5471 41.8148 1.6
    endloop
  endfacet
  facet normal 0.195058 0.980792 -0
    outer loop
      vertex 69.5471 41.8148 1.6
      vertex 69.2263 41.8786 7.6
      vertex 69.5471 41.8148 7.6
    endloop
  endfacet
  facet normal 0.195058 0.980792 0
    outer loop
      vertex 69.2263 41.8786 7.6
      vertex 69.5471 41.8148 1.6
      vertex 69.2263 41.8786 1.6
    endloop
  endfacet
  facet normal 0.659262 0.751913 -0
    outer loop
      vertex 70.6678 41.1678 1.6
      vertex 70.4219 41.3834 9.1
      vertex 70.6678 41.1678 9.1
    endloop
  endfacet
  facet normal 0.659262 0.751913 0
    outer loop
      vertex 70.4219 41.3834 9.1
      vertex 70.6678 41.1678 1.6
      vertex 70.4219 41.3834 1.6
    endloop
  endfacet
  facet normal -0.831438 0.555617 0
    outer loop
      vertex 66.7349 40.65 1.6
      vertex 66.9166 40.9219 9.1
      vertex 66.9166 40.9219 1.6
    endloop
  endfacet
  facet normal -0.831438 0.555617 0
    outer loop
      vertex 66.9166 40.9219 9.1
      vertex 66.7349 40.65 1.6
      vertex 66.7349 40.65 9.1
    endloop
  endfacet
  facet normal -0.751913 0.659262 0
    outer loop
      vertex 66.9166 40.9219 1.6
      vertex 67.1322 41.1678 9.1
      vertex 67.1322 41.1678 1.6
    endloop
  endfacet
  facet normal -0.751913 0.659262 0
    outer loop
      vertex 67.1322 41.1678 9.1
      vertex 66.9166 40.9219 1.6
      vertex 66.9166 40.9219 9.1
    endloop
  endfacet
  facet normal -0.946957 0.32136 0
    outer loop
      vertex 66.4852 40.047 1.6
      vertex 66.5903 40.3567 9.1
      vertex 66.5903 40.3567 1.6
    endloop
  endfacet
  facet normal -0.946957 0.32136 0
    outer loop
      vertex 66.5903 40.3567 9.1
      vertex 66.4852 40.047 1.6
      vertex 66.4852 40.047 9.1
    endloop
  endfacet
  facet normal -0.98078 0.195116 0
    outer loop
      vertex 66.4214 39.7263 1.6
      vertex 66.4852 40.047 9.1
      vertex 66.4852 40.047 1.6
    endloop
  endfacet
  facet normal -0.98078 0.195116 0
    outer loop
      vertex 66.4852 40.047 9.1
      vertex 66.4214 39.7263 1.6
      vertex 66.4214 39.7263 9.1
    endloop
  endfacet
  facet normal -0.55571 0.831377 0
    outer loop
      vertex 67.65 41.5651 7.6
      vertex 67.65 41.5651 1.6
      vertex 67.403 41.4 7.6
    endloop
  endfacet
  facet normal 0 0 -1
    outer loop
      vertex 67.65 41.5651 9.1
      vertex 67.403 41.4 9.1
      vertex 67.3781 41.3834 9.1
    endloop
  endfacet
  facet normal -0.5547 0.83205 0
    outer loop
      vertex 67.403 41.4 7.6
      vertex 67.3781 41.3834 9.1
      vertex 67.403 41.4 9.1
    endloop
  endfacet
  facet normal -0.5547 0.83205 0
    outer loop
      vertex 67.403 41.4 7.6
      vertex 67.3781 41.3834 1.6
      vertex 67.3781 41.3834 9.1
    endloop
  endfacet
  facet normal -0.555617 0.831438 5.49909e-06
    outer loop
      vertex 67.3781 41.3834 1.6
      vertex 67.403 41.4 7.6
      vertex 67.65 41.5651 1.6
    endloop
  endfacet
  facet normal -0.195116 0.98078 0
    outer loop
      vertex 68.5737 41.8786 1.6
      vertex 68.253 41.8148 7.6
      vertex 68.5737 41.8786 7.6
    endloop
  endfacet
  facet normal -0.195116 0.98078 0
    outer loop
      vertex 68.253 41.8148 7.6
      vertex 68.5737 41.8786 1.6
      vertex 68.253 41.8148 1.6
    endloop
  endfacet
  facet normal 0.997856 -0.0654432 0
    outer loop
      vertex 71.4 39.4 9.1
      vertex 71.3786 39.0737 9.1
      vertex 71.4 39.4 7.6
    endloop
  endfacet
  facet normal 0.997856 -0.0654432 0
    outer loop
      vertex 71.3786 39.0737 1.6
      vertex 71.4 39.4 7.6
      vertex 71.3786 39.0737 9.1
    endloop
  endfacet
  facet normal 0.997856 -0.0654432 0
    outer loop
      vertex 71.4 39.4 7.6
      vertex 71.3786 39.0737 1.6
      vertex 71.4 39.4 1.6
    endloop
  endfacet
  facet normal 0.195058 -0.980792 0
    outer loop
      vertex 69.2263 36.9214 1.6
      vertex 69.5471 36.9852 9.1
      vertex 69.2263 36.9214 9.1
    endloop
  endfacet
  facet normal 0.195058 -0.980792 0
    outer loop
      vertex 69.5471 36.9852 9.1
      vertex 69.2263 36.9214 1.6
      vertex 69.5471 36.9852 1.6
    endloop
  endfacet
  facet normal 0.555617 -0.831438 0
    outer loop
      vertex 70.15 37.2349 1.6
      vertex 70.4219 37.4166 9.1
      vertex 70.15 37.2349 9.1
    endloop
  endfacet
  facet normal 0.555617 -0.831438 0
    outer loop
      vertex 70.4219 37.4166 9.1
      vertex 70.15 37.2349 1.6
      vertex 70.4219 37.4166 1.6
    endloop
  endfacet
  facet normal 0.751913 -0.659262 0
    outer loop
      vertex 70.6678 37.6322 9.1
      vertex 70.8834 37.8781 1.6
      vertex 70.8834 37.8781 9.1
    endloop
  endfacet
  facet normal 0.751913 -0.659262 0
    outer loop
      vertex 70.8834 37.8781 1.6
      vertex 70.6678 37.6322 9.1
      vertex 70.6678 37.6322 1.6
    endloop
  endfacet
  facet normal -0.659262 -0.751913 0
    outer loop
      vertex 67.1322 37.6322 1.6
      vertex 67.3781 37.4166 9.1
      vertex 67.1322 37.6322 9.1
    endloop
  endfacet
  facet normal -0.659262 -0.751913 -0
    outer loop
      vertex 67.3781 37.4166 9.1
      vertex 67.1322 37.6322 1.6
      vertex 67.3781 37.4166 1.6
    endloop
  endfacet
  facet normal -0.442191 -0.896921 0
    outer loop
      vertex 67.65 37.2349 1.6
      vertex 67.9433 37.0903 9.1
      vertex 67.65 37.2349 9.1
    endloop
  endfacet
  facet normal -0.442191 -0.896921 -0
    outer loop
      vertex 67.9433 37.0903 9.1
      vertex 67.65 37.2349 1.6
      vertex 67.9433 37.0903 1.6
    endloop
  endfacet
  facet normal -0.32136 -0.946957 0
    outer loop
      vertex 67.9433 37.0903 1.6
      vertex 68.253 36.9852 9.1
      vertex 67.9433 37.0903 9.1
    endloop
  endfacet
  facet normal -0.32136 -0.946957 -0
    outer loop
      vertex 68.253 36.9852 9.1
      vertex 67.9433 37.0903 1.6
      vertex 68.253 36.9852 1.6
    endloop
  endfacet
  facet normal -0.0654432 -0.997856 0
    outer loop
      vertex 68.5737 36.9214 1.6
      vertex 68.9 36.9 9.1
      vertex 68.5737 36.9214 9.1
    endloop
  endfacet
  facet normal -0.0654432 -0.997856 -0
    outer loop
      vertex 68.9 36.9 9.1
      vertex 68.5737 36.9214 1.6
      vertex 68.9 36.9 1.6
    endloop
  endfacet
  facet normal -0.831438 -0.555617 0
    outer loop
      vertex 66.9166 37.8781 1.6
      vertex 66.7349 38.15 9.1
      vertex 66.7349 38.15 1.6
    endloop
  endfacet
  facet normal -0.831438 -0.555617 0
    outer loop
      vertex 66.7349 38.15 9.1
      vertex 66.9166 37.8781 1.6
      vertex 66.9166 37.8781 9.1
    endloop
  endfacet
  facet normal -0.98078 -0.195116 0
    outer loop
      vertex 66.4852 38.753 1.6
      vertex 66.4214 39.0737 9.1
      vertex 66.4214 39.0737 1.6
    endloop
  endfacet
  facet normal -0.98078 -0.195116 0
    outer loop
      vertex 66.4214 39.0737 9.1
      vertex 66.4852 38.753 1.6
      vertex 66.4852 38.753 9.1
    endloop
  endfacet
  facet normal 0.659262 -0.751913 0
    outer loop
      vertex 70.4219 37.4166 1.6
      vertex 70.6678 37.6322 9.1
      vertex 70.4219 37.4166 9.1
    endloop
  endfacet
  facet normal 0.659262 -0.751913 0
    outer loop
      vertex 70.6678 37.6322 9.1
      vertex 70.4219 37.4166 1.6
      vertex 70.6678 37.6322 1.6
    endloop
  endfacet
  facet normal 0.896921 -0.442191 0
    outer loop
      vertex 71.0651 38.15 9.1
      vertex 71.2097 38.4433 1.6
      vertex 71.2097 38.4433 9.1
    endloop
  endfacet
  facet normal 0.896921 -0.442191 0
    outer loop
      vertex 71.2097 38.4433 1.6
      vertex 71.0651 38.15 9.1
      vertex 71.0651 38.15 1.6
    endloop
  endfacet
  facet normal 0.98078 -0.195116 0
    outer loop
      vertex 71.3148 38.753 9.1
      vertex 71.3786 39.0737 1.6
      vertex 71.3786 39.0737 9.1
    endloop
  endfacet
  facet normal 0.98078 -0.195116 0
    outer loop
      vertex 71.3786 39.0737 1.6
      vertex 71.3148 38.753 9.1
      vertex 71.3148 38.753 1.6
    endloop
  endfacet
  facet normal -0.555617 -0.831438 0
    outer loop
      vertex 67.3781 37.4166 1.6
      vertex 67.65 37.2349 9.1
      vertex 67.3781 37.4166 9.1
    endloop
  endfacet
  facet normal -0.555617 -0.831438 -0
    outer loop
      vertex 67.65 37.2349 9.1
      vertex 67.3781 37.4166 1.6
      vertex 67.65 37.2349 1.6
    endloop
  endfacet
  facet normal -0.195116 -0.98078 0
    outer loop
      vertex 68.253 36.9852 1.6
      vertex 68.5737 36.9214 9.1
      vertex 68.253 36.9852 9.1
    endloop
  endfacet
  facet normal -0.195116 -0.98078 -0
    outer loop
      vertex 68.5737 36.9214 9.1
      vertex 68.253 36.9852 1.6
      vertex 68.5737 36.9214 1.6
    endloop
  endfacet
  facet normal -0.751913 -0.659262 0
    outer loop
      vertex 67.1322 37.6322 1.6
      vertex 66.9166 37.8781 9.1
      vertex 66.9166 37.8781 1.6
    endloop
  endfacet
  facet normal -0.751913 -0.659262 0
    outer loop
      vertex 66.9166 37.8781 9.1
      vertex 67.1322 37.6322 1.6
      vertex 67.1322 37.6322 9.1
    endloop
  endfacet
  facet normal 0.831438 -0.555617 0
    outer loop
      vertex 70.8834 37.8781 9.1
      vertex 71.0651 38.15 1.6
      vertex 71.0651 38.15 9.1
    endloop
  endfacet
  facet normal 0.831438 -0.555617 0
    outer loop
      vertex 71.0651 38.15 1.6
      vertex 70.8834 37.8781 9.1
      vertex 70.8834 37.8781 1.6
    endloop
  endfacet
  facet normal -0.997841 -0.0656829 0
    outer loop
      vertex 69.75 39.4 1.6
      vertex 69.7427 39.5109 9.1
      vertex 69.7427 39.5109 1.6
    endloop
  endfacet
  facet normal -0.997841 -0.0656829 0
    outer loop
      vertex 69.7427 39.5109 9.1
      vertex 69.75 39.4 1.6
      vertex 69.75 39.4 9.1
    endloop
  endfacet
  facet normal 0.997841 -0.0656829 0
    outer loop
      vertex 68.05 39.4 9.1
      vertex 68.0573 39.5109 1.6
      vertex 68.0573 39.5109 9.1
    endloop
  endfacet
  facet normal 0.997841 -0.0656829 0
    outer loop
      vertex 68.0573 39.5109 1.6
      vertex 68.05 39.4 9.1
      vertex 68.05 39.4 1.6
    endloop
  endfacet
  facet normal 0.0656829 -0.997841 0
    outer loop
      vertex 68.7891 40.2427 1.6
      vertex 68.9 40.25 9.1
      vertex 68.7891 40.2427 9.1
    endloop
  endfacet
  facet normal 0.0656829 -0.997841 0
    outer loop
      vertex 68.9 40.25 9.1
      vertex 68.7891 40.2427 1.6
      vertex 68.9 40.25 1.6
    endloop
  endfacet
  facet normal -0.0656829 0.997841 0
    outer loop
      vertex 69.0109 38.5573 1.6
      vertex 68.9 38.55 9.1
      vertex 69.0109 38.5573 9.1
    endloop
  endfacet
  facet normal -0.0656829 0.997841 0
    outer loop
      vertex 68.9 38.55 9.1
      vertex 69.0109 38.5573 1.6
      vertex 68.9 38.55 1.6
    endloop
  endfacet
  facet normal -0.659268 -0.751908 0
    outer loop
      vertex 69.4174 40.0743 1.6
      vertex 69.501 40.001 9.1
      vertex 69.4174 40.0743 9.1
    endloop
  endfacet
  facet normal -0.659268 -0.751908 -0
    outer loop
      vertex 69.501 40.001 9.1
      vertex 69.4174 40.0743 1.6
      vertex 69.501 40.001 1.6
    endloop
  endfacet
  facet normal 0.751462 -0.659776 0
    outer loop
      vertex 68.2256 39.9174 9.1
      vertex 68.299 40.001 1.6
      vertex 68.299 40.001 9.1
    endloop
  endfacet
  facet normal 0.751462 -0.659776 0
    outer loop
      vertex 68.299 40.001 1.6
      vertex 68.2256 39.9174 9.1
      vertex 68.2256 39.9174 1.6
    endloop
  endfacet
  facet normal 0.44253 -0.896754 0
    outer loop
      vertex 68.475 40.1361 1.6
      vertex 68.5747 40.1853 9.1
      vertex 68.475 40.1361 9.1
    endloop
  endfacet
  facet normal 0.44253 -0.896754 0
    outer loop
      vertex 68.5747 40.1853 9.1
      vertex 68.475 40.1361 1.6
      vertex 68.5747 40.1853 1.6
    endloop
  endfacet
  facet normal -0.896754 -0.44253 0
    outer loop
      vertex 69.6853 39.7253 1.6
      vertex 69.6361 39.825 9.1
      vertex 69.6361 39.825 1.6
    endloop
  endfacet
  facet normal -0.896754 -0.44253 0
    outer loop
      vertex 69.6361 39.825 9.1
      vertex 69.6853 39.7253 1.6
      vertex 69.6853 39.7253 9.1
    endloop
  endfacet
  facet normal -0.831219 -0.555945 0
    outer loop
      vertex 69.6361 39.825 1.6
      vertex 69.5743 39.9174 9.1
      vertex 69.5743 39.9174 1.6
    endloop
  endfacet
  facet normal -0.831219 -0.555945 0
    outer loop
      vertex 69.5743 39.9174 9.1
      vertex 69.6361 39.825 1.6
      vertex 69.6361 39.825 9.1
    endloop
  endfacet
  facet normal -0.32108 -0.947052 0
    outer loop
      vertex 69.12 40.221 1.6
      vertex 69.2253 40.1853 9.1
      vertex 69.12 40.221 9.1
    endloop
  endfacet
  facet normal -0.32108 -0.947052 -0
    outer loop
      vertex 69.2253 40.1853 9.1
      vertex 69.12 40.221 1.6
      vertex 69.2253 40.1853 1.6
    endloop
  endfacet
  facet normal -0.195079 -0.980788 0
    outer loop
      vertex 69.0109 40.2427 1.6
      vertex 69.12 40.221 9.1
      vertex 69.0109 40.2427 9.1
    endloop
  endfacet
  facet normal -0.195079 -0.980788 -0
    outer loop
      vertex 69.12 40.221 9.1
      vertex 69.0109 40.2427 1.6
      vertex 69.12 40.221 1.6
    endloop
  endfacet
  facet normal -0.44253 -0.896754 0
    outer loop
      vertex 69.2253 40.1853 1.6
      vertex 69.325 40.1361 9.1
      vertex 69.2253 40.1853 9.1
    endloop
  endfacet
  facet normal -0.44253 -0.896754 -0
    outer loop
      vertex 69.325 40.1361 9.1
      vertex 69.2253 40.1853 1.6
      vertex 69.325 40.1361 1.6
    endloop
  endfacet
  facet normal 0.896754 -0.44253 0
    outer loop
      vertex 68.1147 39.7253 9.1
      vertex 68.1639 39.825 1.6
      vertex 68.1639 39.825 9.1
    endloop
  endfacet
  facet normal 0.896754 -0.44253 0
    outer loop
      vertex 68.1639 39.825 1.6
      vertex 68.1147 39.7253 9.1
      vertex 68.1147 39.7253 1.6
    endloop
  endfacet
  facet normal 0.831635 -0.555323 0
    outer loop
      vertex 68.1639 39.825 9.1
      vertex 68.2256 39.9174 1.6
      vertex 68.2256 39.9174 9.1
    endloop
  endfacet
  facet normal 0.831635 -0.555323 0
    outer loop
      vertex 68.2256 39.9174 1.6
      vertex 68.1639 39.825 9.1
      vertex 68.1639 39.825 1.6
    endloop
  endfacet
  facet normal 0.555945 -0.831219 0
    outer loop
      vertex 68.3826 40.0743 1.6
      vertex 68.475 40.1361 9.1
      vertex 68.3826 40.0743 9.1
    endloop
  endfacet
  facet normal 0.555945 -0.831219 0
    outer loop
      vertex 68.475 40.1361 9.1
      vertex 68.3826 40.0743 1.6
      vertex 68.475 40.1361 1.6
    endloop
  endfacet
  facet normal 0.32108 -0.947052 0
    outer loop
      vertex 68.5747 40.1853 1.6
      vertex 68.68 40.221 9.1
      vertex 68.5747 40.1853 9.1
    endloop
  endfacet
  facet normal 0.32108 -0.947052 0
    outer loop
      vertex 68.68 40.221 9.1
      vertex 68.5747 40.1853 1.6
      vertex 68.68 40.221 1.6
    endloop
  endfacet
  facet normal -0.195079 0.980788 0
    outer loop
      vertex 69.12 38.579 1.6
      vertex 69.0109 38.5573 9.1
      vertex 69.12 38.579 9.1
    endloop
  endfacet
  facet normal -0.195079 0.980788 0
    outer loop
      vertex 69.0109 38.5573 9.1
      vertex 69.12 38.579 1.6
      vertex 69.0109 38.5573 1.6
    endloop
  endfacet
  facet normal -0.44253 0.896754 0
    outer loop
      vertex 69.325 38.6639 1.6
      vertex 69.2253 38.6147 9.1
      vertex 69.325 38.6639 9.1
    endloop
  endfacet
  facet normal -0.44253 0.896754 0
    outer loop
      vertex 69.2253 38.6147 9.1
      vertex 69.325 38.6639 1.6
      vertex 69.2253 38.6147 1.6
    endloop
  endfacet
  facet normal -0.947052 -0.32108 0
    outer loop
      vertex 69.721 39.62 1.6
      vertex 69.6853 39.7253 9.1
      vertex 69.6853 39.7253 1.6
    endloop
  endfacet
  facet normal -0.947052 -0.32108 0
    outer loop
      vertex 69.6853 39.7253 9.1
      vertex 69.721 39.62 1.6
      vertex 69.721 39.62 9.1
    endloop
  endfacet
  facet normal -0.980788 -0.195079 0
    outer loop
      vertex 69.7427 39.5109 1.6
      vertex 69.721 39.62 9.1
      vertex 69.721 39.62 1.6
    endloop
  endfacet
  facet normal -0.980788 -0.195079 0
    outer loop
      vertex 69.721 39.62 9.1
      vertex 69.7427 39.5109 1.6
      vertex 69.7427 39.5109 9.1
    endloop
  endfacet
  facet normal -0.751908 -0.659268 0
    outer loop
      vertex 69.5743 39.9174 1.6
      vertex 69.501 40.001 9.1
      vertex 69.501 40.001 1.6
    endloop
  endfacet
  facet normal -0.751908 -0.659268 0
    outer loop
      vertex 69.501 40.001 9.1
      vertex 69.5743 39.9174 1.6
      vertex 69.5743 39.9174 9.1
    endloop
  endfacet
  facet normal -0.0656829 -0.997841 0
    outer loop
      vertex 68.9 40.25 1.6
      vertex 69.0109 40.2427 9.1
      vertex 68.9 40.25 9.1
    endloop
  endfacet
  facet normal -0.0656829 -0.997841 -0
    outer loop
      vertex 69.0109 40.2427 9.1
      vertex 68.9 40.25 1.6
      vertex 69.0109 40.2427 1.6
    endloop
  endfacet
  facet normal -0.555945 -0.831219 0
    outer loop
      vertex 69.325 40.1361 1.6
      vertex 69.4174 40.0743 9.1
      vertex 69.325 40.1361 9.1
    endloop
  endfacet
  facet normal -0.555945 -0.831219 -0
    outer loop
      vertex 69.4174 40.0743 9.1
      vertex 69.325 40.1361 1.6
      vertex 69.4174 40.0743 1.6
    endloop
  endfacet
  facet normal 0.947052 -0.32108 0
    outer loop
      vertex 68.079 39.62 9.1
      vertex 68.1147 39.7253 1.6
      vertex 68.1147 39.7253 9.1
    endloop
  endfacet
  facet normal 0.947052 -0.32108 0
    outer loop
      vertex 68.1147 39.7253 1.6
      vertex 68.079 39.62 9.1
      vertex 68.079 39.62 1.6
    endloop
  endfacet
  facet normal 0.980788 -0.195079 0
    outer loop
      vertex 68.0573 39.5109 9.1
      vertex 68.079 39.62 1.6
      vertex 68.079 39.62 9.1
    endloop
  endfacet
  facet normal 0.980788 -0.195079 0
    outer loop
      vertex 68.079 39.62 1.6
      vertex 68.0573 39.5109 9.1
      vertex 68.0573 39.5109 1.6
    endloop
  endfacet
  facet normal 0.659268 -0.751908 0
    outer loop
      vertex 68.299 40.001 1.6
      vertex 68.3826 40.0743 9.1
      vertex 68.299 40.001 9.1
    endloop
  endfacet
  facet normal 0.659268 -0.751908 0
    outer loop
      vertex 68.3826 40.0743 9.1
      vertex 68.299 40.001 1.6
      vertex 68.3826 40.0743 1.6
    endloop
  endfacet
  facet normal 0.195079 -0.980788 0
    outer loop
      vertex 68.68 40.221 1.6
      vertex 68.7891 40.2427 9.1
      vertex 68.68 40.221 9.1
    endloop
  endfacet
  facet normal 0.195079 -0.980788 0
    outer loop
      vertex 68.7891 40.2427 9.1
      vertex 68.68 40.221 1.6
      vertex 68.7891 40.2427 1.6
    endloop
  endfacet
  facet normal -0.997841 0.0656829 0
    outer loop
      vertex 69.7427 39.2891 1.6
      vertex 69.75 39.4 9.1
      vertex 69.75 39.4 1.6
    endloop
  endfacet
  facet normal -0.997841 0.0656829 0
    outer loop
      vertex 69.75 39.4 9.1
      vertex 69.7427 39.2891 1.6
      vertex 69.7427 39.2891 9.1
    endloop
  endfacet
  facet normal -0.947052 0.32108 0
    outer loop
      vertex 69.6853 39.0747 1.6
      vertex 69.721 39.18 9.1
      vertex 69.721 39.18 1.6
    endloop
  endfacet
  facet normal -0.947052 0.32108 0
    outer loop
      vertex 69.721 39.18 9.1
      vertex 69.6853 39.0747 1.6
      vertex 69.6853 39.0747 9.1
    endloop
  endfacet
  facet normal -0.980788 0.195079 0
    outer loop
      vertex 69.721 39.18 1.6
      vertex 69.7427 39.2891 9.1
      vertex 69.7427 39.2891 1.6
    endloop
  endfacet
  facet normal -0.980788 0.195079 0
    outer loop
      vertex 69.7427 39.2891 9.1
      vertex 69.721 39.18 1.6
      vertex 69.721 39.18 9.1
    endloop
  endfacet
  facet normal 0.896754 0.44253 0
    outer loop
      vertex 68.1639 38.975 9.1
      vertex 68.1147 39.0747 1.6
      vertex 68.1147 39.0747 9.1
    endloop
  endfacet
  facet normal 0.896754 0.44253 0
    outer loop
      vertex 68.1147 39.0747 1.6
      vertex 68.1639 38.975 9.1
      vertex 68.1639 38.975 1.6
    endloop
  endfacet
  facet normal -0.555945 0.831219 0
    outer loop
      vertex 69.4174 38.7257 1.6
      vertex 69.325 38.6639 9.1
      vertex 69.4174 38.7257 9.1
    endloop
  endfacet
  facet normal -0.555945 0.831219 0
    outer loop
      vertex 69.325 38.6639 9.1
      vertex 69.4174 38.7257 1.6
      vertex 69.325 38.6639 1.6
    endloop
  endfacet
  facet normal 0.980788 0.195079 0
    outer loop
      vertex 68.079 39.18 9.1
      vertex 68.0573 39.2891 1.6
      vertex 68.0573 39.2891 9.1
    endloop
  endfacet
  facet normal 0.980788 0.195079 0
    outer loop
      vertex 68.0573 39.2891 1.6
      vertex 68.079 39.18 9.1
      vertex 68.079 39.18 1.6
    endloop
  endfacet
  facet normal 0.997841 0.0656829 0
    outer loop
      vertex 68.0573 39.2891 9.1
      vertex 68.05 39.4 1.6
      vertex 68.05 39.4 9.1
    endloop
  endfacet
  facet normal 0.997841 0.0656829 0
    outer loop
      vertex 68.05 39.4 1.6
      vertex 68.0573 39.2891 9.1
      vertex 68.0573 39.2891 1.6
    endloop
  endfacet
  facet normal 0.947052 0.32108 0
    outer loop
      vertex 68.1147 39.0747 9.1
      vertex 68.079 39.18 1.6
      vertex 68.079 39.18 9.1
    endloop
  endfacet
  facet normal 0.947052 0.32108 0
    outer loop
      vertex 68.079 39.18 1.6
      vertex 68.1147 39.0747 9.1
      vertex 68.1147 39.0747 1.6
    endloop
  endfacet
  facet normal -0.659268 0.751908 0
    outer loop
      vertex 69.501 38.799 1.6
      vertex 69.4174 38.7257 9.1
      vertex 69.501 38.799 9.1
    endloop
  endfacet
  facet normal -0.659268 0.751908 0
    outer loop
      vertex 69.4174 38.7257 9.1
      vertex 69.501 38.799 1.6
      vertex 69.4174 38.7257 1.6
    endloop
  endfacet
  facet normal -0.32108 0.947052 0
    outer loop
      vertex 69.2253 38.6147 1.6
      vertex 69.12 38.579 9.1
      vertex 69.2253 38.6147 9.1
    endloop
  endfacet
  facet normal -0.32108 0.947052 0
    outer loop
      vertex 69.12 38.579 9.1
      vertex 69.2253 38.6147 1.6
      vertex 69.12 38.579 1.6
    endloop
  endfacet
  facet normal -0.896754 0.44253 0
    outer loop
      vertex 69.6361 38.975 1.6
      vertex 69.6853 39.0747 9.1
      vertex 69.6853 39.0747 1.6
    endloop
  endfacet
  facet normal -0.896754 0.44253 0
    outer loop
      vertex 69.6853 39.0747 9.1
      vertex 69.6361 38.975 1.6
      vertex 69.6361 38.975 9.1
    endloop
  endfacet
  facet normal -0.831219 0.555945 0
    outer loop
      vertex 69.5743 38.8826 1.6
      vertex 69.6361 38.975 9.1
      vertex 69.6361 38.975 1.6
    endloop
  endfacet
  facet normal -0.831219 0.555945 0
    outer loop
      vertex 69.6361 38.975 9.1
      vertex 69.5743 38.8826 1.6
      vertex 69.5743 38.8826 9.1
    endloop
  endfacet
  facet normal 0.0656829 0.997841 -0
    outer loop
      vertex 68.9 38.55 1.6
      vertex 68.7891 38.5573 9.1
      vertex 68.9 38.55 9.1
    endloop
  endfacet
  facet normal 0.0656829 0.997841 0
    outer loop
      vertex 68.7891 38.5573 9.1
      vertex 68.9 38.55 1.6
      vertex 68.7891 38.5573 1.6
    endloop
  endfacet
  facet normal 0.32108 0.947052 -0
    outer loop
      vertex 68.68 38.579 1.6
      vertex 68.5747 38.6147 9.1
      vertex 68.68 38.579 9.1
    endloop
  endfacet
  facet normal 0.32108 0.947052 0
    outer loop
      vertex 68.5747 38.6147 9.1
      vertex 68.68 38.579 1.6
      vertex 68.5747 38.6147 1.6
    endloop
  endfacet
  facet normal 0.195079 0.980788 -0
    outer loop
      vertex 68.7891 38.5573 1.6
      vertex 68.68 38.579 9.1
      vertex 68.7891 38.5573 9.1
    endloop
  endfacet
  facet normal 0.195079 0.980788 0
    outer loop
      vertex 68.68 38.579 9.1
      vertex 68.7891 38.5573 1.6
      vertex 68.68 38.579 1.6
    endloop
  endfacet
  facet normal 0.751462 0.659776 0
    outer loop
      vertex 68.299 38.799 9.1
      vertex 68.2256 38.8826 1.6
      vertex 68.2256 38.8826 9.1
    endloop
  endfacet
  facet normal 0.751462 0.659776 0
    outer loop
      vertex 68.2256 38.8826 1.6
      vertex 68.299 38.799 9.1
      vertex 68.299 38.799 1.6
    endloop
  endfacet
  facet normal 0.659268 0.751908 -0
    outer loop
      vertex 68.3826 38.7257 1.6
      vertex 68.299 38.799 9.1
      vertex 68.3826 38.7257 9.1
    endloop
  endfacet
  facet normal 0.659268 0.751908 0
    outer loop
      vertex 68.299 38.799 9.1
      vertex 68.3826 38.7257 1.6
      vertex 68.299 38.799 1.6
    endloop
  endfacet
  facet normal -0.751908 0.659268 0
    outer loop
      vertex 69.501 38.799 1.6
      vertex 69.5743 38.8826 9.1
      vertex 69.5743 38.8826 1.6
    endloop
  endfacet
  facet normal -0.751908 0.659268 0
    outer loop
      vertex 69.5743 38.8826 9.1
      vertex 69.501 38.799 1.6
      vertex 69.501 38.799 9.1
    endloop
  endfacet
  facet normal 0.555945 0.831219 -0
    outer loop
      vertex 68.475 38.6639 1.6
      vertex 68.3826 38.7257 9.1
      vertex 68.475 38.6639 9.1
    endloop
  endfacet
  facet normal 0.555945 0.831219 0
    outer loop
      vertex 68.3826 38.7257 9.1
      vertex 68.475 38.6639 1.6
      vertex 68.3826 38.7257 1.6
    endloop
  endfacet
  facet normal 0.831635 0.555323 0
    outer loop
      vertex 68.2256 38.8826 9.1
      vertex 68.1639 38.975 1.6
      vertex 68.1639 38.975 9.1
    endloop
  endfacet
  facet normal 0.831635 0.555323 0
    outer loop
      vertex 68.1639 38.975 1.6
      vertex 68.2256 38.8826 9.1
      vertex 68.2256 38.8826 1.6
    endloop
  endfacet
  facet normal 0.44253 0.896754 -0
    outer loop
      vertex 68.5747 38.6147 1.6
      vertex 68.475 38.6639 9.1
      vertex 68.5747 38.6147 9.1
    endloop
  endfacet
  facet normal 0.44253 0.896754 0
    outer loop
      vertex 68.475 38.6639 9.1
      vertex 68.5747 38.6147 1.6
      vertex 68.475 38.6639 1.6
    endloop
  endfacet
  facet normal 0 0 1
    outer loop
      vertex 8.4 47.4 9.1
      vertex 7.51822 43.9788 9.1
      vertex 8.4 2.4 9.1
    endloop
  endfacet
  facet normal 0 0 1
    outer loop
      vertex 8.4 2.4 9.1
      vertex 7.57947 5.51326 9.1
      vertex 7.6 5.2 9.1
    endloop
  endfacet
  facet normal -0 0 1
    outer loop
      vertex 7.51822 5.82117 9.1
      vertex 8.4 2.4 9.1
      vertex 7.51822 43.9788 9.1
    endloop
  endfacet
  facet normal 0 0 1
    outer loop
      vertex 8.4 2.4 9.1
      vertex 7.51822 5.82117 9.1
      vertex 7.57947 5.51326 9.1
    endloop
  endfacet
  facet normal -0 0 1
    outer loop
      vertex 7.41731 43.6816 9.1
      vertex 7.51822 5.82117 9.1
      vertex 7.51822 43.9788 9.1
    endloop
  endfacet
  facet normal 0 0 1
    outer loop
      vertex 7.41731 43.6816 9.1
      vertex 7.41731 6.11844 9.1
      vertex 7.51822 5.82117 9.1
    endloop
  endfacet
  facet normal -0 0 1
    outer loop
      vertex 7.27846 43.4 9.1
      vertex 7.41731 6.11844 9.1
      vertex 7.41731 43.6816 9.1
    endloop
  endfacet
  facet normal 0 0 1
    outer loop
      vertex 7.27846 43.4 9.1
      vertex 7.27846 6.4 9.1
      vertex 7.41731 6.11844 9.1
    endloop
  endfacet
  facet normal -0 0 1
    outer loop
      vertex 7.10405 43.139 9.1
      vertex 7.27846 6.4 9.1
      vertex 7.27846 43.4 9.1
    endloop
  endfacet
  facet normal 0 0 1
    outer loop
      vertex 7.10405 43.139 9.1
      vertex 7.10405 6.66103 9.1
      vertex 7.27846 6.4 9.1
    endloop
  endfacet
  facet normal -0 0 1
    outer loop
      vertex 6.89706 42.9029 9.1
      vertex 7.10405 6.66103 9.1
      vertex 7.10405 43.139 9.1
    endloop
  endfacet
  facet normal 0 0 1
    outer loop
      vertex 6.89706 42.9029 9.1
      vertex 6.89706 6.89706 9.1
      vertex 7.10405 6.66103 9.1
    endloop
  endfacet
  facet normal -0 0 1
    outer loop
      vertex 6.66103 42.696 9.1
      vertex 6.89706 6.89706 9.1
      vertex 6.89706 42.9029 9.1
    endloop
  endfacet
  facet normal 0 0 1
    outer loop
      vertex 6.66103 42.696 9.1
      vertex 6.66103 7.10405 9.1
      vertex 6.89706 6.89706 9.1
    endloop
  endfacet
  facet normal -0 0 1
    outer loop
      vertex 6.4 42.5215 9.1
      vertex 6.66103 7.10405 9.1
      vertex 6.66103 42.696 9.1
    endloop
  endfacet
  facet normal 0 0 1
    outer loop
      vertex 6.4 42.5215 9.1
      vertex 6.4 7.27846 9.1
      vertex 6.66103 7.10405 9.1
    endloop
  endfacet
  facet normal -0 0 1
    outer loop
      vertex 6.11844 42.3827 9.1
      vertex 6.4 7.27846 9.1
      vertex 6.4 42.5215 9.1
    endloop
  endfacet
  facet normal 0 0 1
    outer loop
      vertex 6.11844 42.3827 9.1
      vertex 6.11844 7.41731 9.1
      vertex 6.4 7.27846 9.1
    endloop
  endfacet
  facet normal -0 0 1
    outer loop
      vertex 5.82117 42.2818 9.1
      vertex 6.11844 7.41731 9.1
      vertex 6.11844 42.3827 9.1
    endloop
  endfacet
  facet normal 0 0 1
    outer loop
      vertex 5.82117 42.2818 9.1
      vertex 5.82117 7.51822 9.1
      vertex 6.11844 7.41731 9.1
    endloop
  endfacet
  facet normal -0 0 1
    outer loop
      vertex 5.51326 42.2205 9.1
      vertex 5.82117 7.51822 9.1
      vertex 5.82117 42.2818 9.1
    endloop
  endfacet
  facet normal 0 0 1
    outer loop
      vertex 5.51326 42.2205 9.1
      vertex 5.51326 7.57947 9.1
      vertex 5.82117 7.51822 9.1
    endloop
  endfacet
  facet normal -0 0 1
    outer loop
      vertex 5.2 42.2 9.1
      vertex 5.51326 7.57947 9.1
      vertex 5.51326 42.2205 9.1
    endloop
  endfacet
  facet normal 0 0 1
    outer loop
      vertex 5.2 42.2 9.1
      vertex 5.2 7.6 9.1
      vertex 5.51326 7.57947 9.1
    endloop
  endfacet
  facet normal 0 0 1
    outer loop
      vertex 4.88674 42.2205 9.1
      vertex 5.2 7.6 9.1
      vertex 5.2 42.2 9.1
    endloop
  endfacet
  facet normal 0 0 1
    outer loop
      vertex 4.88674 42.2205 9.1
      vertex 4.88674 7.57947 9.1
      vertex 5.2 7.6 9.1
    endloop
  endfacet
  facet normal 0 0 1
    outer loop
      vertex 4.57883 42.2818 9.1
      vertex 4.88674 7.57947 9.1
      vertex 4.88674 42.2205 9.1
    endloop
  endfacet
  facet normal 0 0 1
    outer loop
      vertex 4.57883 42.2818 9.1
      vertex 4.57883 7.51822 9.1
      vertex 4.88674 7.57947 9.1
    endloop
  endfacet
  facet normal 0 0 1
    outer loop
      vertex 4.28156 42.3827 9.1
      vertex 4.57883 7.51822 9.1
      vertex 4.57883 42.2818 9.1
    endloop
  endfacet
  facet normal 0 0 1
    outer loop
      vertex 4.28156 42.3827 9.1
      vertex 4.28156 7.41731 9.1
      vertex 4.57883 7.51822 9.1
    endloop
  endfacet
  facet normal 0 0 1
    outer loop
      vertex 4 42.5215 9.1
      vertex 4.28156 7.41731 9.1
      vertex 4.28156 42.3827 9.1
    endloop
  endfacet
  facet normal 0 0 1
    outer loop
      vertex 4 42.5215 9.1
      vertex 4 7.27846 9.1
      vertex 4.28156 7.41731 9.1
    endloop
  endfacet
  facet normal 0 0 1
    outer loop
      vertex 3.73897 42.696 9.1
      vertex 4 7.27846 9.1
      vertex 4 42.5215 9.1
    endloop
  endfacet
  facet normal 0 0 1
    outer loop
      vertex 3.73897 42.696 9.1
      vertex 3.73897 7.10405 9.1
      vertex 4 7.27846 9.1
    endloop
  endfacet
  facet normal 0 0 1
    outer loop
      vertex 3.50294 42.9029 9.1
      vertex 3.73897 7.10405 9.1
      vertex 3.73897 42.696 9.1
    endloop
  endfacet
  facet normal 0 0 1
    outer loop
      vertex 3.50294 42.9029 9.1
      vertex 3.50294 6.89706 9.1
      vertex 3.73897 7.10405 9.1
    endloop
  endfacet
  facet normal 0 0 1
    outer loop
      vertex 3.29595 43.139 9.1
      vertex 3.50294 6.89706 9.1
      vertex 3.50294 42.9029 9.1
    endloop
  endfacet
  facet normal 0 0 1
    outer loop
      vertex 3.29595 43.139 9.1
      vertex 3.29595 6.66103 9.1
      vertex 3.50294 6.89706 9.1
    endloop
  endfacet
  facet normal 0 0 1
    outer loop
      vertex 3.12154 43.4 9.1
      vertex 3.29595 6.66103 9.1
      vertex 3.29595 43.139 9.1
    endloop
  endfacet
  facet normal 0 0 1
    outer loop
      vertex 3.12154 43.4 9.1
      vertex 3.12154 6.4 9.1
      vertex 3.29595 6.66103 9.1
    endloop
  endfacet
  facet normal 0 0 1
    outer loop
      vertex 2.98269 43.6816 9.1
      vertex 3.12154 6.4 9.1
      vertex 3.12154 43.4 9.1
    endloop
  endfacet
  facet normal 0 0 1
    outer loop
      vertex 2.98269 43.6816 9.1
      vertex 2.98269 6.11844 9.1
      vertex 3.12154 6.4 9.1
    endloop
  endfacet
  facet normal 0 0 1
    outer loop
      vertex 2.88178 43.9788 9.1
      vertex 2.98269 6.11844 9.1
      vertex 2.98269 43.6816 9.1
    endloop
  endfacet
  facet normal 0 0 1
    outer loop
      vertex 2.88178 43.9788 9.1
      vertex 2.88178 5.82117 9.1
      vertex 2.98269 6.11844 9.1
    endloop
  endfacet
  facet normal 0 0 1
    outer loop
      vertex 2.4 45.4 9.1
      vertex 2.88178 43.9788 9.1
      vertex 2.82053 44.2867 9.1
    endloop
  endfacet
  facet normal 0 0 1
    outer loop
      vertex 2.88178 43.9788 9.1
      vertex 2.4 45.4 9.1
      vertex 2.88178 5.82117 9.1
    endloop
  endfacet
  facet normal 0 0 1
    outer loop
      vertex 2.4 45.4 9.1
      vertex 2.82053 44.2867 9.1
      vertex 2.8 44.6 9.1
    endloop
  endfacet
  facet normal 0 0 1
    outer loop
      vertex 2.4 4.4 9.1
      vertex 2.88178 5.82117 9.1
      vertex 2.4 45.4 9.1
    endloop
  endfacet
  facet normal 0 0 1
    outer loop
      vertex 7.57947 44.2867 9.1
      vertex 8.4 47.4 9.1
      vertex 7.6 44.6 9.1
    endloop
  endfacet
  facet normal 0 0 1
    outer loop
      vertex 8.4 47.4 9.1
      vertex 7.57947 44.9133 9.1
      vertex 7.6 44.6 9.1
    endloop
  endfacet
  facet normal 0 0 1
    outer loop
      vertex 8.4 47.4 9.1
      vertex 7.51822 45.2212 9.1
      vertex 7.57947 44.9133 9.1
    endloop
  endfacet
  facet normal 0 0 1
    outer loop
      vertex 8.4 47.4 9.1
      vertex 7.41731 45.5184 9.1
      vertex 7.51822 45.2212 9.1
    endloop
  endfacet
  facet normal 0 0 1
    outer loop
      vertex 8.4 47.4 9.1
      vertex 7.27846 45.8 9.1
      vertex 7.41731 45.5184 9.1
    endloop
  endfacet
  facet normal 0 0 1
    outer loop
      vertex 8.4 47.4 9.1
      vertex 7.10405 46.061 9.1
      vertex 7.27846 45.8 9.1
    endloop
  endfacet
  facet normal 0 0 1
    outer loop
      vertex 8.4 47.4 9.1
      vertex 6.89706 46.2971 9.1
      vertex 7.10405 46.061 9.1
    endloop
  endfacet
  facet normal 0 0 1
    outer loop
      vertex 8.4 47.4 9.1
      vertex 6.66103 46.504 9.1
      vertex 6.89706 46.2971 9.1
    endloop
  endfacet
  facet normal 0 0 1
    outer loop
      vertex 8.4 47.4 9.1
      vertex 6.4 46.6785 9.1
      vertex 6.66103 46.504 9.1
    endloop
  endfacet
  facet normal 0 0 1
    outer loop
      vertex 8.4 47.4 9.1
      vertex 6.11844 46.8173 9.1
      vertex 6.4 46.6785 9.1
    endloop
  endfacet
  facet normal 0 0 1
    outer loop
      vertex 8.4 47.4 9.1
      vertex 5.82117 46.9182 9.1
      vertex 6.11844 46.8173 9.1
    endloop
  endfacet
  facet normal 0 0 1
    outer loop
      vertex 8.4 47.4 9.1
      vertex 5.51326 46.9795 9.1
      vertex 5.82117 46.9182 9.1
    endloop
  endfacet
  facet normal -0 0 1
    outer loop
      vertex 4.4 47.4 9.1
      vertex 5.51326 46.9795 9.1
      vertex 8.4 47.4 9.1
    endloop
  endfacet
  facet normal 0 0 1
    outer loop
      vertex 5.51326 46.9795 9.1
      vertex 4.4 47.4 9.1
      vertex 5.2 47 9.1
    endloop
  endfacet
  facet normal 0 0 1
    outer loop
      vertex 5.2 47 9.1
      vertex 4.4 47.4 9.1
      vertex 4.88674 46.9795 9.1
    endloop
  endfacet
  facet normal 0 0 1
    outer loop
      vertex 4.4 47.4 9.1
      vertex 4.57883 46.9182 9.1
      vertex 4.88674 46.9795 9.1
    endloop
  endfacet
  facet normal 0 0 1
    outer loop
      vertex 4.4 47.4 9.1
      vertex 4.28156 46.8173 9.1
      vertex 4.57883 46.9182 9.1
    endloop
  endfacet
  facet normal -0 0 1
    outer loop
      vertex 4.13895 47.3829 9.1
      vertex 4.28156 46.8173 9.1
      vertex 4.4 47.4 9.1
    endloop
  endfacet
  facet normal -0 0 1
    outer loop
      vertex 3.88236 47.3319 9.1
      vertex 4.28156 46.8173 9.1
      vertex 4.13895 47.3829 9.1
    endloop
  endfacet
  facet normal 0 0 1
    outer loop
      vertex 4.28156 46.8173 9.1
      vertex 3.88236 47.3319 9.1
      vertex 4 46.6785 9.1
    endloop
  endfacet
  facet normal -0 0 1
    outer loop
      vertex 3.63463 47.2478 9.1
      vertex 4 46.6785 9.1
      vertex 3.88236 47.3319 9.1
    endloop
  endfacet
  facet normal 0 0 1
    outer loop
      vertex 4 46.6785 9.1
      vertex 3.63463 47.2478 9.1
      vertex 3.73897 46.504 9.1
    endloop
  endfacet
  facet normal -0 0 1
    outer loop
      vertex 3.4 47.1321 9.1
      vertex 3.73897 46.504 9.1
      vertex 3.63463 47.2478 9.1
    endloop
  endfacet
  facet normal -0 0 1
    outer loop
      vertex 3.18247 46.9867 9.1
      vertex 3.73897 46.504 9.1
      vertex 3.4 47.1321 9.1
    endloop
  endfacet
  facet normal 0 0 1
    outer loop
      vertex 3.73897 46.504 9.1
      vertex 3.18247 46.9867 9.1
      vertex 3.50294 46.2971 9.1
    endloop
  endfacet
  facet normal -0 0 1
    outer loop
      vertex 2.98578 46.8142 9.1
      vertex 3.50294 46.2971 9.1
      vertex 3.18247 46.9867 9.1
    endloop
  endfacet
  facet normal -0 0 1
    outer loop
      vertex 2.8133 46.6175 9.1
      vertex 3.50294 46.2971 9.1
      vertex 2.98578 46.8142 9.1
    endloop
  endfacet
  facet normal 0 0 1
    outer loop
      vertex 3.50294 46.2971 9.1
      vertex 2.8133 46.6175 9.1
      vertex 3.29595 46.061 9.1
    endloop
  endfacet
  facet normal -0 0 1
    outer loop
      vertex 2.66794 46.4 9.1
      vertex 3.29595 46.061 9.1
      vertex 2.8133 46.6175 9.1
    endloop
  endfacet
  facet normal -0 0 1
    outer loop
      vertex 2.55224 46.1654 9.1
      vertex 3.29595 46.061 9.1
      vertex 2.66794 46.4 9.1
    endloop
  endfacet
  facet normal 0 0 1
    outer loop
      vertex 3.29595 46.061 9.1
      vertex 2.55224 46.1654 9.1
      vertex 3.12154 45.8 9.1
    endloop
  endfacet
  facet normal -0 0 1
    outer loop
      vertex 2.46815 45.9176 9.1
      vertex 3.12154 45.8 9.1
      vertex 2.55224 46.1654 9.1
    endloop
  endfacet
  facet normal 0 0 1
    outer loop
      vertex 3.12154 45.8 9.1
      vertex 2.46815 45.9176 9.1
      vertex 2.98269 45.5184 9.1
    endloop
  endfacet
  facet normal 0 0 1
    outer loop
      vertex 2.4 45.4 9.1
      vertex 2.98269 45.5184 9.1
      vertex 2.4171 45.661 9.1
    endloop
  endfacet
  facet normal -0 0 1
    outer loop
      vertex 2.4171 45.661 9.1
      vertex 2.98269 45.5184 9.1
      vertex 2.46815 45.9176 9.1
    endloop
  endfacet
  facet normal 0 0 1
    outer loop
      vertex 7.51822 43.9788 9.1
      vertex 8.4 47.4 9.1
      vertex 7.57947 44.2867 9.1
    endloop
  endfacet
  facet normal -0 0 1
    outer loop
      vertex 7.57947 4.88674 9.1
      vertex 8.4 2.4 9.1
      vertex 7.6 5.2 9.1
    endloop
  endfacet
  facet normal -0 0 1
    outer loop
      vertex 7.51822 4.57883 9.1
      vertex 8.4 2.4 9.1
      vertex 7.57947 4.88674 9.1
    endloop
  endfacet
  facet normal -0 0 1
    outer loop
      vertex 7.41731 4.28156 9.1
      vertex 8.4 2.4 9.1
      vertex 7.51822 4.57883 9.1
    endloop
  endfacet
  facet normal -0 0 1
    outer loop
      vertex 7.27846 4 9.1
      vertex 8.4 2.4 9.1
      vertex 7.41731 4.28156 9.1
    endloop
  endfacet
  facet normal -0 0 1
    outer loop
      vertex 7.10405 3.73897 9.1
      vertex 8.4 2.4 9.1
      vertex 7.27846 4 9.1
    endloop
  endfacet
  facet normal -0 0 1
    outer loop
      vertex 6.89706 3.50294 9.1
      vertex 8.4 2.4 9.1
      vertex 7.10405 3.73897 9.1
    endloop
  endfacet
  facet normal -0 0 1
    outer loop
      vertex 6.66103 3.29595 9.1
      vertex 8.4 2.4 9.1
      vertex 6.89706 3.50294 9.1
    endloop
  endfacet
  facet normal -0 0 1
    outer loop
      vertex 6.4 3.12154 9.1
      vertex 8.4 2.4 9.1
      vertex 6.66103 3.29595 9.1
    endloop
  endfacet
  facet normal -0 0 1
    outer loop
      vertex 6.11844 2.98269 9.1
      vertex 8.4 2.4 9.1
      vertex 6.4 3.12154 9.1
    endloop
  endfacet
  facet normal -0 0 1
    outer loop
      vertex 5.82117 2.88178 9.1
      vertex 8.4 2.4 9.1
      vertex 6.11844 2.98269 9.1
    endloop
  endfacet
  facet normal -0 0 1
    outer loop
      vertex 5.51326 2.82053 9.1
      vertex 8.4 2.4 9.1
      vertex 5.82117 2.88178 9.1
    endloop
  endfacet
  facet normal 0 0 1
    outer loop
      vertex 4.4 2.4 9.1
      vertex 5.51326 2.82053 9.1
      vertex 5.2 2.8 9.1
    endloop
  endfacet
  facet normal 0 0 1
    outer loop
      vertex 4.4 2.4 9.1
      vertex 5.2 2.8 9.1
      vertex 4.88674 2.82053 9.1
    endloop
  endfacet
  facet normal 0 0 1
    outer loop
      vertex 5.51326 2.82053 9.1
      vertex 4.4 2.4 9.1
      vertex 8.4 2.4 9.1
    endloop
  endfacet
  facet normal 0 0 1
    outer loop
      vertex 4.57883 2.88178 9.1
      vertex 4.4 2.4 9.1
      vertex 4.88674 2.82053 9.1
    endloop
  endfacet
  facet normal 0 0 1
    outer loop
      vertex 4.28156 2.98269 9.1
      vertex 4.4 2.4 9.1
      vertex 4.57883 2.88178 9.1
    endloop
  endfacet
  facet normal 0 0 1
    outer loop
      vertex 4.28156 2.98269 9.1
      vertex 4.13895 2.4171 9.1
      vertex 4.4 2.4 9.1
    endloop
  endfacet
  facet normal 0 0 1
    outer loop
      vertex 3.88236 2.46815 9.1
      vertex 4.28156 2.98269 9.1
      vertex 4 3.12154 9.1
    endloop
  endfacet
  facet normal 0 0 1
    outer loop
      vertex 4.28156 2.98269 9.1
      vertex 3.88236 2.46815 9.1
      vertex 4.13895 2.4171 9.1
    endloop
  endfacet
  facet normal 0 0 1
    outer loop
      vertex 3.63463 2.55224 9.1
      vertex 4 3.12154 9.1
      vertex 3.73897 3.29595 9.1
    endloop
  endfacet
  facet normal 0 0 1
    outer loop
      vertex 4 3.12154 9.1
      vertex 3.63463 2.55224 9.1
      vertex 3.88236 2.46815 9.1
    endloop
  endfacet
  facet normal 0 0 1
    outer loop
      vertex 3.18247 2.8133 9.1
      vertex 3.73897 3.29595 9.1
      vertex 3.50294 3.50294 9.1
    endloop
  endfacet
  facet normal 0 0 1
    outer loop
      vertex 3.73897 3.29595 9.1
      vertex 3.4 2.66794 9.1
      vertex 3.63463 2.55224 9.1
    endloop
  endfacet
  facet normal 0 0 1
    outer loop
      vertex 2.8133 3.18247 9.1
      vertex 3.50294 3.50294 9.1
      vertex 3.29595 3.73897 9.1
    endloop
  endfacet
  facet normal 0 0 1
    outer loop
      vertex 3.73897 3.29595 9.1
      vertex 3.18247 2.8133 9.1
      vertex 3.4 2.66794 9.1
    endloop
  endfacet
  facet normal 0 0 1
    outer loop
      vertex 2.55224 3.63463 9.1
      vertex 3.29595 3.73897 9.1
      vertex 3.12154 4 9.1
    endloop
  endfacet
  facet normal 0 0 1
    outer loop
      vertex 3.50294 3.50294 9.1
      vertex 2.98578 2.98578 9.1
      vertex 3.18247 2.8133 9.1
    endloop
  endfacet
  facet normal 0 0 1
    outer loop
      vertex 2.46815 3.88236 9.1
      vertex 3.12154 4 9.1
      vertex 2.98269 4.28156 9.1
    endloop
  endfacet
  facet normal -0 0 1
    outer loop
      vertex 2.4 4.4 9.1
      vertex 2.98269 4.28156 9.1
      vertex 2.88178 4.57883 9.1
    endloop
  endfacet
  facet normal 0 0 1
    outer loop
      vertex 2.4 4.4 9.1
      vertex 2.88178 4.57883 9.1
      vertex 2.82053 4.88674 9.1
    endloop
  endfacet
  facet normal 0 0 1
    outer loop
      vertex 3.50294 3.50294 9.1
      vertex 2.8133 3.18247 9.1
      vertex 2.98578 2.98578 9.1
    endloop
  endfacet
  facet normal 0 0 1
    outer loop
      vertex 2.4 4.4 9.1
      vertex 2.82053 4.88674 9.1
      vertex 2.8 5.2 9.1
    endloop
  endfacet
  facet normal 0 0 1
    outer loop
      vertex 3.29595 3.73897 9.1
      vertex 2.66794 3.4 9.1
      vertex 2.8133 3.18247 9.1
    endloop
  endfacet
  facet normal 0 0 1
    outer loop
      vertex 2.88178 5.82117 9.1
      vertex 2.4 4.4 9.1
      vertex 2.82053 5.51326 9.1
    endloop
  endfacet
  facet normal 0 0 1
    outer loop
      vertex 2.98269 45.5184 9.1
      vertex 2.4 45.4 9.1
      vertex 2.88178 45.2212 9.1
    endloop
  endfacet
  facet normal 0 0 1
    outer loop
      vertex 2.82053 5.51326 9.1
      vertex 2.4 4.4 9.1
      vertex 2.8 5.2 9.1
    endloop
  endfacet
  facet normal 0 0 1
    outer loop
      vertex 2.88178 45.2212 9.1
      vertex 2.4 45.4 9.1
      vertex 2.82053 44.9133 9.1
    endloop
  endfacet
  facet normal 0 0 1
    outer loop
      vertex 2.98269 4.28156 9.1
      vertex 2.4 4.4 9.1
      vertex 2.4171 4.13895 9.1
    endloop
  endfacet
  facet normal 0 0 1
    outer loop
      vertex 2.82053 44.9133 9.1
      vertex 2.4 45.4 9.1
      vertex 2.8 44.6 9.1
    endloop
  endfacet
  facet normal 0 0 1
    outer loop
      vertex 3.29595 3.73897 9.1
      vertex 2.55224 3.63463 9.1
      vertex 2.66794 3.4 9.1
    endloop
  endfacet
  facet normal 0 0 1
    outer loop
      vertex 3.12154 4 9.1
      vertex 2.46815 3.88236 9.1
      vertex 2.55224 3.63463 9.1
    endloop
  endfacet
  facet normal 0 0 1
    outer loop
      vertex 2.98269 4.28156 9.1
      vertex 2.4171 4.13895 9.1
      vertex 2.46815 3.88236 9.1
    endloop
  endfacet
  facet normal 1 -0 0
    outer loop
      vertex 8.4 2.4 9.1
      vertex 8.4 47.4 7.6
      vertex 8.4 47.4 9.1
    endloop
  endfacet
  facet normal 1 0 0
    outer loop
      vertex 8.4 47.4 7.6
      vertex 8.4 2.4 9.1
      vertex 8.4 2.4 7.6
    endloop
  endfacet
  facet normal 0 0 -1
    outer loop
      vertex 8.4 2.4 7.6
      vertex 7.51822 5.82117 7.6
      vertex 8.4 47.4 7.6
    endloop
  endfacet
  facet normal 0 0 -1
    outer loop
      vertex 8.4 47.4 7.6
      vertex 7.57947 44.2867 7.6
      vertex 7.6 44.6 7.6
    endloop
  endfacet
  facet normal 0 0 -1
    outer loop
      vertex 7.51822 43.9788 7.6
      vertex 8.4 47.4 7.6
      vertex 7.51822 5.82117 7.6
    endloop
  endfacet
  facet normal 0 0 -1
    outer loop
      vertex 8.4 47.4 7.6
      vertex 7.51822 43.9788 7.6
      vertex 7.57947 44.2867 7.6
    endloop
  endfacet
  facet normal 0 0 -1
    outer loop
      vertex 7.41731 6.11844 7.6
      vertex 7.51822 43.9788 7.6
      vertex 7.51822 5.82117 7.6
    endloop
  endfacet
  facet normal 0 0 -1
    outer loop
      vertex 7.41731 6.11844 7.6
      vertex 7.41731 43.6816 7.6
      vertex 7.51822 43.9788 7.6
    endloop
  endfacet
  facet normal 0 0 -1
    outer loop
      vertex 7.27846 6.4 7.6
      vertex 7.41731 43.6816 7.6
      vertex 7.41731 6.11844 7.6
    endloop
  endfacet
  facet normal 0 0 -1
    outer loop
      vertex 7.27846 6.4 7.6
      vertex 7.27846 43.4 7.6
      vertex 7.41731 43.6816 7.6
    endloop
  endfacet
  facet normal 0 0 -1
    outer loop
      vertex 7.10405 6.66103 7.6
      vertex 7.27846 43.4 7.6
      vertex 7.27846 6.4 7.6
    endloop
  endfacet
  facet normal 0 0 -1
    outer loop
      vertex 7.10405 6.66103 7.6
      vertex 7.10405 43.139 7.6
      vertex 7.27846 43.4 7.6
    endloop
  endfacet
  facet normal 0 0 -1
    outer loop
      vertex 6.89706 6.89706 7.6
      vertex 7.10405 43.139 7.6
      vertex 7.10405 6.66103 7.6
    endloop
  endfacet
  facet normal 0 0 -1
    outer loop
      vertex 6.89706 6.89706 7.6
      vertex 6.89706 42.9029 7.6
      vertex 7.10405 43.139 7.6
    endloop
  endfacet
  facet normal 0 0 -1
    outer loop
      vertex 6.66103 7.10405 7.6
      vertex 6.89706 42.9029 7.6
      vertex 6.89706 6.89706 7.6
    endloop
  endfacet
  facet normal 0 0 -1
    outer loop
      vertex 6.66103 7.10405 7.6
      vertex 6.66103 42.696 7.6
      vertex 6.89706 42.9029 7.6
    endloop
  endfacet
  facet normal 0 0 -1
    outer loop
      vertex 6.4 7.27846 7.6
      vertex 6.66103 42.696 7.6
      vertex 6.66103 7.10405 7.6
    endloop
  endfacet
  facet normal 0 0 -1
    outer loop
      vertex 6.4 7.27846 7.6
      vertex 6.4 42.5215 7.6
      vertex 6.66103 42.696 7.6
    endloop
  endfacet
  facet normal 0 0 -1
    outer loop
      vertex 6.11844 7.41731 7.6
      vertex 6.4 42.5215 7.6
      vertex 6.4 7.27846 7.6
    endloop
  endfacet
  facet normal 0 0 -1
    outer loop
      vertex 6.11844 7.41731 7.6
      vertex 6.11844 42.3827 7.6
      vertex 6.4 42.5215 7.6
    endloop
  endfacet
  facet normal 0 0 -1
    outer loop
      vertex 5.82117 7.51822 7.6
      vertex 6.11844 42.3827 7.6
      vertex 6.11844 7.41731 7.6
    endloop
  endfacet
  facet normal 0 0 -1
    outer loop
      vertex 5.82117 7.51822 7.6
      vertex 5.82117 42.2818 7.6
      vertex 6.11844 42.3827 7.6
    endloop
  endfacet
  facet normal 0 0 -1
    outer loop
      vertex 5.51326 7.57947 7.6
      vertex 5.82117 42.2818 7.6
      vertex 5.82117 7.51822 7.6
    endloop
  endfacet
  facet normal 0 0 -1
    outer loop
      vertex 5.51326 7.57947 7.6
      vertex 5.51326 42.2205 7.6
      vertex 5.82117 42.2818 7.6
    endloop
  endfacet
  facet normal 0 0 -1
    outer loop
      vertex 5.2 7.6 7.6
      vertex 5.51326 42.2205 7.6
      vertex 5.51326 7.57947 7.6
    endloop
  endfacet
  facet normal 0 0 -1
    outer loop
      vertex 5.2 7.6 7.6
      vertex 5.2 42.2 7.6
      vertex 5.51326 42.2205 7.6
    endloop
  endfacet
  facet normal 0 0 -1
    outer loop
      vertex 4.88674 7.57947 7.6
      vertex 5.2 42.2 7.6
      vertex 5.2 7.6 7.6
    endloop
  endfacet
  facet normal 0 0 -1
    outer loop
      vertex 4.88674 7.57947 7.6
      vertex 4.88674 42.2205 7.6
      vertex 5.2 42.2 7.6
    endloop
  endfacet
  facet normal 0 0 -1
    outer loop
      vertex 4.57883 7.51822 7.6
      vertex 4.88674 42.2205 7.6
      vertex 4.88674 7.57947 7.6
    endloop
  endfacet
  facet normal 0 0 -1
    outer loop
      vertex 4.57883 7.51822 7.6
      vertex 4.57883 42.2818 7.6
      vertex 4.88674 42.2205 7.6
    endloop
  endfacet
  facet normal 0 0 -1
    outer loop
      vertex 4.28156 7.41731 7.6
      vertex 4.57883 42.2818 7.6
      vertex 4.57883 7.51822 7.6
    endloop
  endfacet
  facet normal 0 0 -1
    outer loop
      vertex 4.28156 7.41731 7.6
      vertex 4.28156 42.3827 7.6
      vertex 4.57883 42.2818 7.6
    endloop
  endfacet
  facet normal 0 0 -1
    outer loop
      vertex 4 7.27846 7.6
      vertex 4.28156 42.3827 7.6
      vertex 4.28156 7.41731 7.6
    endloop
  endfacet
  facet normal 0 0 -1
    outer loop
      vertex 4 7.27846 7.6
      vertex 4 42.5215 7.6
      vertex 4.28156 42.3827 7.6
    endloop
  endfacet
  facet normal 0 0 -1
    outer loop
      vertex 3.73897 7.10405 7.6
      vertex 4 42.5215 7.6
      vertex 4 7.27846 7.6
    endloop
  endfacet
  facet normal 0 0 -1
    outer loop
      vertex 3.73897 7.10405 7.6
      vertex 3.73897 42.696 7.6
      vertex 4 42.5215 7.6
    endloop
  endfacet
  facet normal 0 0 -1
    outer loop
      vertex 3.50294 6.89706 7.6
      vertex 3.73897 42.696 7.6
      vertex 3.73897 7.10405 7.6
    endloop
  endfacet
  facet normal 0 0 -1
    outer loop
      vertex 3.50294 6.89706 7.6
      vertex 3.50294 42.9029 7.6
      vertex 3.73897 42.696 7.6
    endloop
  endfacet
  facet normal 0 0 -1
    outer loop
      vertex 3.29595 6.66103 7.6
      vertex 3.50294 42.9029 7.6
      vertex 3.50294 6.89706 7.6
    endloop
  endfacet
  facet normal 0 0 -1
    outer loop
      vertex 3.29595 6.66103 7.6
      vertex 3.29595 43.139 7.6
      vertex 3.50294 42.9029 7.6
    endloop
  endfacet
  facet normal 0 0 -1
    outer loop
      vertex 3.12154 6.4 7.6
      vertex 3.29595 43.139 7.6
      vertex 3.29595 6.66103 7.6
    endloop
  endfacet
  facet normal 0 0 -1
    outer loop
      vertex 3.12154 6.4 7.6
      vertex 3.12154 43.4 7.6
      vertex 3.29595 43.139 7.6
    endloop
  endfacet
  facet normal 0 0 -1
    outer loop
      vertex 2.98269 6.11844 7.6
      vertex 3.12154 43.4 7.6
      vertex 3.12154 6.4 7.6
    endloop
  endfacet
  facet normal 0 0 -1
    outer loop
      vertex 2.98269 6.11844 7.6
      vertex 2.98269 43.6816 7.6
      vertex 3.12154 43.4 7.6
    endloop
  endfacet
  facet normal 0 0 -1
    outer loop
      vertex 2.88178 5.82117 7.6
      vertex 2.98269 43.6816 7.6
      vertex 2.98269 6.11844 7.6
    endloop
  endfacet
  facet normal 0 0 -1
    outer loop
      vertex 2.88178 5.82117 7.6
      vertex 2.88178 43.9788 7.6
      vertex 2.98269 43.6816 7.6
    endloop
  endfacet
  facet normal 0 0 -1
    outer loop
      vertex 2.4 4.4 7.6
      vertex 2.88178 5.82117 7.6
      vertex 2.82053 5.51326 7.6
    endloop
  endfacet
  facet normal -0 0 -1
    outer loop
      vertex 2.88178 5.82117 7.6
      vertex 2.4 4.4 7.6
      vertex 2.88178 43.9788 7.6
    endloop
  endfacet
  facet normal 0 0 -1
    outer loop
      vertex 2.4 4.4 7.6
      vertex 2.82053 5.51326 7.6
      vertex 2.8 5.2 7.6
    endloop
  endfacet
  facet normal 0 0 -1
    outer loop
      vertex 2.4 45.4 7.6
      vertex 2.88178 43.9788 7.6
      vertex 2.4 4.4 7.6
    endloop
  endfacet
  facet normal 0 0 -1
    outer loop
      vertex 7.57947 5.51326 7.6
      vertex 8.4 2.4 7.6
      vertex 7.6 5.2 7.6
    endloop
  endfacet
  facet normal 0 0 -1
    outer loop
      vertex 8.4 2.4 7.6
      vertex 7.57947 4.88674 7.6
      vertex 7.6 5.2 7.6
    endloop
  endfacet
  facet normal 0 0 -1
    outer loop
      vertex 8.4 2.4 7.6
      vertex 7.51822 4.57883 7.6
      vertex 7.57947 4.88674 7.6
    endloop
  endfacet
  facet normal 0 0 -1
    outer loop
      vertex 8.4 2.4 7.6
      vertex 7.41731 4.28156 7.6
      vertex 7.51822 4.57883 7.6
    endloop
  endfacet
  facet normal 0 0 -1
    outer loop
      vertex 8.4 2.4 7.6
      vertex 7.27846 4 7.6
      vertex 7.41731 4.28156 7.6
    endloop
  endfacet
  facet normal 0 0 -1
    outer loop
      vertex 8.4 2.4 7.6
      vertex 7.10405 3.73897 7.6
      vertex 7.27846 4 7.6
    endloop
  endfacet
  facet normal 0 0 -1
    outer loop
      vertex 8.4 2.4 7.6
      vertex 6.89706 3.50294 7.6
      vertex 7.10405 3.73897 7.6
    endloop
  endfacet
  facet normal 0 0 -1
    outer loop
      vertex 8.4 2.4 7.6
      vertex 6.66103 3.29595 7.6
      vertex 6.89706 3.50294 7.6
    endloop
  endfacet
  facet normal 0 0 -1
    outer loop
      vertex 8.4 2.4 7.6
      vertex 6.4 3.12154 7.6
      vertex 6.66103 3.29595 7.6
    endloop
  endfacet
  facet normal 0 0 -1
    outer loop
      vertex 8.4 2.4 7.6
      vertex 6.11844 2.98269 7.6
      vertex 6.4 3.12154 7.6
    endloop
  endfacet
  facet normal 0 0 -1
    outer loop
      vertex 8.4 2.4 7.6
      vertex 5.82117 2.88178 7.6
      vertex 6.11844 2.98269 7.6
    endloop
  endfacet
  facet normal 0 0 -1
    outer loop
      vertex 8.4 2.4 7.6
      vertex 5.51326 2.82053 7.6
      vertex 5.82117 2.88178 7.6
    endloop
  endfacet
  facet normal 0 0 -1
    outer loop
      vertex 4.4 2.4 7.6
      vertex 5.51326 2.82053 7.6
      vertex 8.4 2.4 7.6
    endloop
  endfacet
  facet normal 0 0 -1
    outer loop
      vertex 5.51326 2.82053 7.6
      vertex 4.4 2.4 7.6
      vertex 5.2 2.8 7.6
    endloop
  endfacet
  facet normal -0 0 -1
    outer loop
      vertex 5.2 2.8 7.6
      vertex 4.4 2.4 7.6
      vertex 4.88674 2.82053 7.6
    endloop
  endfacet
  facet normal 0 0 -1
    outer loop
      vertex 4.4 2.4 7.6
      vertex 4.57883 2.88178 7.6
      vertex 4.88674 2.82053 7.6
    endloop
  endfacet
  facet normal 0 0 -1
    outer loop
      vertex 4.4 2.4 7.6
      vertex 4.28156 2.98269 7.6
      vertex 4.57883 2.88178 7.6
    endloop
  endfacet
  facet normal 0 0 -1
    outer loop
      vertex 4.13895 2.4171 7.6
      vertex 4.28156 2.98269 7.6
      vertex 4.4 2.4 7.6
    endloop
  endfacet
  facet normal 0 0 -1
    outer loop
      vertex 3.88236 2.46815 7.6
      vertex 4.28156 2.98269 7.6
      vertex 4.13895 2.4171 7.6
    endloop
  endfacet
  facet normal -0 0 -1
    outer loop
      vertex 4.28156 2.98269 7.6
      vertex 3.88236 2.46815 7.6
      vertex 4 3.12154 7.6
    endloop
  endfacet
  facet normal 0 0 -1
    outer loop
      vertex 3.63463 2.55224 7.6
      vertex 4 3.12154 7.6
      vertex 3.88236 2.46815 7.6
    endloop
  endfacet
  facet normal -0 0 -1
    outer loop
      vertex 4 3.12154 7.6
      vertex 3.63463 2.55224 7.6
      vertex 3.73897 3.29595 7.6
    endloop
  endfacet
  facet normal 0 0 -1
    outer loop
      vertex 3.4 2.66794 7.6
      vertex 3.73897 3.29595 7.6
      vertex 3.63463 2.55224 7.6
    endloop
  endfacet
  facet normal 0 0 -1
    outer loop
      vertex 3.18247 2.8133 7.6
      vertex 3.73897 3.29595 7.6
      vertex 3.4 2.66794 7.6
    endloop
  endfacet
  facet normal -0 0 -1
    outer loop
      vertex 3.73897 3.29595 7.6
      vertex 3.18247 2.8133 7.6
      vertex 3.50294 3.50294 7.6
    endloop
  endfacet
  facet normal 0 0 -1
    outer loop
      vertex 2.98578 2.98578 7.6
      vertex 3.50294 3.50294 7.6
      vertex 3.18247 2.8133 7.6
    endloop
  endfacet
  facet normal 0 0 -1
    outer loop
      vertex 2.8133 3.18247 7.6
      vertex 3.50294 3.50294 7.6
      vertex 2.98578 2.98578 7.6
    endloop
  endfacet
  facet normal -0 0 -1
    outer loop
      vertex 3.50294 3.50294 7.6
      vertex 2.8133 3.18247 7.6
      vertex 3.29595 3.73897 7.6
    endloop
  endfacet
  facet normal 0 0 -1
    outer loop
      vertex 2.66794 3.4 7.6
      vertex 3.29595 3.73897 7.6
      vertex 2.8133 3.18247 7.6
    endloop
  endfacet
  facet normal 0 0 -1
    outer loop
      vertex 2.55224 3.63463 7.6
      vertex 3.29595 3.73897 7.6
      vertex 2.66794 3.4 7.6
    endloop
  endfacet
  facet normal -0 0 -1
    outer loop
      vertex 3.29595 3.73897 7.6
      vertex 2.55224 3.63463 7.6
      vertex 3.12154 4 7.6
    endloop
  endfacet
  facet normal 0 0 -1
    outer loop
      vertex 2.46815 3.88236 7.6
      vertex 3.12154 4 7.6
      vertex 2.55224 3.63463 7.6
    endloop
  endfacet
  facet normal -0 0 -1
    outer loop
      vertex 3.12154 4 7.6
      vertex 2.46815 3.88236 7.6
      vertex 2.98269 4.28156 7.6
    endloop
  endfacet
  facet normal 0 0 -1
    outer loop
      vertex 2.4 4.4 7.6
      vertex 2.98269 4.28156 7.6
      vertex 2.4171 4.13895 7.6
    endloop
  endfacet
  facet normal 0 0 -1
    outer loop
      vertex 2.4171 4.13895 7.6
      vertex 2.98269 4.28156 7.6
      vertex 2.46815 3.88236 7.6
    endloop
  endfacet
  facet normal 0 0 -1
    outer loop
      vertex 7.51822 5.82117 7.6
      vertex 8.4 2.4 7.6
      vertex 7.57947 5.51326 7.6
    endloop
  endfacet
  facet normal 0 0 -1
    outer loop
      vertex 7.57947 44.9133 7.6
      vertex 8.4 47.4 7.6
      vertex 7.6 44.6 7.6
    endloop
  endfacet
  facet normal 0 0 -1
    outer loop
      vertex 7.51822 45.2212 7.6
      vertex 8.4 47.4 7.6
      vertex 7.57947 44.9133 7.6
    endloop
  endfacet
  facet normal 0 0 -1
    outer loop
      vertex 7.41731 45.5184 7.6
      vertex 8.4 47.4 7.6
      vertex 7.51822 45.2212 7.6
    endloop
  endfacet
  facet normal 0 0 -1
    outer loop
      vertex 7.27846 45.8 7.6
      vertex 8.4 47.4 7.6
      vertex 7.41731 45.5184 7.6
    endloop
  endfacet
  facet normal 0 0 -1
    outer loop
      vertex 7.10405 46.061 7.6
      vertex 8.4 47.4 7.6
      vertex 7.27846 45.8 7.6
    endloop
  endfacet
  facet normal 0 0 -1
    outer loop
      vertex 6.89706 46.2971 7.6
      vertex 8.4 47.4 7.6
      vertex 7.10405 46.061 7.6
    endloop
  endfacet
  facet normal 0 0 -1
    outer loop
      vertex 6.66103 46.504 7.6
      vertex 8.4 47.4 7.6
      vertex 6.89706 46.2971 7.6
    endloop
  endfacet
  facet normal 0 0 -1
    outer loop
      vertex 6.4 46.6785 7.6
      vertex 8.4 47.4 7.6
      vertex 6.66103 46.504 7.6
    endloop
  endfacet
  facet normal 0 0 -1
    outer loop
      vertex 6.11844 46.8173 7.6
      vertex 8.4 47.4 7.6
      vertex 6.4 46.6785 7.6
    endloop
  endfacet
  facet normal 0 0 -1
    outer loop
      vertex 5.82117 46.9182 7.6
      vertex 8.4 47.4 7.6
      vertex 6.11844 46.8173 7.6
    endloop
  endfacet
  facet normal 0 0 -1
    outer loop
      vertex 5.51326 46.9795 7.6
      vertex 8.4 47.4 7.6
      vertex 5.82117 46.9182 7.6
    endloop
  endfacet
  facet normal 0 0 -1
    outer loop
      vertex 4.4 47.4 7.6
      vertex 5.51326 46.9795 7.6
      vertex 5.2 47 7.6
    endloop
  endfacet
  facet normal 0 0 -1
    outer loop
      vertex 4.4 47.4 7.6
      vertex 5.2 47 7.6
      vertex 4.88674 46.9795 7.6
    endloop
  endfacet
  facet normal 0 0 -1
    outer loop
      vertex 5.51326 46.9795 7.6
      vertex 4.4 47.4 7.6
      vertex 8.4 47.4 7.6
    endloop
  endfacet
  facet normal 0 0 -1
    outer loop
      vertex 4.57883 46.9182 7.6
      vertex 4.4 47.4 7.6
      vertex 4.88674 46.9795 7.6
    endloop
  endfacet
  facet normal 0 0 -1
    outer loop
      vertex 4.28156 46.8173 7.6
      vertex 4.4 47.4 7.6
      vertex 4.57883 46.9182 7.6
    endloop
  endfacet
  facet normal 0 0 -1
    outer loop
      vertex 4.28156 46.8173 7.6
      vertex 4.13895 47.3829 7.6
      vertex 4.4 47.4 7.6
    endloop
  endfacet
  facet normal 0 0 -1
    outer loop
      vertex 3.88236 47.3319 7.6
      vertex 4.28156 46.8173 7.6
      vertex 4 46.6785 7.6
    endloop
  endfacet
  facet normal 0 0 -1
    outer loop
      vertex 4.28156 46.8173 7.6
      vertex 3.88236 47.3319 7.6
      vertex 4.13895 47.3829 7.6
    endloop
  endfacet
  facet normal 0 0 -1
    outer loop
      vertex 3.63463 47.2478 7.6
      vertex 4 46.6785 7.6
      vertex 3.73897 46.504 7.6
    endloop
  endfacet
  facet normal 0 0 -1
    outer loop
      vertex 4 46.6785 7.6
      vertex 3.63463 47.2478 7.6
      vertex 3.88236 47.3319 7.6
    endloop
  endfacet
  facet normal 0 0 -1
    outer loop
      vertex 3.18247 46.9867 7.6
      vertex 3.73897 46.504 7.6
      vertex 3.50294 46.2971 7.6
    endloop
  endfacet
  facet normal 0 0 -1
    outer loop
      vertex 3.73897 46.504 7.6
      vertex 3.4 47.1321 7.6
      vertex 3.63463 47.2478 7.6
    endloop
  endfacet
  facet normal 0 0 -1
    outer loop
      vertex 2.8133 46.6175 7.6
      vertex 3.50294 46.2971 7.6
      vertex 3.29595 46.061 7.6
    endloop
  endfacet
  facet normal 0 0 -1
    outer loop
      vertex 3.73897 46.504 7.6
      vertex 3.18247 46.9867 7.6
      vertex 3.4 47.1321 7.6
    endloop
  endfacet
  facet normal 0 0 -1
    outer loop
      vertex 2.55224 46.1654 7.6
      vertex 3.29595 46.061 7.6
      vertex 3.12154 45.8 7.6
    endloop
  endfacet
  facet normal 0 0 -1
    outer loop
      vertex 3.50294 46.2971 7.6
      vertex 2.98578 46.8142 7.6
      vertex 3.18247 46.9867 7.6
    endloop
  endfacet
  facet normal 0 0 -1
    outer loop
      vertex 2.46815 45.9176 7.6
      vertex 3.12154 45.8 7.6
      vertex 2.98269 45.5184 7.6
    endloop
  endfacet
  facet normal 0 0 -1
    outer loop
      vertex 2.4 45.4 7.6
      vertex 2.98269 45.5184 7.6
      vertex 2.88178 45.2212 7.6
    endloop
  endfacet
  facet normal 0 0 -1
    outer loop
      vertex 2.4 45.4 7.6
      vertex 2.88178 45.2212 7.6
      vertex 2.82053 44.9133 7.6
    endloop
  endfacet
  facet normal 0 0 -1
    outer loop
      vertex 3.50294 46.2971 7.6
      vertex 2.8133 46.6175 7.6
      vertex 2.98578 46.8142 7.6
    endloop
  endfacet
  facet normal 0 0 -1
    outer loop
      vertex 2.4 45.4 7.6
      vertex 2.82053 44.9133 7.6
      vertex 2.8 44.6 7.6
    endloop
  endfacet
  facet normal 0 0 -1
    outer loop
      vertex 3.29595 46.061 7.6
      vertex 2.66794 46.4 7.6
      vertex 2.8133 46.6175 7.6
    endloop
  endfacet
  facet normal 0 0 -1
    outer loop
      vertex 2.88178 43.9788 7.6
      vertex 2.4 45.4 7.6
      vertex 2.82053 44.2867 7.6
    endloop
  endfacet
  facet normal 0 0 -1
    outer loop
      vertex 2.98269 4.28156 7.6
      vertex 2.4 4.4 7.6
      vertex 2.88178 4.57883 7.6
    endloop
  endfacet
  facet normal 0 0 -1
    outer loop
      vertex 2.82053 44.2867 7.6
      vertex 2.4 45.4 7.6
      vertex 2.8 44.6 7.6
    endloop
  endfacet
  facet normal -0 0 -1
    outer loop
      vertex 2.88178 4.57883 7.6
      vertex 2.4 4.4 7.6
      vertex 2.82053 4.88674 7.6
    endloop
  endfacet
  facet normal -0 0 -1
    outer loop
      vertex 2.98269 45.5184 7.6
      vertex 2.4 45.4 7.6
      vertex 2.4171 45.661 7.6
    endloop
  endfacet
  facet normal -0 0 -1
    outer loop
      vertex 2.82053 4.88674 7.6
      vertex 2.4 4.4 7.6
      vertex 2.8 5.2 7.6
    endloop
  endfacet
  facet normal 0 0 -1
    outer loop
      vertex 3.29595 46.061 7.6
      vertex 2.55224 46.1654 7.6
      vertex 2.66794 46.4 7.6
    endloop
  endfacet
  facet normal 0 0 -1
    outer loop
      vertex 3.12154 45.8 7.6
      vertex 2.46815 45.9176 7.6
      vertex 2.55224 46.1654 7.6
    endloop
  endfacet
  facet normal 0 0 -1
    outer loop
      vertex 2.98269 45.5184 7.6
      vertex 2.4171 45.661 7.6
      vertex 2.46815 45.9176 7.6
    endloop
  endfacet
  facet normal -1 0 0
    outer loop
      vertex 71.4 8.4 7.6
      vertex 71.4 39.4 9.1
      vertex 71.4 39.4 7.6
    endloop
  endfacet
  facet normal -1 -0 0
    outer loop
      vertex 71.4 39.4 9.1
      vertex 71.4 8.4 7.6
      vertex 71.4 8.4 9.1
    endloop
  endfacet
  facet normal -1 0 0
    outer loop
      vertex 71.4 39.4 7.6
      vertex 71.4 41.4 9.1
      vertex 71.4 41.4 7.6
    endloop
  endfacet
  facet normal -1 -0 0
    outer loop
      vertex 71.4 41.4 9.1
      vertex 71.4 39.4 7.6
      vertex 71.4 39.4 9.1
    endloop
  endfacet
  facet normal 0 0 1
    outer loop
      vertex 77.4 45.4 9.1
      vertex 76.9182 43.9788 9.1
      vertex 77.4 4.4 9.1
    endloop
  endfacet
  facet normal 0 0 1
    outer loop
      vertex 77.4 4.4 9.1
      vertex 76.9795 5.51326 9.1
      vertex 77 5.2 9.1
    endloop
  endfacet
  facet normal -0 0 1
    outer loop
      vertex 76.9182 5.82117 9.1
      vertex 77.4 4.4 9.1
      vertex 76.9182 43.9788 9.1
    endloop
  endfacet
  facet normal 0 0 1
    outer loop
      vertex 77.4 4.4 9.1
      vertex 76.9182 5.82117 9.1
      vertex 76.9795 5.51326 9.1
    endloop
  endfacet
  facet normal -0 0 1
    outer loop
      vertex 76.8173 43.6816 9.1
      vertex 76.9182 5.82117 9.1
      vertex 76.9182 43.9788 9.1
    endloop
  endfacet
  facet normal 0 0 1
    outer loop
      vertex 76.8173 43.6816 9.1
      vertex 76.8173 6.11844 9.1
      vertex 76.9182 5.82117 9.1
    endloop
  endfacet
  facet normal -0 0 1
    outer loop
      vertex 76.6785 43.4 9.1
      vertex 76.8173 6.11844 9.1
      vertex 76.8173 43.6816 9.1
    endloop
  endfacet
  facet normal 0 0 1
    outer loop
      vertex 76.6785 43.4 9.1
      vertex 76.6785 6.4 9.1
      vertex 76.8173 6.11844 9.1
    endloop
  endfacet
  facet normal -0 0 1
    outer loop
      vertex 76.5041 43.139 9.1
      vertex 76.6785 6.4 9.1
      vertex 76.6785 43.4 9.1
    endloop
  endfacet
  facet normal 0 0 1
    outer loop
      vertex 76.5041 43.139 9.1
      vertex 76.5041 6.66103 9.1
      vertex 76.6785 6.4 9.1
    endloop
  endfacet
  facet normal -0 0 1
    outer loop
      vertex 76.2971 42.9029 9.1
      vertex 76.5041 6.66103 9.1
      vertex 76.5041 43.139 9.1
    endloop
  endfacet
  facet normal 0 0 1
    outer loop
      vertex 76.2971 42.9029 9.1
      vertex 76.2971 6.89706 9.1
      vertex 76.5041 6.66103 9.1
    endloop
  endfacet
  facet normal -0 0 1
    outer loop
      vertex 76.061 42.696 9.1
      vertex 76.2971 6.89706 9.1
      vertex 76.2971 42.9029 9.1
    endloop
  endfacet
  facet normal 0 0 1
    outer loop
      vertex 76.061 42.696 9.1
      vertex 76.061 7.10405 9.1
      vertex 76.2971 6.89706 9.1
    endloop
  endfacet
  facet normal -0 0 1
    outer loop
      vertex 75.8 42.5215 9.1
      vertex 76.061 7.10405 9.1
      vertex 76.061 42.696 9.1
    endloop
  endfacet
  facet normal 0 0 1
    outer loop
      vertex 75.8 42.5215 9.1
      vertex 75.8 7.27846 9.1
      vertex 76.061 7.10405 9.1
    endloop
  endfacet
  facet normal 0 0 1
    outer loop
      vertex 71.4 39.4 9.1
      vertex 75.8 42.5215 9.1
      vertex 75.5184 42.3827 9.1
    endloop
  endfacet
  facet normal 0 0 1
    outer loop
      vertex 75.8 42.5215 9.1
      vertex 71.4 39.4 9.1
      vertex 75.8 7.27846 9.1
    endloop
  endfacet
  facet normal 0 0 1
    outer loop
      vertex 71.4 39.4 9.1
      vertex 75.5184 42.3827 9.1
      vertex 75.2212 42.2818 9.1
    endloop
  endfacet
  facet normal 0 0 1
    outer loop
      vertex 75.8 7.27846 9.1
      vertex 71.4 39.4 9.1
      vertex 75.5184 7.41731 9.1
    endloop
  endfacet
  facet normal 0 0 1
    outer loop
      vertex 71.4 39.4 9.1
      vertex 75.2212 42.2818 9.1
      vertex 74.9133 42.2205 9.1
    endloop
  endfacet
  facet normal 0 0 1
    outer loop
      vertex 75.5184 7.41731 9.1
      vertex 71.4 39.4 9.1
      vertex 75.2212 7.51822 9.1
    endloop
  endfacet
  facet normal 0 0 1
    outer loop
      vertex 71.4 39.4 9.1
      vertex 74.9133 42.2205 9.1
      vertex 74.6 42.2 9.1
    endloop
  endfacet
  facet normal 0 0 1
    outer loop
      vertex 75.2212 7.51822 9.1
      vertex 71.4 39.4 9.1
      vertex 74.9133 7.57947 9.1
    endloop
  endfacet
  facet normal 0 0 1
    outer loop
      vertex 71.4 39.4 9.1
      vertex 74.6 42.2 9.1
      vertex 74.2867 42.2205 9.1
    endloop
  endfacet
  facet normal -0 0 1
    outer loop
      vertex 71.4 8.4 9.1
      vertex 74.9133 7.57947 9.1
      vertex 71.4 39.4 9.1
    endloop
  endfacet
  facet normal 0 0 1
    outer loop
      vertex 71.4 39.4 9.1
      vertex 74.2867 42.2205 9.1
      vertex 73.9788 42.2818 9.1
    endloop
  endfacet
  facet normal 0 0 1
    outer loop
      vertex 74.9133 7.57947 9.1
      vertex 71.4 8.4 9.1
      vertex 74.6 7.6 9.1
    endloop
  endfacet
  facet normal 0 0 1
    outer loop
      vertex 71.4 39.4 9.1
      vertex 73.9788 42.2818 9.1
      vertex 73.6816 42.3827 9.1
    endloop
  endfacet
  facet normal 0 0 1
    outer loop
      vertex 74.6 7.6 9.1
      vertex 71.4 8.4 9.1
      vertex 74.2867 7.57947 9.1
    endloop
  endfacet
  facet normal 0 0 1
    outer loop
      vertex 71.4 41.4 9.1
      vertex 73.6816 42.3827 9.1
      vertex 73.4 42.5215 9.1
    endloop
  endfacet
  facet normal 0 0 1
    outer loop
      vertex 74.2867 7.57947 9.1
      vertex 71.4 8.4 9.1
      vertex 73.9788 7.51822 9.1
    endloop
  endfacet
  facet normal 0 0 1
    outer loop
      vertex 71.4 41.4 9.1
      vertex 73.4 42.5215 9.1
      vertex 73.139 42.696 9.1
    endloop
  endfacet
  facet normal 0 0 1
    outer loop
      vertex 73.9788 7.51822 9.1
      vertex 71.4 8.4 9.1
      vertex 73.6816 7.41731 9.1
    endloop
  endfacet
  facet normal 0 0 1
    outer loop
      vertex 71.4 41.4 9.1
      vertex 73.139 42.696 9.1
      vertex 72.9029 42.9029 9.1
    endloop
  endfacet
  facet normal 0 0 1
    outer loop
      vertex 73.6816 7.41731 9.1
      vertex 71.4 8.4 9.1
      vertex 73.4 7.27846 9.1
    endloop
  endfacet
  facet normal 0 0 1
    outer loop
      vertex 71.4 41.4 9.1
      vertex 72.9029 42.9029 9.1
      vertex 72.696 43.139 9.1
    endloop
  endfacet
  facet normal 0 0 1
    outer loop
      vertex 73.4 7.27846 9.1
      vertex 71.4 8.4 9.1
      vertex 73.139 7.10405 9.1
    endloop
  endfacet
  facet normal 0 0 1
    outer loop
      vertex 71.4 41.4 9.1
      vertex 72.696 43.139 9.1
      vertex 72.5215 43.4 9.1
    endloop
  endfacet
  facet normal 0 0 1
    outer loop
      vertex 73.139 7.10405 9.1
      vertex 71.4 8.4 9.1
      vertex 72.9029 6.89706 9.1
    endloop
  endfacet
  facet normal 0 0 1
    outer loop
      vertex 71.4 41.4 9.1
      vertex 72.5215 43.4 9.1
      vertex 72.3827 43.6816 9.1
    endloop
  endfacet
  facet normal 0 0 1
    outer loop
      vertex 72.9029 6.89706 9.1
      vertex 71.4 8.4 9.1
      vertex 72.696 6.66103 9.1
    endloop
  endfacet
  facet normal 0 0 1
    outer loop
      vertex 69.8567 41.7097 9.1
      vertex 72.3827 43.6816 9.1
      vertex 72.2818 43.9788 9.1
    endloop
  endfacet
  facet normal 0 0 1
    outer loop
      vertex 72.696 6.66103 9.1
      vertex 71.4 8.4 9.1
      vertex 72.5215 6.4 9.1
    endloop
  endfacet
  facet normal 0 0 1
    outer loop
      vertex 69.5471 41.8148 9.1
      vertex 72.2818 43.9788 9.1
      vertex 72.2205 44.2867 9.1
    endloop
  endfacet
  facet normal 0 0 1
    outer loop
      vertex 72.5215 6.4 9.1
      vertex 71.4 8.4 9.1
      vertex 72.3827 6.11844 9.1
    endloop
  endfacet
  facet normal 0 0 1
    outer loop
      vertex 69.2263 41.8786 9.1
      vertex 72.2205 44.2867 9.1
      vertex 72.2 44.6 9.1
    endloop
  endfacet
  facet normal 0 0 1
    outer loop
      vertex 72.3827 6.11844 9.1
      vertex 71.4 8.4 9.1
      vertex 72.2818 5.82117 9.1
    endloop
  endfacet
  facet normal -0 0 1
    outer loop
      vertex 76.8173 45.5184 9.1
      vertex 77.4 45.4 9.1
      vertex 77.3829 45.661 9.1
    endloop
  endfacet
  facet normal 0 0 1
    outer loop
      vertex 76.9795 44.2867 9.1
      vertex 77.4 45.4 9.1
      vertex 77 44.6 9.1
    endloop
  endfacet
  facet normal 0 0 1
    outer loop
      vertex 76.8173 45.5184 9.1
      vertex 77.3829 45.661 9.1
      vertex 77.3319 45.9176 9.1
    endloop
  endfacet
  facet normal 0 0 1
    outer loop
      vertex 76.9182 43.9788 9.1
      vertex 77.4 45.4 9.1
      vertex 76.9795 44.2867 9.1
    endloop
  endfacet
  facet normal 0 0 1
    outer loop
      vertex 76.6785 45.8 9.1
      vertex 77.3319 45.9176 9.1
      vertex 77.2478 46.1654 9.1
    endloop
  endfacet
  facet normal -0 0 1
    outer loop
      vertex 76.9795 4.88674 9.1
      vertex 77.4 4.4 9.1
      vertex 77 5.2 9.1
    endloop
  endfacet
  facet normal 0 0 1
    outer loop
      vertex 76.5041 46.061 9.1
      vertex 77.2478 46.1654 9.1
      vertex 77.1321 46.4 9.1
    endloop
  endfacet
  facet normal -0 0 1
    outer loop
      vertex 76.9182 4.57883 9.1
      vertex 77.4 4.4 9.1
      vertex 76.9795 4.88674 9.1
    endloop
  endfacet
  facet normal 0 0 1
    outer loop
      vertex 76.8173 4.28156 9.1
      vertex 77.4 4.4 9.1
      vertex 76.9182 4.57883 9.1
    endloop
  endfacet
  facet normal 0 0 1
    outer loop
      vertex 76.5041 46.061 9.1
      vertex 77.1321 46.4 9.1
      vertex 76.9867 46.6175 9.1
    endloop
  endfacet
  facet normal 0 0 1
    outer loop
      vertex 77.4 45.4 9.1
      vertex 76.9795 44.9133 9.1
      vertex 77 44.6 9.1
    endloop
  endfacet
  facet normal 0 0 1
    outer loop
      vertex 77.4 45.4 9.1
      vertex 76.9182 45.2212 9.1
      vertex 76.9795 44.9133 9.1
    endloop
  endfacet
  facet normal 0 0 1
    outer loop
      vertex 77.4 45.4 9.1
      vertex 76.8173 45.5184 9.1
      vertex 76.9182 45.2212 9.1
    endloop
  endfacet
  facet normal 0 0 1
    outer loop
      vertex 76.2971 46.2971 9.1
      vertex 76.9867 46.6175 9.1
      vertex 76.8142 46.8142 9.1
    endloop
  endfacet
  facet normal 0 0 1
    outer loop
      vertex 77.3319 45.9176 9.1
      vertex 76.6785 45.8 9.1
      vertex 76.8173 45.5184 9.1
    endloop
  endfacet
  facet normal 0 0 1
    outer loop
      vertex 76.2971 46.2971 9.1
      vertex 76.8142 46.8142 9.1
      vertex 76.6175 46.9867 9.1
    endloop
  endfacet
  facet normal 0 0 1
    outer loop
      vertex 77.2478 46.1654 9.1
      vertex 76.5041 46.061 9.1
      vertex 76.6785 45.8 9.1
    endloop
  endfacet
  facet normal 0 0 1
    outer loop
      vertex 76.061 46.504 9.1
      vertex 76.6175 46.9867 9.1
      vertex 76.4 47.1321 9.1
    endloop
  endfacet
  facet normal 0 0 1
    outer loop
      vertex 76.9867 46.6175 9.1
      vertex 76.2971 46.2971 9.1
      vertex 76.5041 46.061 9.1
    endloop
  endfacet
  facet normal 0 0 1
    outer loop
      vertex 76.061 46.504 9.1
      vertex 76.4 47.1321 9.1
      vertex 76.1654 47.2478 9.1
    endloop
  endfacet
  facet normal 0 0 1
    outer loop
      vertex 76.6175 46.9867 9.1
      vertex 76.061 46.504 9.1
      vertex 76.2971 46.2971 9.1
    endloop
  endfacet
  facet normal 0 0 1
    outer loop
      vertex 75.8 46.6785 9.1
      vertex 76.1654 47.2478 9.1
      vertex 75.9176 47.3319 9.1
    endloop
  endfacet
  facet normal 0 0 1
    outer loop
      vertex 76.1654 47.2478 9.1
      vertex 75.8 46.6785 9.1
      vertex 76.061 46.504 9.1
    endloop
  endfacet
  facet normal 0 0 1
    outer loop
      vertex 75.5184 46.8173 9.1
      vertex 75.9176 47.3319 9.1
      vertex 75.661 47.3829 9.1
    endloop
  endfacet
  facet normal 0 0 1
    outer loop
      vertex 75.9176 47.3319 9.1
      vertex 75.5184 46.8173 9.1
      vertex 75.8 46.6785 9.1
    endloop
  endfacet
  facet normal 0 0 1
    outer loop
      vertex 75.4 47.4 9.1
      vertex 75.5184 46.8173 9.1
      vertex 75.661 47.3829 9.1
    endloop
  endfacet
  facet normal 0 0 1
    outer loop
      vertex 75.4 47.4 9.1
      vertex 75.2212 46.9182 9.1
      vertex 75.5184 46.8173 9.1
    endloop
  endfacet
  facet normal 0 0 1
    outer loop
      vertex 75.4 47.4 9.1
      vertex 74.9133 46.9795 9.1
      vertex 75.2212 46.9182 9.1
    endloop
  endfacet
  facet normal 0 0 1
    outer loop
      vertex 75.4 47.4 9.1
      vertex 74.6 47 9.1
      vertex 74.9133 46.9795 9.1
    endloop
  endfacet
  facet normal 0 0 1
    outer loop
      vertex 75.4 47.4 9.1
      vertex 74.2867 46.9795 9.1
      vertex 74.6 47 9.1
    endloop
  endfacet
  facet normal 0 0 1
    outer loop
      vertex 75.4 47.4 9.1
      vertex 73.9788 46.9182 9.1
      vertex 74.2867 46.9795 9.1
    endloop
  endfacet
  facet normal 0 0 1
    outer loop
      vertex 73.6816 42.3827 9.1
      vertex 71.4 41.4 9.1
      vertex 71.4 39.4 9.1
    endloop
  endfacet
  facet normal 0 0 1
    outer loop
      vertex 68.9 41.9 9.1
      vertex 72.2 44.6 9.1
      vertex 72.2205 44.9133 9.1
    endloop
  endfacet
  facet normal 0 0 1
    outer loop
      vertex 68.5737 41.8786 9.1
      vertex 72.2205 44.9133 9.1
      vertex 72.2818 45.2212 9.1
    endloop
  endfacet
  facet normal 0 0 1
    outer loop
      vertex 72.3827 43.6816 9.1
      vertex 70.15 41.5651 9.1
      vertex 71.4 41.4 9.1
    endloop
  endfacet
  facet normal 0 0 1
    outer loop
      vertex 63.4 47.4 9.1
      vertex 72.2818 45.2212 9.1
      vertex 72.3827 45.5184 9.1
    endloop
  endfacet
  facet normal 0 0 1
    outer loop
      vertex 71.4 41.4 9.1
      vertex 70.15 41.5651 9.1
      vertex 70.397 41.4 9.1
    endloop
  endfacet
  facet normal 0 0 1
    outer loop
      vertex 63.4 47.4 9.1
      vertex 72.3827 45.5184 9.1
      vertex 72.5215 45.8 9.1
    endloop
  endfacet
  facet normal 0 0 1
    outer loop
      vertex 72.3827 43.6816 9.1
      vertex 69.8567 41.7097 9.1
      vertex 70.15 41.5651 9.1
    endloop
  endfacet
  facet normal 0 0 1
    outer loop
      vertex 72.2818 43.9788 9.1
      vertex 69.5471 41.8148 9.1
      vertex 69.8567 41.7097 9.1
    endloop
  endfacet
  facet normal 0 0 1
    outer loop
      vertex 63.4 47.4 9.1
      vertex 72.5215 45.8 9.1
      vertex 72.696 46.061 9.1
    endloop
  endfacet
  facet normal 0 0 1
    outer loop
      vertex 72.2205 44.2867 9.1
      vertex 69.2263 41.8786 9.1
      vertex 69.5471 41.8148 9.1
    endloop
  endfacet
  facet normal 0 0 1
    outer loop
      vertex 72.2 44.6 9.1
      vertex 68.9 41.9 9.1
      vertex 69.2263 41.8786 9.1
    endloop
  endfacet
  facet normal 0 0 1
    outer loop
      vertex 63.4 47.4 9.1
      vertex 72.696 46.061 9.1
      vertex 72.9029 46.2971 9.1
    endloop
  endfacet
  facet normal 0 0 1
    outer loop
      vertex 72.2205 44.9133 9.1
      vertex 68.5737 41.8786 9.1
      vertex 68.9 41.9 9.1
    endloop
  endfacet
  facet normal 0 0 1
    outer loop
      vertex 72.2818 45.2212 9.1
      vertex 63.4 47.4 9.1
      vertex 68.5737 41.8786 9.1
    endloop
  endfacet
  facet normal 0 0 1
    outer loop
      vertex 68.5737 41.8786 9.1
      vertex 63.4 47.4 9.1
      vertex 68.253 41.8148 9.1
    endloop
  endfacet
  facet normal 0 0 1
    outer loop
      vertex 68.253 41.8148 9.1
      vertex 63.4 47.4 9.1
      vertex 67.9433 41.7097 9.1
    endloop
  endfacet
  facet normal 0 0 1
    outer loop
      vertex 67.9433 41.7097 9.1
      vertex 63.4 47.4 9.1
      vertex 67.65 41.5651 9.1
    endloop
  endfacet
  facet normal -0 0 1
    outer loop
      vertex 63.4 47.4 9.1
      vertex 73.9788 46.9182 9.1
      vertex 75.4 47.4 9.1
    endloop
  endfacet
  facet normal 0 0 1
    outer loop
      vertex 63.4 47.4 9.1
      vertex 73.6816 46.8173 9.1
      vertex 73.9788 46.9182 9.1
    endloop
  endfacet
  facet normal 0 0 1
    outer loop
      vertex 63.4 47.4 9.1
      vertex 73.4 46.6785 9.1
      vertex 73.6816 46.8173 9.1
    endloop
  endfacet
  facet normal 0 0 1
    outer loop
      vertex 63.4 47.4 9.1
      vertex 73.139 46.504 9.1
      vertex 73.4 46.6785 9.1
    endloop
  endfacet
  facet normal 0 0 1
    outer loop
      vertex 63.4 47.4 9.1
      vertex 72.9029 46.2971 9.1
      vertex 73.139 46.504 9.1
    endloop
  endfacet
  facet normal 0 0 1
    outer loop
      vertex 67.65 41.5651 9.1
      vertex 63.4 47.4 9.1
      vertex 67.403 41.4 9.1
    endloop
  endfacet
  facet normal 0 0 1
    outer loop
      vertex 67.403 41.4 9.1
      vertex 63.4 47.4 9.1
      vertex 63.4 41.4 9.1
    endloop
  endfacet
  facet normal 0 0 1
    outer loop
      vertex 77.4 4.4 9.1
      vertex 76.8173 4.28156 9.1
      vertex 77.3829 4.13895 9.1
    endloop
  endfacet
  facet normal 0 0 1
    outer loop
      vertex 77.3829 4.13895 9.1
      vertex 76.8173 4.28156 9.1
      vertex 77.3319 3.88236 9.1
    endloop
  endfacet
  facet normal -0 0 1
    outer loop
      vertex 76.6785 4 9.1
      vertex 77.3319 3.88236 9.1
      vertex 76.8173 4.28156 9.1
    endloop
  endfacet
  facet normal 0 0 1
    outer loop
      vertex 77.3319 3.88236 9.1
      vertex 76.6785 4 9.1
      vertex 77.2478 3.63463 9.1
    endloop
  endfacet
  facet normal -0 0 1
    outer loop
      vertex 76.5041 3.73897 9.1
      vertex 77.2478 3.63463 9.1
      vertex 76.6785 4 9.1
    endloop
  endfacet
  facet normal 0 0 1
    outer loop
      vertex 77.2478 3.63463 9.1
      vertex 76.5041 3.73897 9.1
      vertex 77.1321 3.4 9.1
    endloop
  endfacet
  facet normal 0 0 1
    outer loop
      vertex 77.1321 3.4 9.1
      vertex 76.5041 3.73897 9.1
      vertex 76.9867 3.18247 9.1
    endloop
  endfacet
  facet normal -0 0 1
    outer loop
      vertex 76.2971 3.50294 9.1
      vertex 76.9867 3.18247 9.1
      vertex 76.5041 3.73897 9.1
    endloop
  endfacet
  facet normal 0 0 1
    outer loop
      vertex 76.9867 3.18247 9.1
      vertex 76.2971 3.50294 9.1
      vertex 76.8142 2.98578 9.1
    endloop
  endfacet
  facet normal 0 0 1
    outer loop
      vertex 76.8142 2.98578 9.1
      vertex 76.2971 3.50294 9.1
      vertex 76.6175 2.8133 9.1
    endloop
  endfacet
  facet normal -0 0 1
    outer loop
      vertex 76.061 3.29595 9.1
      vertex 76.6175 2.8133 9.1
      vertex 76.2971 3.50294 9.1
    endloop
  endfacet
  facet normal 0 0 1
    outer loop
      vertex 76.6175 2.8133 9.1
      vertex 76.061 3.29595 9.1
      vertex 76.4 2.66794 9.1
    endloop
  endfacet
  facet normal 0 0 1
    outer loop
      vertex 76.4 2.66794 9.1
      vertex 76.061 3.29595 9.1
      vertex 76.1654 2.55224 9.1
    endloop
  endfacet
  facet normal -0 0 1
    outer loop
      vertex 75.8 3.12154 9.1
      vertex 76.1654 2.55224 9.1
      vertex 76.061 3.29595 9.1
    endloop
  endfacet
  facet normal 0 0 1
    outer loop
      vertex 76.1654 2.55224 9.1
      vertex 75.8 3.12154 9.1
      vertex 75.9176 2.46815 9.1
    endloop
  endfacet
  facet normal -0 0 1
    outer loop
      vertex 75.5184 2.98269 9.1
      vertex 75.9176 2.46815 9.1
      vertex 75.8 3.12154 9.1
    endloop
  endfacet
  facet normal 0 0 1
    outer loop
      vertex 75.9176 2.46815 9.1
      vertex 75.5184 2.98269 9.1
      vertex 75.661 2.4171 9.1
    endloop
  endfacet
  facet normal 0 0 1
    outer loop
      vertex 75.5184 2.98269 9.1
      vertex 75.4 2.4 9.1
      vertex 75.661 2.4171 9.1
    endloop
  endfacet
  facet normal -0 0 1
    outer loop
      vertex 75.2212 2.88178 9.1
      vertex 75.4 2.4 9.1
      vertex 75.5184 2.98269 9.1
    endloop
  endfacet
  facet normal -0 0 1
    outer loop
      vertex 74.9133 2.82053 9.1
      vertex 75.4 2.4 9.1
      vertex 75.2212 2.88178 9.1
    endloop
  endfacet
  facet normal -0 0 1
    outer loop
      vertex 74.6 2.8 9.1
      vertex 75.4 2.4 9.1
      vertex 74.9133 2.82053 9.1
    endloop
  endfacet
  facet normal 0 0 1
    outer loop
      vertex 74.2867 2.82053 9.1
      vertex 75.4 2.4 9.1
      vertex 74.6 2.8 9.1
    endloop
  endfacet
  facet normal 0 0 1
    outer loop
      vertex 73.9788 2.88178 9.1
      vertex 75.4 2.4 9.1
      vertex 74.2867 2.82053 9.1
    endloop
  endfacet
  facet normal 0 0 1
    outer loop
      vertex 72.2818 5.82117 9.1
      vertex 71.4 8.4 9.1
      vertex 72.2205 5.51326 9.1
    endloop
  endfacet
  facet normal 0 0 1
    outer loop
      vertex 72.2205 5.51326 9.1
      vertex 71.4 8.4 9.1
      vertex 72.2 5.2 9.1
    endloop
  endfacet
  facet normal -0 0 1
    outer loop
      vertex 63.4 8.4 9.1
      vertex 72.2 5.2 9.1
      vertex 71.4 8.4 9.1
    endloop
  endfacet
  facet normal 0 0 1
    outer loop
      vertex 63.4 2.4 9.1
      vertex 72.2 5.2 9.1
      vertex 63.4 8.4 9.1
    endloop
  endfacet
  facet normal 0 0 1
    outer loop
      vertex 72.2 5.2 9.1
      vertex 63.4 2.4 9.1
      vertex 72.2205 4.88674 9.1
    endloop
  endfacet
  facet normal 0 0 1
    outer loop
      vertex 72.2205 4.88674 9.1
      vertex 63.4 2.4 9.1
      vertex 72.2818 4.57883 9.1
    endloop
  endfacet
  facet normal 0 0 1
    outer loop
      vertex 72.2818 4.57883 9.1
      vertex 63.4 2.4 9.1
      vertex 72.3827 4.28156 9.1
    endloop
  endfacet
  facet normal 0 0 1
    outer loop
      vertex 72.3827 4.28156 9.1
      vertex 63.4 2.4 9.1
      vertex 72.5215 4 9.1
    endloop
  endfacet
  facet normal 0 0 1
    outer loop
      vertex 72.5215 4 9.1
      vertex 63.4 2.4 9.1
      vertex 72.696 3.73897 9.1
    endloop
  endfacet
  facet normal 0 0 1
    outer loop
      vertex 72.696 3.73897 9.1
      vertex 63.4 2.4 9.1
      vertex 72.9029 3.50294 9.1
    endloop
  endfacet
  facet normal 0 0 1
    outer loop
      vertex 72.9029 3.50294 9.1
      vertex 63.4 2.4 9.1
      vertex 73.139 3.29595 9.1
    endloop
  endfacet
  facet normal 0 0 1
    outer loop
      vertex 73.9788 2.88178 9.1
      vertex 63.4 2.4 9.1
      vertex 75.4 2.4 9.1
    endloop
  endfacet
  facet normal 0 0 1
    outer loop
      vertex 73.6816 2.98269 9.1
      vertex 63.4 2.4 9.1
      vertex 73.9788 2.88178 9.1
    endloop
  endfacet
  facet normal 0 0 1
    outer loop
      vertex 73.4 3.12154 9.1
      vertex 63.4 2.4 9.1
      vertex 73.6816 2.98269 9.1
    endloop
  endfacet
  facet normal 0 0 1
    outer loop
      vertex 73.139 3.29595 9.1
      vertex 63.4 2.4 9.1
      vertex 73.4 3.12154 9.1
    endloop
  endfacet
  facet normal 0 0 -1
    outer loop
      vertex 77.4 4.4 7.6
      vertex 76.9182 5.82117 7.6
      vertex 77.4 45.4 7.6
    endloop
  endfacet
  facet normal 0 0 -1
    outer loop
      vertex 77.4 45.4 7.6
      vertex 76.9795 44.2867 7.6
      vertex 77 44.6 7.6
    endloop
  endfacet
  facet normal 0 0 -1
    outer loop
      vertex 76.9182 43.9788 7.6
      vertex 77.4 45.4 7.6
      vertex 76.9182 5.82117 7.6
    endloop
  endfacet
  facet normal 0 0 -1
    outer loop
      vertex 77.4 45.4 7.6
      vertex 76.9182 43.9788 7.6
      vertex 76.9795 44.2867 7.6
    endloop
  endfacet
  facet normal 0 0 -1
    outer loop
      vertex 76.8173 6.11844 7.6
      vertex 76.9182 43.9788 7.6
      vertex 76.9182 5.82117 7.6
    endloop
  endfacet
  facet normal 0 0 -1
    outer loop
      vertex 76.8173 6.11844 7.6
      vertex 76.8173 43.6816 7.6
      vertex 76.9182 43.9788 7.6
    endloop
  endfacet
  facet normal 0 0 -1
    outer loop
      vertex 76.6785 6.4 7.6
      vertex 76.8173 43.6816 7.6
      vertex 76.8173 6.11844 7.6
    endloop
  endfacet
  facet normal 0 0 -1
    outer loop
      vertex 76.6785 6.4 7.6
      vertex 76.6785 43.4 7.6
      vertex 76.8173 43.6816 7.6
    endloop
  endfacet
  facet normal 0 0 -1
    outer loop
      vertex 76.5041 6.66103 7.6
      vertex 76.6785 43.4 7.6
      vertex 76.6785 6.4 7.6
    endloop
  endfacet
  facet normal 0 0 -1
    outer loop
      vertex 76.5041 6.66103 7.6
      vertex 76.5041 43.139 7.6
      vertex 76.6785 43.4 7.6
    endloop
  endfacet
  facet normal 0 0 -1
    outer loop
      vertex 76.2971 6.89706 7.6
      vertex 76.5041 43.139 7.6
      vertex 76.5041 6.66103 7.6
    endloop
  endfacet
  facet normal 0 0 -1
    outer loop
      vertex 76.2971 6.89706 7.6
      vertex 76.2971 42.9029 7.6
      vertex 76.5041 43.139 7.6
    endloop
  endfacet
  facet normal 0 0 -1
    outer loop
      vertex 76.061 7.10405 7.6
      vertex 76.2971 42.9029 7.6
      vertex 76.2971 6.89706 7.6
    endloop
  endfacet
  facet normal 0 0 -1
    outer loop
      vertex 76.061 7.10405 7.6
      vertex 76.061 42.696 7.6
      vertex 76.2971 42.9029 7.6
    endloop
  endfacet
  facet normal 0 0 -1
    outer loop
      vertex 75.8 7.27846 7.6
      vertex 76.061 42.696 7.6
      vertex 76.061 7.10405 7.6
    endloop
  endfacet
  facet normal 0 0 -1
    outer loop
      vertex 75.8 7.27846 7.6
      vertex 75.8 42.5215 7.6
      vertex 76.061 42.696 7.6
    endloop
  endfacet
  facet normal 0 0 -1
    outer loop
      vertex 71.4 39.4 7.6
      vertex 75.8 7.27846 7.6
      vertex 75.5184 7.41731 7.6
    endloop
  endfacet
  facet normal 0 0 -1
    outer loop
      vertex 75.8 7.27846 7.6
      vertex 71.4 39.4 7.6
      vertex 75.8 42.5215 7.6
    endloop
  endfacet
  facet normal 0 0 -1
    outer loop
      vertex 71.4 39.4 7.6
      vertex 75.5184 7.41731 7.6
      vertex 75.2212 7.51822 7.6
    endloop
  endfacet
  facet normal 0 0 -1
    outer loop
      vertex 75.8 42.5215 7.6
      vertex 71.4 39.4 7.6
      vertex 75.5184 42.3827 7.6
    endloop
  endfacet
  facet normal 0 0 -1
    outer loop
      vertex 71.4 39.4 7.6
      vertex 75.2212 7.51822 7.6
      vertex 74.9133 7.57947 7.6
    endloop
  endfacet
  facet normal 0 0 -1
    outer loop
      vertex 75.5184 42.3827 7.6
      vertex 71.4 39.4 7.6
      vertex 75.2212 42.2818 7.6
    endloop
  endfacet
  facet normal 0 0 -1
    outer loop
      vertex 71.4 8.4 7.6
      vertex 74.9133 7.57947 7.6
      vertex 74.6 7.6 7.6
    endloop
  endfacet
  facet normal 0 0 -1
    outer loop
      vertex 75.2212 42.2818 7.6
      vertex 71.4 39.4 7.6
      vertex 74.9133 42.2205 7.6
    endloop
  endfacet
  facet normal 0 0 -1
    outer loop
      vertex 71.4 8.4 7.6
      vertex 74.6 7.6 7.6
      vertex 74.2867 7.57947 7.6
    endloop
  endfacet
  facet normal 0 0 -1
    outer loop
      vertex 74.9133 42.2205 7.6
      vertex 71.4 39.4 7.6
      vertex 74.6 42.2 7.6
    endloop
  endfacet
  facet normal 0 0 -1
    outer loop
      vertex 71.4 8.4 7.6
      vertex 74.2867 7.57947 7.6
      vertex 73.9788 7.51822 7.6
    endloop
  endfacet
  facet normal -0 0 -1
    outer loop
      vertex 74.6 42.2 7.6
      vertex 71.4 39.4 7.6
      vertex 74.2867 42.2205 7.6
    endloop
  endfacet
  facet normal 0 0 -1
    outer loop
      vertex 71.4 8.4 7.6
      vertex 73.9788 7.51822 7.6
      vertex 73.6816 7.41731 7.6
    endloop
  endfacet
  facet normal 0 0 -1
    outer loop
      vertex 71.4 8.4 7.6
      vertex 73.6816 7.41731 7.6
      vertex 73.4 7.27846 7.6
    endloop
  endfacet
  facet normal 0 0 -1
    outer loop
      vertex 71.4 8.4 7.6
      vertex 73.4 7.27846 7.6
      vertex 73.139 7.10405 7.6
    endloop
  endfacet
  facet normal -0 0 -1
    outer loop
      vertex 74.2867 42.2205 7.6
      vertex 71.4 39.4 7.6
      vertex 73.9788 42.2818 7.6
    endloop
  endfacet
  facet normal 0 0 -1
    outer loop
      vertex 71.4 8.4 7.6
      vertex 73.139 7.10405 7.6
      vertex 72.9029 6.89706 7.6
    endloop
  endfacet
  facet normal -0 0 -1
    outer loop
      vertex 73.9788 42.2818 7.6
      vertex 71.4 39.4 7.6
      vertex 73.6816 42.3827 7.6
    endloop
  endfacet
  facet normal 0 0 -1
    outer loop
      vertex 71.4 8.4 7.6
      vertex 72.9029 6.89706 7.6
      vertex 72.696 6.66103 7.6
    endloop
  endfacet
  facet normal 0 0 -1
    outer loop
      vertex 71.4 41.4 7.6
      vertex 73.6816 42.3827 7.6
      vertex 71.4 39.4 7.6
    endloop
  endfacet
  facet normal 0 0 -1
    outer loop
      vertex 71.4 8.4 7.6
      vertex 72.696 6.66103 7.6
      vertex 72.5215 6.4 7.6
    endloop
  endfacet
  facet normal -0 0 -1
    outer loop
      vertex 73.6816 42.3827 7.6
      vertex 71.4 41.4 7.6
      vertex 73.4 42.5215 7.6
    endloop
  endfacet
  facet normal 0 0 -1
    outer loop
      vertex 71.4 8.4 7.6
      vertex 72.5215 6.4 7.6
      vertex 72.3827 6.11844 7.6
    endloop
  endfacet
  facet normal -0 0 -1
    outer loop
      vertex 73.4 42.5215 7.6
      vertex 71.4 41.4 7.6
      vertex 73.139 42.696 7.6
    endloop
  endfacet
  facet normal 0 0 -1
    outer loop
      vertex 71.4 8.4 7.6
      vertex 72.3827 6.11844 7.6
      vertex 72.2818 5.82117 7.6
    endloop
  endfacet
  facet normal -0 0 -1
    outer loop
      vertex 73.139 42.696 7.6
      vertex 71.4 41.4 7.6
      vertex 72.9029 42.9029 7.6
    endloop
  endfacet
  facet normal 0 0 -1
    outer loop
      vertex 71.4 8.4 7.6
      vertex 72.2818 5.82117 7.6
      vertex 72.2205 5.51326 7.6
    endloop
  endfacet
  facet normal -0 0 -1
    outer loop
      vertex 72.9029 42.9029 7.6
      vertex 71.4 41.4 7.6
      vertex 72.696 43.139 7.6
    endloop
  endfacet
  facet normal 0 0 -1
    outer loop
      vertex 71.4 8.4 7.6
      vertex 72.2205 5.51326 7.6
      vertex 72.2 5.2 7.6
    endloop
  endfacet
  facet normal -0 0 -1
    outer loop
      vertex 72.696 43.139 7.6
      vertex 71.4 41.4 7.6
      vertex 72.5215 43.4 7.6
    endloop
  endfacet
  facet normal 0 0 -1
    outer loop
      vertex 76.8173 4.28156 7.6
      vertex 77.4 4.4 7.6
      vertex 77.3829 4.13895 7.6
    endloop
  endfacet
  facet normal 0 0 -1
    outer loop
      vertex 76.9795 5.51326 7.6
      vertex 77.4 4.4 7.6
      vertex 77 5.2 7.6
    endloop
  endfacet
  facet normal 0 0 -1
    outer loop
      vertex 76.8173 4.28156 7.6
      vertex 77.3829 4.13895 7.6
      vertex 77.3319 3.88236 7.6
    endloop
  endfacet
  facet normal 0 0 -1
    outer loop
      vertex 76.9182 5.82117 7.6
      vertex 77.4 4.4 7.6
      vertex 76.9795 5.51326 7.6
    endloop
  endfacet
  facet normal 0 0 -1
    outer loop
      vertex 76.6785 4 7.6
      vertex 77.3319 3.88236 7.6
      vertex 77.2478 3.63463 7.6
    endloop
  endfacet
  facet normal 0 0 -1
    outer loop
      vertex 76.9795 44.9133 7.6
      vertex 77.4 45.4 7.6
      vertex 77 44.6 7.6
    endloop
  endfacet
  facet normal 0 0 -1
    outer loop
      vertex 76.5041 3.73897 7.6
      vertex 77.2478 3.63463 7.6
      vertex 77.1321 3.4 7.6
    endloop
  endfacet
  facet normal 0 0 -1
    outer loop
      vertex 76.9182 45.2212 7.6
      vertex 77.4 45.4 7.6
      vertex 76.9795 44.9133 7.6
    endloop
  endfacet
  facet normal 0 0 -1
    outer loop
      vertex 76.8173 45.5184 7.6
      vertex 77.4 45.4 7.6
      vertex 76.9182 45.2212 7.6
    endloop
  endfacet
  facet normal 0 0 -1
    outer loop
      vertex 76.5041 3.73897 7.6
      vertex 77.1321 3.4 7.6
      vertex 76.9867 3.18247 7.6
    endloop
  endfacet
  facet normal 0 0 -1
    outer loop
      vertex 77.4 4.4 7.6
      vertex 76.9795 4.88674 7.6
      vertex 77 5.2 7.6
    endloop
  endfacet
  facet normal 0 0 -1
    outer loop
      vertex 77.4 4.4 7.6
      vertex 76.9182 4.57883 7.6
      vertex 76.9795 4.88674 7.6
    endloop
  endfacet
  facet normal -0 0 -1
    outer loop
      vertex 77.4 4.4 7.6
      vertex 76.8173 4.28156 7.6
      vertex 76.9182 4.57883 7.6
    endloop
  endfacet
  facet normal 0 0 -1
    outer loop
      vertex 76.2971 3.50294 7.6
      vertex 76.9867 3.18247 7.6
      vertex 76.8142 2.98578 7.6
    endloop
  endfacet
  facet normal 0 0 -1
    outer loop
      vertex 77.3319 3.88236 7.6
      vertex 76.6785 4 7.6
      vertex 76.8173 4.28156 7.6
    endloop
  endfacet
  facet normal 0 0 -1
    outer loop
      vertex 76.2971 3.50294 7.6
      vertex 76.8142 2.98578 7.6
      vertex 76.6175 2.8133 7.6
    endloop
  endfacet
  facet normal 0 0 -1
    outer loop
      vertex 77.2478 3.63463 7.6
      vertex 76.5041 3.73897 7.6
      vertex 76.6785 4 7.6
    endloop
  endfacet
  facet normal 0 0 -1
    outer loop
      vertex 76.061 3.29595 7.6
      vertex 76.6175 2.8133 7.6
      vertex 76.4 2.66794 7.6
    endloop
  endfacet
  facet normal 0 0 -1
    outer loop
      vertex 76.9867 3.18247 7.6
      vertex 76.2971 3.50294 7.6
      vertex 76.5041 3.73897 7.6
    endloop
  endfacet
  facet normal 0 0 -1
    outer loop
      vertex 76.061 3.29595 7.6
      vertex 76.4 2.66794 7.6
      vertex 76.1654 2.55224 7.6
    endloop
  endfacet
  facet normal 0 0 -1
    outer loop
      vertex 76.6175 2.8133 7.6
      vertex 76.061 3.29595 7.6
      vertex 76.2971 3.50294 7.6
    endloop
  endfacet
  facet normal 0 0 -1
    outer loop
      vertex 75.8 3.12154 7.6
      vertex 76.1654 2.55224 7.6
      vertex 75.9176 2.46815 7.6
    endloop
  endfacet
  facet normal 0 0 -1
    outer loop
      vertex 76.1654 2.55224 7.6
      vertex 75.8 3.12154 7.6
      vertex 76.061 3.29595 7.6
    endloop
  endfacet
  facet normal 0 0 -1
    outer loop
      vertex 75.5184 2.98269 7.6
      vertex 75.9176 2.46815 7.6
      vertex 75.661 2.4171 7.6
    endloop
  endfacet
  facet normal 0 0 -1
    outer loop
      vertex 75.9176 2.46815 7.6
      vertex 75.5184 2.98269 7.6
      vertex 75.8 3.12154 7.6
    endloop
  endfacet
  facet normal 0 0 -1
    outer loop
      vertex 75.4 2.4 7.6
      vertex 75.5184 2.98269 7.6
      vertex 75.661 2.4171 7.6
    endloop
  endfacet
  facet normal 0 0 -1
    outer loop
      vertex 75.4 2.4 7.6
      vertex 75.2212 2.88178 7.6
      vertex 75.5184 2.98269 7.6
    endloop
  endfacet
  facet normal 0 0 -1
    outer loop
      vertex 75.4 2.4 7.6
      vertex 74.9133 2.82053 7.6
      vertex 75.2212 2.88178 7.6
    endloop
  endfacet
  facet normal 0 0 -1
    outer loop
      vertex 75.4 2.4 7.6
      vertex 74.6 2.8 7.6
      vertex 74.9133 2.82053 7.6
    endloop
  endfacet
  facet normal 0 0 -1
    outer loop
      vertex 75.4 2.4 7.6
      vertex 74.2867 2.82053 7.6
      vertex 74.6 2.8 7.6
    endloop
  endfacet
  facet normal 0 0 -1
    outer loop
      vertex 75.4 2.4 7.6
      vertex 73.9788 2.88178 7.6
      vertex 74.2867 2.82053 7.6
    endloop
  endfacet
  facet normal 0 0 -1
    outer loop
      vertex 74.9133 7.57947 7.6
      vertex 71.4 8.4 7.6
      vertex 71.4 39.4 7.6
    endloop
  endfacet
  facet normal 0 0 -1
    outer loop
      vertex 63.4 2.4 7.6
      vertex 72.2 5.2 7.6
      vertex 72.2205 4.88674 7.6
    endloop
  endfacet
  facet normal 0 0 -1
    outer loop
      vertex 63.4 2.4 7.6
      vertex 72.2205 4.88674 7.6
      vertex 72.2818 4.57883 7.6
    endloop
  endfacet
  facet normal 0 0 -1
    outer loop
      vertex 63.4 2.4 7.6
      vertex 73.9788 2.88178 7.6
      vertex 75.4 2.4 7.6
    endloop
  endfacet
  facet normal 0 0 -1
    outer loop
      vertex 63.4 2.4 7.6
      vertex 73.6816 2.98269 7.6
      vertex 73.9788 2.88178 7.6
    endloop
  endfacet
  facet normal 0 0 -1
    outer loop
      vertex 63.4 2.4 7.6
      vertex 73.4 3.12154 7.6
      vertex 73.6816 2.98269 7.6
    endloop
  endfacet
  facet normal 0 0 -1
    outer loop
      vertex 63.4 2.4 7.6
      vertex 73.139 3.29595 7.6
      vertex 73.4 3.12154 7.6
    endloop
  endfacet
  facet normal 0 0 -1
    outer loop
      vertex 63.4 2.4 7.6
      vertex 72.9029 3.50294 7.6
      vertex 73.139 3.29595 7.6
    endloop
  endfacet
  facet normal 0 0 -1
    outer loop
      vertex 63.4 2.4 7.6
      vertex 72.696 3.73897 7.6
      vertex 72.9029 3.50294 7.6
    endloop
  endfacet
  facet normal 0 0 -1
    outer loop
      vertex 63.4 2.4 7.6
      vertex 72.5215 4 7.6
      vertex 72.696 3.73897 7.6
    endloop
  endfacet
  facet normal 0 0 -1
    outer loop
      vertex 63.4 2.4 7.6
      vertex 72.3827 4.28156 7.6
      vertex 72.5215 4 7.6
    endloop
  endfacet
  facet normal 0 0 -1
    outer loop
      vertex 63.4 2.4 7.6
      vertex 72.2818 4.57883 7.6
      vertex 72.3827 4.28156 7.6
    endloop
  endfacet
  facet normal -0 0 -1
    outer loop
      vertex 72.2 5.2 7.6
      vertex 63.4 2.4 7.6
      vertex 63.4 8.4 7.6
    endloop
  endfacet
  facet normal 0 0 -1
    outer loop
      vertex 72.2 5.2 7.6
      vertex 63.4 8.4 7.6
      vertex 71.4 8.4 7.6
    endloop
  endfacet
  facet normal 0 0 -1
    outer loop
      vertex 77.4 45.4 7.6
      vertex 76.8173 45.5184 7.6
      vertex 77.3829 45.661 7.6
    endloop
  endfacet
  facet normal -0 0 -1
    outer loop
      vertex 77.3829 45.661 7.6
      vertex 76.8173 45.5184 7.6
      vertex 77.3319 45.9176 7.6
    endloop
  endfacet
  facet normal 0 0 -1
    outer loop
      vertex 76.6785 45.8 7.6
      vertex 77.3319 45.9176 7.6
      vertex 76.8173 45.5184 7.6
    endloop
  endfacet
  facet normal -0 0 -1
    outer loop
      vertex 77.3319 45.9176 7.6
      vertex 76.6785 45.8 7.6
      vertex 77.2478 46.1654 7.6
    endloop
  endfacet
  facet normal 0 0 -1
    outer loop
      vertex 76.5041 46.061 7.6
      vertex 77.2478 46.1654 7.6
      vertex 76.6785 45.8 7.6
    endloop
  endfacet
  facet normal -0 0 -1
    outer loop
      vertex 77.2478 46.1654 7.6
      vertex 76.5041 46.061 7.6
      vertex 77.1321 46.4 7.6
    endloop
  endfacet
  facet normal -0 0 -1
    outer loop
      vertex 77.1321 46.4 7.6
      vertex 76.5041 46.061 7.6
      vertex 76.9867 46.6175 7.6
    endloop
  endfacet
  facet normal 0 0 -1
    outer loop
      vertex 76.2971 46.2971 7.6
      vertex 76.9867 46.6175 7.6
      vertex 76.5041 46.061 7.6
    endloop
  endfacet
  facet normal -0 0 -1
    outer loop
      vertex 76.9867 46.6175 7.6
      vertex 76.2971 46.2971 7.6
      vertex 76.8142 46.8142 7.6
    endloop
  endfacet
  facet normal -0 0 -1
    outer loop
      vertex 76.8142 46.8142 7.6
      vertex 76.2971 46.2971 7.6
      vertex 76.6175 46.9867 7.6
    endloop
  endfacet
  facet normal 0 0 -1
    outer loop
      vertex 76.061 46.504 7.6
      vertex 76.6175 46.9867 7.6
      vertex 76.2971 46.2971 7.6
    endloop
  endfacet
  facet normal -0 0 -1
    outer loop
      vertex 76.6175 46.9867 7.6
      vertex 76.061 46.504 7.6
      vertex 76.4 47.1321 7.6
    endloop
  endfacet
  facet normal -0 0 -1
    outer loop
      vertex 76.4 47.1321 7.6
      vertex 76.061 46.504 7.6
      vertex 76.1654 47.2478 7.6
    endloop
  endfacet
  facet normal 0 0 -1
    outer loop
      vertex 75.8 46.6785 7.6
      vertex 76.1654 47.2478 7.6
      vertex 76.061 46.504 7.6
    endloop
  endfacet
  facet normal -0 0 -1
    outer loop
      vertex 76.1654 47.2478 7.6
      vertex 75.8 46.6785 7.6
      vertex 75.9176 47.3319 7.6
    endloop
  endfacet
  facet normal 0 0 -1
    outer loop
      vertex 75.5184 46.8173 7.6
      vertex 75.9176 47.3319 7.6
      vertex 75.8 46.6785 7.6
    endloop
  endfacet
  facet normal -0 0 -1
    outer loop
      vertex 75.9176 47.3319 7.6
      vertex 75.5184 46.8173 7.6
      vertex 75.661 47.3829 7.6
    endloop
  endfacet
  facet normal 0 0 -1
    outer loop
      vertex 75.5184 46.8173 7.6
      vertex 75.4 47.4 7.6
      vertex 75.661 47.3829 7.6
    endloop
  endfacet
  facet normal 0 0 -1
    outer loop
      vertex 75.2212 46.9182 7.6
      vertex 75.4 47.4 7.6
      vertex 75.5184 46.8173 7.6
    endloop
  endfacet
  facet normal 0 0 -1
    outer loop
      vertex 74.9133 46.9795 7.6
      vertex 75.4 47.4 7.6
      vertex 75.2212 46.9182 7.6
    endloop
  endfacet
  facet normal 0 0 -1
    outer loop
      vertex 74.6 47 7.6
      vertex 75.4 47.4 7.6
      vertex 74.9133 46.9795 7.6
    endloop
  endfacet
  facet normal 0 0 -1
    outer loop
      vertex 74.2867 46.9795 7.6
      vertex 75.4 47.4 7.6
      vertex 74.6 47 7.6
    endloop
  endfacet
  facet normal 0 0 -1
    outer loop
      vertex 73.9788 46.9182 7.6
      vertex 75.4 47.4 7.6
      vertex 74.2867 46.9795 7.6
    endloop
  endfacet
  facet normal -0 0 -1
    outer loop
      vertex 72.5215 43.4 7.6
      vertex 71.4 41.4 7.6
      vertex 72.3827 43.6816 7.6
    endloop
  endfacet
  facet normal 0 0 -1
    outer loop
      vertex 70.15 41.5651 7.6
      vertex 72.3827 43.6816 7.6
      vertex 71.4 41.4 7.6
    endloop
  endfacet
  facet normal 0 0 -1
    outer loop
      vertex 69.8567 41.7097 7.6
      vertex 72.3827 43.6816 7.6
      vertex 70.15 41.5651 7.6
    endloop
  endfacet
  facet normal -0 0 -1
    outer loop
      vertex 72.3827 43.6816 7.6
      vertex 69.8567 41.7097 7.6
      vertex 72.2818 43.9788 7.6
    endloop
  endfacet
  facet normal 0 0 -1
    outer loop
      vertex 69.5471 41.8148 7.6
      vertex 72.2818 43.9788 7.6
      vertex 69.8567 41.7097 7.6
    endloop
  endfacet
  facet normal -0 0 -1
    outer loop
      vertex 72.2818 43.9788 7.6
      vertex 69.5471 41.8148 7.6
      vertex 72.2205 44.2867 7.6
    endloop
  endfacet
  facet normal 0 0 -1
    outer loop
      vertex 70.15 41.5651 7.6
      vertex 71.4 41.4 7.6
      vertex 70.397 41.4 7.6
    endloop
  endfacet
  facet normal 0 0 -1
    outer loop
      vertex 69.2263 41.8786 7.6
      vertex 72.2205 44.2867 7.6
      vertex 69.5471 41.8148 7.6
    endloop
  endfacet
  facet normal -0 0 -1
    outer loop
      vertex 72.2205 44.2867 7.6
      vertex 69.2263 41.8786 7.6
      vertex 72.2 44.6 7.6
    endloop
  endfacet
  facet normal 0 0 -1
    outer loop
      vertex 68.9 41.9 7.6
      vertex 72.2 44.6 7.6
      vertex 69.2263 41.8786 7.6
    endloop
  endfacet
  facet normal -0 0 -1
    outer loop
      vertex 72.2 44.6 7.6
      vertex 68.9 41.9 7.6
      vertex 72.2205 44.9133 7.6
    endloop
  endfacet
  facet normal 0 0 -1
    outer loop
      vertex 68.5737 41.8786 7.6
      vertex 72.2205 44.9133 7.6
      vertex 68.9 41.9 7.6
    endloop
  endfacet
  facet normal -0 0 -1
    outer loop
      vertex 72.2205 44.9133 7.6
      vertex 68.5737 41.8786 7.6
      vertex 72.2818 45.2212 7.6
    endloop
  endfacet
  facet normal 0 0 -1
    outer loop
      vertex 63.4 47.4 7.6
      vertex 72.2818 45.2212 7.6
      vertex 68.5737 41.8786 7.6
    endloop
  endfacet
  facet normal 0 0 -1
    outer loop
      vertex 72.2818 45.2212 7.6
      vertex 63.4 47.4 7.6
      vertex 72.3827 45.5184 7.6
    endloop
  endfacet
  facet normal 0 0 -1
    outer loop
      vertex 72.3827 45.5184 7.6
      vertex 63.4 47.4 7.6
      vertex 72.5215 45.8 7.6
    endloop
  endfacet
  facet normal 0 0 -1
    outer loop
      vertex 72.5215 45.8 7.6
      vertex 63.4 47.4 7.6
      vertex 72.696 46.061 7.6
    endloop
  endfacet
  facet normal 0 0 -1
    outer loop
      vertex 63.4 47.4 7.6
      vertex 68.5737 41.8786 7.6
      vertex 68.253 41.8148 7.6
    endloop
  endfacet
  facet normal 0 0 -1
    outer loop
      vertex 63.4 47.4 7.6
      vertex 68.253 41.8148 7.6
      vertex 67.9433 41.7097 7.6
    endloop
  endfacet
  facet normal 0 0 -1
    outer loop
      vertex 63.4 47.4 7.6
      vertex 67.9433 41.7097 7.6
      vertex 67.65 41.5651 7.6
    endloop
  endfacet
  facet normal 0 0 -1
    outer loop
      vertex 63.4 47.4 7.6
      vertex 67.65 41.5651 7.6
      vertex 67.403 41.4 7.6
    endloop
  endfacet
  facet normal 0 0 -1
    outer loop
      vertex 63.4 47.4 7.6
      vertex 67.403 41.4 7.6
      vertex 63.4 41.4 7.6
    endloop
  endfacet
  facet normal 0 0 -1
    outer loop
      vertex 72.696 46.061 7.6
      vertex 63.4 47.4 7.6
      vertex 72.9029 46.2971 7.6
    endloop
  endfacet
  facet normal 0 0 -1
    outer loop
      vertex 72.9029 46.2971 7.6
      vertex 63.4 47.4 7.6
      vertex 73.139 46.504 7.6
    endloop
  endfacet
  facet normal 0 0 -1
    outer loop
      vertex 73.9788 46.9182 7.6
      vertex 63.4 47.4 7.6
      vertex 75.4 47.4 7.6
    endloop
  endfacet
  facet normal 0 0 -1
    outer loop
      vertex 73.6816 46.8173 7.6
      vertex 63.4 47.4 7.6
      vertex 73.9788 46.9182 7.6
    endloop
  endfacet
  facet normal 0 0 -1
    outer loop
      vertex 73.4 46.6785 7.6
      vertex 63.4 47.4 7.6
      vertex 73.6816 46.8173 7.6
    endloop
  endfacet
  facet normal 0 0 -1
    outer loop
      vertex 73.139 46.504 7.6
      vertex 63.4 47.4 7.6
      vertex 73.4 46.6785 7.6
    endloop
  endfacet
  facet normal -1 0 0
    outer loop
      vertex 63.4 2.4 7.6
      vertex 63.4 8.4 9.1
      vertex 63.4 8.4 7.6
    endloop
  endfacet
  facet normal -1 -0 0
    outer loop
      vertex 63.4 8.4 9.1
      vertex 63.4 2.4 7.6
      vertex 63.4 2.4 9.1
    endloop
  endfacet
  facet normal 0 1 -0
    outer loop
      vertex 71.4 8.4 7.6
      vertex 63.4 8.4 9.1
      vertex 71.4 8.4 9.1
    endloop
  endfacet
  facet normal 0 1 0
    outer loop
      vertex 63.4 8.4 9.1
      vertex 71.4 8.4 7.6
      vertex 63.4 8.4 7.6
    endloop
  endfacet
  facet normal -1 0 0
    outer loop
      vertex 63.4 41.4 7.6
      vertex 63.4 47.4 9.1
      vertex 63.4 47.4 7.6
    endloop
  endfacet
  facet normal -1 -0 0
    outer loop
      vertex 63.4 47.4 9.1
      vertex 63.4 41.4 7.6
      vertex 63.4 41.4 9.1
    endloop
  endfacet
  facet normal 0 -1 0
    outer loop
      vertex 63.4 41.4 7.6
      vertex 67.403 41.4 9.1
      vertex 63.4 41.4 9.1
    endloop
  endfacet
  facet normal 0 -1 -0
    outer loop
      vertex 67.403 41.4 9.1
      vertex 63.4 41.4 7.6
      vertex 67.403 41.4 7.6
    endloop
  endfacet
  facet normal 0 -1 0
    outer loop
      vertex 70.397 41.4 7.6
      vertex 71.4 41.4 9.1
      vertex 70.397 41.4 9.1
    endloop
  endfacet
  facet normal 0 -1 -0
    outer loop
      vertex 71.4 41.4 9.1
      vertex 70.397 41.4 7.6
      vertex 71.4 41.4 7.6
    endloop
  endfacet
  facet normal -1 0 0
    outer loop
      vertex 8.4 31.9392 1
      vertex 8.4 29.8608 1
      vertex 8.4 31.9392 1.6
    endloop
  endfacet
  facet normal -1 0 0
    outer loop
      vertex 8.4 41.6832 1
      vertex 8.4 39.6048 1
      vertex 8.4 41.6832 1.6
    endloop
  endfacet
  facet normal -1 0 0
    outer loop
      vertex 8.4 41.6832 1.6
      vertex 8.4 43.4 2.8
      vertex 8.4 43.4 1.6
    endloop
  endfacet
  facet normal -1 0 0
    outer loop
      vertex 8.4 39.6048 1.6
      vertex 8.4 41.6832 1.6
      vertex 8.4 39.6048 1
    endloop
  endfacet
  facet normal -1 0 0
    outer loop
      vertex 8.4 41.6832 1.6
      vertex 8.4 39.6048 1.6
      vertex 8.4 43.4 2.8
    endloop
  endfacet
  facet normal -1 0 0
    outer loop
      vertex 8.4 31.9392 1.6
      vertex 8.4 43.4 2.8
      vertex 8.4 39.6048 1.6
    endloop
  endfacet
  facet normal -1 0 0
    outer loop
      vertex 8.4 29.8608 1.6
      vertex 8.4 31.9392 1.6
      vertex 8.4 29.8608 1
    endloop
  endfacet
  facet normal -1 0 0
    outer loop
      vertex 8.4 29.8608 1.6
      vertex 8.4 43.4 2.8
      vertex 8.4 31.9392 1.6
    endloop
  endfacet
  facet normal -1 0 0
    outer loop
      vertex 8.4 6.4 2.8
      vertex 8.4 29.8608 1.6
      vertex 8.4 6.4 1.6
    endloop
  endfacet
  facet normal -1 0 0
    outer loop
      vertex 8.4 29.8608 1.6
      vertex 8.4 6.4 2.8
      vertex 8.4 43.4 2.8
    endloop
  endfacet
  facet normal -0 0 1
    outer loop
      vertex 8.4 43.4 2.8
      vertex 10 6.4 2.8
      vertex 10 43.4 2.8
    endloop
  endfacet
  facet normal 0 0 1
    outer loop
      vertex 10 6.4 2.8
      vertex 8.4 43.4 2.8
      vertex 8.4 6.4 2.8
    endloop
  endfacet
  facet normal 1 0 0
    outer loop
      vertex 10 43.4 2.8
      vertex 10 42.4627 1.6
      vertex 10 43.4 1.6
    endloop
  endfacet
  facet normal 1 0 0
    outer loop
      vertex 10 42.4627 1.6
      vertex 10 38.8253 1.6
      vertex 10 42.4627 1
    endloop
  endfacet
  facet normal 1 0 0
    outer loop
      vertex 10 43.4 2.8
      vertex 10 38.8253 1.6
      vertex 10 42.4627 1.6
    endloop
  endfacet
  facet normal 1 0 0
    outer loop
      vertex 10 43.4 2.8
      vertex 10 32.7187 1.6
      vertex 10 38.8253 1.6
    endloop
  endfacet
  facet normal 1 0 0
    outer loop
      vertex 10 32.7187 1.6
      vertex 10 29.0813 1.6
      vertex 10 32.7187 1
    endloop
  endfacet
  facet normal 1 0 0
    outer loop
      vertex 10 43.4 2.8
      vertex 10 29.0813 1.6
      vertex 10 32.7187 1.6
    endloop
  endfacet
  facet normal 1 -0 0
    outer loop
      vertex 10 6.4 2.8
      vertex 10 29.0813 1.6
      vertex 10 43.4 2.8
    endloop
  endfacet
  facet normal 1 0 0
    outer loop
      vertex 10 29.0813 1.6
      vertex 10 6.4 2.8
      vertex 10 6.4 1.6
    endloop
  endfacet
  facet normal 1 0 0
    outer loop
      vertex 10 42.4627 1
      vertex 10 38.8253 1.6
      vertex 10 38.8253 1
    endloop
  endfacet
  facet normal 1 0 0
    outer loop
      vertex 10 32.7187 1
      vertex 10 29.0813 1.6
      vertex 10 29.0813 1
    endloop
  endfacet
  facet normal 0 0 -1
    outer loop
      vertex 8.4 29.8608 1
      vertex 10 29.0813 1
      vertex 8.85 29.0813 1
    endloop
  endfacet
  facet normal 0 0 -1
    outer loop
      vertex 10 29.0813 1
      vertex 8.4 29.8608 1
      vertex 10 32.7187 1
    endloop
  endfacet
  facet normal 0 0 -1
    outer loop
      vertex 8.4 31.9392 1
      vertex 10 32.7187 1
      vertex 8.4 29.8608 1
    endloop
  endfacet
  facet normal -0 0 -1
    outer loop
      vertex 10 32.7187 1
      vertex 8.4 31.9392 1
      vertex 8.85 32.7187 1
    endloop
  endfacet
  facet normal 0 0 -1
    outer loop
      vertex 8.4 39.6048 1
      vertex 10 38.8253 1
      vertex 8.85 38.8253 1
    endloop
  endfacet
  facet normal 0 0 -1
    outer loop
      vertex 10 38.8253 1
      vertex 8.4 39.6048 1
      vertex 10 42.4627 1
    endloop
  endfacet
  facet normal 0 0 -1
    outer loop
      vertex 8.4 41.6832 1
      vertex 10 42.4627 1
      vertex 8.4 39.6048 1
    endloop
  endfacet
  facet normal -0 0 -1
    outer loop
      vertex 10 42.4627 1
      vertex 8.4 41.6832 1
      vertex 8.85 42.4627 1
    endloop
  endfacet
  facet normal 0 -1 0
    outer loop
      vertex 8.4 6.4 1.6
      vertex 10 6.4 2.8
      vertex 8.4 6.4 2.8
    endloop
  endfacet
  facet normal 0 -1 -0
    outer loop
      vertex 10 6.4 2.8
      vertex 8.4 6.4 1.6
      vertex 10 6.4 1.6
    endloop
  endfacet
  facet normal 0 1 -0
    outer loop
      vertex 10 43.4 1.6
      vertex 8.4 43.4 2.8
      vertex 10 43.4 2.8
    endloop
  endfacet
  facet normal 0 1 0
    outer loop
      vertex 8.4 43.4 2.8
      vertex 10 43.4 1.6
      vertex 8.4 43.4 1.6
    endloop
  endfacet
  facet normal -1 0 0
    outer loop
      vertex 20.4 35.772 1.6
      vertex 20.4 43.4 2.8
      vertex 20.4 43.4 1.6
    endloop
  endfacet
  facet normal -1 0 0
    outer loop
      vertex 20.4 6.4 2.8
      vertex 20.4 35.772 1.6
      vertex 20.4 6.4 1.6
    endloop
  endfacet
  facet normal -1 0 0
    outer loop
      vertex 20.4 35.772 1.6
      vertex 20.4 6.4 2.8
      vertex 20.4 43.4 2.8
    endloop
  endfacet
  facet normal -0 0 1
    outer loop
      vertex 20.4 43.4 2.8
      vertex 22 6.4 2.8
      vertex 22 43.4 2.8
    endloop
  endfacet
  facet normal 0 0 1
    outer loop
      vertex 22 6.4 2.8
      vertex 20.4 43.4 2.8
      vertex 20.4 6.4 2.8
    endloop
  endfacet
  facet normal 1 -0 0
    outer loop
      vertex 22 6.4 2.8
      vertex 22 43.4 1.6
      vertex 22 43.4 2.8
    endloop
  endfacet
  facet normal 1 0 0
    outer loop
      vertex 22 43.4 1.6
      vertex 22 6.4 2.8
      vertex 22 6.4 1.6
    endloop
  endfacet
  facet normal 0 1 -0
    outer loop
      vertex 22 43.4 1.6
      vertex 20.4 43.4 2.8
      vertex 22 43.4 2.8
    endloop
  endfacet
  facet normal 0 1 0
    outer loop
      vertex 20.4 43.4 2.8
      vertex 22 43.4 1.6
      vertex 20.4 43.4 1.6
    endloop
  endfacet
  facet normal 0 -1 0
    outer loop
      vertex 20.4 6.4 1.6
      vertex 22 6.4 2.8
      vertex 20.4 6.4 2.8
    endloop
  endfacet
  facet normal 0 -1 -0
    outer loop
      vertex 22 6.4 2.8
      vertex 20.4 6.4 1.6
      vertex 22 6.4 1.6
    endloop
  endfacet
  facet normal -1 0 0
    outer loop
      vertex 32.4 6.4 1.6
      vertex 32.4 43.4 2.8
      vertex 32.4 43.4 1.6
    endloop
  endfacet
  facet normal -1 -0 0
    outer loop
      vertex 32.4 43.4 2.8
      vertex 32.4 6.4 1.6
      vertex 32.4 6.4 2.8
    endloop
  endfacet
  facet normal -0 0 1
    outer loop
      vertex 32.4 43.4 2.8
      vertex 34 6.4 2.8
      vertex 34 43.4 2.8
    endloop
  endfacet
  facet normal 0 0 1
    outer loop
      vertex 34 6.4 2.8
      vertex 32.4 43.4 2.8
      vertex 32.4 6.4 2.8
    endloop
  endfacet
  facet normal 1 -0 0
    outer loop
      vertex 34 6.4 2.8
      vertex 34 43.4 1.6
      vertex 34 43.4 2.8
    endloop
  endfacet
  facet normal 1 0 0
    outer loop
      vertex 34 43.4 1.6
      vertex 34 6.4 2.8
      vertex 34 6.4 1.6
    endloop
  endfacet
  facet normal 0 -1 0
    outer loop
      vertex 32.4 6.4 1.6
      vertex 34 6.4 2.8
      vertex 32.4 6.4 2.8
    endloop
  endfacet
  facet normal 0 -1 -0
    outer loop
      vertex 34 6.4 2.8
      vertex 32.4 6.4 1.6
      vertex 34 6.4 1.6
    endloop
  endfacet
  facet normal 0 1 -0
    outer loop
      vertex 34 43.4 1.6
      vertex 32.4 43.4 2.8
      vertex 34 43.4 2.8
    endloop
  endfacet
  facet normal 0 1 0
    outer loop
      vertex 32.4 43.4 2.8
      vertex 34 43.4 1.6
      vertex 32.4 43.4 1.6
    endloop
  endfacet
  facet normal -1 0 0
    outer loop
      vertex 44.4 6.4 1.6
      vertex 44.4 43.4 2.8
      vertex 44.4 43.4 1.6
    endloop
  endfacet
  facet normal -1 -0 0
    outer loop
      vertex 44.4 43.4 2.8
      vertex 44.4 6.4 1.6
      vertex 44.4 6.4 2.8
    endloop
  endfacet
  facet normal -0 0 1
    outer loop
      vertex 44.4 43.4 2.8
      vertex 46 6.4 2.8
      vertex 46 43.4 2.8
    endloop
  endfacet
  facet normal 0 0 1
    outer loop
      vertex 46 6.4 2.8
      vertex 44.4 43.4 2.8
      vertex 44.4 6.4 2.8
    endloop
  endfacet
  facet normal 1 -0 0
    outer loop
      vertex 46 6.4 2.8
      vertex 46 43.4 1.6
      vertex 46 43.4 2.8
    endloop
  endfacet
  facet normal 1 0 0
    outer loop
      vertex 46 43.4 1.6
      vertex 46 6.4 2.8
      vertex 46 6.4 1.6
    endloop
  endfacet
  facet normal 0 1 -0
    outer loop
      vertex 46 43.4 1.6
      vertex 44.4 43.4 2.8
      vertex 46 43.4 2.8
    endloop
  endfacet
  facet normal 0 1 0
    outer loop
      vertex 44.4 43.4 2.8
      vertex 46 43.4 1.6
      vertex 44.4 43.4 1.6
    endloop
  endfacet
  facet normal 0 -1 0
    outer loop
      vertex 44.4 6.4 1.6
      vertex 46 6.4 2.8
      vertex 44.4 6.4 2.8
    endloop
  endfacet
  facet normal 0 -1 -0
    outer loop
      vertex 46 6.4 2.8
      vertex 44.4 6.4 1.6
      vertex 46 6.4 1.6
    endloop
  endfacet
  facet normal -1 0 0
    outer loop
      vertex 56.4 15.5907 1
      vertex 56.4 11.9533 1
      vertex 56.4 15.5907 1.6
    endloop
  endfacet
  facet normal -1 0 0
    outer loop
      vertex 56.4 25.3347 1
      vertex 56.4 21.6973 1
      vertex 56.4 25.3347 1.6
    endloop
  endfacet
  facet normal -1 0 0
    outer loop
      vertex 56.4 35.0787 1
      vertex 56.4 31.4413 1
      vertex 56.4 35.0787 1.6
    endloop
  endfacet
  facet normal -1 0 0
    outer loop
      vertex 56.4 35.0787 1.6
      vertex 56.4 43.4 2.8
      vertex 56.4 43.4 1.6
    endloop
  endfacet
  facet normal -1 0 0
    outer loop
      vertex 56.4 31.4413 1.6
      vertex 56.4 35.0787 1.6
      vertex 56.4 31.4413 1
    endloop
  endfacet
  facet normal -1 0 0
    outer loop
      vertex 56.4 31.4413 1.6
      vertex 56.4 43.4 2.8
      vertex 56.4 35.0787 1.6
    endloop
  endfacet
  facet normal -1 0 0
    outer loop
      vertex 56.4 25.3347 1.6
      vertex 56.4 43.4 2.8
      vertex 56.4 31.4413 1.6
    endloop
  endfacet
  facet normal -1 0 0
    outer loop
      vertex 56.4 21.6973 1.6
      vertex 56.4 25.3347 1.6
      vertex 56.4 21.6973 1
    endloop
  endfacet
  facet normal -1 0 0
    outer loop
      vertex 56.4 6.4 2.8
      vertex 56.4 25.3347 1.6
      vertex 56.4 21.6973 1.6
    endloop
  endfacet
  facet normal -1 0 0
    outer loop
      vertex 56.4 6.4 2.8
      vertex 56.4 21.6973 1.6
      vertex 56.4 15.5907 1.6
    endloop
  endfacet
  facet normal -1 0 0
    outer loop
      vertex 56.4 11.9533 1.6
      vertex 56.4 15.5907 1.6
      vertex 56.4 11.9533 1
    endloop
  endfacet
  facet normal -1 0 0
    outer loop
      vertex 56.4 6.4 2.8
      vertex 56.4 15.5907 1.6
      vertex 56.4 11.9533 1.6
    endloop
  endfacet
  facet normal -1 0 0
    outer loop
      vertex 56.4 6.4 2.8
      vertex 56.4 11.9533 1.6
      vertex 56.4 6.4 1.6
    endloop
  endfacet
  facet normal -1 0 0
    outer loop
      vertex 56.4 25.3347 1.6
      vertex 56.4 6.4 2.8
      vertex 56.4 43.4 2.8
    endloop
  endfacet
  facet normal -0 0 1
    outer loop
      vertex 56.4 43.4 2.8
      vertex 58 6.4 2.8
      vertex 58 43.4 2.8
    endloop
  endfacet
  facet normal 0 0 1
    outer loop
      vertex 58 6.4 2.8
      vertex 56.4 43.4 2.8
      vertex 56.4 6.4 2.8
    endloop
  endfacet
  facet normal 1 0 0
    outer loop
      vertex 58 43.4 2.8
      vertex 58 39.9507 1.6
      vertex 58 43.4 1.6
    endloop
  endfacet
  facet normal 1 0 0
    outer loop
      vertex 58 39.9507 1.6
      vertex 58 36.3133 1.6
      vertex 58 39.9507 1
    endloop
  endfacet
  facet normal 1 0 0
    outer loop
      vertex 58 43.4 2.8
      vertex 58 36.3133 1.6
      vertex 58 39.9507 1.6
    endloop
  endfacet
  facet normal 1 0 0
    outer loop
      vertex 58 43.4 2.8
      vertex 58 30.2067 1.6
      vertex 58 36.3133 1.6
    endloop
  endfacet
  facet normal 1 0 0
    outer loop
      vertex 58 30.2067 1.6
      vertex 58 26.5693 1.6
      vertex 58 30.2067 1
    endloop
  endfacet
  facet normal 1 0 0
    outer loop
      vertex 58 43.4 2.8
      vertex 58 26.5693 1.6
      vertex 58 30.2067 1.6
    endloop
  endfacet
  facet normal 1 -0 0
    outer loop
      vertex 58 6.4 2.8
      vertex 58 26.5693 1.6
      vertex 58 43.4 2.8
    endloop
  endfacet
  facet normal 1 0 0
    outer loop
      vertex 58 20.4627 1.6
      vertex 58 16.8253 1.6
      vertex 58 20.4627 1
    endloop
  endfacet
  facet normal 1 0 0
    outer loop
      vertex 58 26.5693 1.6
      vertex 58 6.4 2.8
      vertex 58 20.4627 1.6
    endloop
  endfacet
  facet normal 1 0 0
    outer loop
      vertex 58 20.4627 1.6
      vertex 58 6.4 2.8
      vertex 58 16.8253 1.6
    endloop
  endfacet
  facet normal 1 0 0
    outer loop
      vertex 58 10.7187 1.6
      vertex 58 7.08135 1.6
      vertex 58 10.7187 1
    endloop
  endfacet
  facet normal 1 0 0
    outer loop
      vertex 58 16.8253 1.6
      vertex 58 6.4 2.8
      vertex 58 10.7187 1.6
    endloop
  endfacet
  facet normal 1 0 0
    outer loop
      vertex 58 10.7187 1.6
      vertex 58 6.4 2.8
      vertex 58 7.08135 1.6
    endloop
  endfacet
  facet normal 1 0 0
    outer loop
      vertex 58 7.08135 1.6
      vertex 58 6.4 2.8
      vertex 58 6.4 1.6
    endloop
  endfacet
  facet normal 1 0 0
    outer loop
      vertex 58 39.9507 1
      vertex 58 36.3133 1.6
      vertex 58 36.3133 1
    endloop
  endfacet
  facet normal 1 0 0
    outer loop
      vertex 58 30.2067 1
      vertex 58 26.5693 1.6
      vertex 58 26.5693 1
    endloop
  endfacet
  facet normal 1 0 0
    outer loop
      vertex 58 20.4627 1
      vertex 58 16.8253 1.6
      vertex 58 16.8253 1
    endloop
  endfacet
  facet normal 1 0 0
    outer loop
      vertex 58 10.7187 1
      vertex 58 7.08135 1.6
      vertex 58 7.08135 1
    endloop
  endfacet
  facet normal 0 0 -1
    outer loop
      vertex 56.4 8.9 1
      vertex 58 7.08135 1
      vertex 57.45 7.08135 1
    endloop
  endfacet
  facet normal 0 0 -1
    outer loop
      vertex 58 7.08135 1
      vertex 56.4 8.9 1
      vertex 58 10.7187 1
    endloop
  endfacet
  facet normal -0 0 -1
    outer loop
      vertex 58 10.7187 1
      vertex 56.4 8.9 1
      vertex 57.45 10.7187 1
    endloop
  endfacet
  facet normal 0 0 -1
    outer loop
      vertex 56.4 18.644 1
      vertex 58 16.8253 1
      vertex 57.45 16.8253 1
    endloop
  endfacet
  facet normal 0 0 -1
    outer loop
      vertex 58 16.8253 1
      vertex 56.4 18.644 1
      vertex 58 20.4627 1
    endloop
  endfacet
  facet normal -0 0 -1
    outer loop
      vertex 58 20.4627 1
      vertex 56.4 18.644 1
      vertex 57.45 20.4627 1
    endloop
  endfacet
  facet normal 0 0 -1
    outer loop
      vertex 56.4 28.388 1
      vertex 58 26.5693 1
      vertex 57.45 26.5693 1
    endloop
  endfacet
  facet normal 0 0 -1
    outer loop
      vertex 58 26.5693 1
      vertex 56.4 28.388 1
      vertex 58 30.2067 1
    endloop
  endfacet
  facet normal -0 0 -1
    outer loop
      vertex 58 30.2067 1
      vertex 56.4 28.388 1
      vertex 57.45 30.2067 1
    endloop
  endfacet
  facet normal 0 0 -1
    outer loop
      vertex 56.4 38.132 1
      vertex 58 36.3133 1
      vertex 57.45 36.3133 1
    endloop
  endfacet
  facet normal 0 0 -1
    outer loop
      vertex 58 36.3133 1
      vertex 56.4 38.132 1
      vertex 58 39.9507 1
    endloop
  endfacet
  facet normal -0 0 -1
    outer loop
      vertex 58 39.9507 1
      vertex 56.4 38.132 1
      vertex 57.45 39.9507 1
    endloop
  endfacet
  facet normal 0 0 -1
    outer loop
      vertex 56.4 11.9533 1
      vertex 57.8 13.772 1
      vertex 56.75 11.9533 1
    endloop
  endfacet
  facet normal 0 0 -1
    outer loop
      vertex 56.4 15.5907 1
      vertex 57.8 13.772 1
      vertex 56.4 11.9533 1
    endloop
  endfacet
  facet normal 0 0 -1
    outer loop
      vertex 57.8 13.772 1
      vertex 56.4 15.5907 1
      vertex 56.75 15.5907 1
    endloop
  endfacet
  facet normal 0 0 -1
    outer loop
      vertex 56.4 21.6973 1
      vertex 57.8 23.516 1
      vertex 56.75 21.6973 1
    endloop
  endfacet
  facet normal 0 0 -1
    outer loop
      vertex 56.4 25.3347 1
      vertex 57.8 23.516 1
      vertex 56.4 21.6973 1
    endloop
  endfacet
  facet normal 0 0 -1
    outer loop
      vertex 57.8 23.516 1
      vertex 56.4 25.3347 1
      vertex 56.75 25.3347 1
    endloop
  endfacet
  facet normal 0 0 -1
    outer loop
      vertex 56.4 31.4413 1
      vertex 57.8 33.26 1
      vertex 56.75 31.4413 1
    endloop
  endfacet
  facet normal 0 0 -1
    outer loop
      vertex 56.4 35.0787 1
      vertex 57.8 33.26 1
      vertex 56.4 31.4413 1
    endloop
  endfacet
  facet normal 0 0 -1
    outer loop
      vertex 57.8 33.26 1
      vertex 56.4 35.0787 1
      vertex 56.75 35.0787 1
    endloop
  endfacet
  facet normal 0 -1 0
    outer loop
      vertex 56.4 6.4 1.6
      vertex 58 6.4 2.8
      vertex 56.4 6.4 2.8
    endloop
  endfacet
  facet normal 0 -1 -0
    outer loop
      vertex 58 6.4 2.8
      vertex 56.4 6.4 1.6
      vertex 58 6.4 1.6
    endloop
  endfacet
  facet normal 0 1 -0
    outer loop
      vertex 58 43.4 1.6
      vertex 56.4 43.4 2.8
      vertex 58 43.4 2.8
    endloop
  endfacet
  facet normal 0 1 0
    outer loop
      vertex 56.4 43.4 2.8
      vertex 58 43.4 1.6
      vertex 56.4 43.4 1.6
    endloop
  endfacet
endsolid OpenSCAD_Model
