solid OpenSCAD_Model
  facet normal -0.194945 0.980814 0
    outer loop
      vertex -3.89157 31.3743 0
      vertex -4.27646 31.2978 4.5
      vertex -3.89157 31.3743 4.5
    endloop
  endfacet
  facet normal -0.194945 0.980814 0
    outer loop
      vertex -4.27646 31.2978 4.5
      vertex -3.89157 31.3743 0
      vertex -4.27646 31.2978 0
    endloop
  endfacet
  facet normal 0.1945 -0.980903 0
    outer loop
      vertex -0.108429 19.4257 0
      vertex 0 19.4472 4.5
      vertex -0.108429 19.4257 4.5
    endloop
  endfacet
  facet normal 0.1945 -0.980903 0
    outer loop
      vertex 0 19.4472 4.5
      vertex -0.108429 19.4257 0
      vertex 0 19.4472 0
    endloop
  endfacet
  facet normal -0.659428 0.751768 0
    outer loop
      vertex -5.32628 30.7801 0
      vertex -5.62132 30.5213 4.5
      vertex -5.32628 30.7801 4.5
    endloop
  endfacet
  facet normal -0.659428 0.751768 0
    outer loop
      vertex -5.62132 30.5213 4.5
      vertex -5.32628 30.7801 0
      vertex -5.62132 30.5213 0
    endloop
  endfacet
  facet normal 0 0 -1
    outer loop
      vertex 60.05 32.7067 0
      vertex 61.1 40.632 0
      vertex 61.1 30.888 0
    endloop
  endfacet
  facet normal 0 0 -1
    outer loop
      vertex 60.05 32.7067 0
      vertex 60.05 38.8133 0
      vertex 61.1 40.632 0
    endloop
  endfacet
  facet normal 0 0 -1
    outer loop
      vertex 60.05 32.7067 0
      vertex 58.3 35.76 0
      vertex 60.05 38.8133 0
    endloop
  endfacet
  facet normal 0 0 -1
    outer loop
      vertex 57.25 33.9413 0
      vertex 60.05 32.7067 0
      vertex 57.95 32.7067 0
    endloop
  endfacet
  facet normal 0 0 -1
    outer loop
      vertex 60.05 32.7067 0
      vertex 57.25 33.9413 0
      vertex 58.3 35.76 0
    endloop
  endfacet
  facet normal 0 0 -1
    outer loop
      vertex 55.5 30.888 0
      vertex 57.95 32.7067 0
      vertex 56.9 30.888 0
    endloop
  endfacet
  facet normal 0 0 -1
    outer loop
      vertex 54.45 32.7067 0
      vertex 57.95 32.7067 0
      vertex 55.5 30.888 0
    endloop
  endfacet
  facet normal 0 0 -1
    outer loop
      vertex 57.95 32.7067 0
      vertex 54.45 32.7067 0
      vertex 57.25 33.9413 0
    endloop
  endfacet
  facet normal -0 0 -1
    outer loop
      vertex 57.25 33.9413 0
      vertex 54.45 32.7067 0
      vertex 55.15 33.9413 0
    endloop
  endfacet
  facet normal 0 0 -1
    outer loop
      vertex 52.35 32.7067 0
      vertex 55.15 33.9413 0
      vertex 54.45 32.7067 0
    endloop
  endfacet
  facet normal -0 0 -1
    outer loop
      vertex 55.15 33.9413 0
      vertex 52.35 32.7067 0
      vertex 54.1 35.76 0
    endloop
  endfacet
  facet normal 0 0 -1
    outer loop
      vertex 60.05 22.9627 0
      vertex 61.1 30.888 0
      vertex 61.1 21.144 0
    endloop
  endfacet
  facet normal 0 0 -1
    outer loop
      vertex 60.05 22.9627 0
      vertex 60.05 29.0693 0
      vertex 61.1 30.888 0
    endloop
  endfacet
  facet normal 0 0 -1
    outer loop
      vertex 60.05 22.9627 0
      vertex 58.3 26.016 0
      vertex 60.05 29.0693 0
    endloop
  endfacet
  facet normal 0 0 -1
    outer loop
      vertex 57.25 24.1973 0
      vertex 60.05 22.9627 0
      vertex 57.95 22.9627 0
    endloop
  endfacet
  facet normal 0 0 -1
    outer loop
      vertex 60.05 22.9627 0
      vertex 57.25 24.1973 0
      vertex 58.3 26.016 0
    endloop
  endfacet
  facet normal 0 0 -1
    outer loop
      vertex 55.5 21.144 0
      vertex 57.95 22.9627 0
      vertex 56.9 21.144 0
    endloop
  endfacet
  facet normal 0 0 -1
    outer loop
      vertex 54.45 22.9627 0
      vertex 57.95 22.9627 0
      vertex 55.5 21.144 0
    endloop
  endfacet
  facet normal 0 0 -1
    outer loop
      vertex 57.95 22.9627 0
      vertex 54.45 22.9627 0
      vertex 57.25 24.1973 0
    endloop
  endfacet
  facet normal -0 0 -1
    outer loop
      vertex 57.25 24.1973 0
      vertex 54.45 22.9627 0
      vertex 55.15 24.1973 0
    endloop
  endfacet
  facet normal 0 0 -1
    outer loop
      vertex 52.35 22.9627 0
      vertex 55.15 24.1973 0
      vertex 54.45 22.9627 0
    endloop
  endfacet
  facet normal -0 0 -1
    outer loop
      vertex 55.15 24.1973 0
      vertex 52.35 22.9627 0
      vertex 54.1 26.016 0
    endloop
  endfacet
  facet normal 0 0 -1
    outer loop
      vertex 60.05 19.3253 0
      vertex 63.55 13.2187 0
      vertex 60.05 13.2187 0
    endloop
  endfacet
  facet normal 0 0 -1
    outer loop
      vertex 63.55 13.2187 0
      vertex 60.05 19.3253 0
      vertex 61.1 21.144 0
    endloop
  endfacet
  facet normal 0 0 -1
    outer loop
      vertex 60.05 13.2187 0
      vertex 58.3 16.272 0
      vertex 60.05 19.3253 0
    endloop
  endfacet
  facet normal 0 0 -1
    outer loop
      vertex 57.25 14.4533 0
      vertex 60.05 13.2187 0
      vertex 57.95 13.2187 0
    endloop
  endfacet
  facet normal 0 0 -1
    outer loop
      vertex 60.05 13.2187 0
      vertex 57.25 14.4533 0
      vertex 58.3 16.272 0
    endloop
  endfacet
  facet normal 0 0 -1
    outer loop
      vertex 55.5 11.4 0
      vertex 57.95 13.2187 0
      vertex 56.9 11.4 0
    endloop
  endfacet
  facet normal 0 0 -1
    outer loop
      vertex 54.45 13.2187 0
      vertex 57.95 13.2187 0
      vertex 55.5 11.4 0
    endloop
  endfacet
  facet normal 0 0 -1
    outer loop
      vertex 57.95 13.2187 0
      vertex 54.45 13.2187 0
      vertex 57.25 14.4533 0
    endloop
  endfacet
  facet normal -0 0 -1
    outer loop
      vertex 57.25 14.4533 0
      vertex 54.45 13.2187 0
      vertex 55.15 14.4533 0
    endloop
  endfacet
  facet normal 0 0 -1
    outer loop
      vertex 52.35 13.2187 0
      vertex 55.15 14.4533 0
      vertex 54.45 13.2187 0
    endloop
  endfacet
  facet normal -0 0 -1
    outer loop
      vertex 55.15 14.4533 0
      vertex 52.35 13.2187 0
      vertex 54.1 16.272 0
    endloop
  endfacet
  facet normal 0 0 -1
    outer loop
      vertex 68.8 -3.59 0
      vertex 67.81 0 0
      vertex 68.8 -0.990001 0
    endloop
  endfacet
  facet normal 0 0 -1
    outer loop
      vertex 61.1 21.144 0
      vertex 69.15 13.2187 0
      vertex 65.65 13.2187 0
    endloop
  endfacet
  facet normal 0 0 -1
    outer loop
      vertex 69.15 9.58135 0
      vertex 65.65 9.58135 0
      vertex 66.7 11.4 0
    endloop
  endfacet
  facet normal 0 0 -1
    outer loop
      vertex 67.81 0 0
      vertex 63.55 9.58135 0
      vertex 65.65 9.58135 0
    endloop
  endfacet
  facet normal 0 0 -1
    outer loop
      vertex 59.79 0 0
      vertex 67.81 0 0
      vertex 68.8 -3.59 0
    endloop
  endfacet
  facet normal 0 0 -1
    outer loop
      vertex 67.81 0 0
      vertex 59.79 0 0
      vertex 63.55 9.58135 0
    endloop
  endfacet
  facet normal 0 -0 -1
    outer loop
      vertex 60.05 9.58135 0
      vertex 63.55 9.58135 0
      vertex 59.79 0 0
    endloop
  endfacet
  facet normal -0 0 -1
    outer loop
      vertex 62.5 11.4 0
      vertex 60.05 9.58135 0
      vertex 61.1 11.4 0
    endloop
  endfacet
  facet normal 0 0 -1
    outer loop
      vertex 63.55 9.58135 0
      vertex 60.05 9.58135 0
      vertex 62.5 11.4 0
    endloop
  endfacet
  facet normal 0 0 -1
    outer loop
      vertex 58.8 -3.59 0
      vertex 59.79 0 0
      vertex 68.8 -3.59 0
    endloop
  endfacet
  facet normal 0 0 -1
    outer loop
      vertex 59.79 0 0
      vertex 58.8 -3.59 0
      vertex 58.8 -0.990001 0
    endloop
  endfacet
  facet normal 0 0 -1
    outer loop
      vertex 69.15 13.2187 0
      vertex 61.1 30.888 0
      vertex 68.8 50.8 0
    endloop
  endfacet
  facet normal 0 0 -1
    outer loop
      vertex 61.1 21.144 0
      vertex 65.65 13.2187 0
      vertex 63.55 13.2187 0
    endloop
  endfacet
  facet normal 0 0 -1
    outer loop
      vertex 61.1 11.4 0
      vertex 63.55 13.2187 0
      vertex 62.5 11.4 0
    endloop
  endfacet
  facet normal 0 0 -1
    outer loop
      vertex 60.05 13.2187 0
      vertex 63.55 13.2187 0
      vertex 61.1 11.4 0
    endloop
  endfacet
  facet normal 0 0 -1
    outer loop
      vertex 69.15 13.2187 0
      vertex 61.1 21.144 0
      vertex 61.1 30.888 0
    endloop
  endfacet
  facet normal 0 0 -1
    outer loop
      vertex 61.1 40.632 0
      vertex 68.8 50.8 0
      vertex 61.1 30.888 0
    endloop
  endfacet
  facet normal 0 0 -1
    outer loop
      vertex 60.05 42.4507 0
      vertex 68.8 50.8 0
      vertex 61.1 40.632 0
    endloop
  endfacet
  facet normal 0 0 -1
    outer loop
      vertex 58.8 50.8 0
      vertex 68.8 50.8 0
      vertex 60.05 42.4507 0
    endloop
  endfacet
  facet normal 0 0 -1
    outer loop
      vertex 68.8 50.8 0
      vertex 58.8 50.8 0
      vertex 67.8 54.39 0
    endloop
  endfacet
  facet normal -0 0 -1
    outer loop
      vertex 67.8 54.39 0
      vertex 58.8 50.8 0
      vertex 59.8 54.39 0
    endloop
  endfacet
  facet normal 0 0 -1
    outer loop
      vertex 57.95 42.4507 0
      vertex 58.8 50.8 0
      vertex 60.05 42.4507 0
    endloop
  endfacet
  facet normal 0 0 -1
    outer loop
      vertex 54.45 42.4507 0
      vertex 57.95 42.4507 0
      vertex 56.9 40.632 0
    endloop
  endfacet
  facet normal 0 0 -1
    outer loop
      vertex 54.45 42.4507 0
      vertex 56.9 40.632 0
      vertex 55.5 40.632 0
    endloop
  endfacet
  facet normal 0 0 -1
    outer loop
      vertex 57.95 42.4507 0
      vertex 54.45 42.4507 0
      vertex 58.8 50.8 0
    endloop
  endfacet
  facet normal 0 0 -1
    outer loop
      vertex 52.35 42.4507 0
      vertex 58.8 50.8 0
      vertex 54.45 42.4507 0
    endloop
  endfacet
  facet normal 0 0 -1
    outer loop
      vertex 52.35 42.4507 0
      vertex 22 50.8 0
      vertex 58.8 50.8 0
    endloop
  endfacet
  facet normal 0 0 -1
    outer loop
      vertex 22 50.8 0
      vertex 52.35 42.4507 0
      vertex 51.3 40.632 0
    endloop
  endfacet
  facet normal 0 0 -1
    outer loop
      vertex 59.79 0 0
      vertex 57.95 9.58135 0
      vertex 60.05 9.58135 0
    endloop
  endfacet
  facet normal 0 0 -1
    outer loop
      vertex 54.45 9.58135 0
      vertex 57.95 9.58135 0
      vertex 59.79 0 0
    endloop
  endfacet
  facet normal 0 0 -1
    outer loop
      vertex 57.95 9.58135 0
      vertex 54.45 9.58135 0
      vertex 56.9 11.4 0
    endloop
  endfacet
  facet normal -0 0 -1
    outer loop
      vertex 56.9 11.4 0
      vertex 54.45 9.58135 0
      vertex 55.5 11.4 0
    endloop
  endfacet
  facet normal 0 0 -1
    outer loop
      vertex 59.79 0 0
      vertex 52.35 9.58135 0
      vertex 54.45 9.58135 0
    endloop
  endfacet
  facet normal 0 0 -1
    outer loop
      vertex 20.9 14.272 0
      vertex 51.3 21.144 0
      vertex 51.3 11.4 0
    endloop
  endfacet
  facet normal 0 0 -1
    outer loop
      vertex 19.85 16.0907 0
      vertex 51.3 21.144 0
      vertex 20.9 14.272 0
    endloop
  endfacet
  facet normal 0 0 -1
    outer loop
      vertex 18.1 19.144 0
      vertex 51.3 30.888 0
      vertex 19.85 16.0907 0
    endloop
  endfacet
  facet normal 0 0 -1
    outer loop
      vertex 21.01 0 0
      vertex 51.3 11.4 0
      vertex 52.35 9.58135 0
    endloop
  endfacet
  facet normal 0 0 -1
    outer loop
      vertex 21.01 0 0
      vertex 52.35 9.58135 0
      vertex 59.79 0 0
    endloop
  endfacet
  facet normal -0 0 -1
    outer loop
      vertex 51.3 11.4 0
      vertex 21.01 0 0
      vertex 20.9 14.272 0
    endloop
  endfacet
  facet normal -0 0 -1
    outer loop
      vertex 51.3 21.144 0
      vertex 19.85 16.0907 0
      vertex 51.3 30.888 0
    endloop
  endfacet
  facet normal 0 0 -1
    outer loop
      vertex 17.05 20.9627 0
      vertex 51.3 30.888 0
      vertex 18.1 19.144 0
    endloop
  endfacet
  facet normal 0 0 -1
    outer loop
      vertex -0.5 19.4 0
      vertex 0 19.4472 0
      vertex -0.108429 19.4257 0
    endloop
  endfacet
  facet normal 0 0 -1
    outer loop
      vertex 0 19.4472 0
      vertex -1.1 25.4 0
      vertex 0 31.3528 0
    endloop
  endfacet
  facet normal -0 0 -1
    outer loop
      vertex 0 19.4472 0
      vertex -0.5 19.4 0
      vertex -1.9216 23.734 0
    endloop
  endfacet
  facet normal 0 0 -1
    outer loop
      vertex -1.11797 25.6741 0
      vertex 0 31.3528 0
      vertex -1.1 25.4 0
    endloop
  endfacet
  facet normal 0 0 -1
    outer loop
      vertex -1.17156 25.9435 0
      vertex 0 31.3528 0
      vertex -1.11797 25.6741 0
    endloop
  endfacet
  facet normal 0 0 -1
    outer loop
      vertex 0 19.4472 0
      vertex -1.11797 25.1259 0
      vertex -1.1 25.4 0
    endloop
  endfacet
  facet normal 0 0 -1
    outer loop
      vertex 0 19.4472 0
      vertex -1.17156 24.8565 0
      vertex -1.11797 25.1259 0
    endloop
  endfacet
  facet normal 0 0 -1
    outer loop
      vertex 0 19.4472 0
      vertex -1.25985 24.5964 0
      vertex -1.17156 24.8565 0
    endloop
  endfacet
  facet normal 0 0 -1
    outer loop
      vertex 0 19.4472 0
      vertex -1.38135 24.35 0
      vertex -1.25985 24.5964 0
    endloop
  endfacet
  facet normal 0 0 -1
    outer loop
      vertex 0 19.4472 0
      vertex -1.53396 24.1216 0
      vertex -1.38135 24.35 0
    endloop
  endfacet
  facet normal 0 0 -1
    outer loop
      vertex 0 19.4472 0
      vertex -1.71508 23.9151 0
      vertex -1.53396 24.1216 0
    endloop
  endfacet
  facet normal 0 0 -1
    outer loop
      vertex 0 19.4472 0
      vertex -1.9216 23.734 0
      vertex -1.71508 23.9151 0
    endloop
  endfacet
  facet normal 0 0 -1
    outer loop
      vertex -0.5 19.4 0
      vertex -2.15 23.5813 0
      vertex -1.9216 23.734 0
    endloop
  endfacet
  facet normal 0 0 -1
    outer loop
      vertex -0.5 19.4 0
      vertex -2.39636 23.4599 0
      vertex -2.15 23.5813 0
    endloop
  endfacet
  facet normal 0 0 -1
    outer loop
      vertex -0.5 19.4 0
      vertex -2.65648 23.3716 0
      vertex -2.39636 23.4599 0
    endloop
  endfacet
  facet normal 0 0 -1
    outer loop
      vertex -3.5 19.4 0
      vertex -2.65648 23.3716 0
      vertex -0.5 19.4 0
    endloop
  endfacet
  facet normal 0 0 -1
    outer loop
      vertex -2.65648 23.3716 0
      vertex -3.5 19.4 0
      vertex -2.92589 23.318 0
    endloop
  endfacet
  facet normal 0 0 -1
    outer loop
      vertex -2.92589 23.318 0
      vertex -3.5 19.4 0
      vertex -3.2 23.3 0
    endloop
  endfacet
  facet normal -0 0 -1
    outer loop
      vertex -3.2 23.3 0
      vertex -3.5 19.4 0
      vertex -3.4741 23.318 0
    endloop
  endfacet
  facet normal 0 0 -1
    outer loop
      vertex -3.89157 19.4257 0
      vertex -3.4741 23.318 0
      vertex -3.5 19.4 0
    endloop
  endfacet
  facet normal 0 0 -1
    outer loop
      vertex -4.27646 19.5022 0
      vertex -3.4741 23.318 0
      vertex -3.89157 19.4257 0
    endloop
  endfacet
  facet normal 0 0 -1
    outer loop
      vertex -4.64806 19.6284 0
      vertex -3.4741 23.318 0
      vertex -4.27646 19.5022 0
    endloop
  endfacet
  facet normal -0 0 -1
    outer loop
      vertex -3.4741 23.318 0
      vertex -4.64806 19.6284 0
      vertex -3.74352 23.3716 0
    endloop
  endfacet
  facet normal 0 0 -1
    outer loop
      vertex -5 19.8019 0
      vertex -3.74352 23.3716 0
      vertex -4.64806 19.6284 0
    endloop
  endfacet
  facet normal 0 0 -1
    outer loop
      vertex -5.32628 20.0199 0
      vertex -3.74352 23.3716 0
      vertex -5 19.8019 0
    endloop
  endfacet
  facet normal 0 0 -1
    outer loop
      vertex -5.62132 20.2787 0
      vertex -3.74352 23.3716 0
      vertex -5.32628 20.0199 0
    endloop
  endfacet
  facet normal 0 0 -1
    outer loop
      vertex -5.8 20.4824 0
      vertex -3.74352 23.3716 0
      vertex -5.62132 20.2787 0
    endloop
  endfacet
  facet normal -0 0 -1
    outer loop
      vertex -3.74352 23.3716 0
      vertex -5.8 20.4824 0
      vertex -4.00363 23.4599 0
    endloop
  endfacet
  facet normal -0 0 -1
    outer loop
      vertex -4.00363 23.4599 0
      vertex -5.8 20.4824 0
      vertex -4.25 23.5813 0
    endloop
  endfacet
  facet normal -0 0 -1
    outer loop
      vertex -4.25 23.5813 0
      vertex -5.8 20.4824 0
      vertex -4.4784 23.734 0
    endloop
  endfacet
  facet normal -0 0 -1
    outer loop
      vertex -4.68492 23.9151 0
      vertex -5.8 20.4824 0
      vertex -4.86604 24.1216 0
    endloop
  endfacet
  facet normal -0 0 -1
    outer loop
      vertex -5.01865 24.35 0
      vertex -5.8 20.4824 0
      vertex -5.14015 24.5964 0
    endloop
  endfacet
  facet normal -0 0 -1
    outer loop
      vertex -5.14015 24.5964 0
      vertex -5.8 20.4824 0
      vertex -5.22844 24.8565 0
    endloop
  endfacet
  facet normal -0 0 -1
    outer loop
      vertex -5.22844 24.8565 0
      vertex -5.8 20.4824 0
      vertex -5.28203 25.1259 0
    endloop
  endfacet
  facet normal -0 0 -1
    outer loop
      vertex -4.86604 24.1216 0
      vertex -5.8 20.4824 0
      vertex -5.01865 24.35 0
    endloop
  endfacet
  facet normal 0 0 -1
    outer loop
      vertex -1.25985 26.2036 0
      vertex 0 31.3528 0
      vertex -1.17156 25.9435 0
    endloop
  endfacet
  facet normal 0 0 -1
    outer loop
      vertex -1.38135 26.45 0
      vertex 0 31.3528 0
      vertex -1.25985 26.2036 0
    endloop
  endfacet
  facet normal 0 0 -1
    outer loop
      vertex -1.53396 26.6784 0
      vertex 0 31.3528 0
      vertex -1.38135 26.45 0
    endloop
  endfacet
  facet normal 0 0 -1
    outer loop
      vertex -1.71508 26.8849 0
      vertex 0 31.3528 0
      vertex -1.53396 26.6784 0
    endloop
  endfacet
  facet normal 0 0 -1
    outer loop
      vertex -1.9216 27.066 0
      vertex 0 31.3528 0
      vertex -1.71508 26.8849 0
    endloop
  endfacet
  facet normal 0 -0 -1
    outer loop
      vertex -0.5 31.4 0
      vertex 0 31.3528 0
      vertex -1.9216 27.066 0
    endloop
  endfacet
  facet normal 0 0 -1
    outer loop
      vertex 0 31.3528 0
      vertex -0.5 31.4 0
      vertex -0.108429 31.3743 0
    endloop
  endfacet
  facet normal 0 0 -1
    outer loop
      vertex -2.15 27.2187 0
      vertex -0.5 31.4 0
      vertex -1.9216 27.066 0
    endloop
  endfacet
  facet normal 0 0 -1
    outer loop
      vertex -2.39636 27.3401 0
      vertex -0.5 31.4 0
      vertex -2.15 27.2187 0
    endloop
  endfacet
  facet normal 0 0 -1
    outer loop
      vertex -2.65648 27.4284 0
      vertex -0.5 31.4 0
      vertex -2.39636 27.3401 0
    endloop
  endfacet
  facet normal 0 0 -1
    outer loop
      vertex -3.5 31.4 0
      vertex -2.65648 27.4284 0
      vertex -2.92589 27.482 0
    endloop
  endfacet
  facet normal 0 0 -1
    outer loop
      vertex -3.5 31.4 0
      vertex -2.92589 27.482 0
      vertex -3.2 27.5 0
    endloop
  endfacet
  facet normal 0 0 -1
    outer loop
      vertex -3.5 31.4 0
      vertex -3.2 27.5 0
      vertex -3.4741 27.482 0
    endloop
  endfacet
  facet normal 0 0 -1
    outer loop
      vertex -2.65648 27.4284 0
      vertex -3.5 31.4 0
      vertex -0.5 31.4 0
    endloop
  endfacet
  facet normal 0 0 -1
    outer loop
      vertex -4.64806 31.1716 0
      vertex -3.4741 27.482 0
      vertex -3.74352 27.4284 0
    endloop
  endfacet
  facet normal 0 0 -1
    outer loop
      vertex -3.4741 27.482 0
      vertex -3.89157 31.3743 0
      vertex -3.5 31.4 0
    endloop
  endfacet
  facet normal 0 0 -1
    outer loop
      vertex -5.8 30.3176 0
      vertex -3.74352 27.4284 0
      vertex -4.00363 27.3401 0
    endloop
  endfacet
  facet normal 0 0 -1
    outer loop
      vertex -5.8 30.3176 0
      vertex -4.00363 27.3401 0
      vertex -4.25 27.2187 0
    endloop
  endfacet
  facet normal 0 0 -1
    outer loop
      vertex -3.4741 27.482 0
      vertex -4.27646 31.2978 0
      vertex -3.89157 31.3743 0
    endloop
  endfacet
  facet normal 0 0 -1
    outer loop
      vertex -5.8 30.3176 0
      vertex -4.25 27.2187 0
      vertex -4.4784 27.066 0
    endloop
  endfacet
  facet normal 0 0 -1
    outer loop
      vertex -3.4741 27.482 0
      vertex -4.64806 31.1716 0
      vertex -4.27646 31.2978 0
    endloop
  endfacet
  facet normal 0 0 -1
    outer loop
      vertex -5.8 30.3176 0
      vertex -4.4784 27.066 0
      vertex -4.68492 26.8849 0
    endloop
  endfacet
  facet normal 0 0 -1
    outer loop
      vertex -5.8 30.3176 0
      vertex -4.68492 26.8849 0
      vertex -4.86604 26.6784 0
    endloop
  endfacet
  facet normal 0 0 -1
    outer loop
      vertex -3.74352 27.4284 0
      vertex -5 30.9981 0
      vertex -4.64806 31.1716 0
    endloop
  endfacet
  facet normal 0 0 -1
    outer loop
      vertex -5.8 30.3176 0
      vertex -4.86604 26.6784 0
      vertex -5.01865 26.45 0
    endloop
  endfacet
  facet normal 0 0 -1
    outer loop
      vertex -5.8 30.3176 0
      vertex -5.01865 26.45 0
      vertex -5.14015 26.2036 0
    endloop
  endfacet
  facet normal 0 0 -1
    outer loop
      vertex -5.8 30.3176 0
      vertex -5.14015 26.2036 0
      vertex -5.22844 25.9435 0
    endloop
  endfacet
  facet normal 0 0 -1
    outer loop
      vertex -5.8 30.3176 0
      vertex -5.22844 25.9435 0
      vertex -5.28203 25.6741 0
    endloop
  endfacet
  facet normal 0 0 -1
    outer loop
      vertex -5.8 30.3176 0
      vertex -5.28203 25.6741 0
      vertex -5.3 25.4 0
    endloop
  endfacet
  facet normal 0 0 -1
    outer loop
      vertex -3.74352 27.4284 0
      vertex -5.8 30.3176 0
      vertex -5.62132 30.5213 0
    endloop
  endfacet
  facet normal -0 0 -1
    outer loop
      vertex -5.28203 25.1259 0
      vertex -5.8 20.4824 0
      vertex -5.3 25.4 0
    endloop
  endfacet
  facet normal -0 0 -1
    outer loop
      vertex -4.4784 23.734 0
      vertex -5.8 20.4824 0
      vertex -4.68492 23.9151 0
    endloop
  endfacet
  facet normal 0 0 -1
    outer loop
      vertex -5.8 30.3176 0
      vertex -5.3 25.4 0
      vertex -5.8 20.4824 0
    endloop
  endfacet
  facet normal 0 0 -1
    outer loop
      vertex -3.74352 27.4284 0
      vertex -5.32628 30.7801 0
      vertex -5 30.9981 0
    endloop
  endfacet
  facet normal 0 0 -1
    outer loop
      vertex -3.74352 27.4284 0
      vertex -5.62132 30.5213 0
      vertex -5.32628 30.7801 0
    endloop
  endfacet
  facet normal 0 0 -1
    outer loop
      vertex 0 31.3528 0
      vertex 14.95 20.9627 0
      vertex 11.45 20.9627 0
    endloop
  endfacet
  facet normal 0 0 -1
    outer loop
      vertex 0 31.3528 0
      vertex 11.45 20.9627 0
      vertex 9.35 20.9627 0
    endloop
  endfacet
  facet normal 0 0 -1
    outer loop
      vertex 0 19.4472 0
      vertex 9.35 20.9627 0
      vertex 8.3 19.144 0
    endloop
  endfacet
  facet normal 0 0 -1
    outer loop
      vertex 0 19.4472 0
      vertex 8.3 9.4 0
      vertex 0 4 0
    endloop
  endfacet
  facet normal -0 0 -1
    outer loop
      vertex 9.35 20.9627 0
      vertex 0 19.4472 0
      vertex 0 31.3528 0
    endloop
  endfacet
  facet normal 0 0 -1
    outer loop
      vertex 0 4 0
      vertex 4 0 0
      vertex 3.47789 0.0342255 0
    endloop
  endfacet
  facet normal 0 0 -1
    outer loop
      vertex 14.95 20.9627 0
      vertex 0 31.3528 0
      vertex 12 50.8 0
    endloop
  endfacet
  facet normal 0 0 -1
    outer loop
      vertex 0 4 0
      vertex 3.47789 0.0342255 0
      vertex 2.96472 0.136292 0
    endloop
  endfacet
  facet normal 0 0 -1
    outer loop
      vertex 0 46.8 0
      vertex 12 50.8 0
      vertex 0 31.3528 0
    endloop
  endfacet
  facet normal 0 0 -1
    outer loop
      vertex 0 4 0
      vertex 2.96472 0.136292 0
      vertex 2.46927 0.304489 0
    endloop
  endfacet
  facet normal -0 0 -1
    outer loop
      vertex 12 50.8 0
      vertex 0 46.8 0
      vertex 4 50.8 0
    endloop
  endfacet
  facet normal 0 0 -1
    outer loop
      vertex 0 4 0
      vertex 2.46927 0.304489 0
      vertex 2 0.535904 0
    endloop
  endfacet
  facet normal 0 0 -1
    outer loop
      vertex 4 50.8 0
      vertex 0 46.8 0
      vertex 3.47789 50.7658 0
    endloop
  endfacet
  facet normal 0 0 -1
    outer loop
      vertex 0 4 0
      vertex 2 0.535904 0
      vertex 1.56496 0.826584 0
    endloop
  endfacet
  facet normal 0 0 -1
    outer loop
      vertex 3.47789 50.7658 0
      vertex 0 46.8 0
      vertex 2.96472 50.6637 0
    endloop
  endfacet
  facet normal 0 0 -1
    outer loop
      vertex 0 4 0
      vertex 1.56496 0.826584 0
      vertex 1.17157 1.17157 0
    endloop
  endfacet
  facet normal 0 0 -1
    outer loop
      vertex 2.96472 50.6637 0
      vertex 0 46.8 0
      vertex 2.46927 50.4955 0
    endloop
  endfacet
  facet normal 0 0 -1
    outer loop
      vertex 0 4 0
      vertex 1.17157 1.17157 0
      vertex 0.826584 1.56496 0
    endloop
  endfacet
  facet normal 0 0 -1
    outer loop
      vertex 2.46927 50.4955 0
      vertex 0 46.8 0
      vertex 2 50.2641 0
    endloop
  endfacet
  facet normal 0 0 -1
    outer loop
      vertex 0 4 0
      vertex 0.826584 1.56496 0
      vertex 0.535904 2 0
    endloop
  endfacet
  facet normal 0 0 -1
    outer loop
      vertex 2 50.2641 0
      vertex 0 46.8 0
      vertex 1.56496 49.9734 0
    endloop
  endfacet
  facet normal 0 0 -1
    outer loop
      vertex 0 4 0
      vertex 0.535904 2 0
      vertex 0.304489 2.46927 0
    endloop
  endfacet
  facet normal 0 0 -1
    outer loop
      vertex 1.56496 49.9734 0
      vertex 0 46.8 0
      vertex 1.17157 49.6284 0
    endloop
  endfacet
  facet normal 0 0 -1
    outer loop
      vertex 0 4 0
      vertex 0.304489 2.46927 0
      vertex 0.136292 2.96472 0
    endloop
  endfacet
  facet normal 0 0 -1
    outer loop
      vertex 1.17157 49.6284 0
      vertex 0 46.8 0
      vertex 0.826584 49.235 0
    endloop
  endfacet
  facet normal 0 0 -1
    outer loop
      vertex 0 4 0
      vertex 0.136292 2.96472 0
      vertex 0.0342255 3.47789 0
    endloop
  endfacet
  facet normal 0 0 -1
    outer loop
      vertex 0.826584 49.235 0
      vertex 0 46.8 0
      vertex 0.535904 48.8 0
    endloop
  endfacet
  facet normal 0 0 -1
    outer loop
      vertex 8.3 9.4 0
      vertex 0 19.4472 0
      vertex 8.3 19.144 0
    endloop
  endfacet
  facet normal 0 0 -1
    outer loop
      vertex 0.535904 48.8 0
      vertex 0 46.8 0
      vertex 0.304489 48.3307 0
    endloop
  endfacet
  facet normal 0 0 -1
    outer loop
      vertex 0.304489 48.3307 0
      vertex 0 46.8 0
      vertex 0.136292 47.8353 0
    endloop
  endfacet
  facet normal 0 0 -1
    outer loop
      vertex 0.136292 47.8353 0
      vertex 0 46.8 0
      vertex 0.0342255 47.3221 0
    endloop
  endfacet
  facet normal 0 0 -1
    outer loop
      vertex 14.95 7.58135 0
      vertex 11.45 7.58135 0
      vertex 12.5 9.4 0
    endloop
  endfacet
  facet normal 0 0 -1
    outer loop
      vertex 12.99 0 0
      vertex 9.35 7.58135 0
      vertex 11.45 7.58135 0
    endloop
  endfacet
  facet normal 0 0 -1
    outer loop
      vertex 4 0 0
      vertex 9.35 7.58135 0
      vertex 12.99 0 0
    endloop
  endfacet
  facet normal -0 0 -1
    outer loop
      vertex 9.35 7.58135 0
      vertex 0 4 0
      vertex 8.3 9.4 0
    endloop
  endfacet
  facet normal 0 0 -1
    outer loop
      vertex 0 4 0
      vertex 9.35 7.58135 0
      vertex 4 0 0
    endloop
  endfacet
  facet normal 0 0 -1
    outer loop
      vertex 17.05 17.3253 0
      vertex 19.85 16.0907 0
      vertex 17.75 16.0907 0
    endloop
  endfacet
  facet normal 0 0 -1
    outer loop
      vertex 19.85 16.0907 0
      vertex 17.05 17.3253 0
      vertex 18.1 19.144 0
    endloop
  endfacet
  facet normal 0 0 -1
    outer loop
      vertex 15.3 14.272 0
      vertex 17.75 16.0907 0
      vertex 16.7 14.272 0
    endloop
  endfacet
  facet normal 0 0 -1
    outer loop
      vertex 14.25 16.0907 0
      vertex 17.75 16.0907 0
      vertex 15.3 14.272 0
    endloop
  endfacet
  facet normal 0 0 -1
    outer loop
      vertex 17.75 16.0907 0
      vertex 14.25 16.0907 0
      vertex 17.05 17.3253 0
    endloop
  endfacet
  facet normal -0 0 -1
    outer loop
      vertex 17.05 17.3253 0
      vertex 14.25 16.0907 0
      vertex 14.95 17.3253 0
    endloop
  endfacet
  facet normal 0 0 -1
    outer loop
      vertex 11.45 17.3253 0
      vertex 14.95 17.3253 0
      vertex 14.25 16.0907 0
    endloop
  endfacet
  facet normal 0 0 -1
    outer loop
      vertex 11.45 20.9627 0
      vertex 14.95 20.9627 0
      vertex 12.5 19.144 0
    endloop
  endfacet
  facet normal 0 0 -1
    outer loop
      vertex 14.95 17.3253 0
      vertex 12.5 19.144 0
      vertex 13.9 19.144 0
    endloop
  endfacet
  facet normal 0 0 -1
    outer loop
      vertex 11.45 17.3253 0
      vertex 14.25 16.0907 0
      vertex 12.15 16.0907 0
    endloop
  endfacet
  facet normal 0 0 -1
    outer loop
      vertex 14.95 17.3253 0
      vertex 11.45 17.3253 0
      vertex 12.5 19.144 0
    endloop
  endfacet
  facet normal 0 0 -1
    outer loop
      vertex 9.35 17.3253 0
      vertex 12.15 16.0907 0
      vertex 11.1 14.272 0
    endloop
  endfacet
  facet normal 0 0 -1
    outer loop
      vertex 9.35 17.3253 0
      vertex 11.1 14.272 0
      vertex 9.35 11.2187 0
    endloop
  endfacet
  facet normal 0 0 -1
    outer loop
      vertex 12.15 16.0907 0
      vertex 9.35 17.3253 0
      vertex 11.45 17.3253 0
    endloop
  endfacet
  facet normal 0 0 -1
    outer loop
      vertex 8.3 9.4 0
      vertex 9.35 17.3253 0
      vertex 9.35 11.2187 0
    endloop
  endfacet
  facet normal -0 0 -1
    outer loop
      vertex 9.35 17.3253 0
      vertex 8.3 9.4 0
      vertex 8.3 19.144 0
    endloop
  endfacet
  facet normal 0 0 -1
    outer loop
      vertex 22 -3.59 0
      vertex 21.01 0 0
      vertex 22 -0.990001 0
    endloop
  endfacet
  facet normal 0 -0 -1
    outer loop
      vertex 22 50.8 0
      vertex 51.3 30.888 0
      vertex 17.05 20.9627 0
    endloop
  endfacet
  facet normal 0 0 -1
    outer loop
      vertex 21.01 0 0
      vertex 19.85 12.4533 0
      vertex 20.9 14.272 0
    endloop
  endfacet
  facet normal 0 0 -1
    outer loop
      vertex 21.01 0 0
      vertex 18.1 9.4 0
      vertex 19.85 12.4533 0
    endloop
  endfacet
  facet normal 0 0 -1
    outer loop
      vertex 12.99 0 0
      vertex 21.01 0 0
      vertex 22 -3.59 0
    endloop
  endfacet
  facet normal 0 0 -1
    outer loop
      vertex 21.01 0 0
      vertex 17.05 7.58135 0
      vertex 18.1 9.4 0
    endloop
  endfacet
  facet normal 0 0 -1
    outer loop
      vertex 21.01 0 0
      vertex 12.99 0 0
      vertex 17.05 7.58135 0
    endloop
  endfacet
  facet normal 0 0 -1
    outer loop
      vertex 11.45 7.58135 0
      vertex 14.95 7.58135 0
      vertex 12.99 0 0
    endloop
  endfacet
  facet normal -0 0 -1
    outer loop
      vertex 17.05 7.58135 0
      vertex 12.99 0 0
      vertex 14.95 7.58135 0
    endloop
  endfacet
  facet normal 0 0 -1
    outer loop
      vertex 12 -3.59 0
      vertex 12.99 0 0
      vertex 22 -3.59 0
    endloop
  endfacet
  facet normal 0 0 -1
    outer loop
      vertex 12.99 0 0
      vertex 12 -3.59 0
      vertex 12 -0.990001 0
    endloop
  endfacet
  facet normal 0 0 -1
    outer loop
      vertex 51.3 30.888 0
      vertex 22 50.8 0
      vertex 51.3 40.632 0
    endloop
  endfacet
  facet normal 0 0 -1
    outer loop
      vertex 12 50.8 0
      vertex 22 50.8 0
      vertex 17.05 20.9627 0
    endloop
  endfacet
  facet normal 0 0 -1
    outer loop
      vertex 12 50.8 0
      vertex 17.05 20.9627 0
      vertex 14.95 20.9627 0
    endloop
  endfacet
  facet normal 0 -0 -1
    outer loop
      vertex 13 54.39 0
      vertex 22 50.8 0
      vertex 12 50.8 0
    endloop
  endfacet
  facet normal 0 0 -1
    outer loop
      vertex 12.5 19.144 0
      vertex 14.95 20.9627 0
      vertex 13.9 19.144 0
    endloop
  endfacet
  facet normal 0 0 -1
    outer loop
      vertex 22 50.8 0
      vertex 21 54.39 0
      vertex 22 53.39 0
    endloop
  endfacet
  facet normal 0 0 -1
    outer loop
      vertex 17.05 11.2187 0
      vertex 19.85 12.4533 0
      vertex 18.1 9.4 0
    endloop
  endfacet
  facet normal -0 0 -1
    outer loop
      vertex 19.85 12.4533 0
      vertex 17.05 11.2187 0
      vertex 17.75 12.4533 0
    endloop
  endfacet
  facet normal 0 0 -1
    outer loop
      vertex 14.25 12.4533 0
      vertex 17.75 12.4533 0
      vertex 17.05 11.2187 0
    endloop
  endfacet
  facet normal 0 0 -1
    outer loop
      vertex 17.75 12.4533 0
      vertex 15.3 14.272 0
      vertex 16.7 14.272 0
    endloop
  endfacet
  facet normal 0 0 -1
    outer loop
      vertex 14.25 12.4533 0
      vertex 17.05 11.2187 0
      vertex 14.95 11.2187 0
    endloop
  endfacet
  facet normal 0 0 -1
    outer loop
      vertex 17.75 12.4533 0
      vertex 14.25 12.4533 0
      vertex 15.3 14.272 0
    endloop
  endfacet
  facet normal 0 0 -1
    outer loop
      vertex 12.5 9.4 0
      vertex 14.95 11.2187 0
      vertex 13.9 9.4 0
    endloop
  endfacet
  facet normal 0 0 -1
    outer loop
      vertex 14.95 7.58135 0
      vertex 12.5 9.4 0
      vertex 13.9 9.4 0
    endloop
  endfacet
  facet normal 0 0 -1
    outer loop
      vertex 11.45 11.2187 0
      vertex 14.95 11.2187 0
      vertex 12.5 9.4 0
    endloop
  endfacet
  facet normal 0 0 -1
    outer loop
      vertex 14.95 11.2187 0
      vertex 11.45 11.2187 0
      vertex 14.25 12.4533 0
    endloop
  endfacet
  facet normal -0 0 -1
    outer loop
      vertex 14.25 12.4533 0
      vertex 11.45 11.2187 0
      vertex 12.15 12.4533 0
    endloop
  endfacet
  facet normal 0 0 -1
    outer loop
      vertex 9.35 11.2187 0
      vertex 12.15 12.4533 0
      vertex 11.45 11.2187 0
    endloop
  endfacet
  facet normal -0 0 -1
    outer loop
      vertex 12.15 12.4533 0
      vertex 9.35 11.2187 0
      vertex 11.1 14.272 0
    endloop
  endfacet
  facet normal -0 -0 -1
    outer loop
      vertex 21 54.39 0
      vertex 22 50.8 0
      vertex 13 54.39 0
    endloop
  endfacet
  facet normal 0 0 -1
    outer loop
      vertex 13 54.39 0
      vertex 12 50.8 0
      vertex 12 53.39 0
    endloop
  endfacet
  facet normal 0 0 -1
    outer loop
      vertex 59.8 54.39 0
      vertex 58.8 50.8 0
      vertex 58.8 53.39 0
    endloop
  endfacet
  facet normal 0 0 -1
    outer loop
      vertex 57.25 18.0907 0
      vertex 60.05 19.3253 0
      vertex 58.3 16.272 0
    endloop
  endfacet
  facet normal -0 0 -1
    outer loop
      vertex 60.05 19.3253 0
      vertex 57.25 18.0907 0
      vertex 57.95 19.3253 0
    endloop
  endfacet
  facet normal 0 0 -1
    outer loop
      vertex 54.45 19.3253 0
      vertex 57.95 19.3253 0
      vertex 57.25 18.0907 0
    endloop
  endfacet
  facet normal 0 0 -1
    outer loop
      vertex 57.95 19.3253 0
      vertex 55.5 21.144 0
      vertex 56.9 21.144 0
    endloop
  endfacet
  facet normal 0 0 -1
    outer loop
      vertex 54.45 19.3253 0
      vertex 57.25 18.0907 0
      vertex 55.15 18.0907 0
    endloop
  endfacet
  facet normal 0 0 -1
    outer loop
      vertex 57.95 19.3253 0
      vertex 54.45 19.3253 0
      vertex 55.5 21.144 0
    endloop
  endfacet
  facet normal 0 0 -1
    outer loop
      vertex 52.35 19.3253 0
      vertex 55.15 18.0907 0
      vertex 54.1 16.272 0
    endloop
  endfacet
  facet normal 0 0 -1
    outer loop
      vertex 52.35 19.3253 0
      vertex 54.1 16.272 0
      vertex 52.35 13.2187 0
    endloop
  endfacet
  facet normal 0 0 -1
    outer loop
      vertex 55.15 18.0907 0
      vertex 52.35 19.3253 0
      vertex 54.45 19.3253 0
    endloop
  endfacet
  facet normal 0 0 -1
    outer loop
      vertex 51.3 11.4 0
      vertex 52.35 19.3253 0
      vertex 52.35 13.2187 0
    endloop
  endfacet
  facet normal -0 0 -1
    outer loop
      vertex 52.35 19.3253 0
      vertex 51.3 11.4 0
      vertex 51.3 21.144 0
    endloop
  endfacet
  facet normal 0 0 -1
    outer loop
      vertex 57.25 27.8347 0
      vertex 60.05 29.0693 0
      vertex 58.3 26.016 0
    endloop
  endfacet
  facet normal -0 0 -1
    outer loop
      vertex 60.05 29.0693 0
      vertex 57.25 27.8347 0
      vertex 57.95 29.0693 0
    endloop
  endfacet
  facet normal 0 0 -1
    outer loop
      vertex 54.45 29.0693 0
      vertex 57.95 29.0693 0
      vertex 57.25 27.8347 0
    endloop
  endfacet
  facet normal 0 0 -1
    outer loop
      vertex 57.95 29.0693 0
      vertex 55.5 30.888 0
      vertex 56.9 30.888 0
    endloop
  endfacet
  facet normal 0 0 -1
    outer loop
      vertex 54.45 29.0693 0
      vertex 57.25 27.8347 0
      vertex 55.15 27.8347 0
    endloop
  endfacet
  facet normal 0 0 -1
    outer loop
      vertex 57.95 29.0693 0
      vertex 54.45 29.0693 0
      vertex 55.5 30.888 0
    endloop
  endfacet
  facet normal 0 0 -1
    outer loop
      vertex 52.35 29.0693 0
      vertex 55.15 27.8347 0
      vertex 54.1 26.016 0
    endloop
  endfacet
  facet normal 0 0 -1
    outer loop
      vertex 52.35 29.0693 0
      vertex 54.1 26.016 0
      vertex 52.35 22.9627 0
    endloop
  endfacet
  facet normal 0 0 -1
    outer loop
      vertex 55.15 27.8347 0
      vertex 52.35 29.0693 0
      vertex 54.45 29.0693 0
    endloop
  endfacet
  facet normal 0 0 -1
    outer loop
      vertex 51.3 21.144 0
      vertex 52.35 29.0693 0
      vertex 52.35 22.9627 0
    endloop
  endfacet
  facet normal -0 0 -1
    outer loop
      vertex 52.35 29.0693 0
      vertex 51.3 21.144 0
      vertex 51.3 30.888 0
    endloop
  endfacet
  facet normal 0 0 -1
    outer loop
      vertex 57.25 37.5787 0
      vertex 60.05 38.8133 0
      vertex 58.3 35.76 0
    endloop
  endfacet
  facet normal -0 0 -1
    outer loop
      vertex 60.05 38.8133 0
      vertex 57.25 37.5787 0
      vertex 57.95 38.8133 0
    endloop
  endfacet
  facet normal 0 0 -1
    outer loop
      vertex 54.45 38.8133 0
      vertex 57.95 38.8133 0
      vertex 57.25 37.5787 0
    endloop
  endfacet
  facet normal 0 0 -1
    outer loop
      vertex 57.95 38.8133 0
      vertex 55.5 40.632 0
      vertex 56.9 40.632 0
    endloop
  endfacet
  facet normal 0 0 -1
    outer loop
      vertex 54.45 38.8133 0
      vertex 57.25 37.5787 0
      vertex 55.15 37.5787 0
    endloop
  endfacet
  facet normal 0 0 -1
    outer loop
      vertex 57.95 38.8133 0
      vertex 54.45 38.8133 0
      vertex 55.5 40.632 0
    endloop
  endfacet
  facet normal 0 0 -1
    outer loop
      vertex 52.35 38.8133 0
      vertex 55.15 37.5787 0
      vertex 54.1 35.76 0
    endloop
  endfacet
  facet normal 0 0 -1
    outer loop
      vertex 52.35 38.8133 0
      vertex 54.1 35.76 0
      vertex 52.35 32.7067 0
    endloop
  endfacet
  facet normal 0 0 -1
    outer loop
      vertex 55.15 37.5787 0
      vertex 52.35 38.8133 0
      vertex 54.45 38.8133 0
    endloop
  endfacet
  facet normal 0 0 -1
    outer loop
      vertex 51.3 30.888 0
      vertex 52.35 38.8133 0
      vertex 52.35 32.7067 0
    endloop
  endfacet
  facet normal -0 0 -1
    outer loop
      vertex 52.35 38.8133 0
      vertex 51.3 30.888 0
      vertex 51.3 40.632 0
    endloop
  endfacet
  facet normal 0 0 -1
    outer loop
      vertex 76.8 0 0
      vertex 80.8 4 0
      vertex 80.7658 3.47789 0
    endloop
  endfacet
  facet normal 0 0 -1
    outer loop
      vertex 80.8 4 0
      vertex 71.25 13.2187 0
      vertex 80.8 46.8 0
    endloop
  endfacet
  facet normal 0 0 -1
    outer loop
      vertex 76.8 0 0
      vertex 80.7658 3.47789 0
      vertex 80.6637 2.96472 0
    endloop
  endfacet
  facet normal 0 0 -1
    outer loop
      vertex 80.8 4 0
      vertex 72.3 11.4 0
      vertex 71.25 13.2187 0
    endloop
  endfacet
  facet normal 0 0 -1
    outer loop
      vertex 76.8 0 0
      vertex 80.6637 2.96472 0
      vertex 80.4955 2.46927 0
    endloop
  endfacet
  facet normal 0 0 -1
    outer loop
      vertex 69.15 13.2187 0
      vertex 80.8 46.8 0
      vertex 71.25 13.2187 0
    endloop
  endfacet
  facet normal 0 0 -1
    outer loop
      vertex 76.8 0 0
      vertex 80.4955 2.46927 0
      vertex 80.2641 2 0
    endloop
  endfacet
  facet normal 0 0 -1
    outer loop
      vertex 68.8 50.8 0
      vertex 80.8 46.8 0
      vertex 69.15 13.2187 0
    endloop
  endfacet
  facet normal 0 0 -1
    outer loop
      vertex 76.8 0 0
      vertex 80.2641 2 0
      vertex 79.9734 1.56496 0
    endloop
  endfacet
  facet normal 0 0 -1
    outer loop
      vertex 80.8 46.8 0
      vertex 76.8 50.8 0
      vertex 80.7658 47.3221 0
    endloop
  endfacet
  facet normal 0 0 -1
    outer loop
      vertex 76.8 0 0
      vertex 79.9734 1.56496 0
      vertex 79.6284 1.17157 0
    endloop
  endfacet
  facet normal 0 0 -1
    outer loop
      vertex 80.7658 47.3221 0
      vertex 76.8 50.8 0
      vertex 80.6637 47.8353 0
    endloop
  endfacet
  facet normal 0 0 -1
    outer loop
      vertex 76.8 0 0
      vertex 79.6284 1.17157 0
      vertex 79.235 0.826584 0
    endloop
  endfacet
  facet normal 0 0 -1
    outer loop
      vertex 80.6637 47.8353 0
      vertex 76.8 50.8 0
      vertex 80.4955 48.3307 0
    endloop
  endfacet
  facet normal 0 0 -1
    outer loop
      vertex 76.8 0 0
      vertex 79.235 0.826584 0
      vertex 78.8 0.535904 0
    endloop
  endfacet
  facet normal 0 0 -1
    outer loop
      vertex 80.4955 48.3307 0
      vertex 76.8 50.8 0
      vertex 80.2641 48.8 0
    endloop
  endfacet
  facet normal 0 0 -1
    outer loop
      vertex 76.8 0 0
      vertex 78.8 0.535904 0
      vertex 78.3307 0.304489 0
    endloop
  endfacet
  facet normal 0 0 -1
    outer loop
      vertex 80.2641 48.8 0
      vertex 76.8 50.8 0
      vertex 79.9734 49.235 0
    endloop
  endfacet
  facet normal 0 0 -1
    outer loop
      vertex 76.8 0 0
      vertex 78.3307 0.304489 0
      vertex 77.8353 0.136292 0
    endloop
  endfacet
  facet normal 0 0 -1
    outer loop
      vertex 79.9734 49.235 0
      vertex 76.8 50.8 0
      vertex 79.6284 49.6284 0
    endloop
  endfacet
  facet normal 0 0 -1
    outer loop
      vertex 76.8 0 0
      vertex 77.8353 0.136292 0
      vertex 77.3221 0.0342255 0
    endloop
  endfacet
  facet normal 0 0 -1
    outer loop
      vertex 79.235 49.9734 0
      vertex 76.8 50.8 0
      vertex 78.8 50.2641 0
    endloop
  endfacet
  facet normal -0 0 -1
    outer loop
      vertex 80.8 4 0
      vertex 76.8 0 0
      vertex 71.25 9.58135 0
    endloop
  endfacet
  facet normal 0 0 -1
    outer loop
      vertex 78.8 50.2641 0
      vertex 76.8 50.8 0
      vertex 78.3307 50.4955 0
    endloop
  endfacet
  facet normal 0 0 -1
    outer loop
      vertex 78.3307 50.4955 0
      vertex 76.8 50.8 0
      vertex 77.8353 50.6637 0
    endloop
  endfacet
  facet normal 0 0 -1
    outer loop
      vertex 80.8 4 0
      vertex 71.25 9.58135 0
      vertex 72.3 11.4 0
    endloop
  endfacet
  facet normal 0 0 -1
    outer loop
      vertex 67.81 0 0
      vertex 71.25 9.58135 0
      vertex 76.8 0 0
    endloop
  endfacet
  facet normal 0 0 -1
    outer loop
      vertex 65.65 9.58135 0
      vertex 69.15 9.58135 0
      vertex 67.81 0 0
    endloop
  endfacet
  facet normal -0 0 -1
    outer loop
      vertex 71.25 9.58135 0
      vertex 67.81 0 0
      vertex 69.15 9.58135 0
    endloop
  endfacet
  facet normal 0 0 -1
    outer loop
      vertex 77.8353 50.6637 0
      vertex 76.8 50.8 0
      vertex 77.3221 50.7658 0
    endloop
  endfacet
  facet normal -0 -0 -1
    outer loop
      vertex 76.8 50.8 0
      vertex 80.8 46.8 0
      vertex 68.8 50.8 0
    endloop
  endfacet
  facet normal 0 0 -1
    outer loop
      vertex 79.6284 49.6284 0
      vertex 76.8 50.8 0
      vertex 79.235 49.9734 0
    endloop
  endfacet
  facet normal 0 0 -1
    outer loop
      vertex 66.7 11.4 0
      vertex 69.15 13.2187 0
      vertex 68.1 11.4 0
    endloop
  endfacet
  facet normal 0 0 -1
    outer loop
      vertex 65.65 13.2187 0
      vertex 69.15 13.2187 0
      vertex 66.7 11.4 0
    endloop
  endfacet
  facet normal 0 0 -1
    outer loop
      vertex 69.15 9.58135 0
      vertex 66.7 11.4 0
      vertex 68.1 11.4 0
    endloop
  endfacet
  facet normal 0 0 -1
    outer loop
      vertex 68.8 50.8 0
      vertex 67.8 54.39 0
      vertex 68.8 53.39 0
    endloop
  endfacet
  facet normal -0.194945 -0.980814 0
    outer loop
      vertex -4.27646 19.5022 0
      vertex -3.89157 19.4257 4.5
      vertex -4.27646 19.5022 4.5
    endloop
  endfacet
  facet normal -0.194945 -0.980814 -0
    outer loop
      vertex -3.89157 19.4257 4.5
      vertex -4.27646 19.5022 0
      vertex -3.89157 19.4257 0
    endloop
  endfacet
  facet normal 0 -1 0
    outer loop
      vertex -3.5 19.4 0
      vertex -0.5 19.4 4.5
      vertex -3.5 19.4 4.5
    endloop
  endfacet
  facet normal 0 -1 -0
    outer loop
      vertex -0.5 19.4 4.5
      vertex -3.5 19.4 0
      vertex -0.5 19.4 0
    endloop
  endfacet
  facet normal 0 1 -0
    outer loop
      vertex -0.5 31.4 0
      vertex -3.5 31.4 4.5
      vertex -0.5 31.4 4.5
    endloop
  endfacet
  facet normal 0 1 0
    outer loop
      vertex -3.5 31.4 4.5
      vertex -0.5 31.4 0
      vertex -3.5 31.4 0
    endloop
  endfacet
  facet normal -0.0654923 0.997853 0
    outer loop
      vertex -3.5 31.4 0
      vertex -3.89157 31.3743 4.5
      vertex -3.5 31.4 4.5
    endloop
  endfacet
  facet normal -0.0654923 0.997853 0
    outer loop
      vertex -3.89157 31.3743 4.5
      vertex -3.5 31.4 0
      vertex -3.89157 31.3743 0
    endloop
  endfacet
  facet normal -0.442171 0.896931 0
    outer loop
      vertex -4.64806 31.1716 0
      vertex -5 30.9981 4.5
      vertex -4.64806 31.1716 4.5
    endloop
  endfacet
  facet normal -0.442171 0.896931 0
    outer loop
      vertex -5 30.9981 4.5
      vertex -4.64806 31.1716 0
      vertex -5 30.9981 0
    endloop
  endfacet
  facet normal -0.321574 0.946885 0
    outer loop
      vertex -4.27646 31.2978 0
      vertex -4.64806 31.1716 4.5
      vertex -4.27646 31.2978 4.5
    endloop
  endfacet
  facet normal -0.321574 0.946885 0
    outer loop
      vertex -4.64806 31.1716 4.5
      vertex -4.27646 31.2978 0
      vertex -4.64806 31.1716 0
    endloop
  endfacet
  facet normal -0.555547 0.831485 0
    outer loop
      vertex -5 30.9981 0
      vertex -5.32628 30.7801 4.5
      vertex -5 30.9981 4.5
    endloop
  endfacet
  facet normal -0.555547 0.831485 0
    outer loop
      vertex -5.32628 30.7801 4.5
      vertex -5 30.9981 0
      vertex -5.32628 30.7801 0
    endloop
  endfacet
  facet normal -0.751767 0.659429 0
    outer loop
      vertex -5.8 30.3176 0
      vertex -5.62132 30.5213 4.5
      vertex -5.62132 30.5213 0
    endloop
  endfacet
  facet normal -0.751767 0.659429 0
    outer loop
      vertex -5.62132 30.5213 4.5
      vertex -5.8 30.3176 0
      vertex -5.8 30.3176 4.5
    endloop
  endfacet
  facet normal 0 0 1
    outer loop
      vertex -0.5 31.4 4.5
      vertex 0 31.3528 4.5
      vertex -0.108429 31.3743 4.5
    endloop
  endfacet
  facet normal 0 0 1
    outer loop
      vertex 0 31.3528 4.5
      vertex -1.1 25.4 4.5
      vertex 0 19.4472 4.5
    endloop
  endfacet
  facet normal 0 0 1
    outer loop
      vertex 0 31.3528 4.5
      vertex -0.5 31.4 4.5
      vertex -1.9216 27.066 4.5
    endloop
  endfacet
  facet normal -0 0 1
    outer loop
      vertex -1.11797 25.1259 4.5
      vertex 0 19.4472 4.5
      vertex -1.1 25.4 4.5
    endloop
  endfacet
  facet normal -0 0 1
    outer loop
      vertex -1.17156 24.8565 4.5
      vertex 0 19.4472 4.5
      vertex -1.11797 25.1259 4.5
    endloop
  endfacet
  facet normal 0 0 1
    outer loop
      vertex 0 31.3528 4.5
      vertex -1.11797 25.6741 4.5
      vertex -1.1 25.4 4.5
    endloop
  endfacet
  facet normal 0 0 1
    outer loop
      vertex 0 31.3528 4.5
      vertex -1.17156 25.9435 4.5
      vertex -1.11797 25.6741 4.5
    endloop
  endfacet
  facet normal 0 0 1
    outer loop
      vertex 0 31.3528 4.5
      vertex -1.25985 26.2036 4.5
      vertex -1.17156 25.9435 4.5
    endloop
  endfacet
  facet normal 0 0 1
    outer loop
      vertex 0 31.3528 4.5
      vertex -1.38135 26.45 4.5
      vertex -1.25985 26.2036 4.5
    endloop
  endfacet
  facet normal 0 0 1
    outer loop
      vertex 0 31.3528 4.5
      vertex -1.53396 26.6784 4.5
      vertex -1.38135 26.45 4.5
    endloop
  endfacet
  facet normal 0 0 1
    outer loop
      vertex 0 31.3528 4.5
      vertex -1.71508 26.8849 4.5
      vertex -1.53396 26.6784 4.5
    endloop
  endfacet
  facet normal 0 0 1
    outer loop
      vertex 0 31.3528 4.5
      vertex -1.9216 27.066 4.5
      vertex -1.71508 26.8849 4.5
    endloop
  endfacet
  facet normal 0 0 1
    outer loop
      vertex -0.5 31.4 4.5
      vertex -2.15 27.2187 4.5
      vertex -1.9216 27.066 4.5
    endloop
  endfacet
  facet normal 0 0 1
    outer loop
      vertex -0.5 31.4 4.5
      vertex -2.39636 27.3401 4.5
      vertex -2.15 27.2187 4.5
    endloop
  endfacet
  facet normal 0 0 1
    outer loop
      vertex -0.5 31.4 4.5
      vertex -2.65648 27.4284 4.5
      vertex -2.39636 27.3401 4.5
    endloop
  endfacet
  facet normal -0 0 1
    outer loop
      vertex -3.5 31.4 4.5
      vertex -2.65648 27.4284 4.5
      vertex -0.5 31.4 4.5
    endloop
  endfacet
  facet normal 0 0 1
    outer loop
      vertex -2.65648 27.4284 4.5
      vertex -3.5 31.4 4.5
      vertex -2.92589 27.482 4.5
    endloop
  endfacet
  facet normal 0 0 1
    outer loop
      vertex -2.92589 27.482 4.5
      vertex -3.5 31.4 4.5
      vertex -3.2 27.5 4.5
    endloop
  endfacet
  facet normal 0 0 1
    outer loop
      vertex -3.2 27.5 4.5
      vertex -3.5 31.4 4.5
      vertex -3.4741 27.482 4.5
    endloop
  endfacet
  facet normal -0 0 1
    outer loop
      vertex -3.89157 31.3743 4.5
      vertex -3.4741 27.482 4.5
      vertex -3.5 31.4 4.5
    endloop
  endfacet
  facet normal -0 0 1
    outer loop
      vertex -4.27646 31.2978 4.5
      vertex -3.4741 27.482 4.5
      vertex -3.89157 31.3743 4.5
    endloop
  endfacet
  facet normal -0 0 1
    outer loop
      vertex -4.64806 31.1716 4.5
      vertex -3.4741 27.482 4.5
      vertex -4.27646 31.2978 4.5
    endloop
  endfacet
  facet normal 0 0 1
    outer loop
      vertex -3.4741 27.482 4.5
      vertex -4.64806 31.1716 4.5
      vertex -3.74352 27.4284 4.5
    endloop
  endfacet
  facet normal -0 0 1
    outer loop
      vertex -5 30.9981 4.5
      vertex -3.74352 27.4284 4.5
      vertex -4.64806 31.1716 4.5
    endloop
  endfacet
  facet normal -0 0 1
    outer loop
      vertex -5.32628 30.7801 4.5
      vertex -3.74352 27.4284 4.5
      vertex -5 30.9981 4.5
    endloop
  endfacet
  facet normal -0 0 1
    outer loop
      vertex -5.62132 30.5213 4.5
      vertex -3.74352 27.4284 4.5
      vertex -5.32628 30.7801 4.5
    endloop
  endfacet
  facet normal -0 0 1
    outer loop
      vertex -5.8 30.3176 4.5
      vertex -3.74352 27.4284 4.5
      vertex -5.62132 30.5213 4.5
    endloop
  endfacet
  facet normal 0 0 1
    outer loop
      vertex -3.74352 27.4284 4.5
      vertex -5.8 30.3176 4.5
      vertex -4.00363 27.3401 4.5
    endloop
  endfacet
  facet normal 0 0 1
    outer loop
      vertex -4.00363 27.3401 4.5
      vertex -5.8 30.3176 4.5
      vertex -4.25 27.2187 4.5
    endloop
  endfacet
  facet normal 0 0 1
    outer loop
      vertex -4.25 27.2187 4.5
      vertex -5.8 30.3176 4.5
      vertex -4.4784 27.066 4.5
    endloop
  endfacet
  facet normal 0 0 1
    outer loop
      vertex -4.68492 26.8849 4.5
      vertex -5.8 30.3176 4.5
      vertex -4.86604 26.6784 4.5
    endloop
  endfacet
  facet normal 0 0 1
    outer loop
      vertex -5.01865 26.45 4.5
      vertex -5.8 30.3176 4.5
      vertex -5.14015 26.2036 4.5
    endloop
  endfacet
  facet normal 0 0 1
    outer loop
      vertex -5.14015 26.2036 4.5
      vertex -5.8 30.3176 4.5
      vertex -5.22844 25.9435 4.5
    endloop
  endfacet
  facet normal 0 0 1
    outer loop
      vertex -5.22844 25.9435 4.5
      vertex -5.8 30.3176 4.5
      vertex -5.28203 25.6741 4.5
    endloop
  endfacet
  facet normal 0 0 1
    outer loop
      vertex -4.86604 26.6784 4.5
      vertex -5.8 30.3176 4.5
      vertex -5.01865 26.45 4.5
    endloop
  endfacet
  facet normal -0 0 1
    outer loop
      vertex -1.25985 24.5964 4.5
      vertex 0 19.4472 4.5
      vertex -1.17156 24.8565 4.5
    endloop
  endfacet
  facet normal -0 0 1
    outer loop
      vertex -1.38135 24.35 4.5
      vertex 0 19.4472 4.5
      vertex -1.25985 24.5964 4.5
    endloop
  endfacet
  facet normal -0 0 1
    outer loop
      vertex -1.53396 24.1216 4.5
      vertex 0 19.4472 4.5
      vertex -1.38135 24.35 4.5
    endloop
  endfacet
  facet normal -0 0 1
    outer loop
      vertex -1.71508 23.9151 4.5
      vertex 0 19.4472 4.5
      vertex -1.53396 24.1216 4.5
    endloop
  endfacet
  facet normal -0 0 1
    outer loop
      vertex -1.9216 23.734 4.5
      vertex 0 19.4472 4.5
      vertex -1.71508 23.9151 4.5
    endloop
  endfacet
  facet normal 0 -0 1
    outer loop
      vertex -0.5 19.4 4.5
      vertex 0 19.4472 4.5
      vertex -1.9216 23.734 4.5
    endloop
  endfacet
  facet normal 0 0 1
    outer loop
      vertex 0 19.4472 4.5
      vertex -0.5 19.4 4.5
      vertex -0.108429 19.4257 4.5
    endloop
  endfacet
  facet normal -0 0 1
    outer loop
      vertex -2.15 23.5813 4.5
      vertex -0.5 19.4 4.5
      vertex -1.9216 23.734 4.5
    endloop
  endfacet
  facet normal -0 0 1
    outer loop
      vertex -2.39636 23.4599 4.5
      vertex -0.5 19.4 4.5
      vertex -2.15 23.5813 4.5
    endloop
  endfacet
  facet normal -0 0 1
    outer loop
      vertex -2.65648 23.3716 4.5
      vertex -0.5 19.4 4.5
      vertex -2.39636 23.4599 4.5
    endloop
  endfacet
  facet normal 0 0 1
    outer loop
      vertex -3.5 19.4 4.5
      vertex -2.65648 23.3716 4.5
      vertex -2.92589 23.318 4.5
    endloop
  endfacet
  facet normal 0 0 1
    outer loop
      vertex -3.5 19.4 4.5
      vertex -2.92589 23.318 4.5
      vertex -3.2 23.3 4.5
    endloop
  endfacet
  facet normal 0 0 1
    outer loop
      vertex -3.5 19.4 4.5
      vertex -3.2 23.3 4.5
      vertex -3.4741 23.318 4.5
    endloop
  endfacet
  facet normal 0 0 1
    outer loop
      vertex -2.65648 23.3716 4.5
      vertex -3.5 19.4 4.5
      vertex -0.5 19.4 4.5
    endloop
  endfacet
  facet normal 0 0 1
    outer loop
      vertex -4.64806 19.6284 4.5
      vertex -3.4741 23.318 4.5
      vertex -3.74352 23.3716 4.5
    endloop
  endfacet
  facet normal 0 0 1
    outer loop
      vertex -3.4741 23.318 4.5
      vertex -3.89157 19.4257 4.5
      vertex -3.5 19.4 4.5
    endloop
  endfacet
  facet normal 0 0 1
    outer loop
      vertex -5.8 20.4824 4.5
      vertex -3.74352 23.3716 4.5
      vertex -4.00363 23.4599 4.5
    endloop
  endfacet
  facet normal 0 0 1
    outer loop
      vertex -5.8 20.4824 4.5
      vertex -4.00363 23.4599 4.5
      vertex -4.25 23.5813 4.5
    endloop
  endfacet
  facet normal 0 0 1
    outer loop
      vertex -3.4741 23.318 4.5
      vertex -4.27646 19.5022 4.5
      vertex -3.89157 19.4257 4.5
    endloop
  endfacet
  facet normal 0 0 1
    outer loop
      vertex -5.8 20.4824 4.5
      vertex -4.25 23.5813 4.5
      vertex -4.4784 23.734 4.5
    endloop
  endfacet
  facet normal 0 0 1
    outer loop
      vertex -3.4741 23.318 4.5
      vertex -4.64806 19.6284 4.5
      vertex -4.27646 19.5022 4.5
    endloop
  endfacet
  facet normal 0 0 1
    outer loop
      vertex -5.8 20.4824 4.5
      vertex -4.4784 23.734 4.5
      vertex -4.68492 23.9151 4.5
    endloop
  endfacet
  facet normal 0 0 1
    outer loop
      vertex -5.8 20.4824 4.5
      vertex -4.68492 23.9151 4.5
      vertex -4.86604 24.1216 4.5
    endloop
  endfacet
  facet normal 0 0 1
    outer loop
      vertex -3.74352 23.3716 4.5
      vertex -5 19.8019 4.5
      vertex -4.64806 19.6284 4.5
    endloop
  endfacet
  facet normal 0 0 1
    outer loop
      vertex -5.8 20.4824 4.5
      vertex -4.86604 24.1216 4.5
      vertex -5.01865 24.35 4.5
    endloop
  endfacet
  facet normal 0 0 1
    outer loop
      vertex -5.8 20.4824 4.5
      vertex -5.01865 24.35 4.5
      vertex -5.14015 24.5964 4.5
    endloop
  endfacet
  facet normal 0 0 1
    outer loop
      vertex -5.8 20.4824 4.5
      vertex -5.14015 24.5964 4.5
      vertex -5.22844 24.8565 4.5
    endloop
  endfacet
  facet normal 0 0 1
    outer loop
      vertex -5.8 20.4824 4.5
      vertex -5.22844 24.8565 4.5
      vertex -5.28203 25.1259 4.5
    endloop
  endfacet
  facet normal 0 0 1
    outer loop
      vertex -5.8 20.4824 4.5
      vertex -5.28203 25.1259 4.5
      vertex -5.3 25.4 4.5
    endloop
  endfacet
  facet normal 0 0 1
    outer loop
      vertex -3.74352 23.3716 4.5
      vertex -5.8 20.4824 4.5
      vertex -5.62132 20.2787 4.5
    endloop
  endfacet
  facet normal 0 0 1
    outer loop
      vertex -5.28203 25.6741 4.5
      vertex -5.8 30.3176 4.5
      vertex -5.3 25.4 4.5
    endloop
  endfacet
  facet normal 0 0 1
    outer loop
      vertex -4.4784 27.066 4.5
      vertex -5.8 30.3176 4.5
      vertex -4.68492 26.8849 4.5
    endloop
  endfacet
  facet normal 0 0 1
    outer loop
      vertex -5.8 20.4824 4.5
      vertex -5.3 25.4 4.5
      vertex -5.8 30.3176 4.5
    endloop
  endfacet
  facet normal 0 0 1
    outer loop
      vertex -3.74352 23.3716 4.5
      vertex -5.32628 20.0199 4.5
      vertex -5 19.8019 4.5
    endloop
  endfacet
  facet normal 0 0 1
    outer loop
      vertex -3.74352 23.3716 4.5
      vertex -5.62132 20.2787 4.5
      vertex -5.32628 20.0199 4.5
    endloop
  endfacet
  facet normal -0.442171 -0.896931 0
    outer loop
      vertex -5 19.8019 0
      vertex -4.64806 19.6284 4.5
      vertex -5 19.8019 4.5
    endloop
  endfacet
  facet normal -0.442171 -0.896931 -0
    outer loop
      vertex -4.64806 19.6284 4.5
      vertex -5 19.8019 0
      vertex -4.64806 19.6284 0
    endloop
  endfacet
  facet normal -0.659428 -0.751768 0
    outer loop
      vertex -5.62132 20.2787 0
      vertex -5.32628 20.0199 4.5
      vertex -5.62132 20.2787 4.5
    endloop
  endfacet
  facet normal -0.659428 -0.751768 -0
    outer loop
      vertex -5.32628 20.0199 4.5
      vertex -5.62132 20.2787 0
      vertex -5.32628 20.0199 0
    endloop
  endfacet
  facet normal -0.0654923 -0.997853 0
    outer loop
      vertex -3.89157 19.4257 0
      vertex -3.5 19.4 4.5
      vertex -3.89157 19.4257 4.5
    endloop
  endfacet
  facet normal -0.0654923 -0.997853 -0
    outer loop
      vertex -3.5 19.4 4.5
      vertex -3.89157 19.4257 0
      vertex -3.5 19.4 0
    endloop
  endfacet
  facet normal 0.0654921 -0.997853 0
    outer loop
      vertex -0.5 19.4 0
      vertex -0.108429 19.4257 4.5
      vertex -0.5 19.4 4.5
    endloop
  endfacet
  facet normal 0.0654921 -0.997853 0
    outer loop
      vertex -0.108429 19.4257 4.5
      vertex -0.5 19.4 0
      vertex -0.108429 19.4257 0
    endloop
  endfacet
  facet normal 0.0654921 0.997853 -0
    outer loop
      vertex -0.108429 31.3743 0
      vertex -0.5 31.4 4.5
      vertex -0.108429 31.3743 4.5
    endloop
  endfacet
  facet normal 0.0654921 0.997853 0
    outer loop
      vertex -0.5 31.4 4.5
      vertex -0.108429 31.3743 0
      vertex -0.5 31.4 0
    endloop
  endfacet
  facet normal 0.1945 0.980903 -0
    outer loop
      vertex 0 31.3528 0
      vertex -0.108429 31.3743 4.5
      vertex 0 31.3528 4.5
    endloop
  endfacet
  facet normal 0.1945 0.980903 0
    outer loop
      vertex -0.108429 31.3743 4.5
      vertex 0 31.3528 0
      vertex -0.108429 31.3743 0
    endloop
  endfacet
  facet normal -0.751767 -0.659429 0
    outer loop
      vertex -5.62132 20.2787 0
      vertex -5.8 20.4824 4.5
      vertex -5.8 20.4824 0
    endloop
  endfacet
  facet normal -0.751767 -0.659429 0
    outer loop
      vertex -5.8 20.4824 4.5
      vertex -5.62132 20.2787 0
      vertex -5.62132 20.2787 4.5
    endloop
  endfacet
  facet normal -0.321574 -0.946885 0
    outer loop
      vertex -4.64806 19.6284 0
      vertex -4.27646 19.5022 4.5
      vertex -4.64806 19.6284 4.5
    endloop
  endfacet
  facet normal -0.321574 -0.946885 -0
    outer loop
      vertex -4.27646 19.5022 4.5
      vertex -4.64806 19.6284 0
      vertex -4.27646 19.5022 0
    endloop
  endfacet
  facet normal -0.555547 -0.831485 0
    outer loop
      vertex -5.32628 20.0199 0
      vertex -5 19.8019 4.5
      vertex -5.32628 20.0199 4.5
    endloop
  endfacet
  facet normal -0.555547 -0.831485 -0
    outer loop
      vertex -5 19.8019 4.5
      vertex -5.32628 20.0199 0
      vertex -5 19.8019 0
    endloop
  endfacet
  facet normal 0.980783 -0.195101 0
    outer loop
      vertex -5.28203 25.6741 4.5
      vertex -5.22844 25.9435 0
      vertex -5.22844 25.9435 4.5
    endloop
  endfacet
  facet normal 0.980783 -0.195101 0
    outer loop
      vertex -5.22844 25.9435 0
      vertex -5.28203 25.6741 4.5
      vertex -5.28203 25.6741 0
    endloop
  endfacet
  facet normal -0.831473 -0.555565 0
    outer loop
      vertex -1.38135 26.45 0
      vertex -1.53396 26.6784 4.5
      vertex -1.53396 26.6784 0
    endloop
  endfacet
  facet normal -0.831473 -0.555565 0
    outer loop
      vertex -1.53396 26.6784 4.5
      vertex -1.38135 26.45 0
      vertex -1.38135 26.45 4.5
    endloop
  endfacet
  facet normal -0.321443 -0.946929 0
    outer loop
      vertex -2.65648 27.4284 0
      vertex -2.39636 27.3401 4.5
      vertex -2.65648 27.4284 4.5
    endloop
  endfacet
  facet normal -0.321443 -0.946929 -0
    outer loop
      vertex -2.39636 27.3401 4.5
      vertex -2.65648 27.4284 0
      vertex -2.39636 27.3401 0
    endloop
  endfacet
  facet normal 0.442007 -0.897012 0
    outer loop
      vertex -4.25 27.2187 0
      vertex -4.00363 27.3401 4.5
      vertex -4.25 27.2187 4.5
    endloop
  endfacet
  facet normal 0.442007 -0.897012 0
    outer loop
      vertex -4.00363 27.3401 4.5
      vertex -4.25 27.2187 0
      vertex -4.00363 27.3401 0
    endloop
  endfacet
  facet normal 0.946932 -0.321433 0
    outer loop
      vertex -5.22844 25.9435 4.5
      vertex -5.14015 26.2036 0
      vertex -5.14015 26.2036 4.5
    endloop
  endfacet
  facet normal 0.946932 -0.321433 0
    outer loop
      vertex -5.14015 26.2036 0
      vertex -5.22844 25.9435 4.5
      vertex -5.22844 25.9435 0
    endloop
  endfacet
  facet normal -0.980783 0.195101 0
    outer loop
      vertex -1.17156 24.8565 0
      vertex -1.11797 25.1259 4.5
      vertex -1.11797 25.1259 0
    endloop
  endfacet
  facet normal -0.980783 0.195101 0
    outer loop
      vertex -1.11797 25.1259 4.5
      vertex -1.17156 24.8565 0
      vertex -1.17156 24.8565 4.5
    endloop
  endfacet
  facet normal -0.980783 -0.195101 0
    outer loop
      vertex -1.11797 25.6741 0
      vertex -1.17156 25.9435 4.5
      vertex -1.17156 25.9435 0
    endloop
  endfacet
  facet normal -0.980783 -0.195101 0
    outer loop
      vertex -1.17156 25.9435 4.5
      vertex -1.11797 25.6741 0
      vertex -1.11797 25.6741 4.5
    endloop
  endfacet
  facet normal -0.659319 -0.751864 0
    outer loop
      vertex -1.9216 27.066 0
      vertex -1.71508 26.8849 4.5
      vertex -1.9216 27.066 4.5
    endloop
  endfacet
  facet normal -0.659319 -0.751864 -0
    outer loop
      vertex -1.71508 26.8849 4.5
      vertex -1.9216 27.066 0
      vertex -1.71508 26.8849 0
    endloop
  endfacet
  facet normal 0.0655283 -0.997851 0
    outer loop
      vertex -3.4741 27.482 0
      vertex -3.2 27.5 4.5
      vertex -3.4741 27.482 4.5
    endloop
  endfacet
  facet normal 0.0655283 -0.997851 0
    outer loop
      vertex -3.2 27.5 4.5
      vertex -3.4741 27.482 0
      vertex -3.2 27.5 0
    endloop
  endfacet
  facet normal -0.555792 -0.831322 0
    outer loop
      vertex -2.15 27.2187 0
      vertex -1.9216 27.066 4.5
      vertex -2.15 27.2187 4.5
    endloop
  endfacet
  facet normal -0.555792 -0.831322 -0
    outer loop
      vertex -1.9216 27.066 4.5
      vertex -2.15 27.2187 0
      vertex -1.9216 27.066 0
    endloop
  endfacet
  facet normal 0.831473 -0.555565 0
    outer loop
      vertex -5.01865 26.45 4.5
      vertex -4.86604 26.6784 0
      vertex -4.86604 26.6784 4.5
    endloop
  endfacet
  facet normal 0.831473 -0.555565 0
    outer loop
      vertex -4.86604 26.6784 0
      vertex -5.01865 26.45 4.5
      vertex -5.01865 26.45 0
    endloop
  endfacet
  facet normal 0.195122 -0.980779 0
    outer loop
      vertex -3.74352 27.4284 0
      vertex -3.4741 27.482 4.5
      vertex -3.74352 27.4284 4.5
    endloop
  endfacet
  facet normal 0.195122 -0.980779 0
    outer loop
      vertex -3.4741 27.482 4.5
      vertex -3.74352 27.4284 0
      vertex -3.4741 27.482 0
    endloop
  endfacet
  facet normal 0.751796 -0.659396 0
    outer loop
      vertex -4.86604 26.6784 4.5
      vertex -4.68492 26.8849 0
      vertex -4.68492 26.8849 4.5
    endloop
  endfacet
  facet normal 0.751796 -0.659396 0
    outer loop
      vertex -4.68492 26.8849 0
      vertex -4.86604 26.6784 4.5
      vertex -4.86604 26.6784 0
    endloop
  endfacet
  facet normal -0.997858 -0.0654196 0
    outer loop
      vertex -1.1 25.4 0
      vertex -1.11797 25.6741 4.5
      vertex -1.11797 25.6741 0
    endloop
  endfacet
  facet normal -0.997858 -0.0654196 0
    outer loop
      vertex -1.11797 25.6741 4.5
      vertex -1.1 25.4 0
      vertex -1.1 25.4 4.5
    endloop
  endfacet
  facet normal -0.751796 -0.659396 0
    outer loop
      vertex -1.53396 26.6784 0
      vertex -1.71508 26.8849 4.5
      vertex -1.71508 26.8849 0
    endloop
  endfacet
  facet normal -0.751796 -0.659396 0
    outer loop
      vertex -1.71508 26.8849 4.5
      vertex -1.53396 26.6784 0
      vertex -1.53396 26.6784 4.5
    endloop
  endfacet
  facet normal -0.195129 -0.980778 0
    outer loop
      vertex -2.92589 27.482 0
      vertex -2.65648 27.4284 4.5
      vertex -2.92589 27.482 4.5
    endloop
  endfacet
  facet normal -0.195129 -0.980778 -0
    outer loop
      vertex -2.65648 27.4284 4.5
      vertex -2.92589 27.482 0
      vertex -2.65648 27.4284 0
    endloop
  endfacet
  facet normal -0.0655259 -0.997851 0
    outer loop
      vertex -3.2 27.5 0
      vertex -2.92589 27.482 4.5
      vertex -3.2 27.5 4.5
    endloop
  endfacet
  facet normal -0.0655259 -0.997851 -0
    outer loop
      vertex -2.92589 27.482 4.5
      vertex -3.2 27.5 0
      vertex -2.92589 27.482 0
    endloop
  endfacet
  facet normal -0.442021 -0.897005 0
    outer loop
      vertex -2.39636 27.3401 0
      vertex -2.15 27.2187 4.5
      vertex -2.39636 27.3401 4.5
    endloop
  endfacet
  facet normal -0.442021 -0.897005 -0
    outer loop
      vertex -2.15 27.2187 4.5
      vertex -2.39636 27.3401 0
      vertex -2.15 27.2187 0
    endloop
  endfacet
  facet normal 0.997858 0.0654196 0
    outer loop
      vertex -5.28203 25.1259 4.5
      vertex -5.3 25.4 0
      vertex -5.3 25.4 4.5
    endloop
  endfacet
  facet normal 0.997858 0.0654196 0
    outer loop
      vertex -5.3 25.4 0
      vertex -5.28203 25.1259 4.5
      vertex -5.28203 25.1259 0
    endloop
  endfacet
  facet normal 0.896889 -0.442256 0
    outer loop
      vertex -5.14015 26.2036 4.5
      vertex -5.01865 26.45 0
      vertex -5.01865 26.45 4.5
    endloop
  endfacet
  facet normal 0.896889 -0.442256 0
    outer loop
      vertex -5.01865 26.45 0
      vertex -5.14015 26.2036 4.5
      vertex -5.14015 26.2036 0
    endloop
  endfacet
  facet normal 0.321454 -0.946925 0
    outer loop
      vertex -4.00363 27.3401 0
      vertex -3.74352 27.4284 4.5
      vertex -4.00363 27.3401 4.5
    endloop
  endfacet
  facet normal 0.321454 -0.946925 0
    outer loop
      vertex -3.74352 27.4284 4.5
      vertex -4.00363 27.3401 0
      vertex -3.74352 27.4284 0
    endloop
  endfacet
  facet normal 0.659319 -0.751864 0
    outer loop
      vertex -4.68492 26.8849 0
      vertex -4.4784 27.066 4.5
      vertex -4.68492 26.8849 4.5
    endloop
  endfacet
  facet normal 0.659319 -0.751864 0
    outer loop
      vertex -4.4784 27.066 4.5
      vertex -4.68492 26.8849 0
      vertex -4.4784 27.066 0
    endloop
  endfacet
  facet normal 0.555792 -0.831322 0
    outer loop
      vertex -4.4784 27.066 0
      vertex -4.25 27.2187 4.5
      vertex -4.4784 27.066 4.5
    endloop
  endfacet
  facet normal 0.555792 -0.831322 0
    outer loop
      vertex -4.25 27.2187 4.5
      vertex -4.4784 27.066 0
      vertex -4.25 27.2187 0
    endloop
  endfacet
  facet normal -0.997858 0.0654196 0
    outer loop
      vertex -1.11797 25.1259 0
      vertex -1.1 25.4 4.5
      vertex -1.1 25.4 0
    endloop
  endfacet
  facet normal -0.997858 0.0654196 0
    outer loop
      vertex -1.1 25.4 4.5
      vertex -1.11797 25.1259 0
      vertex -1.11797 25.1259 4.5
    endloop
  endfacet
  facet normal -0.831473 0.555565 0
    outer loop
      vertex -1.53396 24.1216 0
      vertex -1.38135 24.35 4.5
      vertex -1.38135 24.35 0
    endloop
  endfacet
  facet normal -0.831473 0.555565 0
    outer loop
      vertex -1.38135 24.35 4.5
      vertex -1.53396 24.1216 0
      vertex -1.53396 24.1216 4.5
    endloop
  endfacet
  facet normal 0.980783 0.195101 0
    outer loop
      vertex -5.22844 24.8565 4.5
      vertex -5.28203 25.1259 0
      vertex -5.28203 25.1259 4.5
    endloop
  endfacet
  facet normal 0.980783 0.195101 0
    outer loop
      vertex -5.28203 25.1259 0
      vertex -5.22844 24.8565 4.5
      vertex -5.22844 24.8565 0
    endloop
  endfacet
  facet normal 0.831473 0.555565 0
    outer loop
      vertex -4.86604 24.1216 4.5
      vertex -5.01865 24.35 0
      vertex -5.01865 24.35 4.5
    endloop
  endfacet
  facet normal 0.831473 0.555565 0
    outer loop
      vertex -5.01865 24.35 0
      vertex -4.86604 24.1216 4.5
      vertex -4.86604 24.1216 0
    endloop
  endfacet
  facet normal -0.195129 0.980778 0
    outer loop
      vertex -2.65648 23.3716 0
      vertex -2.92589 23.318 4.5
      vertex -2.65648 23.3716 4.5
    endloop
  endfacet
  facet normal -0.195129 0.980778 0
    outer loop
      vertex -2.92589 23.318 4.5
      vertex -2.65648 23.3716 0
      vertex -2.92589 23.318 0
    endloop
  endfacet
  facet normal -0.442021 0.897005 0
    outer loop
      vertex -2.15 23.5813 0
      vertex -2.39636 23.4599 4.5
      vertex -2.15 23.5813 4.5
    endloop
  endfacet
  facet normal -0.442021 0.897005 0
    outer loop
      vertex -2.39636 23.4599 4.5
      vertex -2.15 23.5813 0
      vertex -2.39636 23.4599 0
    endloop
  endfacet
  facet normal -0.896889 -0.442256 0
    outer loop
      vertex -1.25985 26.2036 0
      vertex -1.38135 26.45 4.5
      vertex -1.38135 26.45 0
    endloop
  endfacet
  facet normal -0.896889 -0.442256 0
    outer loop
      vertex -1.38135 26.45 4.5
      vertex -1.25985 26.2036 0
      vertex -1.25985 26.2036 4.5
    endloop
  endfacet
  facet normal -0.946932 -0.321433 0
    outer loop
      vertex -1.17156 25.9435 0
      vertex -1.25985 26.2036 4.5
      vertex -1.25985 26.2036 0
    endloop
  endfacet
  facet normal -0.946932 -0.321433 0
    outer loop
      vertex -1.25985 26.2036 4.5
      vertex -1.17156 25.9435 0
      vertex -1.17156 25.9435 4.5
    endloop
  endfacet
  facet normal 0.997858 -0.0654196 0
    outer loop
      vertex -5.3 25.4 4.5
      vertex -5.28203 25.6741 0
      vertex -5.28203 25.6741 4.5
    endloop
  endfacet
  facet normal 0.997858 -0.0654196 0
    outer loop
      vertex -5.28203 25.6741 0
      vertex -5.3 25.4 4.5
      vertex -5.3 25.4 0
    endloop
  endfacet
  facet normal -0.896889 0.442256 0
    outer loop
      vertex -1.38135 24.35 0
      vertex -1.25985 24.5964 4.5
      vertex -1.25985 24.5964 0
    endloop
  endfacet
  facet normal -0.896889 0.442256 0
    outer loop
      vertex -1.25985 24.5964 4.5
      vertex -1.38135 24.35 0
      vertex -1.38135 24.35 4.5
    endloop
  endfacet
  facet normal -0.946932 0.321433 0
    outer loop
      vertex -1.25985 24.5964 0
      vertex -1.17156 24.8565 4.5
      vertex -1.17156 24.8565 0
    endloop
  endfacet
  facet normal -0.946932 0.321433 0
    outer loop
      vertex -1.17156 24.8565 4.5
      vertex -1.25985 24.5964 0
      vertex -1.25985 24.5964 4.5
    endloop
  endfacet
  facet normal -0.0655259 0.997851 0
    outer loop
      vertex -2.92589 23.318 0
      vertex -3.2 23.3 4.5
      vertex -2.92589 23.318 4.5
    endloop
  endfacet
  facet normal -0.0655259 0.997851 0
    outer loop
      vertex -3.2 23.3 4.5
      vertex -2.92589 23.318 0
      vertex -3.2 23.3 0
    endloop
  endfacet
  facet normal 0.896889 0.442256 0
    outer loop
      vertex -5.01865 24.35 4.5
      vertex -5.14015 24.5964 0
      vertex -5.14015 24.5964 4.5
    endloop
  endfacet
  facet normal 0.896889 0.442256 0
    outer loop
      vertex -5.14015 24.5964 0
      vertex -5.01865 24.35 4.5
      vertex -5.01865 24.35 0
    endloop
  endfacet
  facet normal 0.946932 0.321433 0
    outer loop
      vertex -5.14015 24.5964 4.5
      vertex -5.22844 24.8565 0
      vertex -5.22844 24.8565 4.5
    endloop
  endfacet
  facet normal 0.946932 0.321433 0
    outer loop
      vertex -5.22844 24.8565 0
      vertex -5.14015 24.5964 4.5
      vertex -5.14015 24.5964 0
    endloop
  endfacet
  facet normal -0.321443 0.946929 0
    outer loop
      vertex -2.39636 23.4599 0
      vertex -2.65648 23.3716 4.5
      vertex -2.39636 23.4599 4.5
    endloop
  endfacet
  facet normal -0.321443 0.946929 0
    outer loop
      vertex -2.65648 23.3716 4.5
      vertex -2.39636 23.4599 0
      vertex -2.65648 23.3716 0
    endloop
  endfacet
  facet normal -0.659319 0.751864 0
    outer loop
      vertex -1.71508 23.9151 0
      vertex -1.9216 23.734 4.5
      vertex -1.71508 23.9151 4.5
    endloop
  endfacet
  facet normal -0.659319 0.751864 0
    outer loop
      vertex -1.9216 23.734 4.5
      vertex -1.71508 23.9151 0
      vertex -1.9216 23.734 0
    endloop
  endfacet
  facet normal -0.555792 0.831322 0
    outer loop
      vertex -1.9216 23.734 0
      vertex -2.15 23.5813 4.5
      vertex -1.9216 23.734 4.5
    endloop
  endfacet
  facet normal -0.555792 0.831322 0
    outer loop
      vertex -2.15 23.5813 4.5
      vertex -1.9216 23.734 0
      vertex -2.15 23.5813 0
    endloop
  endfacet
  facet normal 0.321454 0.946925 -0
    outer loop
      vertex -3.74352 23.3716 0
      vertex -4.00363 23.4599 4.5
      vertex -3.74352 23.3716 4.5
    endloop
  endfacet
  facet normal 0.321454 0.946925 0
    outer loop
      vertex -4.00363 23.4599 4.5
      vertex -3.74352 23.3716 0
      vertex -4.00363 23.4599 0
    endloop
  endfacet
  facet normal 0.195122 0.980779 -0
    outer loop
      vertex -3.4741 23.318 0
      vertex -3.74352 23.3716 4.5
      vertex -3.4741 23.318 4.5
    endloop
  endfacet
  facet normal 0.195122 0.980779 0
    outer loop
      vertex -3.74352 23.3716 4.5
      vertex -3.4741 23.318 0
      vertex -3.74352 23.3716 0
    endloop
  endfacet
  facet normal 0.751796 0.659396 0
    outer loop
      vertex -4.68492 23.9151 4.5
      vertex -4.86604 24.1216 0
      vertex -4.86604 24.1216 4.5
    endloop
  endfacet
  facet normal 0.751796 0.659396 0
    outer loop
      vertex -4.86604 24.1216 0
      vertex -4.68492 23.9151 4.5
      vertex -4.68492 23.9151 0
    endloop
  endfacet
  facet normal 0.659319 0.751864 -0
    outer loop
      vertex -4.4784 23.734 0
      vertex -4.68492 23.9151 4.5
      vertex -4.4784 23.734 4.5
    endloop
  endfacet
  facet normal 0.659319 0.751864 0
    outer loop
      vertex -4.68492 23.9151 4.5
      vertex -4.4784 23.734 0
      vertex -4.68492 23.9151 0
    endloop
  endfacet
  facet normal -0.751796 0.659396 0
    outer loop
      vertex -1.71508 23.9151 0
      vertex -1.53396 24.1216 4.5
      vertex -1.53396 24.1216 0
    endloop
  endfacet
  facet normal -0.751796 0.659396 0
    outer loop
      vertex -1.53396 24.1216 4.5
      vertex -1.71508 23.9151 0
      vertex -1.71508 23.9151 4.5
    endloop
  endfacet
  facet normal 0.0655283 0.997851 -0
    outer loop
      vertex -3.2 23.3 0
      vertex -3.4741 23.318 4.5
      vertex -3.2 23.3 4.5
    endloop
  endfacet
  facet normal 0.0655283 0.997851 0
    outer loop
      vertex -3.4741 23.318 4.5
      vertex -3.2 23.3 0
      vertex -3.4741 23.318 0
    endloop
  endfacet
  facet normal 0.442007 0.897012 -0
    outer loop
      vertex -4.00363 23.4599 0
      vertex -4.25 23.5813 4.5
      vertex -4.00363 23.4599 4.5
    endloop
  endfacet
  facet normal 0.442007 0.897012 0
    outer loop
      vertex -4.25 23.5813 4.5
      vertex -4.00363 23.4599 0
      vertex -4.25 23.5813 0
    endloop
  endfacet
  facet normal 0.555792 0.831322 -0
    outer loop
      vertex -4.25 23.5813 0
      vertex -4.4784 23.734 4.5
      vertex -4.25 23.5813 4.5
    endloop
  endfacet
  facet normal 0.555792 0.831322 0
    outer loop
      vertex -4.4784 23.734 4.5
      vertex -4.25 23.5813 0
      vertex -4.4784 23.734 0
    endloop
  endfacet
  facet normal -1 0 0
    outer loop
      vertex -5.8 20.4824 0
      vertex -5.8 30.3176 4.5
      vertex -5.8 30.3176 0
    endloop
  endfacet
  facet normal -1 -0 0
    outer loop
      vertex -5.8 30.3176 4.5
      vertex -5.8 20.4824 0
      vertex -5.8 20.4824 4.5
    endloop
  endfacet
  facet normal -1 0 0
    outer loop
      vertex 12 -0.990001 0
      vertex 12 -2.79 1.6
      vertex 12 -0.990001 1.6
    endloop
  endfacet
  facet normal -1 0 0
    outer loop
      vertex 12 -3.59 8
      vertex 12 -2.79 1.6
      vertex 12 -3.59 0
    endloop
  endfacet
  facet normal -1 0 0
    outer loop
      vertex 12 -3.59 0
      vertex 12 -2.79 1.6
      vertex 12 -0.990001 0
    endloop
  endfacet
  facet normal -1 0 0
    outer loop
      vertex 12 -2.79 7
      vertex 12 -0.990001 8
      vertex 12 -0.990001 7
    endloop
  endfacet
  facet normal -1 0 0
    outer loop
      vertex 12 -2.79 7
      vertex 12 -3.59 8
      vertex 12 -0.990001 8
    endloop
  endfacet
  facet normal -1 0 0
    outer loop
      vertex 12 -2.79 1.6
      vertex 12 -3.59 8
      vertex 12 -2.79 7
    endloop
  endfacet
  facet normal 1 0 0
    outer loop
      vertex 22 -0.990001 8
      vertex 22 -2.79 7
      vertex 22 -0.990001 7
    endloop
  endfacet
  facet normal 1 0 0
    outer loop
      vertex 22 -2.79 7
      vertex 22 -3.59 8
      vertex 22 -2.79 1.6
    endloop
  endfacet
  facet normal 1 -0 0
    outer loop
      vertex 22 -3.59 8
      vertex 22 -2.79 7
      vertex 22 -0.990001 8
    endloop
  endfacet
  facet normal 1 -0 0
    outer loop
      vertex 22 -2.79 1.6
      vertex 22 -0.990001 0
      vertex 22 -0.990001 1.6
    endloop
  endfacet
  facet normal 1 0 0
    outer loop
      vertex 22 -2.79 1.6
      vertex 22 -3.59 0
      vertex 22 -0.990001 0
    endloop
  endfacet
  facet normal 1 0 0
    outer loop
      vertex 22 -3.59 0
      vertex 22 -2.79 1.6
      vertex 22 -3.59 8
    endloop
  endfacet
  facet normal 0 0.707106 0.707107
    outer loop
      vertex 21.01 0 7.01
      vertex 12 -0.990001 8
      vertex 22 -0.990001 8
    endloop
  endfacet
  facet normal 0 0.707106 0.707107
    outer loop
      vertex 12 -0.990001 8
      vertex 21.01 0 7.01
      vertex 12.99 0 7.01
    endloop
  endfacet
  facet normal 0 -1 0
    outer loop
      vertex 12 -3.59 0
      vertex 22 -3.59 8
      vertex 12 -3.59 8
    endloop
  endfacet
  facet normal 0 -1 -0
    outer loop
      vertex 22 -3.59 8
      vertex 12 -3.59 0
      vertex 22 -3.59 0
    endloop
  endfacet
  facet normal -0.707107 0.707106 0
    outer loop
      vertex 12.99 0 7.01
      vertex 12.2 -0.790001 1.6
      vertex 12.2 -0.790001 7
    endloop
  endfacet
  facet normal -0.707107 0.707106 0
    outer loop
      vertex 12.99 0 0
      vertex 12.2 -0.790001 1.6
      vertex 12.99 0 7.01
    endloop
  endfacet
  facet normal -0.707107 0.707106 8.92811e-08
    outer loop
      vertex 12 -0.990001 0
      vertex 12.2 -0.790001 1.6
      vertex 12.99 0 0
    endloop
  endfacet
  facet normal -0.707107 0.707107 0
    outer loop
      vertex 12.2 -0.790001 1.6
      vertex 12 -0.990001 0
      vertex 12 -0.990001 1.6
    endloop
  endfacet
  facet normal -0.707107 0.707106 -1.78562e-07
    outer loop
      vertex 12.2 -0.790001 7
      vertex 12 -0.990001 8
      vertex 12.99 0 7.01
    endloop
  endfacet
  facet normal -0.707107 0.707107 0
    outer loop
      vertex 12 -0.990001 8
      vertex 12.2 -0.790001 7
      vertex 12 -0.990001 7
    endloop
  endfacet
  facet normal -0 0 1
    outer loop
      vertex 12 -0.990001 8
      vertex 22 -3.59 8
      vertex 22 -0.990001 8
    endloop
  endfacet
  facet normal 0 0 1
    outer loop
      vertex 22 -3.59 8
      vertex 12 -0.990001 8
      vertex 12 -3.59 8
    endloop
  endfacet
  facet normal 0.707107 0.707106 -0
    outer loop
      vertex 21.8 -0.790001 1.6
      vertex 21.01 0 7.01
      vertex 21.8 -0.790001 7
    endloop
  endfacet
  facet normal 0.707107 0.707106 -1.78562e-07
    outer loop
      vertex 22 -0.990001 8
      vertex 21.8 -0.790001 7
      vertex 21.01 0 7.01
    endloop
  endfacet
  facet normal 0.707107 0.707107 0
    outer loop
      vertex 21.8 -0.790001 7
      vertex 22 -0.990001 8
      vertex 22 -0.990001 7
    endloop
  endfacet
  facet normal 0.707107 0.707106 0
    outer loop
      vertex 21.01 0 7.01
      vertex 21.8 -0.790001 1.6
      vertex 21.01 0 0
    endloop
  endfacet
  facet normal 0.707107 0.707107 -0
    outer loop
      vertex 22 -0.990001 0
      vertex 21.8 -0.790001 1.6
      vertex 22 -0.990001 1.6
    endloop
  endfacet
  facet normal 0.707107 0.707106 8.92811e-08
    outer loop
      vertex 21.8 -0.790001 1.6
      vertex 22 -0.990001 0
      vertex 21.01 0 0
    endloop
  endfacet
  facet normal 0 0 -1
    outer loop
      vertex 22 -2.79 7
      vertex 21.8 -0.790001 7
      vertex 22 -0.990001 7
    endloop
  endfacet
  facet normal 0 0 -1
    outer loop
      vertex 22 -2.79 7
      vertex 12.2 -0.790001 7
      vertex 21.8 -0.790001 7
    endloop
  endfacet
  facet normal 0 0 -1
    outer loop
      vertex 12 -2.79 7
      vertex 12.2 -0.790001 7
      vertex 22 -2.79 7
    endloop
  endfacet
  facet normal 0 0 -1
    outer loop
      vertex 12.2 -0.790001 7
      vertex 12 -2.79 7
      vertex 12 -0.990001 7
    endloop
  endfacet
  facet normal 0 -1 0
    outer loop
      vertex 12.2 -0.790001 1.6
      vertex 21.8 -0.790001 7
      vertex 12.2 -0.790001 7
    endloop
  endfacet
  facet normal 0 -1 -0
    outer loop
      vertex 21.8 -0.790001 7
      vertex 12.2 -0.790001 1.6
      vertex 21.8 -0.790001 1.6
    endloop
  endfacet
  facet normal 0 0 1
    outer loop
      vertex 21.8 -0.790001 1.6
      vertex 22 -2.79 1.6
      vertex 22 -0.990001 1.6
    endloop
  endfacet
  facet normal -0 0 1
    outer loop
      vertex 12.2 -0.790001 1.6
      vertex 22 -2.79 1.6
      vertex 21.8 -0.790001 1.6
    endloop
  endfacet
  facet normal 0 0 1
    outer loop
      vertex 12 -2.79 1.6
      vertex 12.2 -0.790001 1.6
      vertex 12 -0.990001 1.6
    endloop
  endfacet
  facet normal 0 0 1
    outer loop
      vertex 12.2 -0.790001 1.6
      vertex 12 -2.79 1.6
      vertex 22 -2.79 1.6
    endloop
  endfacet
  facet normal 0 1 -0
    outer loop
      vertex 22 -2.79 1.6
      vertex 12 -2.79 7
      vertex 22 -2.79 7
    endloop
  endfacet
  facet normal 0 1 0
    outer loop
      vertex 12 -2.79 7
      vertex 22 -2.79 1.6
      vertex 12 -2.79 1.6
    endloop
  endfacet
  facet normal -1 0 0
    outer loop
      vertex 58.8 -0.990001 0
      vertex 58.8 -2.79 1.6
      vertex 58.8 -0.990001 1.6
    endloop
  endfacet
  facet normal -1 0 0
    outer loop
      vertex 58.8 -3.59 8
      vertex 58.8 -2.79 1.6
      vertex 58.8 -3.59 0
    endloop
  endfacet
  facet normal -1 0 0
    outer loop
      vertex 58.8 -3.59 0
      vertex 58.8 -2.79 1.6
      vertex 58.8 -0.990001 0
    endloop
  endfacet
  facet normal -1 0 0
    outer loop
      vertex 58.8 -2.79 7
      vertex 58.8 -0.990001 8
      vertex 58.8 -0.990001 7
    endloop
  endfacet
  facet normal -1 0 0
    outer loop
      vertex 58.8 -2.79 7
      vertex 58.8 -3.59 8
      vertex 58.8 -0.990001 8
    endloop
  endfacet
  facet normal -1 0 0
    outer loop
      vertex 58.8 -2.79 1.6
      vertex 58.8 -3.59 8
      vertex 58.8 -2.79 7
    endloop
  endfacet
  facet normal 1 0 0
    outer loop
      vertex 68.8 -0.990001 8
      vertex 68.8 -2.79 7
      vertex 68.8 -0.990001 7
    endloop
  endfacet
  facet normal 1 0 0
    outer loop
      vertex 68.8 -2.79 7
      vertex 68.8 -3.59 8
      vertex 68.8 -2.79 1.6
    endloop
  endfacet
  facet normal 1 -0 0
    outer loop
      vertex 68.8 -3.59 8
      vertex 68.8 -2.79 7
      vertex 68.8 -0.990001 8
    endloop
  endfacet
  facet normal 1 -0 0
    outer loop
      vertex 68.8 -2.79 1.6
      vertex 68.8 -0.990001 0
      vertex 68.8 -0.990001 1.6
    endloop
  endfacet
  facet normal 1 0 0
    outer loop
      vertex 68.8 -2.79 1.6
      vertex 68.8 -3.59 0
      vertex 68.8 -0.990001 0
    endloop
  endfacet
  facet normal 1 0 0
    outer loop
      vertex 68.8 -3.59 0
      vertex 68.8 -2.79 1.6
      vertex 68.8 -3.59 8
    endloop
  endfacet
  facet normal 0 0.707106 0.707107
    outer loop
      vertex 67.81 0 7.01
      vertex 58.8 -0.990001 8
      vertex 68.8 -0.990001 8
    endloop
  endfacet
  facet normal 0 0.707106 0.707107
    outer loop
      vertex 58.8 -0.990001 8
      vertex 67.81 0 7.01
      vertex 59.79 0 7.01
    endloop
  endfacet
  facet normal 0 -1 0
    outer loop
      vertex 58.8 -3.59 0
      vertex 68.8 -3.59 8
      vertex 58.8 -3.59 8
    endloop
  endfacet
  facet normal 0 -1 -0
    outer loop
      vertex 68.8 -3.59 8
      vertex 58.8 -3.59 0
      vertex 68.8 -3.59 0
    endloop
  endfacet
  facet normal -0.707107 0.707106 0
    outer loop
      vertex 59.79 0 7.01
      vertex 59 -0.790001 1.6
      vertex 59 -0.790001 7
    endloop
  endfacet
  facet normal -0.707107 0.707106 0
    outer loop
      vertex 59.79 0 0
      vertex 59 -0.790001 1.6
      vertex 59.79 0 7.01
    endloop
  endfacet
  facet normal -0.707107 0.707106 8.92811e-08
    outer loop
      vertex 58.8 -0.990001 0
      vertex 59 -0.790001 1.6
      vertex 59.79 0 0
    endloop
  endfacet
  facet normal -0.707107 0.707107 0
    outer loop
      vertex 59 -0.790001 1.6
      vertex 58.8 -0.990001 0
      vertex 58.8 -0.990001 1.6
    endloop
  endfacet
  facet normal -0.707107 0.707106 -1.78562e-07
    outer loop
      vertex 59 -0.790001 7
      vertex 58.8 -0.990001 8
      vertex 59.79 0 7.01
    endloop
  endfacet
  facet normal -0.707107 0.707107 0
    outer loop
      vertex 58.8 -0.990001 8
      vertex 59 -0.790001 7
      vertex 58.8 -0.990001 7
    endloop
  endfacet
  facet normal -0 0 1
    outer loop
      vertex 58.8 -0.990001 8
      vertex 68.8 -3.59 8
      vertex 68.8 -0.990001 8
    endloop
  endfacet
  facet normal 0 0 1
    outer loop
      vertex 68.8 -3.59 8
      vertex 58.8 -0.990001 8
      vertex 58.8 -3.59 8
    endloop
  endfacet
  facet normal 0.707107 0.707107 0
    outer loop
      vertex 68.8 -0.990001 1.6
      vertex 68.8 -0.990001 0
      vertex 68.6 -0.790001 1.6
    endloop
  endfacet
  facet normal 0.707107 0.707107 0
    outer loop
      vertex 68.6 -0.790001 7
      vertex 68.8 -0.990001 8
      vertex 68.8 -0.990001 7
    endloop
  endfacet
  facet normal 0.707107 0.707106 -1.78562e-07
    outer loop
      vertex 68.8 -0.990001 8
      vertex 68.6 -0.790001 7
      vertex 67.81 0 7.01
    endloop
  endfacet
  facet normal 0.707107 0.707106 -0
    outer loop
      vertex 68.6 -0.790001 1.6
      vertex 67.81 0 7.01
      vertex 68.6 -0.790001 7
    endloop
  endfacet
  facet normal 0.707107 0.707106 8.92811e-08
    outer loop
      vertex 67.81 0 0
      vertex 68.6 -0.790001 1.6
      vertex 68.8 -0.990001 0
    endloop
  endfacet
  facet normal 0.707107 0.707106 0
    outer loop
      vertex 68.6 -0.790001 1.6
      vertex 67.81 0 0
      vertex 67.81 0 7.01
    endloop
  endfacet
  facet normal 0 0 -1
    outer loop
      vertex 68.8 -2.79 7
      vertex 68.6 -0.790001 7
      vertex 68.8 -0.990001 7
    endloop
  endfacet
  facet normal 0 0 -1
    outer loop
      vertex 68.8 -2.79 7
      vertex 59 -0.790001 7
      vertex 68.6 -0.790001 7
    endloop
  endfacet
  facet normal 0 0 -1
    outer loop
      vertex 58.8 -2.79 7
      vertex 59 -0.790001 7
      vertex 68.8 -2.79 7
    endloop
  endfacet
  facet normal 0 0 -1
    outer loop
      vertex 59 -0.790001 7
      vertex 58.8 -2.79 7
      vertex 58.8 -0.990001 7
    endloop
  endfacet
  facet normal 0 -1 0
    outer loop
      vertex 59 -0.790001 1.6
      vertex 68.6 -0.790001 7
      vertex 59 -0.790001 7
    endloop
  endfacet
  facet normal 0 -1 -0
    outer loop
      vertex 68.6 -0.790001 7
      vertex 59 -0.790001 1.6
      vertex 68.6 -0.790001 1.6
    endloop
  endfacet
  facet normal 0 0 1
    outer loop
      vertex 68.6 -0.790001 1.6
      vertex 68.8 -2.79 1.6
      vertex 68.8 -0.990001 1.6
    endloop
  endfacet
  facet normal -0 0 1
    outer loop
      vertex 59 -0.790001 1.6
      vertex 68.8 -2.79 1.6
      vertex 68.6 -0.790001 1.6
    endloop
  endfacet
  facet normal 0 0 1
    outer loop
      vertex 58.8 -2.79 1.6
      vertex 59 -0.790001 1.6
      vertex 58.8 -0.990001 1.6
    endloop
  endfacet
  facet normal 0 0 1
    outer loop
      vertex 59 -0.790001 1.6
      vertex 58.8 -2.79 1.6
      vertex 68.8 -2.79 1.6
    endloop
  endfacet
  facet normal 0 1 -0
    outer loop
      vertex 68.8 -2.79 1.6
      vertex 58.8 -2.79 7
      vertex 68.8 -2.79 7
    endloop
  endfacet
  facet normal 0 1 0
    outer loop
      vertex 58.8 -2.79 7
      vertex 68.8 -2.79 1.6
      vertex 58.8 -2.79 1.6
    endloop
  endfacet
  facet normal -1 0 0
    outer loop
      vertex 12 53.39 0
      vertex 12 51.59 1.6
      vertex 12 53.39 1.6
    endloop
  endfacet
  facet normal -1 0 0
    outer loop
      vertex 12 50.8 8
      vertex 12 51.59 1.6
      vertex 12 50.8 0
    endloop
  endfacet
  facet normal -1 0 0
    outer loop
      vertex 12 50.8 0
      vertex 12 51.59 1.6
      vertex 12 53.39 0
    endloop
  endfacet
  facet normal -1 0 0
    outer loop
      vertex 12 51.59 7
      vertex 12 53.39 8
      vertex 12 53.39 7
    endloop
  endfacet
  facet normal -1 0 0
    outer loop
      vertex 12 51.59 7
      vertex 12 50.8 8
      vertex 12 53.39 8
    endloop
  endfacet
  facet normal -1 0 0
    outer loop
      vertex 12 51.59 1.6
      vertex 12 50.8 8
      vertex 12 51.59 7
    endloop
  endfacet
  facet normal 1 0 0
    outer loop
      vertex 22 53.39 8
      vertex 22 51.59 7
      vertex 22 53.39 7
    endloop
  endfacet
  facet normal 1 0 0
    outer loop
      vertex 22 51.59 7
      vertex 22 50.8 8
      vertex 22 51.59 1.6
    endloop
  endfacet
  facet normal 1 -0 0
    outer loop
      vertex 22 50.8 8
      vertex 22 51.59 7
      vertex 22 53.39 8
    endloop
  endfacet
  facet normal 1 -0 0
    outer loop
      vertex 22 51.59 1.6
      vertex 22 53.39 0
      vertex 22 53.39 1.6
    endloop
  endfacet
  facet normal 1 0 0
    outer loop
      vertex 22 51.59 1.6
      vertex 22 50.8 0
      vertex 22 53.39 0
    endloop
  endfacet
  facet normal 1 0 0
    outer loop
      vertex 22 50.8 0
      vertex 22 51.59 1.6
      vertex 22 50.8 8
    endloop
  endfacet
  facet normal 0 0.707107 0.707107
    outer loop
      vertex 21 54.39 7
      vertex 12 53.39 8
      vertex 22 53.39 8
    endloop
  endfacet
  facet normal 0 0.707107 0.707107
    outer loop
      vertex 12 53.39 8
      vertex 21 54.39 7
      vertex 13 54.39 7
    endloop
  endfacet
  facet normal -0.707107 0.707107 0
    outer loop
      vertex 13 54.39 0
      vertex 12.2 53.59 1.6
      vertex 13 54.39 7
    endloop
  endfacet
  facet normal -0.707107 0.707107 -1.57009e-15
    outer loop
      vertex 12 53.39 0
      vertex 12.2 53.59 1.6
      vertex 13 54.39 0
    endloop
  endfacet
  facet normal -0.707107 0.707107 0
    outer loop
      vertex 12.2 53.59 1.6
      vertex 12 53.39 0
      vertex 12 53.39 1.6
    endloop
  endfacet
  facet normal -0.707107 0.707107 0
    outer loop
      vertex 12.2 53.59 7
      vertex 13 54.39 7
      vertex 12.2 53.59 1.6
    endloop
  endfacet
  facet normal -0.707107 0.707107 0
    outer loop
      vertex 12 53.39 8
      vertex 12.2 53.59 7
      vertex 12 53.39 7
    endloop
  endfacet
  facet normal -0.707107 0.707107 3.14018e-15
    outer loop
      vertex 12.2 53.59 7
      vertex 12 53.39 8
      vertex 13 54.39 7
    endloop
  endfacet
  facet normal -0 0 1
    outer loop
      vertex 12 53.39 8
      vertex 22 50.8 8
      vertex 22 53.39 8
    endloop
  endfacet
  facet normal 0 0 1
    outer loop
      vertex 22 50.8 8
      vertex 12 53.39 8
      vertex 12 50.8 8
    endloop
  endfacet
  facet normal 0.707107 0.707107 -0
    outer loop
      vertex 21.8 53.59 1.6
      vertex 21 54.39 7
      vertex 21.8 53.59 7
    endloop
  endfacet
  facet normal 0.707107 0.707107 3.14018e-15
    outer loop
      vertex 22 53.39 8
      vertex 21.8 53.59 7
      vertex 21 54.39 7
    endloop
  endfacet
  facet normal 0.707107 0.707107 0
    outer loop
      vertex 21.8 53.59 7
      vertex 22 53.39 8
      vertex 22 53.39 7
    endloop
  endfacet
  facet normal 0.707107 0.707107 0
    outer loop
      vertex 21 54.39 7
      vertex 21.8 53.59 1.6
      vertex 21 54.39 0
    endloop
  endfacet
  facet normal 0.707107 0.707107 -0
    outer loop
      vertex 22 53.39 0
      vertex 21.8 53.59 1.6
      vertex 22 53.39 1.6
    endloop
  endfacet
  facet normal 0.707107 0.707107 -1.57009e-15
    outer loop
      vertex 21.8 53.59 1.6
      vertex 22 53.39 0
      vertex 21 54.39 0
    endloop
  endfacet
  facet normal 0 1 -0
    outer loop
      vertex 21 54.39 0
      vertex 13 54.39 7
      vertex 21 54.39 7
    endloop
  endfacet
  facet normal 0 1 0
    outer loop
      vertex 13 54.39 7
      vertex 21 54.39 0
      vertex 13 54.39 0
    endloop
  endfacet
  facet normal 0 0 -1
    outer loop
      vertex 22 51.59 7
      vertex 21.8 53.59 7
      vertex 22 53.39 7
    endloop
  endfacet
  facet normal 0 0 -1
    outer loop
      vertex 22 51.59 7
      vertex 12.2 53.59 7
      vertex 21.8 53.59 7
    endloop
  endfacet
  facet normal 0 0 -1
    outer loop
      vertex 12 51.59 7
      vertex 12.2 53.59 7
      vertex 22 51.59 7
    endloop
  endfacet
  facet normal 0 0 -1
    outer loop
      vertex 12.2 53.59 7
      vertex 12 51.59 7
      vertex 12 53.39 7
    endloop
  endfacet
  facet normal 0 -1 0
    outer loop
      vertex 12.2 53.59 1.6
      vertex 21.8 53.59 7
      vertex 12.2 53.59 7
    endloop
  endfacet
  facet normal 0 -1 -0
    outer loop
      vertex 21.8 53.59 7
      vertex 12.2 53.59 1.6
      vertex 21.8 53.59 1.6
    endloop
  endfacet
  facet normal 0 0 1
    outer loop
      vertex 21.8 53.59 1.6
      vertex 22 51.59 1.6
      vertex 22 53.39 1.6
    endloop
  endfacet
  facet normal -0 0 1
    outer loop
      vertex 12.2 53.59 1.6
      vertex 22 51.59 1.6
      vertex 21.8 53.59 1.6
    endloop
  endfacet
  facet normal 0 0 1
    outer loop
      vertex 12 51.59 1.6
      vertex 12.2 53.59 1.6
      vertex 12 53.39 1.6
    endloop
  endfacet
  facet normal 0 0 1
    outer loop
      vertex 12.2 53.59 1.6
      vertex 12 51.59 1.6
      vertex 22 51.59 1.6
    endloop
  endfacet
  facet normal 0 1 -0
    outer loop
      vertex 22 51.59 1.6
      vertex 12 51.59 7
      vertex 22 51.59 7
    endloop
  endfacet
  facet normal 0 1 0
    outer loop
      vertex 12 51.59 7
      vertex 22 51.59 1.6
      vertex 12 51.59 1.6
    endloop
  endfacet
  facet normal -1 0 0
    outer loop
      vertex 58.8 53.39 0
      vertex 58.8 51.59 1.6
      vertex 58.8 53.39 1.6
    endloop
  endfacet
  facet normal -1 0 0
    outer loop
      vertex 58.8 50.8 8
      vertex 58.8 51.59 1.6
      vertex 58.8 50.8 0
    endloop
  endfacet
  facet normal -1 0 0
    outer loop
      vertex 58.8 50.8 0
      vertex 58.8 51.59 1.6
      vertex 58.8 53.39 0
    endloop
  endfacet
  facet normal -1 0 0
    outer loop
      vertex 58.8 51.59 7
      vertex 58.8 53.39 8
      vertex 58.8 53.39 7
    endloop
  endfacet
  facet normal -1 0 0
    outer loop
      vertex 58.8 51.59 7
      vertex 58.8 50.8 8
      vertex 58.8 53.39 8
    endloop
  endfacet
  facet normal -1 0 0
    outer loop
      vertex 58.8 51.59 1.6
      vertex 58.8 50.8 8
      vertex 58.8 51.59 7
    endloop
  endfacet
  facet normal 1 0 0
    outer loop
      vertex 68.8 53.39 8
      vertex 68.8 51.59 7
      vertex 68.8 53.39 7
    endloop
  endfacet
  facet normal 1 0 0
    outer loop
      vertex 68.8 51.59 7
      vertex 68.8 50.8 8
      vertex 68.8 51.59 1.6
    endloop
  endfacet
  facet normal 1 -0 0
    outer loop
      vertex 68.8 50.8 8
      vertex 68.8 51.59 7
      vertex 68.8 53.39 8
    endloop
  endfacet
  facet normal 1 -0 0
    outer loop
      vertex 68.8 51.59 1.6
      vertex 68.8 53.39 0
      vertex 68.8 53.39 1.6
    endloop
  endfacet
  facet normal 1 0 0
    outer loop
      vertex 68.8 51.59 1.6
      vertex 68.8 50.8 0
      vertex 68.8 53.39 0
    endloop
  endfacet
  facet normal 1 0 0
    outer loop
      vertex 68.8 50.8 0
      vertex 68.8 51.59 1.6
      vertex 68.8 50.8 8
    endloop
  endfacet
  facet normal 0 0.707107 0.707107
    outer loop
      vertex 67.8 54.39 7
      vertex 58.8 53.39 8
      vertex 68.8 53.39 8
    endloop
  endfacet
  facet normal 0 0.707107 0.707107
    outer loop
      vertex 58.8 53.39 8
      vertex 67.8 54.39 7
      vertex 59.8 54.39 7
    endloop
  endfacet
  facet normal -0.707107 0.707107 0
    outer loop
      vertex 59.8 54.39 0
      vertex 59 53.59 1.6
      vertex 59.8 54.39 7
    endloop
  endfacet
  facet normal -0.707107 0.707107 0
    outer loop
      vertex 58.8 53.39 0
      vertex 59 53.59 1.6
      vertex 59.8 54.39 0
    endloop
  endfacet
  facet normal -0.707107 0.707107 0
    outer loop
      vertex 59 53.59 1.6
      vertex 58.8 53.39 0
      vertex 58.8 53.39 1.6
    endloop
  endfacet
  facet normal -0.707107 0.707107 0
    outer loop
      vertex 59 53.59 7
      vertex 59.8 54.39 7
      vertex 59 53.59 1.6
    endloop
  endfacet
  facet normal -0.707107 0.707107 0
    outer loop
      vertex 58.8 53.39 8
      vertex 59 53.59 7
      vertex 58.8 53.39 7
    endloop
  endfacet
  facet normal -0.707107 0.707107 0
    outer loop
      vertex 59 53.59 7
      vertex 58.8 53.39 8
      vertex 59.8 54.39 7
    endloop
  endfacet
  facet normal -0 0 1
    outer loop
      vertex 58.8 53.39 8
      vertex 68.8 50.8 8
      vertex 68.8 53.39 8
    endloop
  endfacet
  facet normal 0 0 1
    outer loop
      vertex 68.8 50.8 8
      vertex 58.8 53.39 8
      vertex 58.8 50.8 8
    endloop
  endfacet
  facet normal 0.707107 0.707107 -0
    outer loop
      vertex 68.6 53.59 1.6
      vertex 67.8 54.39 7
      vertex 68.6 53.59 7
    endloop
  endfacet
  facet normal 0.707107 0.707107 0
    outer loop
      vertex 68.8 53.39 8
      vertex 68.6 53.59 7
      vertex 67.8 54.39 7
    endloop
  endfacet
  facet normal 0.707107 0.707107 0
    outer loop
      vertex 68.6 53.59 7
      vertex 68.8 53.39 8
      vertex 68.8 53.39 7
    endloop
  endfacet
  facet normal 0.707107 0.707107 0
    outer loop
      vertex 67.8 54.39 7
      vertex 68.6 53.59 1.6
      vertex 67.8 54.39 0
    endloop
  endfacet
  facet normal 0.707107 0.707107 -0
    outer loop
      vertex 68.8 53.39 0
      vertex 68.6 53.59 1.6
      vertex 68.8 53.39 1.6
    endloop
  endfacet
  facet normal 0.707107 0.707107 0
    outer loop
      vertex 68.6 53.59 1.6
      vertex 68.8 53.39 0
      vertex 67.8 54.39 0
    endloop
  endfacet
  facet normal 0 1 -0
    outer loop
      vertex 67.8 54.39 0
      vertex 59.8 54.39 7
      vertex 67.8 54.39 7
    endloop
  endfacet
  facet normal 0 1 0
    outer loop
      vertex 59.8 54.39 7
      vertex 67.8 54.39 0
      vertex 59.8 54.39 0
    endloop
  endfacet
  facet normal 0 0 -1
    outer loop
      vertex 68.8 51.59 7
      vertex 68.6 53.59 7
      vertex 68.8 53.39 7
    endloop
  endfacet
  facet normal 0 0 -1
    outer loop
      vertex 68.8 51.59 7
      vertex 59 53.59 7
      vertex 68.6 53.59 7
    endloop
  endfacet
  facet normal 0 0 -1
    outer loop
      vertex 58.8 51.59 7
      vertex 59 53.59 7
      vertex 68.8 51.59 7
    endloop
  endfacet
  facet normal 0 0 -1
    outer loop
      vertex 59 53.59 7
      vertex 58.8 51.59 7
      vertex 58.8 53.39 7
    endloop
  endfacet
  facet normal 0 -1 0
    outer loop
      vertex 59 53.59 1.6
      vertex 68.6 53.59 7
      vertex 59 53.59 7
    endloop
  endfacet
  facet normal 0 -1 -0
    outer loop
      vertex 68.6 53.59 7
      vertex 59 53.59 1.6
      vertex 68.6 53.59 1.6
    endloop
  endfacet
  facet normal 0 0 1
    outer loop
      vertex 68.6 53.59 1.6
      vertex 68.8 51.59 1.6
      vertex 68.8 53.39 1.6
    endloop
  endfacet
  facet normal -0 0 1
    outer loop
      vertex 59 53.59 1.6
      vertex 68.8 51.59 1.6
      vertex 68.6 53.59 1.6
    endloop
  endfacet
  facet normal 0 0 1
    outer loop
      vertex 58.8 51.59 1.6
      vertex 59 53.59 1.6
      vertex 58.8 53.39 1.6
    endloop
  endfacet
  facet normal 0 0 1
    outer loop
      vertex 59 53.59 1.6
      vertex 58.8 51.59 1.6
      vertex 68.8 51.59 1.6
    endloop
  endfacet
  facet normal 0 1 -0
    outer loop
      vertex 68.8 51.59 1.6
      vertex 58.8 51.59 7
      vertex 68.8 51.59 7
    endloop
  endfacet
  facet normal 0 1 0
    outer loop
      vertex 58.8 51.59 7
      vertex 68.8 51.59 1.6
      vertex 58.8 51.59 1.6
    endloop
  endfacet
  facet normal 0.321493 -0.946912 0
    outer loop
      vertex 77.8353 0.136292 0
      vertex 78.3307 0.304489 21.7
      vertex 77.8353 0.136292 21.7
    endloop
  endfacet
  facet normal 0.321493 -0.946912 0
    outer loop
      vertex 78.3307 0.304489 21.7
      vertex 77.8353 0.136292 0
      vertex 78.3307 0.304489 0
    endloop
  endfacet
  facet normal 0.0654131 -0.997858 0
    outer loop
      vertex 76.8 0 0
      vertex 77.3221 0.0342255 21.7
      vertex 76.8 0 21.7
    endloop
  endfacet
  facet normal 0.0654131 -0.997858 0
    outer loop
      vertex 77.3221 0.0342255 21.7
      vertex 76.8 0 0
      vertex 77.3221 0.0342255 0
    endloop
  endfacet
  facet normal -0.195135 0.980776 0
    outer loop
      vertex 3.47789 50.7658 0
      vertex 2.96472 50.6637 21.7
      vertex 3.47789 50.7658 21.7
    endloop
  endfacet
  facet normal -0.195135 0.980776 0
    outer loop
      vertex 2.96472 50.6637 21.7
      vertex 3.47789 50.7658 0
      vertex 2.96472 50.6637 0
    endloop
  endfacet
  facet normal 0.195062 -0.980791 0
    outer loop
      vertex 77.3221 0.0342255 0
      vertex 77.8353 0.136292 21.7
      vertex 77.3221 0.0342255 21.7
    endloop
  endfacet
  facet normal 0.195062 -0.980791 0
    outer loop
      vertex 77.8353 0.136292 21.7
      vertex 77.3221 0.0342255 0
      vertex 77.8353 0.136292 0
    endloop
  endfacet
  facet normal 0.659343 0.751842 -0
    outer loop
      vertex 79.6284 49.6284 0
      vertex 79.235 49.9734 21.7
      vertex 79.6284 49.6284 21.7
    endloop
  endfacet
  facet normal 0.659343 0.751842 0
    outer loop
      vertex 79.235 49.9734 21.7
      vertex 79.6284 49.6284 0
      vertex 79.235 49.9734 0
    endloop
  endfacet
  facet normal -0.659337 -0.751847 0
    outer loop
      vertex 1.17157 1.17157 0
      vertex 1.56496 0.826584 21.7
      vertex 1.17157 1.17157 21.7
    endloop
  endfacet
  facet normal -0.659337 -0.751847 -0
    outer loop
      vertex 1.56496 0.826584 21.7
      vertex 1.17157 1.17157 0
      vertex 1.56496 0.826584 0
    endloop
  endfacet
  facet normal -0.0654119 -0.997858 0
    outer loop
      vertex 3.47789 0.0342255 0
      vertex 4 0 21.7
      vertex 3.47789 0.0342255 21.7
    endloop
  endfacet
  facet normal -0.0654119 -0.997858 -0
    outer loop
      vertex 4 0 21.7
      vertex 3.47789 0.0342255 0
      vertex 4 0 0
    endloop
  endfacet
  facet normal -0.997858 0.0654131 0
    outer loop
      vertex 0 46.8 0
      vertex 0.0342255 47.3221 21.7
      vertex 0.0342255 47.3221 0
    endloop
  endfacet
  facet normal -0.997858 0.0654131 0
    outer loop
      vertex 0.0342255 47.3221 21.7
      vertex 0 46.8 0
      vertex 0 46.8 21.7
    endloop
  endfacet
  facet normal -0 0 1
    outer loop
      vertex 79.6 47 21.7
      vertex 80.8 46.8 21.7
      vertex 80.7658 47.3221 21.7
    endloop
  endfacet
  facet normal 0 0 1
    outer loop
      vertex 80.8 46.8 21.7
      vertex 79.6 47 21.7
      vertex 80.8 4 21.7
    endloop
  endfacet
  facet normal -0 0 1
    outer loop
      vertex 79.5777 47.3394 21.7
      vertex 80.7658 47.3221 21.7
      vertex 80.6637 47.8353 21.7
    endloop
  endfacet
  facet normal 0 0 1
    outer loop
      vertex 79.6 3.80001 21.7
      vertex 80.8 4 21.7
      vertex 79.6 47 21.7
    endloop
  endfacet
  facet normal 0 0 1
    outer loop
      vertex 79.5114 47.6729 21.7
      vertex 80.6637 47.8353 21.7
      vertex 80.4955 48.3307 21.7
    endloop
  endfacet
  facet normal 0 0 1
    outer loop
      vertex 80.8 4 21.7
      vertex 79.6 3.80001 21.7
      vertex 80.7658 3.47789 21.7
    endloop
  endfacet
  facet normal 0 0 1
    outer loop
      vertex 79.4021 47.995 21.7
      vertex 80.4955 48.3307 21.7
      vertex 80.2641 48.8 21.7
    endloop
  endfacet
  facet normal 0 0 1
    outer loop
      vertex 79.5777 3.46064 21.7
      vertex 80.7658 3.47789 21.7
      vertex 79.6 3.80001 21.7
    endloop
  endfacet
  facet normal 0 0 1
    outer loop
      vertex 79.2516 48.3 21.7
      vertex 80.2641 48.8 21.7
      vertex 79.9734 49.235 21.7
    endloop
  endfacet
  facet normal 0 0 1
    outer loop
      vertex 80.7658 3.47789 21.7
      vertex 79.5777 3.46064 21.7
      vertex 80.6637 2.96472 21.7
    endloop
  endfacet
  facet normal 0 0 1
    outer loop
      vertex 79.0627 48.5828 21.7
      vertex 79.9734 49.235 21.7
      vertex 79.6284 49.6284 21.7
    endloop
  endfacet
  facet normal -0 0 1
    outer loop
      vertex 79.5114 3.12708 21.7
      vertex 80.6637 2.96472 21.7
      vertex 79.5777 3.46064 21.7
    endloop
  endfacet
  facet normal 0 0 1
    outer loop
      vertex 80.6637 2.96472 21.7
      vertex 79.5114 3.12708 21.7
      vertex 80.4955 2.46927 21.7
    endloop
  endfacet
  facet normal 0 0 1
    outer loop
      vertex 80.7658 47.3221 21.7
      vertex 79.5777 47.3394 21.7
      vertex 79.6 47 21.7
    endloop
  endfacet
  facet normal 0 0 1
    outer loop
      vertex 80.6637 47.8353 21.7
      vertex 79.5114 47.6729 21.7
      vertex 79.5777 47.3394 21.7
    endloop
  endfacet
  facet normal 0 0 1
    outer loop
      vertex 80.4955 48.3307 21.7
      vertex 79.4021 47.995 21.7
      vertex 79.5114 47.6729 21.7
    endloop
  endfacet
  facet normal 0 0 1
    outer loop
      vertex 80.2641 48.8 21.7
      vertex 79.2516 48.3 21.7
      vertex 79.4021 47.995 21.7
    endloop
  endfacet
  facet normal 0 0 1
    outer loop
      vertex 78.5828 49.0627 21.7
      vertex 79.6284 49.6284 21.7
      vertex 79.235 49.9734 21.7
    endloop
  endfacet
  facet normal 0 0 1
    outer loop
      vertex 79.9734 49.235 21.7
      vertex 79.0627 48.5828 21.7
      vertex 79.2516 48.3 21.7
    endloop
  endfacet
  facet normal 0 0 1
    outer loop
      vertex 79.6284 49.6284 21.7
      vertex 78.8385 48.8385 21.7
      vertex 79.0627 48.5828 21.7
    endloop
  endfacet
  facet normal 0 0 1
    outer loop
      vertex 78.3 49.2517 21.7
      vertex 79.235 49.9734 21.7
      vertex 78.8 50.2641 21.7
    endloop
  endfacet
  facet normal 0 0 1
    outer loop
      vertex 79.6284 49.6284 21.7
      vertex 78.5828 49.0627 21.7
      vertex 78.8385 48.8385 21.7
    endloop
  endfacet
  facet normal 0 0 1
    outer loop
      vertex 77.995 49.4021 21.7
      vertex 78.8 50.2641 21.7
      vertex 78.3307 50.4955 21.7
    endloop
  endfacet
  facet normal 0 0 1
    outer loop
      vertex 79.235 49.9734 21.7
      vertex 78.3 49.2517 21.7
      vertex 78.5828 49.0627 21.7
    endloop
  endfacet
  facet normal 0 0 1
    outer loop
      vertex 78.8 50.2641 21.7
      vertex 77.995 49.4021 21.7
      vertex 78.3 49.2517 21.7
    endloop
  endfacet
  facet normal 0 0 1
    outer loop
      vertex 77.6729 49.5114 21.7
      vertex 78.3307 50.4955 21.7
      vertex 77.8353 50.6637 21.7
    endloop
  endfacet
  facet normal 0 0 1
    outer loop
      vertex 78.3307 50.4955 21.7
      vertex 77.6729 49.5114 21.7
      vertex 77.995 49.4021 21.7
    endloop
  endfacet
  facet normal 0 0 1
    outer loop
      vertex 77.8353 50.6637 21.7
      vertex 77.3394 49.5777 21.7
      vertex 77.6729 49.5114 21.7
    endloop
  endfacet
  facet normal 0 0 1
    outer loop
      vertex 77.3221 50.7658 21.7
      vertex 77.3394 49.5777 21.7
      vertex 77.8353 50.6637 21.7
    endloop
  endfacet
  facet normal 0 0 1
    outer loop
      vertex 77.3221 50.7658 21.7
      vertex 77 49.6 21.7
      vertex 77.3394 49.5777 21.7
    endloop
  endfacet
  facet normal 0 0 1
    outer loop
      vertex 76.8 50.8 21.7
      vertex 77 49.6 21.7
      vertex 77.3221 50.7658 21.7
    endloop
  endfacet
  facet normal 0 0 1
    outer loop
      vertex 47.9 49.6 21.7
      vertex 76.8 50.8 21.7
      vertex 47.9 50.8 21.7
    endloop
  endfacet
  facet normal 0 0 1
    outer loop
      vertex 76.8 50.8 21.7
      vertex 47.9 49.6 21.7
      vertex 77 49.6 21.7
    endloop
  endfacet
  facet normal -0 0 1
    outer loop
      vertex 79.4021 2.80503 21.7
      vertex 80.4955 2.46927 21.7
      vertex 79.5114 3.12708 21.7
    endloop
  endfacet
  facet normal 0 0 1
    outer loop
      vertex 80.4955 2.46927 21.7
      vertex 79.4021 2.80503 21.7
      vertex 80.2641 2 21.7
    endloop
  endfacet
  facet normal -0 0 1
    outer loop
      vertex 79.2516 2.5 21.7
      vertex 80.2641 2 21.7
      vertex 79.4021 2.80503 21.7
    endloop
  endfacet
  facet normal 0 0 1
    outer loop
      vertex 80.2641 2 21.7
      vertex 79.2516 2.5 21.7
      vertex 79.9734 1.56496 21.7
    endloop
  endfacet
  facet normal -0 0 1
    outer loop
      vertex 79.0627 2.21723 21.7
      vertex 79.9734 1.56496 21.7
      vertex 79.2516 2.5 21.7
    endloop
  endfacet
  facet normal 0 0 1
    outer loop
      vertex 79.9734 1.56496 21.7
      vertex 79.0627 2.21723 21.7
      vertex 79.6284 1.17157 21.7
    endloop
  endfacet
  facet normal -0 0 1
    outer loop
      vertex 78.8385 1.96154 21.7
      vertex 79.6284 1.17157 21.7
      vertex 79.0627 2.21723 21.7
    endloop
  endfacet
  facet normal -0 0 1
    outer loop
      vertex 78.5828 1.73729 21.7
      vertex 79.6284 1.17157 21.7
      vertex 78.8385 1.96154 21.7
    endloop
  endfacet
  facet normal 0 0 1
    outer loop
      vertex 79.6284 1.17157 21.7
      vertex 78.5828 1.73729 21.7
      vertex 79.235 0.826584 21.7
    endloop
  endfacet
  facet normal -0 0 1
    outer loop
      vertex 78.3 1.54834 21.7
      vertex 79.235 0.826584 21.7
      vertex 78.5828 1.73729 21.7
    endloop
  endfacet
  facet normal 0 0 1
    outer loop
      vertex 79.235 0.826584 21.7
      vertex 78.3 1.54834 21.7
      vertex 78.8 0.535904 21.7
    endloop
  endfacet
  facet normal -0 0 1
    outer loop
      vertex 77.995 1.39792 21.7
      vertex 78.8 0.535904 21.7
      vertex 78.3 1.54834 21.7
    endloop
  endfacet
  facet normal 0 0 1
    outer loop
      vertex 78.8 0.535904 21.7
      vertex 77.995 1.39792 21.7
      vertex 78.3307 0.304489 21.7
    endloop
  endfacet
  facet normal -0 0 1
    outer loop
      vertex 77.6729 1.28859 21.7
      vertex 78.3307 0.304489 21.7
      vertex 77.995 1.39792 21.7
    endloop
  endfacet
  facet normal 0 0 1
    outer loop
      vertex 78.3307 0.304489 21.7
      vertex 77.6729 1.28859 21.7
      vertex 77.8353 0.136292 21.7
    endloop
  endfacet
  facet normal -0 0 1
    outer loop
      vertex 77.3394 1.22225 21.7
      vertex 77.8353 0.136292 21.7
      vertex 77.6729 1.28859 21.7
    endloop
  endfacet
  facet normal 0 0 1
    outer loop
      vertex 77.3394 1.22225 21.7
      vertex 77.3221 0.0342255 21.7
      vertex 77.8353 0.136292 21.7
    endloop
  endfacet
  facet normal -0 0 1
    outer loop
      vertex 77 1.2 21.7
      vertex 77.3221 0.0342255 21.7
      vertex 77.3394 1.22225 21.7
    endloop
  endfacet
  facet normal 0 0 1
    outer loop
      vertex 77 1.2 21.7
      vertex 76.8 0 21.7
      vertex 77.3221 0.0342255 21.7
    endloop
  endfacet
  facet normal -0 0 1
    outer loop
      vertex 47.4 1.2 21.7
      vertex 76.8 0 21.7
      vertex 77 1.2 21.7
    endloop
  endfacet
  facet normal 0 0 1
    outer loop
      vertex 76.8 0 21.7
      vertex 47.4 1.2 21.7
      vertex 47.4 0 21.7
    endloop
  endfacet
  facet normal -0 0 1
    outer loop
      vertex 4 50.8 21.7
      vertex 32.9 49.6 21.7
      vertex 32.9 50.8 21.7
    endloop
  endfacet
  facet normal 0 0 1
    outer loop
      vertex 4 50.8 21.7
      vertex 3.80001 49.6 21.7
      vertex 32.9 49.6 21.7
    endloop
  endfacet
  facet normal -0 0 1
    outer loop
      vertex 3.47789 50.7658 21.7
      vertex 3.80001 49.6 21.7
      vertex 4 50.8 21.7
    endloop
  endfacet
  facet normal 0 0 1
    outer loop
      vertex 3.47789 50.7658 21.7
      vertex 3.46064 49.5777 21.7
      vertex 3.80001 49.6 21.7
    endloop
  endfacet
  facet normal -0 0 1
    outer loop
      vertex 2.96472 50.6637 21.7
      vertex 3.46064 49.5777 21.7
      vertex 3.47789 50.7658 21.7
    endloop
  endfacet
  facet normal 0 0 1
    outer loop
      vertex 3.46064 49.5777 21.7
      vertex 2.96472 50.6637 21.7
      vertex 3.12708 49.5114 21.7
    endloop
  endfacet
  facet normal -0 0 1
    outer loop
      vertex 2.46927 50.4955 21.7
      vertex 3.12708 49.5114 21.7
      vertex 2.96472 50.6637 21.7
    endloop
  endfacet
  facet normal 0 0 1
    outer loop
      vertex 3.12708 49.5114 21.7
      vertex 2.46927 50.4955 21.7
      vertex 2.80503 49.4021 21.7
    endloop
  endfacet
  facet normal -0 0 1
    outer loop
      vertex 2 50.2641 21.7
      vertex 2.80503 49.4021 21.7
      vertex 2.46927 50.4955 21.7
    endloop
  endfacet
  facet normal 0 0 1
    outer loop
      vertex 2.80503 49.4021 21.7
      vertex 2 50.2641 21.7
      vertex 2.5 49.2517 21.7
    endloop
  endfacet
  facet normal -0 0 1
    outer loop
      vertex 1.56496 49.9734 21.7
      vertex 2.5 49.2517 21.7
      vertex 2 50.2641 21.7
    endloop
  endfacet
  facet normal 0 0 1
    outer loop
      vertex 2.5 49.2517 21.7
      vertex 1.56496 49.9734 21.7
      vertex 2.21723 49.0627 21.7
    endloop
  endfacet
  facet normal -0 0 1
    outer loop
      vertex 1.17157 49.6284 21.7
      vertex 2.21723 49.0627 21.7
      vertex 1.56496 49.9734 21.7
    endloop
  endfacet
  facet normal 0 0 1
    outer loop
      vertex 2.21723 49.0627 21.7
      vertex 1.17157 49.6284 21.7
      vertex 1.96154 48.8385 21.7
    endloop
  endfacet
  facet normal 0 0 1
    outer loop
      vertex 1.96154 48.8385 21.7
      vertex 1.17157 49.6284 21.7
      vertex 1.73729 48.5828 21.7
    endloop
  endfacet
  facet normal -0 0 1
    outer loop
      vertex 0.826584 49.235 21.7
      vertex 1.73729 48.5828 21.7
      vertex 1.17157 49.6284 21.7
    endloop
  endfacet
  facet normal 0 0 1
    outer loop
      vertex 1.73729 48.5828 21.7
      vertex 0.826584 49.235 21.7
      vertex 1.54834 48.3 21.7
    endloop
  endfacet
  facet normal -0 0 1
    outer loop
      vertex 0.535904 48.8 21.7
      vertex 1.54834 48.3 21.7
      vertex 0.826584 49.235 21.7
    endloop
  endfacet
  facet normal 0 0 1
    outer loop
      vertex 1.39792 47.995 21.7
      vertex 0.304489 48.3307 21.7
      vertex 1.28859 47.6729 21.7
    endloop
  endfacet
  facet normal -0 0 1
    outer loop
      vertex 0.304489 48.3307 21.7
      vertex 1.39792 47.995 21.7
      vertex 0.535904 48.8 21.7
    endloop
  endfacet
  facet normal 0 0 1
    outer loop
      vertex 1.54834 48.3 21.7
      vertex 0.535904 48.8 21.7
      vertex 1.39792 47.995 21.7
    endloop
  endfacet
  facet normal 0 0 1
    outer loop
      vertex 33.4 1.2 21.7
      vertex 4 0 21.7
      vertex 33.4 0 21.7
    endloop
  endfacet
  facet normal -0 0 1
    outer loop
      vertex 3.80001 1.2 21.7
      vertex 4 0 21.7
      vertex 33.4 1.2 21.7
    endloop
  endfacet
  facet normal 0 0 1
    outer loop
      vertex 3.80001 1.2 21.7
      vertex 3.47789 0.0342255 21.7
      vertex 4 0 21.7
    endloop
  endfacet
  facet normal 0 0 1
    outer loop
      vertex 3.46064 1.22225 21.7
      vertex 3.47789 0.0342255 21.7
      vertex 3.80001 1.2 21.7
    endloop
  endfacet
  facet normal 0 0 1
    outer loop
      vertex 2.96472 0.136292 21.7
      vertex 3.46064 1.22225 21.7
      vertex 3.12708 1.28859 21.7
    endloop
  endfacet
  facet normal 0 0 1
    outer loop
      vertex 3.46064 1.22225 21.7
      vertex 2.96472 0.136292 21.7
      vertex 3.47789 0.0342255 21.7
    endloop
  endfacet
  facet normal 0 0 1
    outer loop
      vertex 2.46927 0.304489 21.7
      vertex 3.12708 1.28859 21.7
      vertex 2.80503 1.39792 21.7
    endloop
  endfacet
  facet normal 0 0 1
    outer loop
      vertex 2 0.535904 21.7
      vertex 2.80503 1.39792 21.7
      vertex 2.5 1.54834 21.7
    endloop
  endfacet
  facet normal 0 0 1
    outer loop
      vertex 3.12708 1.28859 21.7
      vertex 2.46927 0.304489 21.7
      vertex 2.96472 0.136292 21.7
    endloop
  endfacet
  facet normal 0 0 1
    outer loop
      vertex 1.56496 0.826584 21.7
      vertex 2.5 1.54834 21.7
      vertex 2.21723 1.73729 21.7
    endloop
  endfacet
  facet normal 0 0 1
    outer loop
      vertex 2.80503 1.39792 21.7
      vertex 2 0.535904 21.7
      vertex 2.46927 0.304489 21.7
    endloop
  endfacet
  facet normal 0 0 1
    outer loop
      vertex 1.17157 1.17157 21.7
      vertex 2.21723 1.73729 21.7
      vertex 1.96154 1.96154 21.7
    endloop
  endfacet
  facet normal 0 0 1
    outer loop
      vertex 1.17157 1.17157 21.7
      vertex 1.96154 1.96154 21.7
      vertex 1.73729 2.21723 21.7
    endloop
  endfacet
  facet normal 0 0 1
    outer loop
      vertex 2.5 1.54834 21.7
      vertex 1.56496 0.826584 21.7
      vertex 2 0.535904 21.7
    endloop
  endfacet
  facet normal 0 0 1
    outer loop
      vertex 0.826584 1.56496 21.7
      vertex 1.73729 2.21723 21.7
      vertex 1.54834 2.5 21.7
    endloop
  endfacet
  facet normal 0 0 1
    outer loop
      vertex 0.535904 2 21.7
      vertex 1.54834 2.5 21.7
      vertex 1.39792 2.80503 21.7
    endloop
  endfacet
  facet normal 0 0 1
    outer loop
      vertex 0.304489 2.46927 21.7
      vertex 1.39792 2.80503 21.7
      vertex 1.28859 3.12708 21.7
    endloop
  endfacet
  facet normal 0 0 1
    outer loop
      vertex 0.136292 2.96472 21.7
      vertex 1.28859 3.12708 21.7
      vertex 1.22225 3.46064 21.7
    endloop
  endfacet
  facet normal 0 0 1
    outer loop
      vertex 2.21723 1.73729 21.7
      vertex 1.17157 1.17157 21.7
      vertex 1.56496 0.826584 21.7
    endloop
  endfacet
  facet normal -0 0 1
    outer loop
      vertex 0.0342255 3.47789 21.7
      vertex 1.22225 3.46064 21.7
      vertex 1.2 3.80001 21.7
    endloop
  endfacet
  facet normal 0 0 1
    outer loop
      vertex 1.2 47 21.7
      vertex 0 46.8 21.7
      vertex 1.2 3.80001 21.7
    endloop
  endfacet
  facet normal -0 0 1
    outer loop
      vertex 0.136292 47.8353 21.7
      vertex 1.28859 47.6729 21.7
      vertex 0.304489 48.3307 21.7
    endloop
  endfacet
  facet normal -0 0 1
    outer loop
      vertex 0 4 21.7
      vertex 1.2 3.80001 21.7
      vertex 0 46.8 21.7
    endloop
  endfacet
  facet normal 0 0 1
    outer loop
      vertex 1.28859 47.6729 21.7
      vertex 0.136292 47.8353 21.7
      vertex 1.22225 47.3394 21.7
    endloop
  endfacet
  facet normal 0 -0 1
    outer loop
      vertex 0.0342255 3.47789 21.7
      vertex 1.2 3.80001 21.7
      vertex 0 4 21.7
    endloop
  endfacet
  facet normal 0 0 1
    outer loop
      vertex 0.0342255 47.3221 21.7
      vertex 1.22225 47.3394 21.7
      vertex 0.136292 47.8353 21.7
    endloop
  endfacet
  facet normal 0 0 1
    outer loop
      vertex 1.73729 2.21723 21.7
      vertex 0.826584 1.56496 21.7
      vertex 1.17157 1.17157 21.7
    endloop
  endfacet
  facet normal 0 0 1
    outer loop
      vertex 1.22225 47.3394 21.7
      vertex 0.0342255 47.3221 21.7
      vertex 1.2 47 21.7
    endloop
  endfacet
  facet normal 0 0 1
    outer loop
      vertex 1.54834 2.5 21.7
      vertex 0.535904 2 21.7
      vertex 0.826584 1.56496 21.7
    endloop
  endfacet
  facet normal 0 0 1
    outer loop
      vertex 1.2 47 21.7
      vertex 0.0342255 47.3221 21.7
      vertex 0 46.8 21.7
    endloop
  endfacet
  facet normal 0 0 1
    outer loop
      vertex 1.39792 2.80503 21.7
      vertex 0.304489 2.46927 21.7
      vertex 0.535904 2 21.7
    endloop
  endfacet
  facet normal 0 0 1
    outer loop
      vertex 1.28859 3.12708 21.7
      vertex 0.136292 2.96472 21.7
      vertex 0.304489 2.46927 21.7
    endloop
  endfacet
  facet normal 0 0 1
    outer loop
      vertex 1.22225 3.46064 21.7
      vertex 0.0342255 3.47789 21.7
      vertex 0.136292 2.96472 21.7
    endloop
  endfacet
  facet normal -1 0 0
    outer loop
      vertex 0 4 0
      vertex 0 19.4472 4.5
      vertex 0 19.4472 0
    endloop
  endfacet
  facet normal -1 0 0
    outer loop
      vertex 0 4 21.7
      vertex 0 17.9 14.3
      vertex 0 4 0
    endloop
  endfacet
  facet normal -1 -0 0
    outer loop
      vertex 0 19.4472 4.5
      vertex 0 4 0
      vertex 0 17.9 14.3
    endloop
  endfacet
  facet normal -1 0 0
    outer loop
      vertex 0 31.3528 4.5
      vertex 0 25.9 14.3
      vertex 0 28.9 14.3
    endloop
  endfacet
  facet normal -1 0 0
    outer loop
      vertex 0 25.9 14.3
      vertex 0 20.9 14.3
      vertex 0 25.9 18.3
    endloop
  endfacet
  facet normal -1 0 0
    outer loop
      vertex 0 19.4472 4.5
      vertex 0 25.9 14.3
      vertex 0 31.3528 4.5
    endloop
  endfacet
  facet normal -1 -0 0
    outer loop
      vertex 0 25.9 14.3
      vertex 0 19.4472 4.5
      vertex 0 20.9 14.3
    endloop
  endfacet
  facet normal -1 -0 0
    outer loop
      vertex 0 20.9 14.3
      vertex 0 19.4472 4.5
      vertex 0 17.9 14.3
    endloop
  endfacet
  facet normal -1 0 0
    outer loop
      vertex 0 46.8 0
      vertex 0 36.9 14.3
      vertex 0 46.8 21.7
    endloop
  endfacet
  facet normal -1 0 0
    outer loop
      vertex 0 31.3528 4.5
      vertex 0 36.9 14.3
      vertex 0 46.8 0
    endloop
  endfacet
  facet normal -1 -0 0
    outer loop
      vertex 0 36.9 14.3
      vertex 0 31.3528 4.5
      vertex 0 33.9 14.3
    endloop
  endfacet
  facet normal -1 0 0
    outer loop
      vertex 0 31.3528 4.5
      vertex 0 46.8 0
      vertex 0 31.3528 0
    endloop
  endfacet
  facet normal -1 0 0
    outer loop
      vertex 0 36.9 18.3
      vertex 0 46.8 21.7
      vertex 0 36.9 14.3
    endloop
  endfacet
  facet normal -1 0 0
    outer loop
      vertex 0 33.9 18.3
      vertex 0 46.8 21.7
      vertex 0 36.9 18.3
    endloop
  endfacet
  facet normal -1 0 0
    outer loop
      vertex 0 28.9 14.3
      vertex 0 33.9 14.3
      vertex 0 31.3528 4.5
    endloop
  endfacet
  facet normal -1 0 0
    outer loop
      vertex 0 33.9 14.3
      vertex 0 28.9 14.3
      vertex 0 33.9 18.3
    endloop
  endfacet
  facet normal -1 0 0
    outer loop
      vertex 0 28.9 18.3
      vertex 0 33.9 18.3
      vertex 0 28.9 14.3
    endloop
  endfacet
  facet normal -1 0 0
    outer loop
      vertex 0 28.9 18.3
      vertex 0 46.8 21.7
      vertex 0 33.9 18.3
    endloop
  endfacet
  facet normal -1 0 0
    outer loop
      vertex 0 25.9 18.3
      vertex 0 46.8 21.7
      vertex 0 28.9 18.3
    endloop
  endfacet
  facet normal -1 0 0
    outer loop
      vertex 0 20.9 18.3
      vertex 0 25.9 18.3
      vertex 0 20.9 14.3
    endloop
  endfacet
  facet normal -1 0 0
    outer loop
      vertex 0 4 21.7
      vertex 0 25.9 18.3
      vertex 0 20.9 18.3
    endloop
  endfacet
  facet normal -1 0 0
    outer loop
      vertex 0 4 21.7
      vertex 0 20.9 18.3
      vertex 0 17.9 18.3
    endloop
  endfacet
  facet normal -1 0 0
    outer loop
      vertex 0 25.9 18.3
      vertex 0 4 21.7
      vertex 0 46.8 21.7
    endloop
  endfacet
  facet normal -1 0 0
    outer loop
      vertex 0 17.9 14.3
      vertex 0 4 21.7
      vertex 0 17.9 18.3
    endloop
  endfacet
  facet normal 0 -1 0
    outer loop
      vertex 59.79 0 0
      vertex 47.4 0 14.1
      vertex 21.01 0 0
    endloop
  endfacet
  facet normal 0 -1 0
    outer loop
      vertex 47.4 0 14.1
      vertex 59.79 0 0
      vertex 59.79 0 7.01
    endloop
  endfacet
  facet normal 0 -1 0
    outer loop
      vertex 17.9 0 14.3
      vertex 20.9 0 18.3
      vertex 17.9 0 18.3
    endloop
  endfacet
  facet normal 0 -1 -0
    outer loop
      vertex 20.9 0 18.3
      vertex 17.9 0 14.3
      vertex 20.9 0 14.3
    endloop
  endfacet
  facet normal 0 -1 0
    outer loop
      vertex 11.9 0 14.3
      vertex 14.9 0 18.3
      vertex 11.9 0 18.3
    endloop
  endfacet
  facet normal 0 -1 -0
    outer loop
      vertex 14.9 0 18.3
      vertex 11.9 0 14.3
      vertex 14.9 0 14.3
    endloop
  endfacet
  facet normal 0 -1 0
    outer loop
      vertex 11.9 0 18.3
      vertex 4 0 21.7
      vertex 8.9 0 18.3
    endloop
  endfacet
  facet normal 0 -1 0
    outer loop
      vertex 4 0 21.7
      vertex 8.9 0 14.3
      vertex 8.9 0 18.3
    endloop
  endfacet
  facet normal 0 -1 0
    outer loop
      vertex 12.99 0 7.01
      vertex 11.9 0 14.3
      vertex 8.9 0 14.3
    endloop
  endfacet
  facet normal 0 -1 0
    outer loop
      vertex 11.9 0 14.3
      vertex 12.99 0 7.01
      vertex 14.9 0 14.3
    endloop
  endfacet
  facet normal 0 -1 -0
    outer loop
      vertex 14.9 0 14.3
      vertex 12.99 0 7.01
      vertex 17.9 0 14.3
    endloop
  endfacet
  facet normal 0 -1 0
    outer loop
      vertex 21.01 0 7.01
      vertex 17.9 0 14.3
      vertex 12.99 0 7.01
    endloop
  endfacet
  facet normal 0 -1 0
    outer loop
      vertex 17.9 0 14.3
      vertex 21.01 0 7.01
      vertex 20.9 0 14.3
    endloop
  endfacet
  facet normal 0 -1 -0
    outer loop
      vertex 23.9 0 14.3
      vertex 21.01 0 7.01
      vertex 33.4 0 14.1
    endloop
  endfacet
  facet normal 0 -1 0
    outer loop
      vertex 20.9 0 14.3
      vertex 21.01 0 7.01
      vertex 23.9 0 14.3
    endloop
  endfacet
  facet normal 0 -1 0
    outer loop
      vertex 4 0 0
      vertex 8.9 0 14.3
      vertex 4 0 21.7
    endloop
  endfacet
  facet normal 0 -1 -0
    outer loop
      vertex 8.9 0 14.3
      vertex 4 0 0
      vertex 12.99 0 7.01
    endloop
  endfacet
  facet normal 0 -1 -0
    outer loop
      vertex 12.99 0 7.01
      vertex 4 0 0
      vertex 12.99 0 0
    endloop
  endfacet
  facet normal 0 -1 0
    outer loop
      vertex 14.9 0 18.3
      vertex 4 0 21.7
      vertex 11.9 0 18.3
    endloop
  endfacet
  facet normal 0 -1 0
    outer loop
      vertex 17.9 0 18.3
      vertex 4 0 21.7
      vertex 14.9 0 18.3
    endloop
  endfacet
  facet normal 0 -1 0
    outer loop
      vertex 4 0 21.7
      vertex 17.9 0 18.3
      vertex 33.4 0 21.7
    endloop
  endfacet
  facet normal 0 -1 0
    outer loop
      vertex 20.9 0 18.3
      vertex 33.4 0 21.7
      vertex 17.9 0 18.3
    endloop
  endfacet
  facet normal 0 -1 0
    outer loop
      vertex 23.9 0 18.3
      vertex 33.4 0 21.7
      vertex 20.9 0 18.3
    endloop
  endfacet
  facet normal 0 -1 0
    outer loop
      vertex 33.4 0 14.1
      vertex 23.9 0 18.3
      vertex 23.9 0 14.3
    endloop
  endfacet
  facet normal 0 -1 0
    outer loop
      vertex 23.9 0 18.3
      vertex 33.4 0 14.1
      vertex 33.4 0 21.7
    endloop
  endfacet
  facet normal 0 -1 0
    outer loop
      vertex 70.4 0 14.3
      vertex 71.9 0 16.9
      vertex 70.4 0 16.9
    endloop
  endfacet
  facet normal 0 -1 -0
    outer loop
      vertex 71.9 0 16.9
      vertex 70.4 0 14.3
      vertex 71.9 0 14.3
    endloop
  endfacet
  facet normal 0 -1 0
    outer loop
      vertex 65.9 0 14.3
      vertex 67.4 0 16.9
      vertex 65.9 0 16.9
    endloop
  endfacet
  facet normal 0 -1 -0
    outer loop
      vertex 67.4 0 16.9
      vertex 65.9 0 14.3
      vertex 67.4 0 14.3
    endloop
  endfacet
  facet normal 0 -1 0
    outer loop
      vertex 70.4 0 18.1
      vertex 71.9 0 20.7
      vertex 70.4 0 20.7
    endloop
  endfacet
  facet normal 0 -1 -0
    outer loop
      vertex 71.9 0 20.7
      vertex 70.4 0 18.1
      vertex 71.9 0 18.1
    endloop
  endfacet
  facet normal 0 -1 0
    outer loop
      vertex 65.9 0 18.1
      vertex 67.4 0 20.7
      vertex 65.9 0 20.7
    endloop
  endfacet
  facet normal 0 -1 -0
    outer loop
      vertex 67.4 0 20.7
      vertex 65.9 0 18.1
      vertex 67.4 0 18.1
    endloop
  endfacet
  facet normal 0 -1 0
    outer loop
      vertex 47.4 0 21.7
      vertex 62.9 0 20.7
      vertex 76.8 0 21.7
    endloop
  endfacet
  facet normal 0 -1 0
    outer loop
      vertex 47.4 0 21.7
      vertex 62.9 0 18.1
      vertex 62.9 0 20.7
    endloop
  endfacet
  facet normal 0 -1 0
    outer loop
      vertex 65.9 0 16.9
      vertex 65.9 0 18.1
      vertex 62.9 0 18.1
    endloop
  endfacet
  facet normal 0 -1 0
    outer loop
      vertex 65.9 0 18.1
      vertex 65.9 0 16.9
      vertex 67.4 0 18.1
    endloop
  endfacet
  facet normal 0 -1 0
    outer loop
      vertex 67.4 0 18.1
      vertex 67.4 0 16.9
      vertex 70.4 0 18.1
    endloop
  endfacet
  facet normal 0 -1 0
    outer loop
      vertex 70.4 0 16.9
      vertex 70.4 0 18.1
      vertex 67.4 0 16.9
    endloop
  endfacet
  facet normal 0 -1 0
    outer loop
      vertex 65.9 0 16.9
      vertex 62.9 0 18.1
      vertex 62.9 0 16.9
    endloop
  endfacet
  facet normal 0 -1 0
    outer loop
      vertex 47.4 0 14.1
      vertex 62.9 0 18.1
      vertex 47.4 0 21.7
    endloop
  endfacet
  facet normal 0 -1 -0
    outer loop
      vertex 62.9 0 18.1
      vertex 47.4 0 14.1
      vertex 62.9 0 16.9
    endloop
  endfacet
  facet normal 0 -1 0
    outer loop
      vertex 67.81 0 7.01
      vertex 65.9 0 14.3
      vertex 62.9 0 14.3
    endloop
  endfacet
  facet normal 0 -1 0
    outer loop
      vertex 65.9 0 14.3
      vertex 67.81 0 7.01
      vertex 67.4 0 14.3
    endloop
  endfacet
  facet normal 0 -1 0
    outer loop
      vertex 67.4 0 14.3
      vertex 67.81 0 7.01
      vertex 70.4 0 14.3
    endloop
  endfacet
  facet normal 0 -1 -0
    outer loop
      vertex 70.4 0 14.3
      vertex 67.81 0 7.01
      vertex 71.9 0 14.3
    endloop
  endfacet
  facet normal 0 -1 0
    outer loop
      vertex 59.79 0 7.01
      vertex 62.9 0 14.3
      vertex 47.4 0 14.1
    endloop
  endfacet
  facet normal 0 -1 -0
    outer loop
      vertex 62.9 0 16.9
      vertex 47.4 0 14.1
      vertex 62.9 0 14.3
    endloop
  endfacet
  facet normal 0 -1 0
    outer loop
      vertex 65.9 0 20.7
      vertex 76.8 0 21.7
      vertex 62.9 0 20.7
    endloop
  endfacet
  facet normal 0 -1 0
    outer loop
      vertex 67.4 0 20.7
      vertex 76.8 0 21.7
      vertex 65.9 0 20.7
    endloop
  endfacet
  facet normal 0 -1 0
    outer loop
      vertex 70.4 0 20.7
      vertex 76.8 0 21.7
      vertex 67.4 0 20.7
    endloop
  endfacet
  facet normal 0 -1 0
    outer loop
      vertex 71.9 0 20.7
      vertex 76.8 0 21.7
      vertex 70.4 0 20.7
    endloop
  endfacet
  facet normal 0 -1 0
    outer loop
      vertex 74.9 0 20.7
      vertex 76.8 0 21.7
      vertex 71.9 0 20.7
    endloop
  endfacet
  facet normal 0 -1 0
    outer loop
      vertex 74.9 0 18.1
      vertex 76.8 0 21.7
      vertex 74.9 0 20.7
    endloop
  endfacet
  facet normal 0 -1 -0
    outer loop
      vertex 67.4 0 18.1
      vertex 65.9 0 16.9
      vertex 67.4 0 16.9
    endloop
  endfacet
  facet normal 0 -1 0
    outer loop
      vertex 70.4 0 18.1
      vertex 70.4 0 16.9
      vertex 71.9 0 18.1
    endloop
  endfacet
  facet normal 0 -1 0
    outer loop
      vertex 71.9 0 16.9
      vertex 71.9 0 18.1
      vertex 70.4 0 16.9
    endloop
  endfacet
  facet normal 0 -1 0
    outer loop
      vertex 71.9 0 18.1
      vertex 71.9 0 16.9
      vertex 74.9 0 18.1
    endloop
  endfacet
  facet normal 0 -1 0
    outer loop
      vertex 74.9 0 16.9
      vertex 74.9 0 18.1
      vertex 71.9 0 16.9
    endloop
  endfacet
  facet normal 0 -1 0
    outer loop
      vertex 74.9 0 16.9
      vertex 76.8 0 21.7
      vertex 74.9 0 18.1
    endloop
  endfacet
  facet normal 0 -1 0
    outer loop
      vertex 74.9 0 14.3
      vertex 76.8 0 21.7
      vertex 74.9 0 16.9
    endloop
  endfacet
  facet normal 0 -1 0
    outer loop
      vertex 21.01 0 0
      vertex 33.4 0 14.1
      vertex 21.01 0 7.01
    endloop
  endfacet
  facet normal 0 -1 -0
    outer loop
      vertex 33.4 0 14.1
      vertex 21.01 0 0
      vertex 47.4 0 14.1
    endloop
  endfacet
  facet normal 0 -1 0
    outer loop
      vertex 67.81 0 7.01
      vertex 62.9 0 14.3
      vertex 59.79 0 7.01
    endloop
  endfacet
  facet normal 0 -1 -0
    outer loop
      vertex 71.9 0 14.3
      vertex 67.81 0 7.01
      vertex 74.9 0 14.3
    endloop
  endfacet
  facet normal 0 -1 0
    outer loop
      vertex 76.8 0 0
      vertex 67.81 0 7.01
      vertex 67.81 0 0
    endloop
  endfacet
  facet normal 0 -1 0
    outer loop
      vertex 74.9 0 14.3
      vertex 76.8 0 0
      vertex 76.8 0 21.7
    endloop
  endfacet
  facet normal 0 -1 0
    outer loop
      vertex 67.81 0 7.01
      vertex 76.8 0 0
      vertex 74.9 0 14.3
    endloop
  endfacet
  facet normal 0.0653646 0.997861 -0
    outer loop
      vertex 77.3221 50.7658 0
      vertex 76.8 50.8 21.7
      vertex 77.3221 50.7658 21.7
    endloop
  endfacet
  facet normal 0.0653646 0.997861 0
    outer loop
      vertex 76.8 50.8 21.7
      vertex 77.3221 50.7658 0
      vertex 76.8 50.8 0
    endloop
  endfacet
  facet normal 0 1 0
    outer loop
      vertex 22 50.8 0
      vertex 32.9 50.8 13.9
      vertex 58.8 50.8 0
    endloop
  endfacet
  facet normal 0 1 0
    outer loop
      vertex 32.9 50.8 13.9
      vertex 22 50.8 0
      vertex 22 50.8 8
    endloop
  endfacet
  facet normal 0 1 -0
    outer loop
      vertex 54.4 50.8 14.3
      vertex 52.9 50.8 16.9
      vertex 54.4 50.8 16.9
    endloop
  endfacet
  facet normal 0 1 0
    outer loop
      vertex 52.9 50.8 16.9
      vertex 54.4 50.8 14.3
      vertex 52.9 50.8 14.3
    endloop
  endfacet
  facet normal 0 1 -0
    outer loop
      vertex 58.9 50.8 14.3
      vertex 57.4 50.8 16.9
      vertex 58.9 50.8 16.9
    endloop
  endfacet
  facet normal 0 1 0
    outer loop
      vertex 57.4 50.8 16.9
      vertex 58.9 50.8 14.3
      vertex 57.4 50.8 14.3
    endloop
  endfacet
  facet normal 0 1 -0
    outer loop
      vertex 63.4 50.8 14.3
      vertex 61.9 50.8 16.9
      vertex 63.4 50.8 16.9
    endloop
  endfacet
  facet normal 0 1 0
    outer loop
      vertex 61.9 50.8 16.9
      vertex 63.4 50.8 14.3
      vertex 61.9 50.8 14.3
    endloop
  endfacet
  facet normal 0 1 -0
    outer loop
      vertex 67.9 50.8 14.3
      vertex 66.4 50.8 16.9
      vertex 67.9 50.8 16.9
    endloop
  endfacet
  facet normal 0 1 0
    outer loop
      vertex 66.4 50.8 16.9
      vertex 67.9 50.8 14.3
      vertex 66.4 50.8 14.3
    endloop
  endfacet
  facet normal 0 1 -0
    outer loop
      vertex 54.4 50.8 18.1
      vertex 52.9 50.8 20.7
      vertex 54.4 50.8 20.7
    endloop
  endfacet
  facet normal 0 1 0
    outer loop
      vertex 52.9 50.8 20.7
      vertex 54.4 50.8 18.1
      vertex 52.9 50.8 18.1
    endloop
  endfacet
  facet normal 0 1 -0
    outer loop
      vertex 58.9 50.8 18.1
      vertex 57.4 50.8 20.7
      vertex 58.9 50.8 20.7
    endloop
  endfacet
  facet normal 0 1 0
    outer loop
      vertex 57.4 50.8 20.7
      vertex 58.9 50.8 18.1
      vertex 57.4 50.8 18.1
    endloop
  endfacet
  facet normal 0 1 -0
    outer loop
      vertex 63.4 50.8 18.1
      vertex 61.9 50.8 20.7
      vertex 63.4 50.8 20.7
    endloop
  endfacet
  facet normal 0 1 0
    outer loop
      vertex 61.9 50.8 20.7
      vertex 63.4 50.8 18.1
      vertex 61.9 50.8 18.1
    endloop
  endfacet
  facet normal 0 1 -0
    outer loop
      vertex 67.9 50.8 18.1
      vertex 66.4 50.8 20.7
      vertex 67.9 50.8 20.7
    endloop
  endfacet
  facet normal 0 1 0
    outer loop
      vertex 66.4 50.8 20.7
      vertex 67.9 50.8 18.1
      vertex 66.4 50.8 18.1
    endloop
  endfacet
  facet normal 0 1 0
    outer loop
      vertex 67.9 50.8 20.7
      vertex 76.8 50.8 21.7
      vertex 70.9 50.8 20.7
    endloop
  endfacet
  facet normal 0 1 0
    outer loop
      vertex 76.8 50.8 21.7
      vertex 70.9 50.8 18.1
      vertex 70.9 50.8 20.7
    endloop
  endfacet
  facet normal 0 1 0
    outer loop
      vertex 67.9 50.8 16.9
      vertex 67.9 50.8 18.1
      vertex 70.9 50.8 18.1
    endloop
  endfacet
  facet normal 0 1 0
    outer loop
      vertex 67.9 50.8 18.1
      vertex 67.9 50.8 16.9
      vertex 66.4 50.8 18.1
    endloop
  endfacet
  facet normal 0 1 0
    outer loop
      vertex 66.4 50.8 18.1
      vertex 66.4 50.8 16.9
      vertex 63.4 50.8 18.1
    endloop
  endfacet
  facet normal 0 1 0
    outer loop
      vertex 63.4 50.8 16.9
      vertex 63.4 50.8 18.1
      vertex 66.4 50.8 16.9
    endloop
  endfacet
  facet normal 0 1 0
    outer loop
      vertex 61.9 50.8 16.9
      vertex 61.9 50.8 18.1
      vertex 63.4 50.8 16.9
    endloop
  endfacet
  facet normal 0 1 0
    outer loop
      vertex 61.9 50.8 18.1
      vertex 61.9 50.8 16.9
      vertex 58.9 50.8 18.1
    endloop
  endfacet
  facet normal 0 1 0
    outer loop
      vertex 58.9 50.8 18.1
      vertex 58.9 50.8 16.9
      vertex 57.4 50.8 18.1
    endloop
  endfacet
  facet normal 0 1 0
    outer loop
      vertex 57.4 50.8 16.9
      vertex 57.4 50.8 18.1
      vertex 58.9 50.8 16.9
    endloop
  endfacet
  facet normal 0 1 0
    outer loop
      vertex 67.9 50.8 16.9
      vertex 70.9 50.8 18.1
      vertex 70.9 50.8 16.9
    endloop
  endfacet
  facet normal 0 1 0
    outer loop
      vertex 76.8 50.8 21.7
      vertex 70.9 50.8 16.9
      vertex 70.9 50.8 18.1
    endloop
  endfacet
  facet normal 0 1 0
    outer loop
      vertex 76.8 50.8 21.7
      vertex 70.9 50.8 14.3
      vertex 70.9 50.8 16.9
    endloop
  endfacet
  facet normal 0 1 -0
    outer loop
      vertex 68.8 50.8 8
      vertex 67.9 50.8 14.3
      vertex 70.9 50.8 14.3
    endloop
  endfacet
  facet normal 0 1 0
    outer loop
      vertex 67.9 50.8 14.3
      vertex 68.8 50.8 8
      vertex 66.4 50.8 14.3
    endloop
  endfacet
  facet normal 0 1 0
    outer loop
      vertex 66.4 50.8 14.3
      vertex 68.8 50.8 8
      vertex 63.4 50.8 14.3
    endloop
  endfacet
  facet normal 0 1 0
    outer loop
      vertex 58.8 50.8 8
      vertex 63.4 50.8 14.3
      vertex 68.8 50.8 8
    endloop
  endfacet
  facet normal 0 1 0
    outer loop
      vertex 63.4 50.8 14.3
      vertex 58.8 50.8 8
      vertex 61.9 50.8 14.3
    endloop
  endfacet
  facet normal 0 1 0
    outer loop
      vertex 61.9 50.8 14.3
      vertex 58.8 50.8 8
      vertex 58.9 50.8 14.3
    endloop
  endfacet
  facet normal 0 1 0
    outer loop
      vertex 57.4 50.8 14.3
      vertex 58.8 50.8 8
      vertex 54.4 50.8 14.3
    endloop
  endfacet
  facet normal 0 1 0
    outer loop
      vertex 54.4 50.8 14.3
      vertex 58.8 50.8 8
      vertex 52.9 50.8 14.3
    endloop
  endfacet
  facet normal 0 1 0
    outer loop
      vertex 52.9 50.8 14.3
      vertex 58.8 50.8 8
      vertex 49.9 50.8 14.3
    endloop
  endfacet
  facet normal 0 1 0
    outer loop
      vertex 49.9 50.8 14.3
      vertex 58.8 50.8 8
      vertex 47.9 50.8 13.9
    endloop
  endfacet
  facet normal 0 1 0
    outer loop
      vertex 58.9 50.8 14.3
      vertex 58.8 50.8 8
      vertex 57.4 50.8 14.3
    endloop
  endfacet
  facet normal 0 1 -0
    outer loop
      vertex 76.8 50.8 0
      vertex 70.9 50.8 14.3
      vertex 76.8 50.8 21.7
    endloop
  endfacet
  facet normal 0 1 0
    outer loop
      vertex 70.9 50.8 14.3
      vertex 76.8 50.8 0
      vertex 68.8 50.8 8
    endloop
  endfacet
  facet normal 0 1 0
    outer loop
      vertex 68.8 50.8 8
      vertex 76.8 50.8 0
      vertex 68.8 50.8 0
    endloop
  endfacet
  facet normal 0 1 0
    outer loop
      vertex 66.4 50.8 20.7
      vertex 76.8 50.8 21.7
      vertex 67.9 50.8 20.7
    endloop
  endfacet
  facet normal 0 1 0
    outer loop
      vertex 63.4 50.8 20.7
      vertex 76.8 50.8 21.7
      vertex 66.4 50.8 20.7
    endloop
  endfacet
  facet normal 0 1 0
    outer loop
      vertex 76.8 50.8 21.7
      vertex 63.4 50.8 20.7
      vertex 47.9 50.8 21.7
    endloop
  endfacet
  facet normal 0 1 -0
    outer loop
      vertex 61.9 50.8 20.7
      vertex 47.9 50.8 21.7
      vertex 63.4 50.8 20.7
    endloop
  endfacet
  facet normal 0 1 -0
    outer loop
      vertex 58.9 50.8 20.7
      vertex 47.9 50.8 21.7
      vertex 61.9 50.8 20.7
    endloop
  endfacet
  facet normal 0 1 -0
    outer loop
      vertex 57.4 50.8 20.7
      vertex 47.9 50.8 21.7
      vertex 58.9 50.8 20.7
    endloop
  endfacet
  facet normal 0 1 -0
    outer loop
      vertex 54.4 50.8 20.7
      vertex 47.9 50.8 21.7
      vertex 57.4 50.8 20.7
    endloop
  endfacet
  facet normal 0 1 -0
    outer loop
      vertex 52.9 50.8 20.7
      vertex 47.9 50.8 21.7
      vertex 54.4 50.8 20.7
    endloop
  endfacet
  facet normal 0 1 -0
    outer loop
      vertex 49.9 50.8 20.7
      vertex 47.9 50.8 21.7
      vertex 52.9 50.8 20.7
    endloop
  endfacet
  facet normal 0 1 -0
    outer loop
      vertex 49.9 50.8 18.1
      vertex 47.9 50.8 21.7
      vertex 49.9 50.8 20.7
    endloop
  endfacet
  facet normal 0 1 0
    outer loop
      vertex 66.4 50.8 18.1
      vertex 67.9 50.8 16.9
      vertex 66.4 50.8 16.9
    endloop
  endfacet
  facet normal 0 1 0
    outer loop
      vertex 63.4 50.8 18.1
      vertex 63.4 50.8 16.9
      vertex 61.9 50.8 18.1
    endloop
  endfacet
  facet normal 0 1 0
    outer loop
      vertex 58.9 50.8 16.9
      vertex 58.9 50.8 18.1
      vertex 61.9 50.8 16.9
    endloop
  endfacet
  facet normal 0 1 0
    outer loop
      vertex 57.4 50.8 18.1
      vertex 57.4 50.8 16.9
      vertex 54.4 50.8 18.1
    endloop
  endfacet
  facet normal 0 1 0
    outer loop
      vertex 54.4 50.8 16.9
      vertex 54.4 50.8 18.1
      vertex 57.4 50.8 16.9
    endloop
  endfacet
  facet normal 0 1 0
    outer loop
      vertex 54.4 50.8 18.1
      vertex 54.4 50.8 16.9
      vertex 52.9 50.8 18.1
    endloop
  endfacet
  facet normal 0 1 0
    outer loop
      vertex 52.9 50.8 16.9
      vertex 52.9 50.8 18.1
      vertex 54.4 50.8 16.9
    endloop
  endfacet
  facet normal 0 1 0
    outer loop
      vertex 52.9 50.8 18.1
      vertex 52.9 50.8 16.9
      vertex 49.9 50.8 18.1
    endloop
  endfacet
  facet normal 0 1 0
    outer loop
      vertex 49.9 50.8 16.9
      vertex 49.9 50.8 18.1
      vertex 52.9 50.8 16.9
    endloop
  endfacet
  facet normal 0 1 0
    outer loop
      vertex 47.9 50.8 13.9
      vertex 49.9 50.8 18.1
      vertex 49.9 50.8 16.9
    endloop
  endfacet
  facet normal 0 1 0
    outer loop
      vertex 47.9 50.8 13.9
      vertex 49.9 50.8 16.9
      vertex 49.9 50.8 14.3
    endloop
  endfacet
  facet normal 0 1 0
    outer loop
      vertex 49.9 50.8 18.1
      vertex 47.9 50.8 13.9
      vertex 47.9 50.8 21.7
    endloop
  endfacet
  facet normal 0 1 0
    outer loop
      vertex 22 50.8 8
      vertex 32.9 50.8 21.7
      vertex 32.9 50.8 13.9
    endloop
  endfacet
  facet normal 0 1 -0
    outer loop
      vertex 58.8 50.8 0
      vertex 47.9 50.8 13.9
      vertex 58.8 50.8 8
    endloop
  endfacet
  facet normal 0 1 0
    outer loop
      vertex 47.9 50.8 13.9
      vertex 58.8 50.8 0
      vertex 32.9 50.8 13.9
    endloop
  endfacet
  facet normal 0 1 0
    outer loop
      vertex 32.9 50.8 21.7
      vertex 22 50.8 8
      vertex 4 50.8 21.7
    endloop
  endfacet
  facet normal 0 1 -0
    outer loop
      vertex 12 50.8 8
      vertex 4 50.8 21.7
      vertex 22 50.8 8
    endloop
  endfacet
  facet normal 0 1 0
    outer loop
      vertex 4 50.8 0
      vertex 12 50.8 8
      vertex 12 50.8 0
    endloop
  endfacet
  facet normal 0 1 0
    outer loop
      vertex 12 50.8 8
      vertex 4 50.8 0
      vertex 4 50.8 21.7
    endloop
  endfacet
  facet normal 1 -0 0
    outer loop
      vertex 80.8 8.4 18.1
      vertex 80.8 11.4 16.9
      vertex 80.8 11.4 18.1
    endloop
  endfacet
  facet normal 1 0 0
    outer loop
      vertex 80.8 11.4 16.9
      vertex 80.8 8.4 18.1
      vertex 80.8 8.4 16.9
    endloop
  endfacet
  facet normal 1 -0 0
    outer loop
      vertex 80.8 12.9 18.1
      vertex 80.8 15.9 16.9
      vertex 80.8 15.9 18.1
    endloop
  endfacet
  facet normal 1 0 0
    outer loop
      vertex 80.8 15.9 16.9
      vertex 80.8 12.9 18.1
      vertex 80.8 12.9 16.9
    endloop
  endfacet
  facet normal 1 -0 0
    outer loop
      vertex 80.8 17.4 18.1
      vertex 80.8 20.4 16.9
      vertex 80.8 20.4 18.1
    endloop
  endfacet
  facet normal 1 0 0
    outer loop
      vertex 80.8 20.4 16.9
      vertex 80.8 17.4 18.1
      vertex 80.8 17.4 16.9
    endloop
  endfacet
  facet normal 1 -0 0
    outer loop
      vertex 80.8 21.9 18.1
      vertex 80.8 24.9 16.9
      vertex 80.8 24.9 18.1
    endloop
  endfacet
  facet normal 1 0 0
    outer loop
      vertex 80.8 24.9 16.9
      vertex 80.8 21.9 18.1
      vertex 80.8 21.9 16.9
    endloop
  endfacet
  facet normal 1 -0 0
    outer loop
      vertex 80.8 26.4 18.1
      vertex 80.8 29.4 16.9
      vertex 80.8 29.4 18.1
    endloop
  endfacet
  facet normal 1 0 0
    outer loop
      vertex 80.8 29.4 16.9
      vertex 80.8 26.4 18.1
      vertex 80.8 26.4 16.9
    endloop
  endfacet
  facet normal 1 -0 0
    outer loop
      vertex 80.8 30.9 18.1
      vertex 80.8 33.9 16.9
      vertex 80.8 33.9 18.1
    endloop
  endfacet
  facet normal 1 0 0
    outer loop
      vertex 80.8 33.9 16.9
      vertex 80.8 30.9 18.1
      vertex 80.8 30.9 16.9
    endloop
  endfacet
  facet normal 1 -0 0
    outer loop
      vertex 80.8 35.4 18.1
      vertex 80.8 38.4 16.9
      vertex 80.8 38.4 18.1
    endloop
  endfacet
  facet normal 1 0 0
    outer loop
      vertex 80.8 38.4 16.9
      vertex 80.8 35.4 18.1
      vertex 80.8 35.4 16.9
    endloop
  endfacet
  facet normal 1 -0 0
    outer loop
      vertex 80.8 39.9 18.1
      vertex 80.8 42.9 16.9
      vertex 80.8 42.9 18.1
    endloop
  endfacet
  facet normal 1 0 0
    outer loop
      vertex 80.8 42.9 16.9
      vertex 80.8 39.9 18.1
      vertex 80.8 39.9 16.9
    endloop
  endfacet
  facet normal 1 0 0
    outer loop
      vertex 80.8 42.9 18.1
      vertex 80.8 46.8 21.7
      vertex 80.8 42.9 20.7
    endloop
  endfacet
  facet normal 1 0 0
    outer loop
      vertex 80.8 46.8 21.7
      vertex 80.8 39.9 20.7
      vertex 80.8 42.9 20.7
    endloop
  endfacet
  facet normal 1 0 0
    outer loop
      vertex 80.8 38.4 18.1
      vertex 80.8 39.9 18.1
      vertex 80.8 39.9 20.7
    endloop
  endfacet
  facet normal 1 0 0
    outer loop
      vertex 80.8 39.9 18.1
      vertex 80.8 38.4 18.1
      vertex 80.8 39.9 16.9
    endloop
  endfacet
  facet normal 1 0 0
    outer loop
      vertex 80.8 38.4 18.1
      vertex 80.8 39.9 20.7
      vertex 80.8 38.4 20.7
    endloop
  endfacet
  facet normal 1 0 0
    outer loop
      vertex 80.8 46.8 21.7
      vertex 80.8 38.4 20.7
      vertex 80.8 39.9 20.7
    endloop
  endfacet
  facet normal 1 0 0
    outer loop
      vertex 80.8 46.8 21.7
      vertex 80.8 35.4 20.7
      vertex 80.8 38.4 20.7
    endloop
  endfacet
  facet normal 1 0 0
    outer loop
      vertex 80.8 33.9 18.1
      vertex 80.8 35.4 18.1
      vertex 80.8 35.4 20.7
    endloop
  endfacet
  facet normal 1 0 0
    outer loop
      vertex 80.8 35.4 18.1
      vertex 80.8 33.9 18.1
      vertex 80.8 35.4 16.9
    endloop
  endfacet
  facet normal 1 0 0
    outer loop
      vertex 80.8 33.9 18.1
      vertex 80.8 35.4 20.7
      vertex 80.8 33.9 20.7
    endloop
  endfacet
  facet normal 1 0 0
    outer loop
      vertex 80.8 46.8 21.7
      vertex 80.8 33.9 20.7
      vertex 80.8 35.4 20.7
    endloop
  endfacet
  facet normal 1 0 0
    outer loop
      vertex 80.8 46.8 21.7
      vertex 80.8 30.9 20.7
      vertex 80.8 33.9 20.7
    endloop
  endfacet
  facet normal 1 0 0
    outer loop
      vertex 80.8 29.4 18.1
      vertex 80.8 30.9 18.1
      vertex 80.8 30.9 20.7
    endloop
  endfacet
  facet normal 1 0 0
    outer loop
      vertex 80.8 30.9 18.1
      vertex 80.8 29.4 18.1
      vertex 80.8 30.9 16.9
    endloop
  endfacet
  facet normal 1 0 0
    outer loop
      vertex 80.8 29.4 18.1
      vertex 80.8 30.9 20.7
      vertex 80.8 29.4 20.7
    endloop
  endfacet
  facet normal 1 0 0
    outer loop
      vertex 80.8 46.8 21.7
      vertex 80.8 29.4 20.7
      vertex 80.8 30.9 20.7
    endloop
  endfacet
  facet normal 1 0 0
    outer loop
      vertex 80.8 46.8 21.7
      vertex 80.8 26.4 20.7
      vertex 80.8 29.4 20.7
    endloop
  endfacet
  facet normal 1 0 0
    outer loop
      vertex 80.8 24.9 18.1
      vertex 80.8 26.4 18.1
      vertex 80.8 26.4 20.7
    endloop
  endfacet
  facet normal 1 0 0
    outer loop
      vertex 80.8 26.4 18.1
      vertex 80.8 24.9 18.1
      vertex 80.8 26.4 16.9
    endloop
  endfacet
  facet normal 1 0 0
    outer loop
      vertex 80.8 24.9 18.1
      vertex 80.8 26.4 20.7
      vertex 80.8 24.9 20.7
    endloop
  endfacet
  facet normal 1 0 0
    outer loop
      vertex 80.8 46.8 21.7
      vertex 80.8 24.9 20.7
      vertex 80.8 26.4 20.7
    endloop
  endfacet
  facet normal 1 -0 0
    outer loop
      vertex 80.8 4 21.7
      vertex 80.8 24.9 20.7
      vertex 80.8 46.8 21.7
    endloop
  endfacet
  facet normal 1 0 0
    outer loop
      vertex 80.8 20.4 18.1
      vertex 80.8 21.9 18.1
      vertex 80.8 21.9 20.7
    endloop
  endfacet
  facet normal 1 0 0
    outer loop
      vertex 80.8 21.9 18.1
      vertex 80.8 20.4 18.1
      vertex 80.8 21.9 16.9
    endloop
  endfacet
  facet normal 1 0 0
    outer loop
      vertex 80.8 20.4 18.1
      vertex 80.8 21.9 20.7
      vertex 80.8 20.4 20.7
    endloop
  endfacet
  facet normal 1 0 0
    outer loop
      vertex 80.8 24.9 20.7
      vertex 80.8 4 21.7
      vertex 80.8 21.9 20.7
    endloop
  endfacet
  facet normal 1 0 0
    outer loop
      vertex 80.8 21.9 20.7
      vertex 80.8 4 21.7
      vertex 80.8 20.4 20.7
    endloop
  endfacet
  facet normal 1 0 0
    outer loop
      vertex 80.8 15.9 18.1
      vertex 80.8 17.4 18.1
      vertex 80.8 17.4 20.7
    endloop
  endfacet
  facet normal 1 0 0
    outer loop
      vertex 80.8 17.4 18.1
      vertex 80.8 15.9 18.1
      vertex 80.8 17.4 16.9
    endloop
  endfacet
  facet normal 1 0 0
    outer loop
      vertex 80.8 15.9 18.1
      vertex 80.8 17.4 20.7
      vertex 80.8 15.9 20.7
    endloop
  endfacet
  facet normal 1 0 0
    outer loop
      vertex 80.8 20.4 20.7
      vertex 80.8 4 21.7
      vertex 80.8 17.4 20.7
    endloop
  endfacet
  facet normal 1 0 0
    outer loop
      vertex 80.8 17.4 20.7
      vertex 80.8 4 21.7
      vertex 80.8 15.9 20.7
    endloop
  endfacet
  facet normal 1 0 0
    outer loop
      vertex 80.8 11.4 18.1
      vertex 80.8 12.9 18.1
      vertex 80.8 12.9 20.7
    endloop
  endfacet
  facet normal 1 0 0
    outer loop
      vertex 80.8 12.9 18.1
      vertex 80.8 11.4 18.1
      vertex 80.8 12.9 16.9
    endloop
  endfacet
  facet normal 1 0 0
    outer loop
      vertex 80.8 11.4 18.1
      vertex 80.8 12.9 20.7
      vertex 80.8 11.4 20.7
    endloop
  endfacet
  facet normal 1 0 0
    outer loop
      vertex 80.8 15.9 20.7
      vertex 80.8 4 21.7
      vertex 80.8 12.9 20.7
    endloop
  endfacet
  facet normal 1 0 0
    outer loop
      vertex 80.8 12.9 20.7
      vertex 80.8 4 21.7
      vertex 80.8 11.4 20.7
    endloop
  endfacet
  facet normal 1 0 0
    outer loop
      vertex 80.8 4 21.7
      vertex 80.8 8.4 18.1
      vertex 80.8 8.4 20.7
    endloop
  endfacet
  facet normal 1 0 0
    outer loop
      vertex 80.8 8.4 18.1
      vertex 80.8 4 21.7
      vertex 80.8 8.4 16.9
    endloop
  endfacet
  facet normal 1 0 0
    outer loop
      vertex 80.8 8.4 16.9
      vertex 80.8 4 21.7
      vertex 80.8 8.4 14.3
    endloop
  endfacet
  facet normal 1 0 0
    outer loop
      vertex 80.8 11.4 20.7
      vertex 80.8 4 21.7
      vertex 80.8 8.4 20.7
    endloop
  endfacet
  facet normal 1 0 0
    outer loop
      vertex 80.8 42.9 16.9
      vertex 80.8 46.8 21.7
      vertex 80.8 42.9 18.1
    endloop
  endfacet
  facet normal 1 0 0
    outer loop
      vertex 80.8 42.9 14.3
      vertex 80.8 46.8 21.7
      vertex 80.8 42.9 16.9
    endloop
  endfacet
  facet normal 1 0 0
    outer loop
      vertex 80.8 46.8 21.7
      vertex 80.8 42.9 14.3
      vertex 80.8 46.8 0
    endloop
  endfacet
  facet normal 1 -0 0
    outer loop
      vertex 80.8 39.9 14.3
      vertex 80.8 46.8 0
      vertex 80.8 42.9 14.3
    endloop
  endfacet
  facet normal 1 0 0
    outer loop
      vertex 80.8 38.4 16.9
      vertex 80.8 39.9 16.9
      vertex 80.8 38.4 18.1
    endloop
  endfacet
  facet normal 1 0 0
    outer loop
      vertex 80.8 39.9 16.9
      vertex 80.8 38.4 16.9
      vertex 80.8 39.9 14.3
    endloop
  endfacet
  facet normal 1 0 0
    outer loop
      vertex 80.8 38.4 14.3
      vertex 80.8 39.9 14.3
      vertex 80.8 38.4 16.9
    endloop
  endfacet
  facet normal 1 0 0
    outer loop
      vertex 80.8 39.9 14.3
      vertex 80.8 38.4 14.3
      vertex 80.8 46.8 0
    endloop
  endfacet
  facet normal 1 -0 0
    outer loop
      vertex 80.8 35.4 14.3
      vertex 80.8 46.8 0
      vertex 80.8 38.4 14.3
    endloop
  endfacet
  facet normal 1 0 0
    outer loop
      vertex 80.8 33.9 16.9
      vertex 80.8 35.4 16.9
      vertex 80.8 33.9 18.1
    endloop
  endfacet
  facet normal 1 0 0
    outer loop
      vertex 80.8 35.4 16.9
      vertex 80.8 33.9 16.9
      vertex 80.8 35.4 14.3
    endloop
  endfacet
  facet normal 1 0 0
    outer loop
      vertex 80.8 33.9 14.3
      vertex 80.8 35.4 14.3
      vertex 80.8 33.9 16.9
    endloop
  endfacet
  facet normal 1 -0 0
    outer loop
      vertex 80.8 33.9 14.3
      vertex 80.8 46.8 0
      vertex 80.8 35.4 14.3
    endloop
  endfacet
  facet normal 1 -0 0
    outer loop
      vertex 80.8 30.9 14.3
      vertex 80.8 46.8 0
      vertex 80.8 33.9 14.3
    endloop
  endfacet
  facet normal 1 0 0
    outer loop
      vertex 80.8 29.4 16.9
      vertex 80.8 30.9 16.9
      vertex 80.8 29.4 18.1
    endloop
  endfacet
  facet normal 1 0 0
    outer loop
      vertex 80.8 30.9 16.9
      vertex 80.8 29.4 16.9
      vertex 80.8 30.9 14.3
    endloop
  endfacet
  facet normal 1 0 0
    outer loop
      vertex 80.8 29.4 14.3
      vertex 80.8 30.9 14.3
      vertex 80.8 29.4 16.9
    endloop
  endfacet
  facet normal 1 -0 0
    outer loop
      vertex 80.8 29.4 14.3
      vertex 80.8 46.8 0
      vertex 80.8 30.9 14.3
    endloop
  endfacet
  facet normal 1 -0 0
    outer loop
      vertex 80.8 26.4 14.3
      vertex 80.8 46.8 0
      vertex 80.8 29.4 14.3
    endloop
  endfacet
  facet normal 1 0 0
    outer loop
      vertex 80.8 24.9 16.9
      vertex 80.8 26.4 16.9
      vertex 80.8 24.9 18.1
    endloop
  endfacet
  facet normal 1 0 0
    outer loop
      vertex 80.8 26.4 16.9
      vertex 80.8 24.9 16.9
      vertex 80.8 26.4 14.3
    endloop
  endfacet
  facet normal 1 0 0
    outer loop
      vertex 80.8 24.9 14.3
      vertex 80.8 26.4 14.3
      vertex 80.8 24.9 16.9
    endloop
  endfacet
  facet normal 1 -0 0
    outer loop
      vertex 80.8 24.9 14.3
      vertex 80.8 46.8 0
      vertex 80.8 26.4 14.3
    endloop
  endfacet
  facet normal 1 0 0
    outer loop
      vertex 80.8 4 0
      vertex 80.8 24.9 14.3
      vertex 80.8 21.9 14.3
    endloop
  endfacet
  facet normal 1 0 0
    outer loop
      vertex 80.8 20.4 16.9
      vertex 80.8 21.9 16.9
      vertex 80.8 20.4 18.1
    endloop
  endfacet
  facet normal 1 0 0
    outer loop
      vertex 80.8 21.9 16.9
      vertex 80.8 20.4 16.9
      vertex 80.8 21.9 14.3
    endloop
  endfacet
  facet normal 1 0 0
    outer loop
      vertex 80.8 20.4 14.3
      vertex 80.8 21.9 14.3
      vertex 80.8 20.4 16.9
    endloop
  endfacet
  facet normal 1 0 0
    outer loop
      vertex 80.8 4 0
      vertex 80.8 21.9 14.3
      vertex 80.8 20.4 14.3
    endloop
  endfacet
  facet normal 1 0 0
    outer loop
      vertex 80.8 4 0
      vertex 80.8 20.4 14.3
      vertex 80.8 17.4 14.3
    endloop
  endfacet
  facet normal 1 0 0
    outer loop
      vertex 80.8 15.9 16.9
      vertex 80.8 17.4 16.9
      vertex 80.8 15.9 18.1
    endloop
  endfacet
  facet normal 1 0 0
    outer loop
      vertex 80.8 17.4 16.9
      vertex 80.8 15.9 16.9
      vertex 80.8 17.4 14.3
    endloop
  endfacet
  facet normal 1 0 0
    outer loop
      vertex 80.8 15.9 14.3
      vertex 80.8 17.4 14.3
      vertex 80.8 15.9 16.9
    endloop
  endfacet
  facet normal 1 0 0
    outer loop
      vertex 80.8 4 0
      vertex 80.8 17.4 14.3
      vertex 80.8 15.9 14.3
    endloop
  endfacet
  facet normal 1 0 0
    outer loop
      vertex 80.8 4 0
      vertex 80.8 15.9 14.3
      vertex 80.8 12.9 14.3
    endloop
  endfacet
  facet normal 1 0 0
    outer loop
      vertex 80.8 11.4 16.9
      vertex 80.8 12.9 16.9
      vertex 80.8 11.4 18.1
    endloop
  endfacet
  facet normal 1 0 0
    outer loop
      vertex 80.8 12.9 16.9
      vertex 80.8 11.4 16.9
      vertex 80.8 12.9 14.3
    endloop
  endfacet
  facet normal 1 0 0
    outer loop
      vertex 80.8 11.4 14.3
      vertex 80.8 12.9 14.3
      vertex 80.8 11.4 16.9
    endloop
  endfacet
  facet normal 1 0 0
    outer loop
      vertex 80.8 4 0
      vertex 80.8 12.9 14.3
      vertex 80.8 11.4 14.3
    endloop
  endfacet
  facet normal 1 0 0
    outer loop
      vertex 80.8 4 0
      vertex 80.8 11.4 14.3
      vertex 80.8 8.4 14.3
    endloop
  endfacet
  facet normal 1 0 0
    outer loop
      vertex 80.8 24.9 14.3
      vertex 80.8 4 0
      vertex 80.8 46.8 0
    endloop
  endfacet
  facet normal 1 0 0
    outer loop
      vertex 80.8 4 0
      vertex 80.8 8.4 14.3
      vertex 80.8 4 21.7
    endloop
  endfacet
  facet normal 0.659328 -0.751855 0
    outer loop
      vertex 79.235 0.826584 0
      vertex 79.6284 1.17157 21.7
      vertex 79.235 0.826584 21.7
    endloop
  endfacet
  facet normal 0.659328 -0.751855 0
    outer loop
      vertex 79.6284 1.17157 21.7
      vertex 79.235 0.826584 0
      vertex 79.6284 1.17157 0
    endloop
  endfacet
  facet normal -0.659353 0.751834 0
    outer loop
      vertex 1.56496 49.9734 0
      vertex 1.17157 49.6284 21.7
      vertex 1.56496 49.9734 21.7
    endloop
  endfacet
  facet normal -0.659353 0.751834 0
    outer loop
      vertex 1.17157 49.6284 21.7
      vertex 1.56496 49.9734 0
      vertex 1.17157 49.6284 0
    endloop
  endfacet
  facet normal -0.442284 -0.896875 0
    outer loop
      vertex 2 0.535904 0
      vertex 2.46927 0.304489 21.7
      vertex 2 0.535904 21.7
    endloop
  endfacet
  facet normal -0.442284 -0.896875 -0
    outer loop
      vertex 2.46927 0.304489 21.7
      vertex 2 0.535904 0
      vertex 2.46927 0.304489 0
    endloop
  endfacet
  facet normal -0.555564 -0.831474 0
    outer loop
      vertex 1.56496 0.826584 0
      vertex 2 0.535904 21.7
      vertex 1.56496 0.826584 21.7
    endloop
  endfacet
  facet normal -0.555564 -0.831474 -0
    outer loop
      vertex 2 0.535904 21.7
      vertex 1.56496 0.826584 0
      vertex 2 0.535904 0
    endloop
  endfacet
  facet normal -0.195073 -0.980789 0
    outer loop
      vertex 2.96472 0.136292 0
      vertex 3.47789 0.0342255 21.7
      vertex 2.96472 0.136292 21.7
    endloop
  endfacet
  facet normal -0.195073 -0.980789 -0
    outer loop
      vertex 3.47789 0.0342255 21.7
      vertex 2.96472 0.136292 0
      vertex 3.47789 0.0342255 0
    endloop
  endfacet
  facet normal 0.442238 0.896898 -0
    outer loop
      vertex 78.8 50.2641 0
      vertex 78.3307 50.4955 21.7
      vertex 78.8 50.2641 21.7
    endloop
  endfacet
  facet normal 0.442238 0.896898 0
    outer loop
      vertex 78.3307 50.4955 21.7
      vertex 78.8 50.2641 0
      vertex 78.3307 50.4955 0
    endloop
  endfacet
  facet normal 0.555626 0.831432 -0
    outer loop
      vertex 79.235 49.9734 0
      vertex 78.8 50.2641 21.7
      vertex 79.235 49.9734 21.7
    endloop
  endfacet
  facet normal 0.555626 0.831432 0
    outer loop
      vertex 78.8 50.2641 21.7
      vertex 79.235 49.9734 0
      vertex 78.8 50.2641 0
    endloop
  endfacet
  facet normal 0.195124 0.980779 -0
    outer loop
      vertex 77.8353 50.6637 0
      vertex 77.3221 50.7658 21.7
      vertex 77.8353 50.6637 21.7
    endloop
  endfacet
  facet normal 0.195124 0.980779 0
    outer loop
      vertex 77.3221 50.7658 21.7
      vertex 77.8353 50.6637 0
      vertex 77.3221 50.7658 0
    endloop
  endfacet
  facet normal -0.0653634 0.997862 0
    outer loop
      vertex 4 50.8 0
      vertex 3.47789 50.7658 21.7
      vertex 4 50.8 21.7
    endloop
  endfacet
  facet normal -0.0653634 0.997862 0
    outer loop
      vertex 3.47789 50.7658 21.7
      vertex 4 50.8 0
      vertex 3.47789 50.7658 0
    endloop
  endfacet
  facet normal 0.997862 -0.0653634 0
    outer loop
      vertex 80.7658 3.47789 21.7
      vertex 80.8 4 0
      vertex 80.8 4 21.7
    endloop
  endfacet
  facet normal 0.997862 -0.0653634 0
    outer loop
      vertex 80.8 4 0
      vertex 80.7658 3.47789 21.7
      vertex 80.7658 3.47789 0
    endloop
  endfacet
  facet normal 0.980776 -0.195135 0
    outer loop
      vertex 80.6637 2.96472 21.7
      vertex 80.7658 3.47789 0
      vertex 80.7658 3.47789 21.7
    endloop
  endfacet
  facet normal 0.980776 -0.195135 0
    outer loop
      vertex 80.7658 3.47789 0
      vertex 80.6637 2.96472 21.7
      vertex 80.6637 2.96472 0
    endloop
  endfacet
  facet normal -0.555591 0.831456 0
    outer loop
      vertex 2 50.2641 0
      vertex 1.56496 49.9734 21.7
      vertex 2 50.2641 21.7
    endloop
  endfacet
  facet normal -0.555591 0.831456 0
    outer loop
      vertex 1.56496 49.9734 21.7
      vertex 2 50.2641 0
      vertex 1.56496 49.9734 0
    endloop
  endfacet
  facet normal -0.751855 0.659328 0
    outer loop
      vertex 0.826584 49.235 0
      vertex 1.17157 49.6284 21.7
      vertex 1.17157 49.6284 0
    endloop
  endfacet
  facet normal -0.751855 0.659328 0
    outer loop
      vertex 1.17157 49.6284 21.7
      vertex 0.826584 49.235 0
      vertex 0.826584 49.235 21.7
    endloop
  endfacet
  facet normal -0.83145 0.5556 0
    outer loop
      vertex 0.535904 48.8 0
      vertex 0.826584 49.235 21.7
      vertex 0.826584 49.235 0
    endloop
  endfacet
  facet normal -0.83145 0.5556 0
    outer loop
      vertex 0.826584 49.235 21.7
      vertex 0.535904 48.8 0
      vertex 0.535904 48.8 21.7
    endloop
  endfacet
  facet normal -0.980791 0.195062 0
    outer loop
      vertex 0.0342255 47.3221 0
      vertex 0.136292 47.8353 21.7
      vertex 0.136292 47.8353 0
    endloop
  endfacet
  facet normal -0.980791 0.195062 0
    outer loop
      vertex 0.136292 47.8353 21.7
      vertex 0.0342255 47.3221 0
      vertex 0.0342255 47.3221 21.7
    endloop
  endfacet
  facet normal 0.321498 0.94691 -0
    outer loop
      vertex 78.3307 50.4955 0
      vertex 77.8353 50.6637 21.7
      vertex 78.3307 50.4955 21.7
    endloop
  endfacet
  facet normal 0.321498 0.94691 0
    outer loop
      vertex 77.8353 50.6637 21.7
      vertex 78.3307 50.4955 0
      vertex 77.8353 50.6637 0
    endloop
  endfacet
  facet normal 0.896898 0.442238 0
    outer loop
      vertex 80.4955 48.3307 21.7
      vertex 80.2641 48.8 0
      vertex 80.2641 48.8 21.7
    endloop
  endfacet
  facet normal 0.896898 0.442238 0
    outer loop
      vertex 80.2641 48.8 0
      vertex 80.4955 48.3307 21.7
      vertex 80.4955 48.3307 0
    endloop
  endfacet
  facet normal 0.751842 0.659343 0
    outer loop
      vertex 79.9734 49.235 21.7
      vertex 79.6284 49.6284 0
      vertex 79.6284 49.6284 21.7
    endloop
  endfacet
  facet normal 0.751842 0.659343 0
    outer loop
      vertex 79.6284 49.6284 0
      vertex 79.9734 49.235 21.7
      vertex 79.9734 49.235 0
    endloop
  endfacet
  facet normal 0.831456 -0.555591 0
    outer loop
      vertex 79.9734 1.56496 21.7
      vertex 80.2641 2 0
      vertex 80.2641 2 21.7
    endloop
  endfacet
  facet normal 0.831456 -0.555591 0
    outer loop
      vertex 80.2641 2 0
      vertex 79.9734 1.56496 21.7
      vertex 79.9734 1.56496 0
    endloop
  endfacet
  facet normal 0.442261 -0.896886 0
    outer loop
      vertex 78.3307 0.304489 0
      vertex 78.8 0.535904 21.7
      vertex 78.3307 0.304489 21.7
    endloop
  endfacet
  facet normal 0.442261 -0.896886 0
    outer loop
      vertex 78.8 0.535904 21.7
      vertex 78.3307 0.304489 0
      vertex 78.8 0.535904 0
    endloop
  endfacet
  facet normal -0.44226 0.896887 0
    outer loop
      vertex 2.46927 50.4955 0
      vertex 2 50.2641 21.7
      vertex 2.46927 50.4955 21.7
    endloop
  endfacet
  facet normal -0.44226 0.896887 0
    outer loop
      vertex 2 50.2641 21.7
      vertex 2.46927 50.4955 0
      vertex 2 50.2641 0
    endloop
  endfacet
  facet normal -0.321469 0.94692 0
    outer loop
      vertex 2.96472 50.6637 0
      vertex 2.46927 50.4955 21.7
      vertex 2.96472 50.6637 21.7
    endloop
  endfacet
  facet normal -0.321469 0.94692 0
    outer loop
      vertex 2.46927 50.4955 21.7
      vertex 2.96472 50.6637 0
      vertex 2.46927 50.4955 0
    endloop
  endfacet
  facet normal -0.896886 0.442261 0
    outer loop
      vertex 0.304489 48.3307 0
      vertex 0.535904 48.8 21.7
      vertex 0.535904 48.8 0
    endloop
  endfacet
  facet normal -0.896886 0.442261 0
    outer loop
      vertex 0.535904 48.8 21.7
      vertex 0.304489 48.3307 0
      vertex 0.304489 48.3307 21.7
    endloop
  endfacet
  facet normal -0.946912 0.321493 0
    outer loop
      vertex 0.136292 47.8353 0
      vertex 0.304489 48.3307 21.7
      vertex 0.304489 48.3307 0
    endloop
  endfacet
  facet normal -0.946912 0.321493 0
    outer loop
      vertex 0.304489 48.3307 21.7
      vertex 0.136292 47.8353 0
      vertex 0.136292 47.8353 21.7
    endloop
  endfacet
  facet normal -0.997858 -0.0654119 0
    outer loop
      vertex 0.0342255 3.47789 0
      vertex 0 4 21.7
      vertex 0 4 0
    endloop
  endfacet
  facet normal -0.997858 -0.0654119 0
    outer loop
      vertex 0 4 21.7
      vertex 0.0342255 3.47789 0
      vertex 0.0342255 3.47789 21.7
    endloop
  endfacet
  facet normal -0.980789 -0.195073 0
    outer loop
      vertex 0.136292 2.96472 0
      vertex 0.0342255 3.47789 21.7
      vertex 0.0342255 3.47789 0
    endloop
  endfacet
  facet normal -0.980789 -0.195073 0
    outer loop
      vertex 0.0342255 3.47789 21.7
      vertex 0.136292 2.96472 0
      vertex 0.136292 2.96472 21.7
    endloop
  endfacet
  facet normal -0.946922 -0.321464 0
    outer loop
      vertex 0.304489 2.46927 0
      vertex 0.136292 2.96472 21.7
      vertex 0.136292 2.96472 0
    endloop
  endfacet
  facet normal -0.946922 -0.321464 0
    outer loop
      vertex 0.136292 2.96472 21.7
      vertex 0.304489 2.46927 0
      vertex 0.304489 2.46927 21.7
    endloop
  endfacet
  facet normal -0.831474 -0.555564 0
    outer loop
      vertex 0.826584 1.56496 0
      vertex 0.535904 2 21.7
      vertex 0.535904 2 0
    endloop
  endfacet
  facet normal -0.831474 -0.555564 0
    outer loop
      vertex 0.535904 2 21.7
      vertex 0.826584 1.56496 0
      vertex 0.826584 1.56496 21.7
    endloop
  endfacet
  facet normal -0.321464 -0.946922 0
    outer loop
      vertex 2.46927 0.304489 0
      vertex 2.96472 0.136292 21.7
      vertex 2.46927 0.304489 21.7
    endloop
  endfacet
  facet normal -0.321464 -0.946922 -0
    outer loop
      vertex 2.96472 0.136292 21.7
      vertex 2.46927 0.304489 0
      vertex 2.96472 0.136292 0
    endloop
  endfacet
  facet normal 0.997861 0.0653646 0
    outer loop
      vertex 80.8 46.8 21.7
      vertex 80.7658 47.3221 0
      vertex 80.7658 47.3221 21.7
    endloop
  endfacet
  facet normal 0.997861 0.0653646 0
    outer loop
      vertex 80.7658 47.3221 0
      vertex 80.8 46.8 21.7
      vertex 80.8 46.8 0
    endloop
  endfacet
  facet normal 0.980779 0.195124 0
    outer loop
      vertex 80.7658 47.3221 21.7
      vertex 80.6637 47.8353 0
      vertex 80.6637 47.8353 21.7
    endloop
  endfacet
  facet normal 0.980779 0.195124 0
    outer loop
      vertex 80.6637 47.8353 0
      vertex 80.7658 47.3221 21.7
      vertex 80.7658 47.3221 0
    endloop
  endfacet
  facet normal 0.94691 0.321498 0
    outer loop
      vertex 80.6637 47.8353 21.7
      vertex 80.4955 48.3307 0
      vertex 80.4955 48.3307 21.7
    endloop
  endfacet
  facet normal 0.94691 0.321498 0
    outer loop
      vertex 80.4955 48.3307 0
      vertex 80.6637 47.8353 21.7
      vertex 80.6637 47.8353 0
    endloop
  endfacet
  facet normal 0.831432 0.555626 0
    outer loop
      vertex 80.2641 48.8 21.7
      vertex 79.9734 49.235 0
      vertex 79.9734 49.235 21.7
    endloop
  endfacet
  facet normal 0.831432 0.555626 0
    outer loop
      vertex 79.9734 49.235 0
      vertex 80.2641 48.8 21.7
      vertex 80.2641 48.8 0
    endloop
  endfacet
  facet normal 0.896887 -0.44226 0
    outer loop
      vertex 80.2641 2 21.7
      vertex 80.4955 2.46927 0
      vertex 80.4955 2.46927 21.7
    endloop
  endfacet
  facet normal 0.896887 -0.44226 0
    outer loop
      vertex 80.4955 2.46927 0
      vertex 80.2641 2 21.7
      vertex 80.2641 2 0
    endloop
  endfacet
  facet normal 0.751834 -0.659353 0
    outer loop
      vertex 79.6284 1.17157 21.7
      vertex 79.9734 1.56496 0
      vertex 79.9734 1.56496 21.7
    endloop
  endfacet
  facet normal 0.751834 -0.659353 0
    outer loop
      vertex 79.9734 1.56496 0
      vertex 79.6284 1.17157 21.7
      vertex 79.6284 1.17157 0
    endloop
  endfacet
  facet normal 0.5556 -0.83145 0
    outer loop
      vertex 78.8 0.535904 0
      vertex 79.235 0.826584 21.7
      vertex 78.8 0.535904 21.7
    endloop
  endfacet
  facet normal 0.5556 -0.83145 0
    outer loop
      vertex 79.235 0.826584 21.7
      vertex 78.8 0.535904 0
      vertex 79.235 0.826584 0
    endloop
  endfacet
  facet normal -0.896875 -0.442284 0
    outer loop
      vertex 0.535904 2 0
      vertex 0.304489 2.46927 21.7
      vertex 0.304489 2.46927 0
    endloop
  endfacet
  facet normal -0.896875 -0.442284 0
    outer loop
      vertex 0.304489 2.46927 21.7
      vertex 0.535904 2 0
      vertex 0.535904 2 21.7
    endloop
  endfacet
  facet normal -0.751847 -0.659337 0
    outer loop
      vertex 1.17157 1.17157 0
      vertex 0.826584 1.56496 21.7
      vertex 0.826584 1.56496 0
    endloop
  endfacet
  facet normal -0.751847 -0.659337 0
    outer loop
      vertex 0.826584 1.56496 21.7
      vertex 1.17157 1.17157 0
      vertex 1.17157 1.17157 21.7
    endloop
  endfacet
  facet normal 0.94692 -0.321469 0
    outer loop
      vertex 80.4955 2.46927 21.7
      vertex 80.6637 2.96472 0
      vertex 80.6637 2.96472 21.7
    endloop
  endfacet
  facet normal 0.94692 -0.321469 0
    outer loop
      vertex 80.6637 2.96472 0
      vertex 80.4955 2.46927 21.7
      vertex 80.4955 2.46927 0
    endloop
  endfacet
  facet normal -0.866031 -0.49999 0
    outer loop
      vertex 55.5 11.4 0
      vertex 54.45 13.2187 1.6
      vertex 54.45 13.2187 0
    endloop
  endfacet
  facet normal -0.866031 -0.49999 0
    outer loop
      vertex 54.45 13.2187 1.6
      vertex 55.5 11.4 0
      vertex 55.5 11.4 1.6
    endloop
  endfacet
  facet normal 0.866031 -0.49999 0
    outer loop
      vertex 51.3 11.4 1.6
      vertex 52.35 13.2187 0
      vertex 52.35 13.2187 1.6
    endloop
  endfacet
  facet normal 0.866031 -0.49999 0
    outer loop
      vertex 52.35 13.2187 0
      vertex 51.3 11.4 1.6
      vertex 51.3 11.4 0
    endloop
  endfacet
  facet normal 0 -1 0
    outer loop
      vertex 52.35 13.2187 0
      vertex 54.45 13.2187 1.6
      vertex 52.35 13.2187 1.6
    endloop
  endfacet
  facet normal 0 -1 -0
    outer loop
      vertex 54.45 13.2187 1.6
      vertex 52.35 13.2187 0
      vertex 54.45 13.2187 0
    endloop
  endfacet
  facet normal 0 1 -0
    outer loop
      vertex 54.45 9.58135 0
      vertex 52.35 9.58135 1.6
      vertex 54.45 9.58135 1.6
    endloop
  endfacet
  facet normal 0 1 0
    outer loop
      vertex 52.35 9.58135 1.6
      vertex 54.45 9.58135 0
      vertex 52.35 9.58135 0
    endloop
  endfacet
  facet normal 0.866025 0.500001 0
    outer loop
      vertex 52.35 9.58135 1.6
      vertex 51.3 11.4 0
      vertex 51.3 11.4 1.6
    endloop
  endfacet
  facet normal 0.866025 0.500001 0
    outer loop
      vertex 51.3 11.4 0
      vertex 52.35 9.58135 1.6
      vertex 52.35 9.58135 0
    endloop
  endfacet
  facet normal -0.866025 0.500001 0
    outer loop
      vertex 54.45 9.58135 0
      vertex 55.5 11.4 1.6
      vertex 55.5 11.4 0
    endloop
  endfacet
  facet normal -0.866025 0.500001 0
    outer loop
      vertex 55.5 11.4 1.6
      vertex 54.45 9.58135 0
      vertex 54.45 9.58135 1.6
    endloop
  endfacet
  facet normal -0.866031 -0.49999 0
    outer loop
      vertex 61.1 11.4 0
      vertex 60.05 13.2187 1.6
      vertex 60.05 13.2187 0
    endloop
  endfacet
  facet normal -0.866031 -0.49999 0
    outer loop
      vertex 60.05 13.2187 1.6
      vertex 61.1 11.4 0
      vertex 61.1 11.4 1.6
    endloop
  endfacet
  facet normal 0.866031 -0.49999 0
    outer loop
      vertex 56.9 11.4 1
      vertex 57.95 13.2187 0
      vertex 57.95 13.2187 1
    endloop
  endfacet
  facet normal 0.866031 -0.49999 0
    outer loop
      vertex 57.95 13.2187 0
      vertex 56.9 11.4 1
      vertex 56.9 11.4 0
    endloop
  endfacet
  facet normal 0 -1 0
    outer loop
      vertex 57.95 13.2187 1
      vertex 57.95 13.2187 0
      vertex 58 13.2187 1
    endloop
  endfacet
  facet normal 0 -1 0
    outer loop
      vertex 58 13.2187 1
      vertex 60.05 13.2187 1.6
      vertex 58 13.2187 1.6
    endloop
  endfacet
  facet normal 0 -1 0
    outer loop
      vertex 60.05 13.2187 0
      vertex 58 13.2187 1
      vertex 57.95 13.2187 0
    endloop
  endfacet
  facet normal 0 -1 0
    outer loop
      vertex 58 13.2187 1
      vertex 60.05 13.2187 0
      vertex 60.05 13.2187 1.6
    endloop
  endfacet
  facet normal 0.866025 0.500001 0
    outer loop
      vertex 57.95 9.58135 1
      vertex 56.9 11.4 0
      vertex 56.9 11.4 1
    endloop
  endfacet
  facet normal 0.866025 0.500001 0
    outer loop
      vertex 56.9 11.4 0
      vertex 57.95 9.58135 1
      vertex 57.95 9.58135 0
    endloop
  endfacet
  facet normal 0 1 0
    outer loop
      vertex 60.05 9.58135 1.6
      vertex 58 9.58135 1
      vertex 58 9.58135 1.6
    endloop
  endfacet
  facet normal 0 1 -0
    outer loop
      vertex 60.05 9.58135 0
      vertex 58 9.58135 1
      vertex 60.05 9.58135 1.6
    endloop
  endfacet
  facet normal 0 1 0
    outer loop
      vertex 57.95 9.58135 0
      vertex 58 9.58135 1
      vertex 60.05 9.58135 0
    endloop
  endfacet
  facet normal 0 1 0
    outer loop
      vertex 58 9.58135 1
      vertex 57.95 9.58135 0
      vertex 57.95 9.58135 1
    endloop
  endfacet
  facet normal -0.866025 0.500001 0
    outer loop
      vertex 60.05 9.58135 0
      vertex 61.1 11.4 1.6
      vertex 61.1 11.4 0
    endloop
  endfacet
  facet normal -0.866025 0.500001 0
    outer loop
      vertex 61.1 11.4 1.6
      vertex 60.05 9.58135 0
      vertex 60.05 9.58135 1.6
    endloop
  endfacet
  facet normal -0.866031 -0.49999 0
    outer loop
      vertex 66.7 11.4 0
      vertex 65.65 13.2187 1.6
      vertex 65.65 13.2187 0
    endloop
  endfacet
  facet normal -0.866031 -0.49999 0
    outer loop
      vertex 65.65 13.2187 1.6
      vertex 66.7 11.4 0
      vertex 66.7 11.4 1.6
    endloop
  endfacet
  facet normal 0.866019 -0.500011 0
    outer loop
      vertex 63 12.266 1.6
      vertex 62.5 11.4 1.6
      vertex 63 12.266 1.59
    endloop
  endfacet
  facet normal 0.866042 -0.499972 0
    outer loop
      vertex 63 12.266 1.59
      vertex 63.55 13.2187 0
      vertex 63.55 13.2187 1.59
    endloop
  endfacet
  facet normal 0.866019 -0.500011 0
    outer loop
      vertex 62.5 11.4 0
      vertex 63 12.266 1.59
      vertex 62.5 11.4 1.6
    endloop
  endfacet
  facet normal 0.866031 -0.49999 -1.49743e-05
    outer loop
      vertex 63 12.266 1.59
      vertex 62.5 11.4 0
      vertex 63.55 13.2187 0
    endloop
  endfacet
  facet normal 0 -1 0
    outer loop
      vertex 63.55 13.2187 1.59
      vertex 63.55 13.2187 0
      vertex 64.2 13.2187 1.59
    endloop
  endfacet
  facet normal 0 -1 0
    outer loop
      vertex 64.2 13.2187 1.59
      vertex 65.65 13.2187 1.6
      vertex 64.2 13.2187 1.6
    endloop
  endfacet
  facet normal 0 -1 0
    outer loop
      vertex 65.65 13.2187 0
      vertex 64.2 13.2187 1.59
      vertex 63.55 13.2187 0
    endloop
  endfacet
  facet normal 0 -1 0
    outer loop
      vertex 64.2 13.2187 1.59
      vertex 65.65 13.2187 0
      vertex 65.65 13.2187 1.6
    endloop
  endfacet
  facet normal 0.866019 0.500011 -0
    outer loop
      vertex 63 10.534 1.59
      vertex 62.5 11.4 1.6
      vertex 63 10.534 1.6
    endloop
  endfacet
  facet normal 0.866019 0.500011 0
    outer loop
      vertex 62.5 11.4 1.6
      vertex 63 10.534 1.59
      vertex 62.5 11.4 0
    endloop
  endfacet
  facet normal 0.86603 0.499991 -0
    outer loop
      vertex 63.55 9.58135 0
      vertex 63 10.534 1.59
      vertex 63.55 9.58135 1.59
    endloop
  endfacet
  facet normal 0.866025 0.500001 -7.48728e-06
    outer loop
      vertex 63 10.534 1.59
      vertex 63.55 9.58135 0
      vertex 62.5 11.4 0
    endloop
  endfacet
  facet normal 0 1 0
    outer loop
      vertex 65.65 9.58135 1.6
      vertex 64.2 9.58135 1.59
      vertex 64.2 9.58135 1.6
    endloop
  endfacet
  facet normal 0 1 -0
    outer loop
      vertex 65.65 9.58135 0
      vertex 64.2 9.58135 1.59
      vertex 65.65 9.58135 1.6
    endloop
  endfacet
  facet normal 0 1 0
    outer loop
      vertex 63.55 9.58135 0
      vertex 64.2 9.58135 1.59
      vertex 65.65 9.58135 0
    endloop
  endfacet
  facet normal 0 1 0
    outer loop
      vertex 64.2 9.58135 1.59
      vertex 63.55 9.58135 0
      vertex 63.55 9.58135 1.59
    endloop
  endfacet
  facet normal -0.866025 0.500001 0
    outer loop
      vertex 65.65 9.58135 0
      vertex 66.7 11.4 1.6
      vertex 66.7 11.4 0
    endloop
  endfacet
  facet normal -0.866025 0.500001 0
    outer loop
      vertex 66.7 11.4 1.6
      vertex 65.65 9.58135 0
      vertex 65.65 9.58135 1.6
    endloop
  endfacet
  facet normal -0.866031 -0.49999 0
    outer loop
      vertex 72.3 11.4 0
      vertex 71.25 13.2187 1.6
      vertex 71.25 13.2187 0
    endloop
  endfacet
  facet normal -0.866031 -0.49999 0
    outer loop
      vertex 71.25 13.2187 1.6
      vertex 72.3 11.4 0
      vertex 72.3 11.4 1.6
    endloop
  endfacet
  facet normal 0.866031 -0.49999 0
    outer loop
      vertex 68.1 11.4 1.6
      vertex 69.15 13.2187 0
      vertex 69.15 13.2187 1.6
    endloop
  endfacet
  facet normal 0.866031 -0.49999 0
    outer loop
      vertex 69.15 13.2187 0
      vertex 68.1 11.4 1.6
      vertex 68.1 11.4 0
    endloop
  endfacet
  facet normal 0 -1 0
    outer loop
      vertex 69.15 13.2187 0
      vertex 71.25 13.2187 1.6
      vertex 69.15 13.2187 1.6
    endloop
  endfacet
  facet normal 0 -1 -0
    outer loop
      vertex 71.25 13.2187 1.6
      vertex 69.15 13.2187 0
      vertex 71.25 13.2187 0
    endloop
  endfacet
  facet normal 0 1 -0
    outer loop
      vertex 71.25 9.58135 0
      vertex 69.15 9.58135 1.6
      vertex 71.25 9.58135 1.6
    endloop
  endfacet
  facet normal 0 1 0
    outer loop
      vertex 69.15 9.58135 1.6
      vertex 71.25 9.58135 0
      vertex 69.15 9.58135 0
    endloop
  endfacet
  facet normal 0.866025 0.500001 0
    outer loop
      vertex 69.15 9.58135 1.6
      vertex 68.1 11.4 0
      vertex 68.1 11.4 1.6
    endloop
  endfacet
  facet normal 0.866025 0.500001 0
    outer loop
      vertex 68.1 11.4 0
      vertex 69.15 9.58135 1.6
      vertex 69.15 9.58135 0
    endloop
  endfacet
  facet normal -0.866025 0.500001 0
    outer loop
      vertex 71.25 9.58135 0
      vertex 72.3 11.4 1.6
      vertex 72.3 11.4 0
    endloop
  endfacet
  facet normal -0.866025 0.500001 0
    outer loop
      vertex 72.3 11.4 1.6
      vertex 71.25 9.58135 0
      vertex 71.25 9.58135 1.6
    endloop
  endfacet
  facet normal -0.866031 -0.49999 0
    outer loop
      vertex 55.5 21.144 0
      vertex 54.45 22.9627 1.6
      vertex 54.45 22.9627 0
    endloop
  endfacet
  facet normal -0.866031 -0.49999 0
    outer loop
      vertex 54.45 22.9627 1.6
      vertex 55.5 21.144 0
      vertex 55.5 21.144 1.6
    endloop
  endfacet
  facet normal 0.866031 -0.49999 0
    outer loop
      vertex 51.3 21.144 1.6
      vertex 52.35 22.9627 0
      vertex 52.35 22.9627 1.6
    endloop
  endfacet
  facet normal 0.866031 -0.49999 0
    outer loop
      vertex 52.35 22.9627 0
      vertex 51.3 21.144 1.6
      vertex 51.3 21.144 0
    endloop
  endfacet
  facet normal 0 -1 0
    outer loop
      vertex 52.35 22.9627 0
      vertex 54.45 22.9627 1.6
      vertex 52.35 22.9627 1.6
    endloop
  endfacet
  facet normal 0 -1 -0
    outer loop
      vertex 54.45 22.9627 1.6
      vertex 52.35 22.9627 0
      vertex 54.45 22.9627 0
    endloop
  endfacet
  facet normal 0.866031 0.49999 0
    outer loop
      vertex 52.35 19.3253 1.6
      vertex 51.3 21.144 0
      vertex 51.3 21.144 1.6
    endloop
  endfacet
  facet normal 0.866031 0.49999 0
    outer loop
      vertex 51.3 21.144 0
      vertex 52.35 19.3253 1.6
      vertex 52.35 19.3253 0
    endloop
  endfacet
  facet normal -0.866031 0.49999 0
    outer loop
      vertex 54.45 19.3253 0
      vertex 55.5 21.144 1.6
      vertex 55.5 21.144 0
    endloop
  endfacet
  facet normal -0.866031 0.49999 0
    outer loop
      vertex 55.5 21.144 1.6
      vertex 54.45 19.3253 0
      vertex 54.45 19.3253 1.6
    endloop
  endfacet
  facet normal 0 1 -0
    outer loop
      vertex 54.45 19.3253 0
      vertex 52.35 19.3253 1.6
      vertex 54.45 19.3253 1.6
    endloop
  endfacet
  facet normal 0 1 0
    outer loop
      vertex 52.35 19.3253 1.6
      vertex 54.45 19.3253 0
      vertex 52.35 19.3253 0
    endloop
  endfacet
  facet normal -0.866031 -0.49999 0
    outer loop
      vertex 61.1 21.144 0
      vertex 60.05 22.9627 1.6
      vertex 60.05 22.9627 0
    endloop
  endfacet
  facet normal -0.866031 -0.49999 0
    outer loop
      vertex 60.05 22.9627 1.6
      vertex 61.1 21.144 0
      vertex 61.1 21.144 1.6
    endloop
  endfacet
  facet normal 0.866031 -0.49999 0
    outer loop
      vertex 56.9 21.144 1
      vertex 57.95 22.9627 0
      vertex 57.95 22.9627 1
    endloop
  endfacet
  facet normal 0.866031 -0.49999 0
    outer loop
      vertex 57.95 22.9627 0
      vertex 56.9 21.144 1
      vertex 56.9 21.144 0
    endloop
  endfacet
  facet normal 0 -1 0
    outer loop
      vertex 57.95 22.9627 1
      vertex 57.95 22.9627 0
      vertex 58 22.9627 1
    endloop
  endfacet
  facet normal 0 -1 0
    outer loop
      vertex 58 22.9627 1
      vertex 60.05 22.9627 1.6
      vertex 58 22.9627 1.6
    endloop
  endfacet
  facet normal 0 -1 0
    outer loop
      vertex 60.05 22.9627 0
      vertex 58 22.9627 1
      vertex 57.95 22.9627 0
    endloop
  endfacet
  facet normal 0 -1 0
    outer loop
      vertex 58 22.9627 1
      vertex 60.05 22.9627 0
      vertex 60.05 22.9627 1.6
    endloop
  endfacet
  facet normal 0 1 0
    outer loop
      vertex 60.05 19.3253 1.6
      vertex 58 19.3253 1
      vertex 58 19.3253 1.6
    endloop
  endfacet
  facet normal 0 1 -0
    outer loop
      vertex 60.05 19.3253 0
      vertex 58 19.3253 1
      vertex 60.05 19.3253 1.6
    endloop
  endfacet
  facet normal 0 1 0
    outer loop
      vertex 57.95 19.3253 0
      vertex 58 19.3253 1
      vertex 60.05 19.3253 0
    endloop
  endfacet
  facet normal 0 1 0
    outer loop
      vertex 58 19.3253 1
      vertex 57.95 19.3253 0
      vertex 57.95 19.3253 1
    endloop
  endfacet
  facet normal 0.866031 0.49999 0
    outer loop
      vertex 57.95 19.3253 1
      vertex 56.9 21.144 0
      vertex 56.9 21.144 1
    endloop
  endfacet
  facet normal 0.866031 0.49999 0
    outer loop
      vertex 56.9 21.144 0
      vertex 57.95 19.3253 1
      vertex 57.95 19.3253 0
    endloop
  endfacet
  facet normal -0.866031 0.49999 0
    outer loop
      vertex 60.05 19.3253 0
      vertex 61.1 21.144 1.6
      vertex 61.1 21.144 0
    endloop
  endfacet
  facet normal -0.866031 0.49999 0
    outer loop
      vertex 61.1 21.144 1.6
      vertex 60.05 19.3253 0
      vertex 60.05 19.3253 1.6
    endloop
  endfacet
  facet normal -0.866031 -0.49999 0
    outer loop
      vertex 55.5 30.888 0
      vertex 54.45 32.7067 1.6
      vertex 54.45 32.7067 0
    endloop
  endfacet
  facet normal -0.866031 -0.49999 0
    outer loop
      vertex 54.45 32.7067 1.6
      vertex 55.5 30.888 0
      vertex 55.5 30.888 1.6
    endloop
  endfacet
  facet normal 0.866031 -0.49999 0
    outer loop
      vertex 51.3 30.888 1.6
      vertex 52.35 32.7067 0
      vertex 52.35 32.7067 1.6
    endloop
  endfacet
  facet normal 0.866031 -0.49999 0
    outer loop
      vertex 52.35 32.7067 0
      vertex 51.3 30.888 1.6
      vertex 51.3 30.888 0
    endloop
  endfacet
  facet normal 0 -1 0
    outer loop
      vertex 52.35 32.7067 0
      vertex 54.45 32.7067 1.6
      vertex 52.35 32.7067 1.6
    endloop
  endfacet
  facet normal 0 -1 -0
    outer loop
      vertex 54.45 32.7067 1.6
      vertex 52.35 32.7067 0
      vertex 54.45 32.7067 0
    endloop
  endfacet
  facet normal 0.866031 0.49999 0
    outer loop
      vertex 52.35 29.0693 1.6
      vertex 51.3 30.888 0
      vertex 51.3 30.888 1.6
    endloop
  endfacet
  facet normal 0.866031 0.49999 0
    outer loop
      vertex 51.3 30.888 0
      vertex 52.35 29.0693 1.6
      vertex 52.35 29.0693 0
    endloop
  endfacet
  facet normal 0 1 -0
    outer loop
      vertex 54.45 29.0693 0
      vertex 52.35 29.0693 1.6
      vertex 54.45 29.0693 1.6
    endloop
  endfacet
  facet normal 0 1 0
    outer loop
      vertex 52.35 29.0693 1.6
      vertex 54.45 29.0693 0
      vertex 52.35 29.0693 0
    endloop
  endfacet
  facet normal -0.866031 0.49999 0
    outer loop
      vertex 54.45 29.0693 0
      vertex 55.5 30.888 1.6
      vertex 55.5 30.888 0
    endloop
  endfacet
  facet normal -0.866031 0.49999 0
    outer loop
      vertex 55.5 30.888 1.6
      vertex 54.45 29.0693 0
      vertex 54.45 29.0693 1.6
    endloop
  endfacet
  facet normal -0.866031 -0.49999 0
    outer loop
      vertex 61.1 30.888 0
      vertex 60.05 32.7067 1.6
      vertex 60.05 32.7067 0
    endloop
  endfacet
  facet normal -0.866031 -0.49999 0
    outer loop
      vertex 60.05 32.7067 1.6
      vertex 61.1 30.888 0
      vertex 61.1 30.888 1.6
    endloop
  endfacet
  facet normal 0.866031 -0.49999 0
    outer loop
      vertex 56.9 30.888 1
      vertex 57.95 32.7067 0
      vertex 57.95 32.7067 1
    endloop
  endfacet
  facet normal 0.866031 -0.49999 0
    outer loop
      vertex 57.95 32.7067 0
      vertex 56.9 30.888 1
      vertex 56.9 30.888 0
    endloop
  endfacet
  facet normal 0 -1 0
    outer loop
      vertex 57.95 32.7067 1
      vertex 57.95 32.7067 0
      vertex 58 32.7067 1
    endloop
  endfacet
  facet normal 0 -1 0
    outer loop
      vertex 58 32.7067 1
      vertex 60.05 32.7067 1.6
      vertex 58 32.7067 1.6
    endloop
  endfacet
  facet normal 0 -1 0
    outer loop
      vertex 60.05 32.7067 0
      vertex 58 32.7067 1
      vertex 57.95 32.7067 0
    endloop
  endfacet
  facet normal 0 -1 0
    outer loop
      vertex 58 32.7067 1
      vertex 60.05 32.7067 0
      vertex 60.05 32.7067 1.6
    endloop
  endfacet
  facet normal -0.866031 0.49999 0
    outer loop
      vertex 60.05 29.0693 0
      vertex 61.1 30.888 1.6
      vertex 61.1 30.888 0
    endloop
  endfacet
  facet normal -0.866031 0.49999 0
    outer loop
      vertex 61.1 30.888 1.6
      vertex 60.05 29.0693 0
      vertex 60.05 29.0693 1.6
    endloop
  endfacet
  facet normal 0 1 0
    outer loop
      vertex 60.05 29.0693 1.6
      vertex 58 29.0693 1
      vertex 58 29.0693 1.6
    endloop
  endfacet
  facet normal 0 1 -0
    outer loop
      vertex 60.05 29.0693 0
      vertex 58 29.0693 1
      vertex 60.05 29.0693 1.6
    endloop
  endfacet
  facet normal 0 1 0
    outer loop
      vertex 57.95 29.0693 0
      vertex 58 29.0693 1
      vertex 60.05 29.0693 0
    endloop
  endfacet
  facet normal 0 1 0
    outer loop
      vertex 58 29.0693 1
      vertex 57.95 29.0693 0
      vertex 57.95 29.0693 1
    endloop
  endfacet
  facet normal 0.866031 0.49999 0
    outer loop
      vertex 57.95 29.0693 1
      vertex 56.9 30.888 0
      vertex 56.9 30.888 1
    endloop
  endfacet
  facet normal 0.866031 0.49999 0
    outer loop
      vertex 56.9 30.888 0
      vertex 57.95 29.0693 1
      vertex 57.95 29.0693 0
    endloop
  endfacet
  facet normal -0.866031 -0.49999 0
    outer loop
      vertex 55.5 40.632 0
      vertex 54.45 42.4507 1.6
      vertex 54.45 42.4507 0
    endloop
  endfacet
  facet normal -0.866031 -0.49999 0
    outer loop
      vertex 54.45 42.4507 1.6
      vertex 55.5 40.632 0
      vertex 55.5 40.632 1.6
    endloop
  endfacet
  facet normal 0 1 -0
    outer loop
      vertex 54.45 38.8133 0
      vertex 52.35 38.8133 1.6
      vertex 54.45 38.8133 1.6
    endloop
  endfacet
  facet normal 0 1 0
    outer loop
      vertex 52.35 38.8133 1.6
      vertex 54.45 38.8133 0
      vertex 52.35 38.8133 0
    endloop
  endfacet
  facet normal 0.866031 -0.49999 0
    outer loop
      vertex 51.3 40.632 1.6
      vertex 52.35 42.4507 0
      vertex 52.35 42.4507 1.6
    endloop
  endfacet
  facet normal 0.866031 -0.49999 0
    outer loop
      vertex 52.35 42.4507 0
      vertex 51.3 40.632 1.6
      vertex 51.3 40.632 0
    endloop
  endfacet
  facet normal 0 -1 0
    outer loop
      vertex 52.35 42.4507 0
      vertex 54.45 42.4507 1.6
      vertex 52.35 42.4507 1.6
    endloop
  endfacet
  facet normal 0 -1 -0
    outer loop
      vertex 54.45 42.4507 1.6
      vertex 52.35 42.4507 0
      vertex 54.45 42.4507 0
    endloop
  endfacet
  facet normal 0.866031 0.49999 0
    outer loop
      vertex 52.35 38.8133 1.6
      vertex 51.3 40.632 0
      vertex 51.3 40.632 1.6
    endloop
  endfacet
  facet normal 0.866031 0.49999 0
    outer loop
      vertex 51.3 40.632 0
      vertex 52.35 38.8133 1.6
      vertex 52.35 38.8133 0
    endloop
  endfacet
  facet normal -0.866031 0.49999 0
    outer loop
      vertex 54.45 38.8133 0
      vertex 55.5 40.632 1.6
      vertex 55.5 40.632 0
    endloop
  endfacet
  facet normal -0.866031 0.49999 0
    outer loop
      vertex 55.5 40.632 1.6
      vertex 54.45 38.8133 0
      vertex 54.45 38.8133 1.6
    endloop
  endfacet
  facet normal -0.866031 -0.49999 0
    outer loop
      vertex 61.1 40.632 0
      vertex 60.05 42.4507 1.6
      vertex 60.05 42.4507 0
    endloop
  endfacet
  facet normal -0.866031 -0.49999 0
    outer loop
      vertex 60.05 42.4507 1.6
      vertex 61.1 40.632 0
      vertex 61.1 40.632 1.6
    endloop
  endfacet
  facet normal 0.866031 -0.49999 0
    outer loop
      vertex 56.9 40.632 1
      vertex 57.95 42.4507 0
      vertex 57.95 42.4507 1
    endloop
  endfacet
  facet normal 0.866031 -0.49999 0
    outer loop
      vertex 57.95 42.4507 0
      vertex 56.9 40.632 1
      vertex 56.9 40.632 0
    endloop
  endfacet
  facet normal 0 -1 0
    outer loop
      vertex 57.95 42.4507 1
      vertex 57.95 42.4507 0
      vertex 58 42.4507 1
    endloop
  endfacet
  facet normal 0 -1 0
    outer loop
      vertex 58 42.4507 1
      vertex 60.05 42.4507 1.6
      vertex 58 42.4507 1.6
    endloop
  endfacet
  facet normal 0 -1 0
    outer loop
      vertex 60.05 42.4507 0
      vertex 58 42.4507 1
      vertex 57.95 42.4507 0
    endloop
  endfacet
  facet normal 0 -1 0
    outer loop
      vertex 58 42.4507 1
      vertex 60.05 42.4507 0
      vertex 60.05 42.4507 1.6
    endloop
  endfacet
  facet normal 0.866031 0.49999 0
    outer loop
      vertex 57.95 38.8133 1
      vertex 56.9 40.632 0
      vertex 56.9 40.632 1
    endloop
  endfacet
  facet normal 0.866031 0.49999 0
    outer loop
      vertex 56.9 40.632 0
      vertex 57.95 38.8133 1
      vertex 57.95 38.8133 0
    endloop
  endfacet
  facet normal -0.866031 0.49999 0
    outer loop
      vertex 60.05 38.8133 0
      vertex 61.1 40.632 1.6
      vertex 61.1 40.632 0
    endloop
  endfacet
  facet normal -0.866031 0.49999 0
    outer loop
      vertex 61.1 40.632 1.6
      vertex 60.05 38.8133 0
      vertex 60.05 38.8133 1.6
    endloop
  endfacet
  facet normal 0 1 0
    outer loop
      vertex 60.05 38.8133 1.6
      vertex 58 38.8133 1
      vertex 58 38.8133 1.6
    endloop
  endfacet
  facet normal 0 1 -0
    outer loop
      vertex 60.05 38.8133 0
      vertex 58 38.8133 1
      vertex 60.05 38.8133 1.6
    endloop
  endfacet
  facet normal 0 1 0
    outer loop
      vertex 57.95 38.8133 0
      vertex 58 38.8133 1
      vertex 60.05 38.8133 0
    endloop
  endfacet
  facet normal 0 1 0
    outer loop
      vertex 58 38.8133 1
      vertex 57.95 38.8133 0
      vertex 57.95 38.8133 1
    endloop
  endfacet
  facet normal -0.866036 -0.499982 0
    outer loop
      vertex 57.25 18.0907 0
      vertex 58 16.7916 1
      vertex 57.25 18.0907 1
    endloop
  endfacet
  facet normal -0.866031 -0.49999 -1.42854e-05
    outer loop
      vertex 58.3 16.272 0
      vertex 58 16.7916 1
      vertex 57.25 18.0907 0
    endloop
  endfacet
  facet normal -0.866019 -0.500011 -0
    outer loop
      vertex 58.3 16.272 1.6
      vertex 58 16.7916 1
      vertex 58.3 16.272 0
    endloop
  endfacet
  facet normal -0.866019 -0.500011 0
    outer loop
      vertex 58 16.7916 1
      vertex 58.3 16.272 1.6
      vertex 58 16.7916 1.6
    endloop
  endfacet
  facet normal 0.866031 -0.49999 0
    outer loop
      vertex 54.1 16.272 1.6
      vertex 55.15 18.0907 0
      vertex 55.15 18.0907 1.6
    endloop
  endfacet
  facet normal 0.866031 -0.49999 0
    outer loop
      vertex 55.15 18.0907 0
      vertex 54.1 16.272 1.6
      vertex 54.1 16.272 0
    endloop
  endfacet
  facet normal 0 -1 0
    outer loop
      vertex 55.15 18.0907 1.6
      vertex 56.4 18.0907 1
      vertex 56.4 18.0907 1.6
    endloop
  endfacet
  facet normal 0 -1 0
    outer loop
      vertex 55.15 18.0907 0
      vertex 56.4 18.0907 1
      vertex 55.15 18.0907 1.6
    endloop
  endfacet
  facet normal 0 -1 0
    outer loop
      vertex 57.25 18.0907 0
      vertex 56.4 18.0907 1
      vertex 55.15 18.0907 0
    endloop
  endfacet
  facet normal 0 -1 0
    outer loop
      vertex 56.4 18.0907 1
      vertex 57.25 18.0907 0
      vertex 57.25 18.0907 1
    endloop
  endfacet
  facet normal 0.866031 0.49999 0
    outer loop
      vertex 55.15 14.4533 1.6
      vertex 54.1 16.272 0
      vertex 54.1 16.272 1.6
    endloop
  endfacet
  facet normal 0.866031 0.49999 0
    outer loop
      vertex 54.1 16.272 0
      vertex 55.15 14.4533 1.6
      vertex 55.15 14.4533 0
    endloop
  endfacet
  facet normal 0 1 0
    outer loop
      vertex 57.25 14.4533 1
      vertex 57.25 14.4533 0
      vertex 56.4 14.4533 1
    endloop
  endfacet
  facet normal 0 1 -0
    outer loop
      vertex 56.4 14.4533 1
      vertex 55.15 14.4533 1.6
      vertex 56.4 14.4533 1.6
    endloop
  endfacet
  facet normal 0 1 0
    outer loop
      vertex 55.15 14.4533 0
      vertex 56.4 14.4533 1
      vertex 57.25 14.4533 0
    endloop
  endfacet
  facet normal 0 1 0
    outer loop
      vertex 56.4 14.4533 1
      vertex 55.15 14.4533 0
      vertex 55.15 14.4533 1.6
    endloop
  endfacet
  facet normal -0.866019 0.500011 0
    outer loop
      vertex 58.3 16.272 0
      vertex 58 15.7524 1
      vertex 58.3 16.272 1.6
    endloop
  endfacet
  facet normal -0.866031 0.49999 -1.42854e-05
    outer loop
      vertex 57.25 14.4533 0
      vertex 58 15.7524 1
      vertex 58.3 16.272 0
    endloop
  endfacet
  facet normal -0.866036 0.499982 0
    outer loop
      vertex 58 15.7524 1
      vertex 57.25 14.4533 0
      vertex 57.25 14.4533 1
    endloop
  endfacet
  facet normal -0.866019 0.500011 0
    outer loop
      vertex 58.3 16.272 1.6
      vertex 58 15.7524 1
      vertex 58 15.7524 1.6
    endloop
  endfacet
  facet normal -0.866036 -0.499982 0
    outer loop
      vertex 57.25 27.8347 0
      vertex 58 26.5356 1
      vertex 57.25 27.8347 1
    endloop
  endfacet
  facet normal -0.866031 -0.49999 -1.42854e-05
    outer loop
      vertex 58.3 26.016 0
      vertex 58 26.5356 1
      vertex 57.25 27.8347 0
    endloop
  endfacet
  facet normal -0.866019 -0.500011 -0
    outer loop
      vertex 58.3 26.016 1.6
      vertex 58 26.5356 1
      vertex 58.3 26.016 0
    endloop
  endfacet
  facet normal -0.866019 -0.500011 0
    outer loop
      vertex 58 26.5356 1
      vertex 58.3 26.016 1.6
      vertex 58 26.5356 1.6
    endloop
  endfacet
  facet normal 0 1 0
    outer loop
      vertex 57.25 24.1973 1
      vertex 57.25 24.1973 0
      vertex 56.4 24.1973 1
    endloop
  endfacet
  facet normal 0 1 -0
    outer loop
      vertex 56.4 24.1973 1
      vertex 55.15 24.1973 1.6
      vertex 56.4 24.1973 1.6
    endloop
  endfacet
  facet normal 0 1 0
    outer loop
      vertex 55.15 24.1973 0
      vertex 56.4 24.1973 1
      vertex 57.25 24.1973 0
    endloop
  endfacet
  facet normal 0 1 0
    outer loop
      vertex 56.4 24.1973 1
      vertex 55.15 24.1973 0
      vertex 55.15 24.1973 1.6
    endloop
  endfacet
  facet normal 0.866031 -0.49999 0
    outer loop
      vertex 54.1 26.016 1.6
      vertex 55.15 27.8347 0
      vertex 55.15 27.8347 1.6
    endloop
  endfacet
  facet normal 0.866031 -0.49999 0
    outer loop
      vertex 55.15 27.8347 0
      vertex 54.1 26.016 1.6
      vertex 54.1 26.016 0
    endloop
  endfacet
  facet normal 0 -1 0
    outer loop
      vertex 55.15 27.8347 1.6
      vertex 56.4 27.8347 1
      vertex 56.4 27.8347 1.6
    endloop
  endfacet
  facet normal 0 -1 0
    outer loop
      vertex 55.15 27.8347 0
      vertex 56.4 27.8347 1
      vertex 55.15 27.8347 1.6
    endloop
  endfacet
  facet normal 0 -1 0
    outer loop
      vertex 57.25 27.8347 0
      vertex 56.4 27.8347 1
      vertex 55.15 27.8347 0
    endloop
  endfacet
  facet normal 0 -1 0
    outer loop
      vertex 56.4 27.8347 1
      vertex 57.25 27.8347 0
      vertex 57.25 27.8347 1
    endloop
  endfacet
  facet normal 0.866031 0.49999 0
    outer loop
      vertex 55.15 24.1973 1.6
      vertex 54.1 26.016 0
      vertex 54.1 26.016 1.6
    endloop
  endfacet
  facet normal 0.866031 0.49999 0
    outer loop
      vertex 54.1 26.016 0
      vertex 55.15 24.1973 1.6
      vertex 55.15 24.1973 0
    endloop
  endfacet
  facet normal -0.866019 0.500011 0
    outer loop
      vertex 58.3 26.016 0
      vertex 58 25.4964 1
      vertex 58.3 26.016 1.6
    endloop
  endfacet
  facet normal -0.866031 0.49999 -1.42854e-05
    outer loop
      vertex 57.25 24.1973 0
      vertex 58 25.4964 1
      vertex 58.3 26.016 0
    endloop
  endfacet
  facet normal -0.866036 0.499982 0
    outer loop
      vertex 58 25.4964 1
      vertex 57.25 24.1973 0
      vertex 57.25 24.1973 1
    endloop
  endfacet
  facet normal -0.866019 0.500011 0
    outer loop
      vertex 58.3 26.016 1.6
      vertex 58 25.4964 1
      vertex 58 25.4964 1.6
    endloop
  endfacet
  facet normal -0.866036 -0.499982 0
    outer loop
      vertex 57.25 37.5787 0
      vertex 58 36.2796 1
      vertex 57.25 37.5787 1
    endloop
  endfacet
  facet normal -0.866031 -0.49999 -1.42854e-05
    outer loop
      vertex 58.3 35.76 0
      vertex 58 36.2796 1
      vertex 57.25 37.5787 0
    endloop
  endfacet
  facet normal -0.866019 -0.500011 -0
    outer loop
      vertex 58.3 35.76 1.6
      vertex 58 36.2796 1
      vertex 58.3 35.76 0
    endloop
  endfacet
  facet normal -0.866019 -0.500011 0
    outer loop
      vertex 58 36.2796 1
      vertex 58.3 35.76 1.6
      vertex 58 36.2796 1.6
    endloop
  endfacet
  facet normal 0.866031 -0.49999 0
    outer loop
      vertex 54.1 35.76 1.6
      vertex 55.15 37.5787 0
      vertex 55.15 37.5787 1.6
    endloop
  endfacet
  facet normal 0.866031 -0.49999 0
    outer loop
      vertex 55.15 37.5787 0
      vertex 54.1 35.76 1.6
      vertex 54.1 35.76 0
    endloop
  endfacet
  facet normal 0 -1 0
    outer loop
      vertex 55.15 37.5787 1.6
      vertex 56.4 37.5787 1
      vertex 56.4 37.5787 1.6
    endloop
  endfacet
  facet normal 0 -1 0
    outer loop
      vertex 55.15 37.5787 0
      vertex 56.4 37.5787 1
      vertex 55.15 37.5787 1.6
    endloop
  endfacet
  facet normal 0 -1 0
    outer loop
      vertex 57.25 37.5787 0
      vertex 56.4 37.5787 1
      vertex 55.15 37.5787 0
    endloop
  endfacet
  facet normal 0 -1 0
    outer loop
      vertex 56.4 37.5787 1
      vertex 57.25 37.5787 0
      vertex 57.25 37.5787 1
    endloop
  endfacet
  facet normal 0.866031 0.49999 0
    outer loop
      vertex 55.15 33.9413 1.6
      vertex 54.1 35.76 0
      vertex 54.1 35.76 1.6
    endloop
  endfacet
  facet normal 0.866031 0.49999 0
    outer loop
      vertex 54.1 35.76 0
      vertex 55.15 33.9413 1.6
      vertex 55.15 33.9413 0
    endloop
  endfacet
  facet normal -0.866019 0.500011 0
    outer loop
      vertex 58.3 35.76 0
      vertex 58 35.2404 1
      vertex 58.3 35.76 1.6
    endloop
  endfacet
  facet normal -0.866031 0.49999 -1.42854e-05
    outer loop
      vertex 57.25 33.9413 0
      vertex 58 35.2404 1
      vertex 58.3 35.76 0
    endloop
  endfacet
  facet normal -0.866036 0.499982 0
    outer loop
      vertex 58 35.2404 1
      vertex 57.25 33.9413 0
      vertex 57.25 33.9413 1
    endloop
  endfacet
  facet normal -0.866019 0.500011 0
    outer loop
      vertex 58.3 35.76 1.6
      vertex 58 35.2404 1
      vertex 58 35.2404 1.6
    endloop
  endfacet
  facet normal 0 1 0
    outer loop
      vertex 57.25 33.9413 1
      vertex 57.25 33.9413 0
      vertex 56.4 33.9413 1
    endloop
  endfacet
  facet normal 0 1 -0
    outer loop
      vertex 56.4 33.9413 1
      vertex 55.15 33.9413 1.6
      vertex 56.4 33.9413 1.6
    endloop
  endfacet
  facet normal 0 1 0
    outer loop
      vertex 55.15 33.9413 0
      vertex 56.4 33.9413 1
      vertex 57.25 33.9413 0
    endloop
  endfacet
  facet normal 0 1 0
    outer loop
      vertex 56.4 33.9413 1
      vertex 55.15 33.9413 0
      vertex 55.15 33.9413 1.6
    endloop
  endfacet
  facet normal -0.866031 -0.49999 0
    outer loop
      vertex 12.5 9.4 0
      vertex 11.45 11.2187 1.6
      vertex 11.45 11.2187 0
    endloop
  endfacet
  facet normal -0.866031 -0.49999 0
    outer loop
      vertex 11.45 11.2187 1.6
      vertex 12.5 9.4 0
      vertex 12.5 9.4 1.6
    endloop
  endfacet
  facet normal 0.866019 -0.500011 0
    outer loop
      vertex 8.4 9.5732 1.6
      vertex 8.3 9.4 1.6
      vertex 8.4 9.5732 1
    endloop
  endfacet
  facet normal 0.866032 -0.499988 0
    outer loop
      vertex 8.4 9.5732 1
      vertex 9.35 11.2187 0
      vertex 9.35 11.2187 1
    endloop
  endfacet
  facet normal 0.866031 -0.49999 -4.76181e-06
    outer loop
      vertex 8.4 9.5732 1
      vertex 8.3 9.4 0
      vertex 9.35 11.2187 0
    endloop
  endfacet
  facet normal 0.866019 -0.500011 0
    outer loop
      vertex 8.3 9.4 0
      vertex 8.4 9.5732 1
      vertex 8.3 9.4 1.6
    endloop
  endfacet
  facet normal 0 -1 0
    outer loop
      vertex 9.35 11.2187 1
      vertex 9.35 11.2187 0
      vertex 10 11.2187 1
    endloop
  endfacet
  facet normal 0 -1 0
    outer loop
      vertex 10 11.2187 1
      vertex 11.45 11.2187 1.6
      vertex 10 11.2187 1.6
    endloop
  endfacet
  facet normal 0 -1 0
    outer loop
      vertex 11.45 11.2187 0
      vertex 10 11.2187 1
      vertex 9.35 11.2187 0
    endloop
  endfacet
  facet normal 0 -1 0
    outer loop
      vertex 10 11.2187 1
      vertex 11.45 11.2187 0
      vertex 11.45 11.2187 1.6
    endloop
  endfacet
  facet normal 0 1 0
    outer loop
      vertex 11.45 7.58135 1.6
      vertex 10 7.58135 1
      vertex 10 7.58135 1.6
    endloop
  endfacet
  facet normal 0 1 -0
    outer loop
      vertex 11.45 7.58135 0
      vertex 10 7.58135 1
      vertex 11.45 7.58135 1.6
    endloop
  endfacet
  facet normal 0 1 0
    outer loop
      vertex 9.35 7.58135 0
      vertex 10 7.58135 1
      vertex 11.45 7.58135 0
    endloop
  endfacet
  facet normal 0 1 0
    outer loop
      vertex 10 7.58135 1
      vertex 9.35 7.58135 0
      vertex 9.35 7.58135 1
    endloop
  endfacet
  facet normal 0.866032 0.499989 -0
    outer loop
      vertex 8.4 9.22679 1
      vertex 8.3 9.4 1.6
      vertex 8.4 9.22679 1.6
    endloop
  endfacet
  facet normal 0.866032 0.499989 0
    outer loop
      vertex 8.3 9.4 1.6
      vertex 8.4 9.22679 1
      vertex 8.3 9.4 0
    endloop
  endfacet
  facet normal 0.866024 0.500002 -0
    outer loop
      vertex 9.35 7.58135 0
      vertex 8.4 9.22679 1
      vertex 9.35 7.58135 1
    endloop
  endfacet
  facet normal 0.866025 0.500001 2.61905e-06
    outer loop
      vertex 8.4 9.22679 1
      vertex 9.35 7.58135 0
      vertex 8.3 9.4 0
    endloop
  endfacet
  facet normal -0.866025 0.500001 0
    outer loop
      vertex 11.45 7.58135 0
      vertex 12.5 9.4 1.6
      vertex 12.5 9.4 0
    endloop
  endfacet
  facet normal -0.866025 0.500001 0
    outer loop
      vertex 12.5 9.4 1.6
      vertex 11.45 7.58135 0
      vertex 11.45 7.58135 1.6
    endloop
  endfacet
  facet normal -0.866031 -0.49999 0
    outer loop
      vertex 18.1 9.4 0
      vertex 17.05 11.2187 1.6
      vertex 17.05 11.2187 0
    endloop
  endfacet
  facet normal -0.866031 -0.49999 0
    outer loop
      vertex 17.05 11.2187 1.6
      vertex 18.1 9.4 0
      vertex 18.1 9.4 1.6
    endloop
  endfacet
  facet normal 0.866031 -0.49999 0
    outer loop
      vertex 13.9 9.4 1.6
      vertex 14.95 11.2187 0
      vertex 14.95 11.2187 1.6
    endloop
  endfacet
  facet normal 0.866031 -0.49999 0
    outer loop
      vertex 14.95 11.2187 0
      vertex 13.9 9.4 1.6
      vertex 13.9 9.4 0
    endloop
  endfacet
  facet normal 0 -1 0
    outer loop
      vertex 14.95 11.2187 0
      vertex 17.05 11.2187 1.6
      vertex 14.95 11.2187 1.6
    endloop
  endfacet
  facet normal 0 -1 -0
    outer loop
      vertex 17.05 11.2187 1.6
      vertex 14.95 11.2187 0
      vertex 17.05 11.2187 0
    endloop
  endfacet
  facet normal -0.866025 0.500001 0
    outer loop
      vertex 17.05 7.58135 0
      vertex 18.1 9.4 1.6
      vertex 18.1 9.4 0
    endloop
  endfacet
  facet normal -0.866025 0.500001 0
    outer loop
      vertex 18.1 9.4 1.6
      vertex 17.05 7.58135 0
      vertex 17.05 7.58135 1.6
    endloop
  endfacet
  facet normal 0 1 -0
    outer loop
      vertex 17.05 7.58135 0
      vertex 14.95 7.58135 1.6
      vertex 17.05 7.58135 1.6
    endloop
  endfacet
  facet normal 0 1 0
    outer loop
      vertex 14.95 7.58135 1.6
      vertex 17.05 7.58135 0
      vertex 14.95 7.58135 0
    endloop
  endfacet
  facet normal 0.866025 0.500001 0
    outer loop
      vertex 14.95 7.58135 1.6
      vertex 13.9 9.4 0
      vertex 13.9 9.4 1.6
    endloop
  endfacet
  facet normal 0.866025 0.500001 0
    outer loop
      vertex 13.9 9.4 0
      vertex 14.95 7.58135 1.6
      vertex 14.95 7.58135 0
    endloop
  endfacet
  facet normal -0.866031 -0.49999 0
    outer loop
      vertex 15.3 14.272 0
      vertex 14.25 16.0907 1.6
      vertex 14.25 16.0907 0
    endloop
  endfacet
  facet normal -0.866031 -0.49999 0
    outer loop
      vertex 14.25 16.0907 1.6
      vertex 15.3 14.272 0
      vertex 15.3 14.272 1.6
    endloop
  endfacet
  facet normal 0.866031 -0.49999 0
    outer loop
      vertex 11.1 14.272 1.6
      vertex 12.15 16.0907 0
      vertex 12.15 16.0907 1.6
    endloop
  endfacet
  facet normal 0.866031 -0.49999 0
    outer loop
      vertex 12.15 16.0907 0
      vertex 11.1 14.272 1.6
      vertex 11.1 14.272 0
    endloop
  endfacet
  facet normal 0 -1 0
    outer loop
      vertex 12.15 16.0907 0
      vertex 14.25 16.0907 1.6
      vertex 12.15 16.0907 1.6
    endloop
  endfacet
  facet normal 0 -1 -0
    outer loop
      vertex 14.25 16.0907 1.6
      vertex 12.15 16.0907 0
      vertex 14.25 16.0907 0
    endloop
  endfacet
  facet normal -0.866031 0.49999 0
    outer loop
      vertex 14.25 12.4533 0
      vertex 15.3 14.272 1.6
      vertex 15.3 14.272 0
    endloop
  endfacet
  facet normal -0.866031 0.49999 0
    outer loop
      vertex 15.3 14.272 1.6
      vertex 14.25 12.4533 0
      vertex 14.25 12.4533 1.6
    endloop
  endfacet
  facet normal 0 1 -0
    outer loop
      vertex 14.25 12.4533 0
      vertex 12.15 12.4533 1.6
      vertex 14.25 12.4533 1.6
    endloop
  endfacet
  facet normal 0 1 0
    outer loop
      vertex 12.15 12.4533 1.6
      vertex 14.25 12.4533 0
      vertex 12.15 12.4533 0
    endloop
  endfacet
  facet normal 0.866031 0.49999 0
    outer loop
      vertex 12.15 12.4533 1.6
      vertex 11.1 14.272 0
      vertex 11.1 14.272 1.6
    endloop
  endfacet
  facet normal 0.866031 0.49999 0
    outer loop
      vertex 11.1 14.272 0
      vertex 12.15 12.4533 1.6
      vertex 12.15 12.4533 0
    endloop
  endfacet
  facet normal -0.866042 -0.499972 0
    outer loop
      vertex 19.85 16.0907 0
      vertex 20.4 15.138 1
      vertex 19.85 16.0907 1.6
    endloop
  endfacet
  facet normal -0.866031 -0.49999 -2.38091e-05
    outer loop
      vertex 20.9 14.272 0
      vertex 20.4 15.138 1
      vertex 19.85 16.0907 0
    endloop
  endfacet
  facet normal -0.866019 -0.500011 0
    outer loop
      vertex 20.4 15.138 1
      vertex 20.9 14.272 0
      vertex 20.9 14.272 1
    endloop
  endfacet
  facet normal -0.866042 -0.499972 0
    outer loop
      vertex 19.85 16.0907 1.6
      vertex 20.4 15.138 1
      vertex 20.4 15.138 1.6
    endloop
  endfacet
  facet normal 0.866031 -0.49999 0
    outer loop
      vertex 16.7 14.272 1.6
      vertex 17.75 16.0907 0
      vertex 17.75 16.0907 1.6
    endloop
  endfacet
  facet normal 0.866031 -0.49999 0
    outer loop
      vertex 17.75 16.0907 0
      vertex 16.7 14.272 1.6
      vertex 16.7 14.272 0
    endloop
  endfacet
  facet normal 0 -1 0
    outer loop
      vertex 17.75 16.0907 0
      vertex 19.85 16.0907 1.6
      vertex 17.75 16.0907 1.6
    endloop
  endfacet
  facet normal 0 -1 -0
    outer loop
      vertex 19.85 16.0907 1.6
      vertex 17.75 16.0907 0
      vertex 19.85 16.0907 0
    endloop
  endfacet
  facet normal -0.866019 0.500011 0
    outer loop
      vertex 20.9 14.272 0
      vertex 20.4 13.406 1
      vertex 20.9 14.272 1
    endloop
  endfacet
  facet normal -0.866031 0.49999 -2.38091e-05
    outer loop
      vertex 19.85 12.4533 0
      vertex 20.4 13.406 1
      vertex 20.9 14.272 0
    endloop
  endfacet
  facet normal -0.866042 0.499972 0
    outer loop
      vertex 19.85 12.4533 1.6
      vertex 20.4 13.406 1
      vertex 19.85 12.4533 0
    endloop
  endfacet
  facet normal -0.866042 0.499972 0
    outer loop
      vertex 20.4 13.406 1
      vertex 19.85 12.4533 1.6
      vertex 20.4 13.406 1.6
    endloop
  endfacet
  facet normal 0 1 -0
    outer loop
      vertex 19.85 12.4533 0
      vertex 17.75 12.4533 1.6
      vertex 19.85 12.4533 1.6
    endloop
  endfacet
  facet normal 0 1 0
    outer loop
      vertex 17.75 12.4533 1.6
      vertex 19.85 12.4533 0
      vertex 17.75 12.4533 0
    endloop
  endfacet
  facet normal 0.866031 0.49999 0
    outer loop
      vertex 17.75 12.4533 1.6
      vertex 16.7 14.272 0
      vertex 16.7 14.272 1.6
    endloop
  endfacet
  facet normal 0.866031 0.49999 0
    outer loop
      vertex 16.7 14.272 0
      vertex 17.75 12.4533 1.6
      vertex 17.75 12.4533 0
    endloop
  endfacet
  facet normal -0.866031 -0.49999 0
    outer loop
      vertex 12.5 19.144 0
      vertex 11.45 20.9627 1.6
      vertex 11.45 20.9627 0
    endloop
  endfacet
  facet normal -0.866031 -0.49999 0
    outer loop
      vertex 11.45 20.9627 1.6
      vertex 12.5 19.144 0
      vertex 12.5 19.144 1.6
    endloop
  endfacet
  facet normal 0.866019 -0.500011 0
    outer loop
      vertex 8.4 19.3172 1.6
      vertex 8.3 19.144 1.6
      vertex 8.4 19.3172 1
    endloop
  endfacet
  facet normal 0.866032 -0.499988 0
    outer loop
      vertex 8.4 19.3172 1
      vertex 9.35 20.9627 0
      vertex 9.35 20.9627 1
    endloop
  endfacet
  facet normal 0.866031 -0.49999 -4.76181e-06
    outer loop
      vertex 8.4 19.3172 1
      vertex 8.3 19.144 0
      vertex 9.35 20.9627 0
    endloop
  endfacet
  facet normal 0.866019 -0.500011 0
    outer loop
      vertex 8.3 19.144 0
      vertex 8.4 19.3172 1
      vertex 8.3 19.144 1.6
    endloop
  endfacet
  facet normal 0 -1 0
    outer loop
      vertex 9.35 20.9627 1
      vertex 9.35 20.9627 0
      vertex 10 20.9627 1
    endloop
  endfacet
  facet normal 0 -1 0
    outer loop
      vertex 10 20.9627 1
      vertex 11.45 20.9627 1.6
      vertex 10 20.9627 1.6
    endloop
  endfacet
  facet normal 0 -1 0
    outer loop
      vertex 11.45 20.9627 0
      vertex 10 20.9627 1
      vertex 9.35 20.9627 0
    endloop
  endfacet
  facet normal 0 -1 0
    outer loop
      vertex 10 20.9627 1
      vertex 11.45 20.9627 0
      vertex 11.45 20.9627 1.6
    endloop
  endfacet
  facet normal -0.866031 0.49999 0
    outer loop
      vertex 11.45 17.3253 0
      vertex 12.5 19.144 1.6
      vertex 12.5 19.144 0
    endloop
  endfacet
  facet normal -0.866031 0.49999 0
    outer loop
      vertex 12.5 19.144 1.6
      vertex 11.45 17.3253 0
      vertex 11.45 17.3253 1.6
    endloop
  endfacet
  facet normal 0 1 0
    outer loop
      vertex 11.45 17.3253 1.6
      vertex 10 17.3253 1
      vertex 10 17.3253 1.6
    endloop
  endfacet
  facet normal 0 1 -0
    outer loop
      vertex 11.45 17.3253 0
      vertex 10 17.3253 1
      vertex 11.45 17.3253 1.6
    endloop
  endfacet
  facet normal 0 1 0
    outer loop
      vertex 9.35 17.3253 0
      vertex 10 17.3253 1
      vertex 11.45 17.3253 0
    endloop
  endfacet
  facet normal 0 1 0
    outer loop
      vertex 10 17.3253 1
      vertex 9.35 17.3253 0
      vertex 9.35 17.3253 1
    endloop
  endfacet
  facet normal 0.866019 0.500011 -0
    outer loop
      vertex 8.4 18.9708 1
      vertex 8.3 19.144 1.6
      vertex 8.4 18.9708 1.6
    endloop
  endfacet
  facet normal 0.866019 0.500011 0
    outer loop
      vertex 8.3 19.144 1.6
      vertex 8.4 18.9708 1
      vertex 8.3 19.144 0
    endloop
  endfacet
  facet normal 0.866032 0.499988 -0
    outer loop
      vertex 9.35 17.3253 0
      vertex 8.4 18.9708 1
      vertex 9.35 17.3253 1
    endloop
  endfacet
  facet normal 0.866031 0.49999 -4.76181e-06
    outer loop
      vertex 8.4 18.9708 1
      vertex 9.35 17.3253 0
      vertex 8.3 19.144 0
    endloop
  endfacet
  facet normal -0.866031 -0.49999 0
    outer loop
      vertex 18.1 19.144 0
      vertex 17.05 20.9627 1.6
      vertex 17.05 20.9627 0
    endloop
  endfacet
  facet normal -0.866031 -0.49999 0
    outer loop
      vertex 17.05 20.9627 1.6
      vertex 18.1 19.144 0
      vertex 18.1 19.144 1.6
    endloop
  endfacet
  facet normal 0.866031 -0.49999 0
    outer loop
      vertex 13.9 19.144 1.6
      vertex 14.95 20.9627 0
      vertex 14.95 20.9627 1.6
    endloop
  endfacet
  facet normal 0.866031 -0.49999 0
    outer loop
      vertex 14.95 20.9627 0
      vertex 13.9 19.144 1.6
      vertex 13.9 19.144 0
    endloop
  endfacet
  facet normal 0 -1 0
    outer loop
      vertex 14.95 20.9627 0
      vertex 17.05 20.9627 1.6
      vertex 14.95 20.9627 1.6
    endloop
  endfacet
  facet normal 0 -1 -0
    outer loop
      vertex 17.05 20.9627 1.6
      vertex 14.95 20.9627 0
      vertex 17.05 20.9627 0
    endloop
  endfacet
  facet normal 0.866031 0.49999 0
    outer loop
      vertex 14.95 17.3253 1.6
      vertex 13.9 19.144 0
      vertex 13.9 19.144 1.6
    endloop
  endfacet
  facet normal 0.866031 0.49999 0
    outer loop
      vertex 13.9 19.144 0
      vertex 14.95 17.3253 1.6
      vertex 14.95 17.3253 0
    endloop
  endfacet
  facet normal 0 1 -0
    outer loop
      vertex 17.05 17.3253 0
      vertex 14.95 17.3253 1.6
      vertex 17.05 17.3253 1.6
    endloop
  endfacet
  facet normal 0 1 0
    outer loop
      vertex 14.95 17.3253 1.6
      vertex 17.05 17.3253 0
      vertex 14.95 17.3253 0
    endloop
  endfacet
  facet normal -0.866031 0.49999 0
    outer loop
      vertex 17.05 17.3253 0
      vertex 18.1 19.144 1.6
      vertex 18.1 19.144 0
    endloop
  endfacet
  facet normal -0.866031 0.49999 0
    outer loop
      vertex 18.1 19.144 1.6
      vertex 17.05 17.3253 0
      vertex 17.05 17.3253 1.6
    endloop
  endfacet
  facet normal 0 0 -1
    outer loop
      vertex 78.4 39.9 16.9
      vertex 80.8 42.9 16.9
      vertex 80.8 39.9 16.9
    endloop
  endfacet
  facet normal -0 0 -1
    outer loop
      vertex 80.8 42.9 16.9
      vertex 78.4 39.9 16.9
      vertex 78.4 42.9 16.9
    endloop
  endfacet
  facet normal 0 -1 0
    outer loop
      vertex 78.4 42.9 14.3
      vertex 80.8 42.9 16.9
      vertex 78.4 42.9 16.9
    endloop
  endfacet
  facet normal 0 -1 -0
    outer loop
      vertex 80.8 42.9 16.9
      vertex 78.4 42.9 14.3
      vertex 80.8 42.9 14.3
    endloop
  endfacet
  facet normal -0 0 1
    outer loop
      vertex 78.4 42.9 14.3
      vertex 80.8 39.9 14.3
      vertex 80.8 42.9 14.3
    endloop
  endfacet
  facet normal 0 0 1
    outer loop
      vertex 80.8 39.9 14.3
      vertex 78.4 42.9 14.3
      vertex 78.4 39.9 14.3
    endloop
  endfacet
  facet normal 0 1 -0
    outer loop
      vertex 80.8 39.9 14.3
      vertex 78.4 39.9 16.9
      vertex 80.8 39.9 16.9
    endloop
  endfacet
  facet normal 0 1 0
    outer loop
      vertex 78.4 39.9 16.9
      vertex 80.8 39.9 14.3
      vertex 78.4 39.9 14.3
    endloop
  endfacet
  facet normal 0 0 -1
    outer loop
      vertex 79.6 39.9 20.7
      vertex 80.8 42.9 20.7
      vertex 80.8 39.9 20.7
    endloop
  endfacet
  facet normal -0 0 -1
    outer loop
      vertex 80.8 42.9 20.7
      vertex 79.6 39.9 20.7
      vertex 79.6 42.9 20.7
    endloop
  endfacet
  facet normal -0 0 1
    outer loop
      vertex 78.4 42.9 18.1
      vertex 80.8 39.9 18.1
      vertex 80.8 42.9 18.1
    endloop
  endfacet
  facet normal 0 0 1
    outer loop
      vertex 80.8 39.9 18.1
      vertex 78.4 42.9 18.1
      vertex 78.4 39.9 18.1
    endloop
  endfacet
  facet normal 0 1 0
    outer loop
      vertex 80.8 39.9 20.7
      vertex 79.6 39.9 20.5
      vertex 79.6 39.9 20.7
    endloop
  endfacet
  facet normal 0 1 -0
    outer loop
      vertex 80.8 39.9 18.1
      vertex 79.6 39.9 20.5
      vertex 80.8 39.9 20.7
    endloop
  endfacet
  facet normal 0 1 0
    outer loop
      vertex 78.4 39.9 18.1
      vertex 79.6 39.9 20.5
      vertex 80.8 39.9 18.1
    endloop
  endfacet
  facet normal 0 1 0
    outer loop
      vertex 79.6 39.9 20.5
      vertex 78.4 39.9 18.1
      vertex 78.4 39.9 20.5
    endloop
  endfacet
  facet normal 0 -1 0
    outer loop
      vertex 78.4 42.9 20.5
      vertex 78.4 42.9 18.1
      vertex 79.6 42.9 20.5
    endloop
  endfacet
  facet normal 0 -1 0
    outer loop
      vertex 79.6 42.9 20.5
      vertex 80.8 42.9 20.7
      vertex 79.6 42.9 20.7
    endloop
  endfacet
  facet normal 0 -1 0
    outer loop
      vertex 80.8 42.9 18.1
      vertex 79.6 42.9 20.5
      vertex 78.4 42.9 18.1
    endloop
  endfacet
  facet normal 0 -1 0
    outer loop
      vertex 79.6 42.9 20.5
      vertex 80.8 42.9 18.1
      vertex 80.8 42.9 20.7
    endloop
  endfacet
  facet normal 0 0 -1
    outer loop
      vertex 78.4 35.4 16.9
      vertex 80.8 38.4 16.9
      vertex 80.8 35.4 16.9
    endloop
  endfacet
  facet normal -0 0 -1
    outer loop
      vertex 80.8 38.4 16.9
      vertex 78.4 35.4 16.9
      vertex 78.4 38.4 16.9
    endloop
  endfacet
  facet normal 0 -1 0
    outer loop
      vertex 78.4 38.4 14.3
      vertex 80.8 38.4 16.9
      vertex 78.4 38.4 16.9
    endloop
  endfacet
  facet normal 0 -1 -0
    outer loop
      vertex 80.8 38.4 16.9
      vertex 78.4 38.4 14.3
      vertex 80.8 38.4 14.3
    endloop
  endfacet
  facet normal -0 0 1
    outer loop
      vertex 78.4 38.4 14.3
      vertex 80.8 35.4 14.3
      vertex 80.8 38.4 14.3
    endloop
  endfacet
  facet normal 0 0 1
    outer loop
      vertex 80.8 35.4 14.3
      vertex 78.4 38.4 14.3
      vertex 78.4 35.4 14.3
    endloop
  endfacet
  facet normal 0 1 -0
    outer loop
      vertex 80.8 35.4 14.3
      vertex 78.4 35.4 16.9
      vertex 80.8 35.4 16.9
    endloop
  endfacet
  facet normal 0 1 0
    outer loop
      vertex 78.4 35.4 16.9
      vertex 80.8 35.4 14.3
      vertex 78.4 35.4 14.3
    endloop
  endfacet
  facet normal 0 0 -1
    outer loop
      vertex 79.6 35.4 20.7
      vertex 80.8 38.4 20.7
      vertex 80.8 35.4 20.7
    endloop
  endfacet
  facet normal -0 0 -1
    outer loop
      vertex 80.8 38.4 20.7
      vertex 79.6 35.4 20.7
      vertex 79.6 38.4 20.7
    endloop
  endfacet
  facet normal 0 -1 0
    outer loop
      vertex 78.4 38.4 20.5
      vertex 78.4 38.4 18.1
      vertex 79.6 38.4 20.5
    endloop
  endfacet
  facet normal 0 -1 0
    outer loop
      vertex 79.6 38.4 20.5
      vertex 80.8 38.4 20.7
      vertex 79.6 38.4 20.7
    endloop
  endfacet
  facet normal 0 -1 0
    outer loop
      vertex 80.8 38.4 18.1
      vertex 79.6 38.4 20.5
      vertex 78.4 38.4 18.1
    endloop
  endfacet
  facet normal 0 -1 0
    outer loop
      vertex 79.6 38.4 20.5
      vertex 80.8 38.4 18.1
      vertex 80.8 38.4 20.7
    endloop
  endfacet
  facet normal -0 0 1
    outer loop
      vertex 78.4 38.4 18.1
      vertex 80.8 35.4 18.1
      vertex 80.8 38.4 18.1
    endloop
  endfacet
  facet normal 0 0 1
    outer loop
      vertex 80.8 35.4 18.1
      vertex 78.4 38.4 18.1
      vertex 78.4 35.4 18.1
    endloop
  endfacet
  facet normal 0 1 0
    outer loop
      vertex 80.8 35.4 20.7
      vertex 79.6 35.4 20.5
      vertex 79.6 35.4 20.7
    endloop
  endfacet
  facet normal 0 1 -0
    outer loop
      vertex 80.8 35.4 18.1
      vertex 79.6 35.4 20.5
      vertex 80.8 35.4 20.7
    endloop
  endfacet
  facet normal 0 1 0
    outer loop
      vertex 78.4 35.4 18.1
      vertex 79.6 35.4 20.5
      vertex 80.8 35.4 18.1
    endloop
  endfacet
  facet normal 0 1 0
    outer loop
      vertex 79.6 35.4 20.5
      vertex 78.4 35.4 18.1
      vertex 78.4 35.4 20.5
    endloop
  endfacet
  facet normal 0 0 -1
    outer loop
      vertex 78.4 30.9 16.9
      vertex 80.8 33.9 16.9
      vertex 80.8 30.9 16.9
    endloop
  endfacet
  facet normal -0 0 -1
    outer loop
      vertex 80.8 33.9 16.9
      vertex 78.4 30.9 16.9
      vertex 78.4 33.9 16.9
    endloop
  endfacet
  facet normal -0 0 1
    outer loop
      vertex 78.4 33.9 14.3
      vertex 80.8 30.9 14.3
      vertex 80.8 33.9 14.3
    endloop
  endfacet
  facet normal 0 0 1
    outer loop
      vertex 80.8 30.9 14.3
      vertex 78.4 33.9 14.3
      vertex 78.4 30.9 14.3
    endloop
  endfacet
  facet normal 0 1 -0
    outer loop
      vertex 80.8 30.9 14.3
      vertex 78.4 30.9 16.9
      vertex 80.8 30.9 16.9
    endloop
  endfacet
  facet normal 0 1 0
    outer loop
      vertex 78.4 30.9 16.9
      vertex 80.8 30.9 14.3
      vertex 78.4 30.9 14.3
    endloop
  endfacet
  facet normal 0 -1 0
    outer loop
      vertex 78.4 33.9 14.3
      vertex 80.8 33.9 16.9
      vertex 78.4 33.9 16.9
    endloop
  endfacet
  facet normal 0 -1 -0
    outer loop
      vertex 80.8 33.9 16.9
      vertex 78.4 33.9 14.3
      vertex 80.8 33.9 14.3
    endloop
  endfacet
  facet normal 0 0 -1
    outer loop
      vertex 79.6 30.9 20.7
      vertex 80.8 33.9 20.7
      vertex 80.8 30.9 20.7
    endloop
  endfacet
  facet normal -0 0 -1
    outer loop
      vertex 80.8 33.9 20.7
      vertex 79.6 30.9 20.7
      vertex 79.6 33.9 20.7
    endloop
  endfacet
  facet normal 0 -1 0
    outer loop
      vertex 78.4 33.9 20.5
      vertex 78.4 33.9 18.1
      vertex 79.6 33.9 20.5
    endloop
  endfacet
  facet normal 0 -1 0
    outer loop
      vertex 79.6 33.9 20.5
      vertex 80.8 33.9 20.7
      vertex 79.6 33.9 20.7
    endloop
  endfacet
  facet normal 0 -1 0
    outer loop
      vertex 80.8 33.9 18.1
      vertex 79.6 33.9 20.5
      vertex 78.4 33.9 18.1
    endloop
  endfacet
  facet normal 0 -1 0
    outer loop
      vertex 79.6 33.9 20.5
      vertex 80.8 33.9 18.1
      vertex 80.8 33.9 20.7
    endloop
  endfacet
  facet normal -0 0 1
    outer loop
      vertex 78.4 33.9 18.1
      vertex 80.8 30.9 18.1
      vertex 80.8 33.9 18.1
    endloop
  endfacet
  facet normal 0 0 1
    outer loop
      vertex 80.8 30.9 18.1
      vertex 78.4 33.9 18.1
      vertex 78.4 30.9 18.1
    endloop
  endfacet
  facet normal 0 1 0
    outer loop
      vertex 80.8 30.9 20.7
      vertex 79.6 30.9 20.5
      vertex 79.6 30.9 20.7
    endloop
  endfacet
  facet normal 0 1 -0
    outer loop
      vertex 80.8 30.9 18.1
      vertex 79.6 30.9 20.5
      vertex 80.8 30.9 20.7
    endloop
  endfacet
  facet normal 0 1 0
    outer loop
      vertex 78.4 30.9 18.1
      vertex 79.6 30.9 20.5
      vertex 80.8 30.9 18.1
    endloop
  endfacet
  facet normal 0 1 0
    outer loop
      vertex 79.6 30.9 20.5
      vertex 78.4 30.9 18.1
      vertex 78.4 30.9 20.5
    endloop
  endfacet
  facet normal 0 0 -1
    outer loop
      vertex 78.4 26.4 16.9
      vertex 80.8 29.4 16.9
      vertex 80.8 26.4 16.9
    endloop
  endfacet
  facet normal -0 0 -1
    outer loop
      vertex 80.8 29.4 16.9
      vertex 78.4 26.4 16.9
      vertex 78.4 29.4 16.9
    endloop
  endfacet
  facet normal -0 0 1
    outer loop
      vertex 78.4 29.4 14.3
      vertex 80.8 26.4 14.3
      vertex 80.8 29.4 14.3
    endloop
  endfacet
  facet normal 0 0 1
    outer loop
      vertex 80.8 26.4 14.3
      vertex 78.4 29.4 14.3
      vertex 78.4 26.4 14.3
    endloop
  endfacet
  facet normal 0 1 -0
    outer loop
      vertex 80.8 26.4 14.3
      vertex 78.4 26.4 16.9
      vertex 80.8 26.4 16.9
    endloop
  endfacet
  facet normal 0 1 0
    outer loop
      vertex 78.4 26.4 16.9
      vertex 80.8 26.4 14.3
      vertex 78.4 26.4 14.3
    endloop
  endfacet
  facet normal 0 -1 0
    outer loop
      vertex 78.4 29.4 14.3
      vertex 80.8 29.4 16.9
      vertex 78.4 29.4 16.9
    endloop
  endfacet
  facet normal 0 -1 -0
    outer loop
      vertex 80.8 29.4 16.9
      vertex 78.4 29.4 14.3
      vertex 80.8 29.4 14.3
    endloop
  endfacet
  facet normal 0 0 -1
    outer loop
      vertex 79.6 26.4 20.7
      vertex 80.8 29.4 20.7
      vertex 80.8 26.4 20.7
    endloop
  endfacet
  facet normal -0 0 -1
    outer loop
      vertex 80.8 29.4 20.7
      vertex 79.6 26.4 20.7
      vertex 79.6 29.4 20.7
    endloop
  endfacet
  facet normal 0 -1 0
    outer loop
      vertex 78.4 29.4 20.5
      vertex 78.4 29.4 18.1
      vertex 79.6 29.4 20.5
    endloop
  endfacet
  facet normal 0 -1 0
    outer loop
      vertex 79.6 29.4 20.5
      vertex 80.8 29.4 20.7
      vertex 79.6 29.4 20.7
    endloop
  endfacet
  facet normal 0 -1 0
    outer loop
      vertex 80.8 29.4 18.1
      vertex 79.6 29.4 20.5
      vertex 78.4 29.4 18.1
    endloop
  endfacet
  facet normal 0 -1 0
    outer loop
      vertex 79.6 29.4 20.5
      vertex 80.8 29.4 18.1
      vertex 80.8 29.4 20.7
    endloop
  endfacet
  facet normal -0 0 1
    outer loop
      vertex 78.4 29.4 18.1
      vertex 80.8 26.4 18.1
      vertex 80.8 29.4 18.1
    endloop
  endfacet
  facet normal 0 0 1
    outer loop
      vertex 80.8 26.4 18.1
      vertex 78.4 29.4 18.1
      vertex 78.4 26.4 18.1
    endloop
  endfacet
  facet normal 0 1 0
    outer loop
      vertex 80.8 26.4 20.7
      vertex 79.6 26.4 20.5
      vertex 79.6 26.4 20.7
    endloop
  endfacet
  facet normal 0 1 -0
    outer loop
      vertex 80.8 26.4 18.1
      vertex 79.6 26.4 20.5
      vertex 80.8 26.4 20.7
    endloop
  endfacet
  facet normal 0 1 0
    outer loop
      vertex 78.4 26.4 18.1
      vertex 79.6 26.4 20.5
      vertex 80.8 26.4 18.1
    endloop
  endfacet
  facet normal 0 1 0
    outer loop
      vertex 79.6 26.4 20.5
      vertex 78.4 26.4 18.1
      vertex 78.4 26.4 20.5
    endloop
  endfacet
  facet normal 0 0 -1
    outer loop
      vertex 78.4 21.9 16.9
      vertex 80.8 24.9 16.9
      vertex 80.8 21.9 16.9
    endloop
  endfacet
  facet normal -0 0 -1
    outer loop
      vertex 80.8 24.9 16.9
      vertex 78.4 21.9 16.9
      vertex 78.4 24.9 16.9
    endloop
  endfacet
  facet normal -0 0 1
    outer loop
      vertex 78.4 24.9 14.3
      vertex 80.8 21.9 14.3
      vertex 80.8 24.9 14.3
    endloop
  endfacet
  facet normal 0 0 1
    outer loop
      vertex 80.8 21.9 14.3
      vertex 78.4 24.9 14.3
      vertex 78.4 21.9 14.3
    endloop
  endfacet
  facet normal 0 1 -0
    outer loop
      vertex 80.8 21.9 14.3
      vertex 78.4 21.9 16.9
      vertex 80.8 21.9 16.9
    endloop
  endfacet
  facet normal 0 1 0
    outer loop
      vertex 78.4 21.9 16.9
      vertex 80.8 21.9 14.3
      vertex 78.4 21.9 14.3
    endloop
  endfacet
  facet normal 0 -1 0
    outer loop
      vertex 78.4 24.9 14.3
      vertex 80.8 24.9 16.9
      vertex 78.4 24.9 16.9
    endloop
  endfacet
  facet normal 0 -1 -0
    outer loop
      vertex 80.8 24.9 16.9
      vertex 78.4 24.9 14.3
      vertex 80.8 24.9 14.3
    endloop
  endfacet
  facet normal 0 0 -1
    outer loop
      vertex 79.6 21.9 20.7
      vertex 80.8 24.9 20.7
      vertex 80.8 21.9 20.7
    endloop
  endfacet
  facet normal -0 0 -1
    outer loop
      vertex 80.8 24.9 20.7
      vertex 79.6 21.9 20.7
      vertex 79.6 24.9 20.7
    endloop
  endfacet
  facet normal -0 0 1
    outer loop
      vertex 78.4 24.9 18.1
      vertex 80.8 21.9 18.1
      vertex 80.8 24.9 18.1
    endloop
  endfacet
  facet normal 0 0 1
    outer loop
      vertex 80.8 21.9 18.1
      vertex 78.4 24.9 18.1
      vertex 78.4 21.9 18.1
    endloop
  endfacet
  facet normal 0 1 0
    outer loop
      vertex 80.8 21.9 20.7
      vertex 79.6 21.9 20.5
      vertex 79.6 21.9 20.7
    endloop
  endfacet
  facet normal 0 1 -0
    outer loop
      vertex 80.8 21.9 18.1
      vertex 79.6 21.9 20.5
      vertex 80.8 21.9 20.7
    endloop
  endfacet
  facet normal 0 1 0
    outer loop
      vertex 78.4 21.9 18.1
      vertex 79.6 21.9 20.5
      vertex 80.8 21.9 18.1
    endloop
  endfacet
  facet normal 0 1 0
    outer loop
      vertex 79.6 21.9 20.5
      vertex 78.4 21.9 18.1
      vertex 78.4 21.9 20.5
    endloop
  endfacet
  facet normal 0 -1 0
    outer loop
      vertex 78.4 24.9 20.5
      vertex 78.4 24.9 18.1
      vertex 79.6 24.9 20.5
    endloop
  endfacet
  facet normal 0 -1 0
    outer loop
      vertex 79.6 24.9 20.5
      vertex 80.8 24.9 20.7
      vertex 79.6 24.9 20.7
    endloop
  endfacet
  facet normal 0 -1 0
    outer loop
      vertex 80.8 24.9 18.1
      vertex 79.6 24.9 20.5
      vertex 78.4 24.9 18.1
    endloop
  endfacet
  facet normal 0 -1 0
    outer loop
      vertex 79.6 24.9 20.5
      vertex 80.8 24.9 18.1
      vertex 80.8 24.9 20.7
    endloop
  endfacet
  facet normal 0 0 -1
    outer loop
      vertex 78.4 17.4 16.9
      vertex 80.8 20.4 16.9
      vertex 80.8 17.4 16.9
    endloop
  endfacet
  facet normal -0 0 -1
    outer loop
      vertex 80.8 20.4 16.9
      vertex 78.4 17.4 16.9
      vertex 78.4 20.4 16.9
    endloop
  endfacet
  facet normal 0 -1 0
    outer loop
      vertex 78.4 20.4 14.3
      vertex 80.8 20.4 16.9
      vertex 78.4 20.4 16.9
    endloop
  endfacet
  facet normal 0 -1 -0
    outer loop
      vertex 80.8 20.4 16.9
      vertex 78.4 20.4 14.3
      vertex 80.8 20.4 14.3
    endloop
  endfacet
  facet normal -0 0 1
    outer loop
      vertex 78.4 20.4 14.3
      vertex 80.8 17.4 14.3
      vertex 80.8 20.4 14.3
    endloop
  endfacet
  facet normal 0 0 1
    outer loop
      vertex 80.8 17.4 14.3
      vertex 78.4 20.4 14.3
      vertex 78.4 17.4 14.3
    endloop
  endfacet
  facet normal 0 1 -0
    outer loop
      vertex 80.8 17.4 14.3
      vertex 78.4 17.4 16.9
      vertex 80.8 17.4 16.9
    endloop
  endfacet
  facet normal 0 1 0
    outer loop
      vertex 78.4 17.4 16.9
      vertex 80.8 17.4 14.3
      vertex 78.4 17.4 14.3
    endloop
  endfacet
  facet normal 0 0 -1
    outer loop
      vertex 79.6 17.4 20.7
      vertex 80.8 20.4 20.7
      vertex 80.8 17.4 20.7
    endloop
  endfacet
  facet normal -0 0 -1
    outer loop
      vertex 80.8 20.4 20.7
      vertex 79.6 17.4 20.7
      vertex 79.6 20.4 20.7
    endloop
  endfacet
  facet normal 0 -1 0
    outer loop
      vertex 78.4 20.4 20.5
      vertex 78.4 20.4 18.1
      vertex 79.6 20.4 20.5
    endloop
  endfacet
  facet normal 0 -1 0
    outer loop
      vertex 79.6 20.4 20.5
      vertex 80.8 20.4 20.7
      vertex 79.6 20.4 20.7
    endloop
  endfacet
  facet normal 0 -1 0
    outer loop
      vertex 80.8 20.4 18.1
      vertex 79.6 20.4 20.5
      vertex 78.4 20.4 18.1
    endloop
  endfacet
  facet normal 0 -1 0
    outer loop
      vertex 79.6 20.4 20.5
      vertex 80.8 20.4 18.1
      vertex 80.8 20.4 20.7
    endloop
  endfacet
  facet normal -0 0 1
    outer loop
      vertex 78.4 20.4 18.1
      vertex 80.8 17.4 18.1
      vertex 80.8 20.4 18.1
    endloop
  endfacet
  facet normal 0 0 1
    outer loop
      vertex 80.8 17.4 18.1
      vertex 78.4 20.4 18.1
      vertex 78.4 17.4 18.1
    endloop
  endfacet
  facet normal 0 1 0
    outer loop
      vertex 80.8 17.4 20.7
      vertex 79.6 17.4 20.5
      vertex 79.6 17.4 20.7
    endloop
  endfacet
  facet normal 0 1 -0
    outer loop
      vertex 80.8 17.4 18.1
      vertex 79.6 17.4 20.5
      vertex 80.8 17.4 20.7
    endloop
  endfacet
  facet normal 0 1 0
    outer loop
      vertex 78.4 17.4 18.1
      vertex 79.6 17.4 20.5
      vertex 80.8 17.4 18.1
    endloop
  endfacet
  facet normal 0 1 0
    outer loop
      vertex 79.6 17.4 20.5
      vertex 78.4 17.4 18.1
      vertex 78.4 17.4 20.5
    endloop
  endfacet
  facet normal 0 0 -1
    outer loop
      vertex 78.4 12.9 16.9
      vertex 80.8 15.9 16.9
      vertex 80.8 12.9 16.9
    endloop
  endfacet
  facet normal -0 0 -1
    outer loop
      vertex 80.8 15.9 16.9
      vertex 78.4 12.9 16.9
      vertex 78.4 15.9 16.9
    endloop
  endfacet
  facet normal -0 0 1
    outer loop
      vertex 78.4 15.9 14.3
      vertex 80.8 12.9 14.3
      vertex 80.8 15.9 14.3
    endloop
  endfacet
  facet normal 0 0 1
    outer loop
      vertex 80.8 12.9 14.3
      vertex 78.4 15.9 14.3
      vertex 78.4 12.9 14.3
    endloop
  endfacet
  facet normal 0 1 -0
    outer loop
      vertex 80.8 12.9 14.3
      vertex 78.4 12.9 16.9
      vertex 80.8 12.9 16.9
    endloop
  endfacet
  facet normal 0 1 0
    outer loop
      vertex 78.4 12.9 16.9
      vertex 80.8 12.9 14.3
      vertex 78.4 12.9 14.3
    endloop
  endfacet
  facet normal 0 -1 0
    outer loop
      vertex 78.4 15.9 14.3
      vertex 80.8 15.9 16.9
      vertex 78.4 15.9 16.9
    endloop
  endfacet
  facet normal 0 -1 -0
    outer loop
      vertex 80.8 15.9 16.9
      vertex 78.4 15.9 14.3
      vertex 80.8 15.9 14.3
    endloop
  endfacet
  facet normal 0 0 -1
    outer loop
      vertex 79.6 12.9 20.7
      vertex 80.8 15.9 20.7
      vertex 80.8 12.9 20.7
    endloop
  endfacet
  facet normal -0 0 -1
    outer loop
      vertex 80.8 15.9 20.7
      vertex 79.6 12.9 20.7
      vertex 79.6 15.9 20.7
    endloop
  endfacet
  facet normal 0 -1 0
    outer loop
      vertex 78.4 15.9 20.5
      vertex 78.4 15.9 18.1
      vertex 79.6 15.9 20.5
    endloop
  endfacet
  facet normal 0 -1 0
    outer loop
      vertex 79.6 15.9 20.5
      vertex 80.8 15.9 20.7
      vertex 79.6 15.9 20.7
    endloop
  endfacet
  facet normal 0 -1 0
    outer loop
      vertex 80.8 15.9 18.1
      vertex 79.6 15.9 20.5
      vertex 78.4 15.9 18.1
    endloop
  endfacet
  facet normal 0 -1 0
    outer loop
      vertex 79.6 15.9 20.5
      vertex 80.8 15.9 18.1
      vertex 80.8 15.9 20.7
    endloop
  endfacet
  facet normal -0 0 1
    outer loop
      vertex 78.4 15.9 18.1
      vertex 80.8 12.9 18.1
      vertex 80.8 15.9 18.1
    endloop
  endfacet
  facet normal 0 0 1
    outer loop
      vertex 80.8 12.9 18.1
      vertex 78.4 15.9 18.1
      vertex 78.4 12.9 18.1
    endloop
  endfacet
  facet normal 0 1 0
    outer loop
      vertex 80.8 12.9 20.7
      vertex 79.6 12.9 20.5
      vertex 79.6 12.9 20.7
    endloop
  endfacet
  facet normal 0 1 -0
    outer loop
      vertex 80.8 12.9 18.1
      vertex 79.6 12.9 20.5
      vertex 80.8 12.9 20.7
    endloop
  endfacet
  facet normal 0 1 0
    outer loop
      vertex 78.4 12.9 18.1
      vertex 79.6 12.9 20.5
      vertex 80.8 12.9 18.1
    endloop
  endfacet
  facet normal 0 1 0
    outer loop
      vertex 79.6 12.9 20.5
      vertex 78.4 12.9 18.1
      vertex 78.4 12.9 20.5
    endloop
  endfacet
  facet normal 0 0 -1
    outer loop
      vertex 78.4 8.4 16.9
      vertex 80.8 11.4 16.9
      vertex 80.8 8.4 16.9
    endloop
  endfacet
  facet normal -0 0 -1
    outer loop
      vertex 80.8 11.4 16.9
      vertex 78.4 8.4 16.9
      vertex 78.4 11.4 16.9
    endloop
  endfacet
  facet normal 0 -1 0
    outer loop
      vertex 78.4 11.4 14.3
      vertex 80.8 11.4 16.9
      vertex 78.4 11.4 16.9
    endloop
  endfacet
  facet normal 0 -1 -0
    outer loop
      vertex 80.8 11.4 16.9
      vertex 78.4 11.4 14.3
      vertex 80.8 11.4 14.3
    endloop
  endfacet
  facet normal -0 0 1
    outer loop
      vertex 78.4 11.4 14.3
      vertex 80.8 8.4 14.3
      vertex 80.8 11.4 14.3
    endloop
  endfacet
  facet normal 0 0 1
    outer loop
      vertex 80.8 8.4 14.3
      vertex 78.4 11.4 14.3
      vertex 78.4 8.4 14.3
    endloop
  endfacet
  facet normal 0 1 -0
    outer loop
      vertex 80.8 8.4 14.3
      vertex 78.4 8.4 16.9
      vertex 80.8 8.4 16.9
    endloop
  endfacet
  facet normal 0 1 0
    outer loop
      vertex 78.4 8.4 16.9
      vertex 80.8 8.4 14.3
      vertex 78.4 8.4 14.3
    endloop
  endfacet
  facet normal 0 0 -1
    outer loop
      vertex 79.6 8.4 20.7
      vertex 80.8 11.4 20.7
      vertex 80.8 8.4 20.7
    endloop
  endfacet
  facet normal -0 0 -1
    outer loop
      vertex 80.8 11.4 20.7
      vertex 79.6 8.4 20.7
      vertex 79.6 11.4 20.7
    endloop
  endfacet
  facet normal 0 -1 0
    outer loop
      vertex 78.4 11.4 20.5
      vertex 78.4 11.4 18.1
      vertex 79.6 11.4 20.5
    endloop
  endfacet
  facet normal 0 -1 0
    outer loop
      vertex 79.6 11.4 20.5
      vertex 80.8 11.4 20.7
      vertex 79.6 11.4 20.7
    endloop
  endfacet
  facet normal 0 -1 0
    outer loop
      vertex 80.8 11.4 18.1
      vertex 79.6 11.4 20.5
      vertex 78.4 11.4 18.1
    endloop
  endfacet
  facet normal 0 -1 0
    outer loop
      vertex 79.6 11.4 20.5
      vertex 80.8 11.4 18.1
      vertex 80.8 11.4 20.7
    endloop
  endfacet
  facet normal -0 0 1
    outer loop
      vertex 78.4 11.4 18.1
      vertex 80.8 8.4 18.1
      vertex 80.8 11.4 18.1
    endloop
  endfacet
  facet normal 0 0 1
    outer loop
      vertex 80.8 8.4 18.1
      vertex 78.4 11.4 18.1
      vertex 78.4 8.4 18.1
    endloop
  endfacet
  facet normal 0 1 0
    outer loop
      vertex 80.8 8.4 20.7
      vertex 79.6 8.4 20.5
      vertex 79.6 8.4 20.7
    endloop
  endfacet
  facet normal 0 1 -0
    outer loop
      vertex 80.8 8.4 18.1
      vertex 79.6 8.4 20.5
      vertex 80.8 8.4 20.7
    endloop
  endfacet
  facet normal 0 1 0
    outer loop
      vertex 78.4 8.4 18.1
      vertex 79.6 8.4 20.5
      vertex 80.8 8.4 18.1
    endloop
  endfacet
  facet normal 0 1 0
    outer loop
      vertex 79.6 8.4 20.5
      vertex 78.4 8.4 18.1
      vertex 78.4 8.4 20.5
    endloop
  endfacet
  facet normal 0 0 -1
    outer loop
      vertex 0 33.9 18.3
      vertex 2.4 36.9 18.3
      vertex 2.4 33.9 18.3
    endloop
  endfacet
  facet normal -0 0 -1
    outer loop
      vertex 2.4 36.9 18.3
      vertex 0 33.9 18.3
      vertex 0 36.9 18.3
    endloop
  endfacet
  facet normal 0 -1 0
    outer loop
      vertex 0 36.9 14.3
      vertex 2.4 36.9 18.3
      vertex 0 36.9 18.3
    endloop
  endfacet
  facet normal 0 -1 -0
    outer loop
      vertex 2.4 36.9 18.3
      vertex 0 36.9 14.3
      vertex 2.4 36.9 14.3
    endloop
  endfacet
  facet normal -0 0 1
    outer loop
      vertex 0 36.9 14.3
      vertex 2.4 33.9 14.3
      vertex 2.4 36.9 14.3
    endloop
  endfacet
  facet normal 0 0 1
    outer loop
      vertex 2.4 33.9 14.3
      vertex 0 36.9 14.3
      vertex 0 33.9 14.3
    endloop
  endfacet
  facet normal 0 1 -0
    outer loop
      vertex 2.4 33.9 14.3
      vertex 0 33.9 18.3
      vertex 2.4 33.9 18.3
    endloop
  endfacet
  facet normal 0 1 0
    outer loop
      vertex 0 33.9 18.3
      vertex 2.4 33.9 14.3
      vertex 0 33.9 14.3
    endloop
  endfacet
  facet normal 0 0 -1
    outer loop
      vertex 0 25.9 18.3
      vertex 2.4 28.9 18.3
      vertex 2.4 25.9 18.3
    endloop
  endfacet
  facet normal -0 0 -1
    outer loop
      vertex 2.4 28.9 18.3
      vertex 0 25.9 18.3
      vertex 0 28.9 18.3
    endloop
  endfacet
  facet normal -0 0 1
    outer loop
      vertex 0 28.9 14.3
      vertex 2.4 25.9 14.3
      vertex 2.4 28.9 14.3
    endloop
  endfacet
  facet normal 0 0 1
    outer loop
      vertex 2.4 25.9 14.3
      vertex 0 28.9 14.3
      vertex 0 25.9 14.3
    endloop
  endfacet
  facet normal 0 1 -0
    outer loop
      vertex 2.4 25.9 14.3
      vertex 0 25.9 18.3
      vertex 2.4 25.9 18.3
    endloop
  endfacet
  facet normal 0 1 0
    outer loop
      vertex 0 25.9 18.3
      vertex 2.4 25.9 14.3
      vertex 0 25.9 14.3
    endloop
  endfacet
  facet normal 0 -1 0
    outer loop
      vertex 0 28.9 14.3
      vertex 2.4 28.9 18.3
      vertex 0 28.9 18.3
    endloop
  endfacet
  facet normal 0 -1 -0
    outer loop
      vertex 2.4 28.9 18.3
      vertex 0 28.9 14.3
      vertex 2.4 28.9 14.3
    endloop
  endfacet
  facet normal 0 0 -1
    outer loop
      vertex 0 17.9 18.3
      vertex 2.4 20.9 18.3
      vertex 2.4 17.9 18.3
    endloop
  endfacet
  facet normal -0 0 -1
    outer loop
      vertex 2.4 20.9 18.3
      vertex 0 17.9 18.3
      vertex 0 20.9 18.3
    endloop
  endfacet
  facet normal -0 0 1
    outer loop
      vertex 0 20.9 14.3
      vertex 2.4 17.9 14.3
      vertex 2.4 20.9 14.3
    endloop
  endfacet
  facet normal 0 0 1
    outer loop
      vertex 2.4 17.9 14.3
      vertex 0 20.9 14.3
      vertex 0 17.9 14.3
    endloop
  endfacet
  facet normal 0 1 -0
    outer loop
      vertex 2.4 17.9 14.3
      vertex 0 17.9 18.3
      vertex 2.4 17.9 18.3
    endloop
  endfacet
  facet normal 0 1 0
    outer loop
      vertex 0 17.9 18.3
      vertex 2.4 17.9 14.3
      vertex 0 17.9 14.3
    endloop
  endfacet
  facet normal 0 -1 0
    outer loop
      vertex 0 20.9 14.3
      vertex 2.4 20.9 18.3
      vertex 0 20.9 18.3
    endloop
  endfacet
  facet normal 0 -1 -0
    outer loop
      vertex 2.4 20.9 18.3
      vertex 0 20.9 14.3
      vertex 2.4 20.9 14.3
    endloop
  endfacet
  facet normal 1 -0 0
    outer loop
      vertex 49.9 48.4 16.9
      vertex 49.9 50.8 14.3
      vertex 49.9 50.8 16.9
    endloop
  endfacet
  facet normal 1 0 0
    outer loop
      vertex 49.9 50.8 14.3
      vertex 49.9 48.4 16.9
      vertex 49.9 48.4 14.3
    endloop
  endfacet
  facet normal 0 0 -1
    outer loop
      vertex 49.9 48.4 16.9
      vertex 52.9 50.8 16.9
      vertex 52.9 48.4 16.9
    endloop
  endfacet
  facet normal -0 0 -1
    outer loop
      vertex 52.9 50.8 16.9
      vertex 49.9 48.4 16.9
      vertex 49.9 50.8 16.9
    endloop
  endfacet
  facet normal -1 0 0
    outer loop
      vertex 52.9 48.4 14.3
      vertex 52.9 50.8 16.9
      vertex 52.9 50.8 14.3
    endloop
  endfacet
  facet normal -1 -0 0
    outer loop
      vertex 52.9 50.8 16.9
      vertex 52.9 48.4 14.3
      vertex 52.9 48.4 16.9
    endloop
  endfacet
  facet normal -0 0 1
    outer loop
      vertex 49.9 50.8 14.3
      vertex 52.9 48.4 14.3
      vertex 52.9 50.8 14.3
    endloop
  endfacet
  facet normal 0 0 1
    outer loop
      vertex 52.9 48.4 14.3
      vertex 49.9 50.8 14.3
      vertex 49.9 48.4 14.3
    endloop
  endfacet
  facet normal 1 0 0
    outer loop
      vertex 49.9 49.6 20.5
      vertex 49.9 50.8 20.7
      vertex 49.9 49.6 20.7
    endloop
  endfacet
  facet normal 1 0 0
    outer loop
      vertex 49.9 50.8 20.7
      vertex 49.9 49.6 20.5
      vertex 49.9 50.8 18.1
    endloop
  endfacet
  facet normal 1 0 0
    outer loop
      vertex 49.9 48.4 18.1
      vertex 49.9 49.6 20.5
      vertex 49.9 48.4 20.5
    endloop
  endfacet
  facet normal 1 0 0
    outer loop
      vertex 49.9 49.6 20.5
      vertex 49.9 48.4 18.1
      vertex 49.9 50.8 18.1
    endloop
  endfacet
  facet normal 0 0 -1
    outer loop
      vertex 49.9 49.6 20.7
      vertex 52.9 50.8 20.7
      vertex 52.9 49.6 20.7
    endloop
  endfacet
  facet normal -0 0 -1
    outer loop
      vertex 52.9 50.8 20.7
      vertex 49.9 49.6 20.7
      vertex 49.9 50.8 20.7
    endloop
  endfacet
  facet normal -1 0 0
    outer loop
      vertex 52.9 50.8 18.1
      vertex 52.9 49.6 20.5
      vertex 52.9 50.8 20.7
    endloop
  endfacet
  facet normal -1 0 0
    outer loop
      vertex 52.9 48.4 18.1
      vertex 52.9 49.6 20.5
      vertex 52.9 50.8 18.1
    endloop
  endfacet
  facet normal -1 -0 0
    outer loop
      vertex 52.9 49.6 20.5
      vertex 52.9 48.4 18.1
      vertex 52.9 48.4 20.5
    endloop
  endfacet
  facet normal -1 -0 0
    outer loop
      vertex 52.9 50.8 20.7
      vertex 52.9 49.6 20.5
      vertex 52.9 49.6 20.7
    endloop
  endfacet
  facet normal -0 0 1
    outer loop
      vertex 49.9 50.8 18.1
      vertex 52.9 48.4 18.1
      vertex 52.9 50.8 18.1
    endloop
  endfacet
  facet normal 0 0 1
    outer loop
      vertex 52.9 48.4 18.1
      vertex 49.9 50.8 18.1
      vertex 49.9 48.4 18.1
    endloop
  endfacet
  facet normal 1 -0 0
    outer loop
      vertex 54.4 48.4 16.9
      vertex 54.4 50.8 14.3
      vertex 54.4 50.8 16.9
    endloop
  endfacet
  facet normal 1 0 0
    outer loop
      vertex 54.4 50.8 14.3
      vertex 54.4 48.4 16.9
      vertex 54.4 48.4 14.3
    endloop
  endfacet
  facet normal 0 0 -1
    outer loop
      vertex 54.4 48.4 16.9
      vertex 57.4 50.8 16.9
      vertex 57.4 48.4 16.9
    endloop
  endfacet
  facet normal -0 0 -1
    outer loop
      vertex 57.4 50.8 16.9
      vertex 54.4 48.4 16.9
      vertex 54.4 50.8 16.9
    endloop
  endfacet
  facet normal -1 0 0
    outer loop
      vertex 57.4 48.4 14.3
      vertex 57.4 50.8 16.9
      vertex 57.4 50.8 14.3
    endloop
  endfacet
  facet normal -1 -0 0
    outer loop
      vertex 57.4 50.8 16.9
      vertex 57.4 48.4 14.3
      vertex 57.4 48.4 16.9
    endloop
  endfacet
  facet normal -0 0 1
    outer loop
      vertex 54.4 50.8 14.3
      vertex 57.4 48.4 14.3
      vertex 57.4 50.8 14.3
    endloop
  endfacet
  facet normal 0 0 1
    outer loop
      vertex 57.4 48.4 14.3
      vertex 54.4 50.8 14.3
      vertex 54.4 48.4 14.3
    endloop
  endfacet
  facet normal 1 0 0
    outer loop
      vertex 54.4 49.6 20.5
      vertex 54.4 50.8 20.7
      vertex 54.4 49.6 20.7
    endloop
  endfacet
  facet normal 1 0 0
    outer loop
      vertex 54.4 50.8 20.7
      vertex 54.4 49.6 20.5
      vertex 54.4 50.8 18.1
    endloop
  endfacet
  facet normal 1 0 0
    outer loop
      vertex 54.4 48.4 18.1
      vertex 54.4 49.6 20.5
      vertex 54.4 48.4 20.5
    endloop
  endfacet
  facet normal 1 0 0
    outer loop
      vertex 54.4 49.6 20.5
      vertex 54.4 48.4 18.1
      vertex 54.4 50.8 18.1
    endloop
  endfacet
  facet normal 0 0 -1
    outer loop
      vertex 54.4 49.6 20.7
      vertex 57.4 50.8 20.7
      vertex 57.4 49.6 20.7
    endloop
  endfacet
  facet normal -0 0 -1
    outer loop
      vertex 57.4 50.8 20.7
      vertex 54.4 49.6 20.7
      vertex 54.4 50.8 20.7
    endloop
  endfacet
  facet normal -1 0 0
    outer loop
      vertex 57.4 50.8 18.1
      vertex 57.4 49.6 20.5
      vertex 57.4 50.8 20.7
    endloop
  endfacet
  facet normal -1 0 0
    outer loop
      vertex 57.4 48.4 18.1
      vertex 57.4 49.6 20.5
      vertex 57.4 50.8 18.1
    endloop
  endfacet
  facet normal -1 -0 0
    outer loop
      vertex 57.4 49.6 20.5
      vertex 57.4 48.4 18.1
      vertex 57.4 48.4 20.5
    endloop
  endfacet
  facet normal -1 -0 0
    outer loop
      vertex 57.4 50.8 20.7
      vertex 57.4 49.6 20.5
      vertex 57.4 49.6 20.7
    endloop
  endfacet
  facet normal -0 0 1
    outer loop
      vertex 54.4 50.8 18.1
      vertex 57.4 48.4 18.1
      vertex 57.4 50.8 18.1
    endloop
  endfacet
  facet normal 0 0 1
    outer loop
      vertex 57.4 48.4 18.1
      vertex 54.4 50.8 18.1
      vertex 54.4 48.4 18.1
    endloop
  endfacet
  facet normal 1 -0 0
    outer loop
      vertex 58.9 48.4 16.9
      vertex 58.9 50.8 14.3
      vertex 58.9 50.8 16.9
    endloop
  endfacet
  facet normal 1 0 0
    outer loop
      vertex 58.9 50.8 14.3
      vertex 58.9 48.4 16.9
      vertex 58.9 48.4 14.3
    endloop
  endfacet
  facet normal 0 0 -1
    outer loop
      vertex 58.9 48.4 16.9
      vertex 61.9 50.8 16.9
      vertex 61.9 48.4 16.9
    endloop
  endfacet
  facet normal -0 0 -1
    outer loop
      vertex 61.9 50.8 16.9
      vertex 58.9 48.4 16.9
      vertex 58.9 50.8 16.9
    endloop
  endfacet
  facet normal -1 0 0
    outer loop
      vertex 61.9 48.4 14.3
      vertex 61.9 50.8 16.9
      vertex 61.9 50.8 14.3
    endloop
  endfacet
  facet normal -1 -0 0
    outer loop
      vertex 61.9 50.8 16.9
      vertex 61.9 48.4 14.3
      vertex 61.9 48.4 16.9
    endloop
  endfacet
  facet normal -0 0 1
    outer loop
      vertex 58.9 50.8 14.3
      vertex 61.9 48.4 14.3
      vertex 61.9 50.8 14.3
    endloop
  endfacet
  facet normal 0 0 1
    outer loop
      vertex 61.9 48.4 14.3
      vertex 58.9 50.8 14.3
      vertex 58.9 48.4 14.3
    endloop
  endfacet
  facet normal 1 0 0
    outer loop
      vertex 58.9 49.6 20.5
      vertex 58.9 50.8 20.7
      vertex 58.9 49.6 20.7
    endloop
  endfacet
  facet normal 1 0 0
    outer loop
      vertex 58.9 50.8 20.7
      vertex 58.9 49.6 20.5
      vertex 58.9 50.8 18.1
    endloop
  endfacet
  facet normal 1 0 0
    outer loop
      vertex 58.9 48.4 18.1
      vertex 58.9 49.6 20.5
      vertex 58.9 48.4 20.5
    endloop
  endfacet
  facet normal 1 0 0
    outer loop
      vertex 58.9 49.6 20.5
      vertex 58.9 48.4 18.1
      vertex 58.9 50.8 18.1
    endloop
  endfacet
  facet normal 0 0 -1
    outer loop
      vertex 58.9 49.6 20.7
      vertex 61.9 50.8 20.7
      vertex 61.9 49.6 20.7
    endloop
  endfacet
  facet normal -0 0 -1
    outer loop
      vertex 61.9 50.8 20.7
      vertex 58.9 49.6 20.7
      vertex 58.9 50.8 20.7
    endloop
  endfacet
  facet normal -1 0 0
    outer loop
      vertex 61.9 50.8 18.1
      vertex 61.9 49.6 20.5
      vertex 61.9 50.8 20.7
    endloop
  endfacet
  facet normal -1 0 0
    outer loop
      vertex 61.9 48.4 18.1
      vertex 61.9 49.6 20.5
      vertex 61.9 50.8 18.1
    endloop
  endfacet
  facet normal -1 -0 0
    outer loop
      vertex 61.9 49.6 20.5
      vertex 61.9 48.4 18.1
      vertex 61.9 48.4 20.5
    endloop
  endfacet
  facet normal -1 -0 0
    outer loop
      vertex 61.9 50.8 20.7
      vertex 61.9 49.6 20.5
      vertex 61.9 49.6 20.7
    endloop
  endfacet
  facet normal -0 0 1
    outer loop
      vertex 58.9 50.8 18.1
      vertex 61.9 48.4 18.1
      vertex 61.9 50.8 18.1
    endloop
  endfacet
  facet normal 0 0 1
    outer loop
      vertex 61.9 48.4 18.1
      vertex 58.9 50.8 18.1
      vertex 58.9 48.4 18.1
    endloop
  endfacet
  facet normal 1 -0 0
    outer loop
      vertex 63.4 48.4 16.9
      vertex 63.4 50.8 14.3
      vertex 63.4 50.8 16.9
    endloop
  endfacet
  facet normal 1 0 0
    outer loop
      vertex 63.4 50.8 14.3
      vertex 63.4 48.4 16.9
      vertex 63.4 48.4 14.3
    endloop
  endfacet
  facet normal 0 0 -1
    outer loop
      vertex 63.4 48.4 16.9
      vertex 66.4 50.8 16.9
      vertex 66.4 48.4 16.9
    endloop
  endfacet
  facet normal -0 0 -1
    outer loop
      vertex 66.4 50.8 16.9
      vertex 63.4 48.4 16.9
      vertex 63.4 50.8 16.9
    endloop
  endfacet
  facet normal -1 0 0
    outer loop
      vertex 66.4 48.4 14.3
      vertex 66.4 50.8 16.9
      vertex 66.4 50.8 14.3
    endloop
  endfacet
  facet normal -1 -0 0
    outer loop
      vertex 66.4 50.8 16.9
      vertex 66.4 48.4 14.3
      vertex 66.4 48.4 16.9
    endloop
  endfacet
  facet normal -0 0 1
    outer loop
      vertex 63.4 50.8 14.3
      vertex 66.4 48.4 14.3
      vertex 66.4 50.8 14.3
    endloop
  endfacet
  facet normal 0 0 1
    outer loop
      vertex 66.4 48.4 14.3
      vertex 63.4 50.8 14.3
      vertex 63.4 48.4 14.3
    endloop
  endfacet
  facet normal 1 0 0
    outer loop
      vertex 63.4 49.6 20.5
      vertex 63.4 50.8 20.7
      vertex 63.4 49.6 20.7
    endloop
  endfacet
  facet normal 1 0 0
    outer loop
      vertex 63.4 50.8 20.7
      vertex 63.4 49.6 20.5
      vertex 63.4 50.8 18.1
    endloop
  endfacet
  facet normal 1 0 0
    outer loop
      vertex 63.4 48.4 18.1
      vertex 63.4 49.6 20.5
      vertex 63.4 48.4 20.5
    endloop
  endfacet
  facet normal 1 0 0
    outer loop
      vertex 63.4 49.6 20.5
      vertex 63.4 48.4 18.1
      vertex 63.4 50.8 18.1
    endloop
  endfacet
  facet normal 0 0 -1
    outer loop
      vertex 63.4 49.6 20.7
      vertex 66.4 50.8 20.7
      vertex 66.4 49.6 20.7
    endloop
  endfacet
  facet normal -0 0 -1
    outer loop
      vertex 66.4 50.8 20.7
      vertex 63.4 49.6 20.7
      vertex 63.4 50.8 20.7
    endloop
  endfacet
  facet normal -1 0 0
    outer loop
      vertex 66.4 50.8 18.1
      vertex 66.4 49.6 20.5
      vertex 66.4 50.8 20.7
    endloop
  endfacet
  facet normal -1 0 0
    outer loop
      vertex 66.4 48.4 18.1
      vertex 66.4 49.6 20.5
      vertex 66.4 50.8 18.1
    endloop
  endfacet
  facet normal -1 -0 0
    outer loop
      vertex 66.4 49.6 20.5
      vertex 66.4 48.4 18.1
      vertex 66.4 48.4 20.5
    endloop
  endfacet
  facet normal -1 -0 0
    outer loop
      vertex 66.4 50.8 20.7
      vertex 66.4 49.6 20.5
      vertex 66.4 49.6 20.7
    endloop
  endfacet
  facet normal -0 0 1
    outer loop
      vertex 63.4 50.8 18.1
      vertex 66.4 48.4 18.1
      vertex 66.4 50.8 18.1
    endloop
  endfacet
  facet normal 0 0 1
    outer loop
      vertex 66.4 48.4 18.1
      vertex 63.4 50.8 18.1
      vertex 63.4 48.4 18.1
    endloop
  endfacet
  facet normal 1 -0 0
    outer loop
      vertex 67.9 48.4 16.9
      vertex 67.9 50.8 14.3
      vertex 67.9 50.8 16.9
    endloop
  endfacet
  facet normal 1 0 0
    outer loop
      vertex 67.9 50.8 14.3
      vertex 67.9 48.4 16.9
      vertex 67.9 48.4 14.3
    endloop
  endfacet
  facet normal 0 0 -1
    outer loop
      vertex 67.9 48.4 16.9
      vertex 70.9 50.8 16.9
      vertex 70.9 48.4 16.9
    endloop
  endfacet
  facet normal -0 0 -1
    outer loop
      vertex 70.9 50.8 16.9
      vertex 67.9 48.4 16.9
      vertex 67.9 50.8 16.9
    endloop
  endfacet
  facet normal -1 0 0
    outer loop
      vertex 70.9 48.4 14.3
      vertex 70.9 50.8 16.9
      vertex 70.9 50.8 14.3
    endloop
  endfacet
  facet normal -1 -0 0
    outer loop
      vertex 70.9 50.8 16.9
      vertex 70.9 48.4 14.3
      vertex 70.9 48.4 16.9
    endloop
  endfacet
  facet normal -0 0 1
    outer loop
      vertex 67.9 50.8 14.3
      vertex 70.9 48.4 14.3
      vertex 70.9 50.8 14.3
    endloop
  endfacet
  facet normal 0 0 1
    outer loop
      vertex 70.9 48.4 14.3
      vertex 67.9 50.8 14.3
      vertex 67.9 48.4 14.3
    endloop
  endfacet
  facet normal 1 0 0
    outer loop
      vertex 67.9 49.6 20.5
      vertex 67.9 50.8 20.7
      vertex 67.9 49.6 20.7
    endloop
  endfacet
  facet normal 1 0 0
    outer loop
      vertex 67.9 50.8 20.7
      vertex 67.9 49.6 20.5
      vertex 67.9 50.8 18.1
    endloop
  endfacet
  facet normal 1 0 0
    outer loop
      vertex 67.9 48.4 18.1
      vertex 67.9 49.6 20.5
      vertex 67.9 48.4 20.5
    endloop
  endfacet
  facet normal 1 0 0
    outer loop
      vertex 67.9 49.6 20.5
      vertex 67.9 48.4 18.1
      vertex 67.9 50.8 18.1
    endloop
  endfacet
  facet normal 0 0 -1
    outer loop
      vertex 67.9 49.6 20.7
      vertex 70.9 50.8 20.7
      vertex 70.9 49.6 20.7
    endloop
  endfacet
  facet normal -0 0 -1
    outer loop
      vertex 70.9 50.8 20.7
      vertex 67.9 49.6 20.7
      vertex 67.9 50.8 20.7
    endloop
  endfacet
  facet normal -1 0 0
    outer loop
      vertex 70.9 50.8 18.1
      vertex 70.9 49.6 20.5
      vertex 70.9 50.8 20.7
    endloop
  endfacet
  facet normal -1 0 0
    outer loop
      vertex 70.9 48.4 18.1
      vertex 70.9 49.6 20.5
      vertex 70.9 50.8 18.1
    endloop
  endfacet
  facet normal -1 -0 0
    outer loop
      vertex 70.9 49.6 20.5
      vertex 70.9 48.4 18.1
      vertex 70.9 48.4 20.5
    endloop
  endfacet
  facet normal -1 -0 0
    outer loop
      vertex 70.9 50.8 20.7
      vertex 70.9 49.6 20.5
      vertex 70.9 49.6 20.7
    endloop
  endfacet
  facet normal -0 0 1
    outer loop
      vertex 67.9 50.8 18.1
      vertex 70.9 48.4 18.1
      vertex 70.9 50.8 18.1
    endloop
  endfacet
  facet normal 0 0 1
    outer loop
      vertex 70.9 48.4 18.1
      vertex 67.9 50.8 18.1
      vertex 67.9 48.4 18.1
    endloop
  endfacet
  facet normal 1 -0 0
    outer loop
      vertex 62.9 0 16.9
      vertex 62.9 2.4 14.3
      vertex 62.9 2.4 16.9
    endloop
  endfacet
  facet normal 1 0 0
    outer loop
      vertex 62.9 2.4 14.3
      vertex 62.9 0 16.9
      vertex 62.9 0 14.3
    endloop
  endfacet
  facet normal 0 0 -1
    outer loop
      vertex 62.9 0 16.9
      vertex 65.9 2.4 16.9
      vertex 65.9 0 16.9
    endloop
  endfacet
  facet normal -0 0 -1
    outer loop
      vertex 65.9 2.4 16.9
      vertex 62.9 0 16.9
      vertex 62.9 2.4 16.9
    endloop
  endfacet
  facet normal -1 0 0
    outer loop
      vertex 65.9 0 14.3
      vertex 65.9 2.4 16.9
      vertex 65.9 2.4 14.3
    endloop
  endfacet
  facet normal -1 -0 0
    outer loop
      vertex 65.9 2.4 16.9
      vertex 65.9 0 14.3
      vertex 65.9 0 16.9
    endloop
  endfacet
  facet normal -0 0 1
    outer loop
      vertex 62.9 2.4 14.3
      vertex 65.9 0 14.3
      vertex 65.9 2.4 14.3
    endloop
  endfacet
  facet normal 0 0 1
    outer loop
      vertex 65.9 0 14.3
      vertex 62.9 2.4 14.3
      vertex 62.9 0 14.3
    endloop
  endfacet
  facet normal 1 0 0
    outer loop
      vertex 62.9 1.2 20.7
      vertex 62.9 0 20.7
      vertex 62.9 1.2 20.5
    endloop
  endfacet
  facet normal 1 -0 0
    outer loop
      vertex 62.9 1.2 20.5
      vertex 62.9 2.4 18.1
      vertex 62.9 2.4 20.5
    endloop
  endfacet
  facet normal 1 0 0
    outer loop
      vertex 62.9 0 18.1
      vertex 62.9 1.2 20.5
      vertex 62.9 0 20.7
    endloop
  endfacet
  facet normal 1 0 0
    outer loop
      vertex 62.9 1.2 20.5
      vertex 62.9 0 18.1
      vertex 62.9 2.4 18.1
    endloop
  endfacet
  facet normal 0 0 -1
    outer loop
      vertex 62.9 0 20.7
      vertex 65.9 1.2 20.7
      vertex 65.9 0 20.7
    endloop
  endfacet
  facet normal -0 0 -1
    outer loop
      vertex 65.9 1.2 20.7
      vertex 62.9 0 20.7
      vertex 62.9 1.2 20.7
    endloop
  endfacet
  facet normal -1 0 0
    outer loop
      vertex 65.9 2.4 18.1
      vertex 65.9 1.2 20.5
      vertex 65.9 2.4 20.5
    endloop
  endfacet
  facet normal -1 0 0
    outer loop
      vertex 65.9 0 18.1
      vertex 65.9 1.2 20.5
      vertex 65.9 2.4 18.1
    endloop
  endfacet
  facet normal -1 0 0
    outer loop
      vertex 65.9 0 20.7
      vertex 65.9 1.2 20.5
      vertex 65.9 0 18.1
    endloop
  endfacet
  facet normal -1 0 0
    outer loop
      vertex 65.9 1.2 20.5
      vertex 65.9 0 20.7
      vertex 65.9 1.2 20.7
    endloop
  endfacet
  facet normal -0 0 1
    outer loop
      vertex 62.9 2.4 18.1
      vertex 65.9 0 18.1
      vertex 65.9 2.4 18.1
    endloop
  endfacet
  facet normal 0 0 1
    outer loop
      vertex 65.9 0 18.1
      vertex 62.9 2.4 18.1
      vertex 62.9 0 18.1
    endloop
  endfacet
  facet normal 1 -0 0
    outer loop
      vertex 67.4 0 16.9
      vertex 67.4 2.4 14.3
      vertex 67.4 2.4 16.9
    endloop
  endfacet
  facet normal 1 0 0
    outer loop
      vertex 67.4 2.4 14.3
      vertex 67.4 0 16.9
      vertex 67.4 0 14.3
    endloop
  endfacet
  facet normal 0 0 -1
    outer loop
      vertex 67.4 0 16.9
      vertex 70.4 2.4 16.9
      vertex 70.4 0 16.9
    endloop
  endfacet
  facet normal -0 0 -1
    outer loop
      vertex 70.4 2.4 16.9
      vertex 67.4 0 16.9
      vertex 67.4 2.4 16.9
    endloop
  endfacet
  facet normal -1 0 0
    outer loop
      vertex 70.4 0 14.3
      vertex 70.4 2.4 16.9
      vertex 70.4 2.4 14.3
    endloop
  endfacet
  facet normal -1 -0 0
    outer loop
      vertex 70.4 2.4 16.9
      vertex 70.4 0 14.3
      vertex 70.4 0 16.9
    endloop
  endfacet
  facet normal -0 0 1
    outer loop
      vertex 67.4 2.4 14.3
      vertex 70.4 0 14.3
      vertex 70.4 2.4 14.3
    endloop
  endfacet
  facet normal 0 0 1
    outer loop
      vertex 70.4 0 14.3
      vertex 67.4 2.4 14.3
      vertex 67.4 0 14.3
    endloop
  endfacet
  facet normal 1 0 0
    outer loop
      vertex 67.4 1.2 20.7
      vertex 67.4 0 20.7
      vertex 67.4 1.2 20.5
    endloop
  endfacet
  facet normal 1 -0 0
    outer loop
      vertex 67.4 1.2 20.5
      vertex 67.4 2.4 18.1
      vertex 67.4 2.4 20.5
    endloop
  endfacet
  facet normal 1 0 0
    outer loop
      vertex 67.4 0 18.1
      vertex 67.4 1.2 20.5
      vertex 67.4 0 20.7
    endloop
  endfacet
  facet normal 1 0 0
    outer loop
      vertex 67.4 1.2 20.5
      vertex 67.4 0 18.1
      vertex 67.4 2.4 18.1
    endloop
  endfacet
  facet normal 0 0 -1
    outer loop
      vertex 67.4 0 20.7
      vertex 70.4 1.2 20.7
      vertex 70.4 0 20.7
    endloop
  endfacet
  facet normal -0 0 -1
    outer loop
      vertex 70.4 1.2 20.7
      vertex 67.4 0 20.7
      vertex 67.4 1.2 20.7
    endloop
  endfacet
  facet normal -1 0 0
    outer loop
      vertex 70.4 2.4 18.1
      vertex 70.4 1.2 20.5
      vertex 70.4 2.4 20.5
    endloop
  endfacet
  facet normal -1 0 0
    outer loop
      vertex 70.4 0 18.1
      vertex 70.4 1.2 20.5
      vertex 70.4 2.4 18.1
    endloop
  endfacet
  facet normal -1 0 0
    outer loop
      vertex 70.4 0 20.7
      vertex 70.4 1.2 20.5
      vertex 70.4 0 18.1
    endloop
  endfacet
  facet normal -1 0 0
    outer loop
      vertex 70.4 1.2 20.5
      vertex 70.4 0 20.7
      vertex 70.4 1.2 20.7
    endloop
  endfacet
  facet normal -0 0 1
    outer loop
      vertex 67.4 2.4 18.1
      vertex 70.4 0 18.1
      vertex 70.4 2.4 18.1
    endloop
  endfacet
  facet normal 0 0 1
    outer loop
      vertex 70.4 0 18.1
      vertex 67.4 2.4 18.1
      vertex 67.4 0 18.1
    endloop
  endfacet
  facet normal 1 -0 0
    outer loop
      vertex 71.9 0 16.9
      vertex 71.9 2.4 14.3
      vertex 71.9 2.4 16.9
    endloop
  endfacet
  facet normal 1 0 0
    outer loop
      vertex 71.9 2.4 14.3
      vertex 71.9 0 16.9
      vertex 71.9 0 14.3
    endloop
  endfacet
  facet normal 0 0 -1
    outer loop
      vertex 71.9 0 16.9
      vertex 74.9 2.4 16.9
      vertex 74.9 0 16.9
    endloop
  endfacet
  facet normal -0 0 -1
    outer loop
      vertex 74.9 2.4 16.9
      vertex 71.9 0 16.9
      vertex 71.9 2.4 16.9
    endloop
  endfacet
  facet normal -1 0 0
    outer loop
      vertex 74.9 0 14.3
      vertex 74.9 2.4 16.9
      vertex 74.9 2.4 14.3
    endloop
  endfacet
  facet normal -1 -0 0
    outer loop
      vertex 74.9 2.4 16.9
      vertex 74.9 0 14.3
      vertex 74.9 0 16.9
    endloop
  endfacet
  facet normal -0 0 1
    outer loop
      vertex 71.9 2.4 14.3
      vertex 74.9 0 14.3
      vertex 74.9 2.4 14.3
    endloop
  endfacet
  facet normal 0 0 1
    outer loop
      vertex 74.9 0 14.3
      vertex 71.9 2.4 14.3
      vertex 71.9 0 14.3
    endloop
  endfacet
  facet normal 1 0 0
    outer loop
      vertex 71.9 1.2 20.7
      vertex 71.9 0 20.7
      vertex 71.9 1.2 20.5
    endloop
  endfacet
  facet normal 1 -0 0
    outer loop
      vertex 71.9 1.2 20.5
      vertex 71.9 2.4 18.1
      vertex 71.9 2.4 20.5
    endloop
  endfacet
  facet normal 1 0 0
    outer loop
      vertex 71.9 0 18.1
      vertex 71.9 1.2 20.5
      vertex 71.9 0 20.7
    endloop
  endfacet
  facet normal 1 0 0
    outer loop
      vertex 71.9 1.2 20.5
      vertex 71.9 0 18.1
      vertex 71.9 2.4 18.1
    endloop
  endfacet
  facet normal 0 0 -1
    outer loop
      vertex 71.9 0 20.7
      vertex 74.9 1.2 20.7
      vertex 74.9 0 20.7
    endloop
  endfacet
  facet normal -0 0 -1
    outer loop
      vertex 74.9 1.2 20.7
      vertex 71.9 0 20.7
      vertex 71.9 1.2 20.7
    endloop
  endfacet
  facet normal -1 0 0
    outer loop
      vertex 74.9 2.4 18.1
      vertex 74.9 1.2 20.5
      vertex 74.9 2.4 20.5
    endloop
  endfacet
  facet normal -1 0 0
    outer loop
      vertex 74.9 0 18.1
      vertex 74.9 1.2 20.5
      vertex 74.9 2.4 18.1
    endloop
  endfacet
  facet normal -1 0 0
    outer loop
      vertex 74.9 0 20.7
      vertex 74.9 1.2 20.5
      vertex 74.9 0 18.1
    endloop
  endfacet
  facet normal -1 0 0
    outer loop
      vertex 74.9 1.2 20.5
      vertex 74.9 0 20.7
      vertex 74.9 1.2 20.7
    endloop
  endfacet
  facet normal -0 0 1
    outer loop
      vertex 71.9 2.4 18.1
      vertex 74.9 0 18.1
      vertex 74.9 2.4 18.1
    endloop
  endfacet
  facet normal 0 0 1
    outer loop
      vertex 74.9 0 18.1
      vertex 71.9 2.4 18.1
      vertex 71.9 0 18.1
    endloop
  endfacet
  facet normal 1 -0 0
    outer loop
      vertex 8.9 0 18.3
      vertex 8.9 2.4 14.3
      vertex 8.9 2.4 18.3
    endloop
  endfacet
  facet normal 1 0 0
    outer loop
      vertex 8.9 2.4 14.3
      vertex 8.9 0 18.3
      vertex 8.9 0 14.3
    endloop
  endfacet
  facet normal 0 0 -1
    outer loop
      vertex 8.9 0 18.3
      vertex 11.9 2.4 18.3
      vertex 11.9 0 18.3
    endloop
  endfacet
  facet normal -0 0 -1
    outer loop
      vertex 11.9 2.4 18.3
      vertex 8.9 0 18.3
      vertex 8.9 2.4 18.3
    endloop
  endfacet
  facet normal -1 0 0
    outer loop
      vertex 11.9 0 14.3
      vertex 11.9 2.4 18.3
      vertex 11.9 2.4 14.3
    endloop
  endfacet
  facet normal -1 -0 0
    outer loop
      vertex 11.9 2.4 18.3
      vertex 11.9 0 14.3
      vertex 11.9 0 18.3
    endloop
  endfacet
  facet normal -0 0 1
    outer loop
      vertex 8.9 2.4 14.3
      vertex 11.9 0 14.3
      vertex 11.9 2.4 14.3
    endloop
  endfacet
  facet normal 0 0 1
    outer loop
      vertex 11.9 0 14.3
      vertex 8.9 2.4 14.3
      vertex 8.9 0 14.3
    endloop
  endfacet
  facet normal 1 -0 0
    outer loop
      vertex 14.9 0 18.3
      vertex 14.9 2.4 14.3
      vertex 14.9 2.4 18.3
    endloop
  endfacet
  facet normal 1 0 0
    outer loop
      vertex 14.9 2.4 14.3
      vertex 14.9 0 18.3
      vertex 14.9 0 14.3
    endloop
  endfacet
  facet normal 0 0 -1
    outer loop
      vertex 14.9 0 18.3
      vertex 17.9 2.4 18.3
      vertex 17.9 0 18.3
    endloop
  endfacet
  facet normal -0 0 -1
    outer loop
      vertex 17.9 2.4 18.3
      vertex 14.9 0 18.3
      vertex 14.9 2.4 18.3
    endloop
  endfacet
  facet normal -1 0 0
    outer loop
      vertex 17.9 0 14.3
      vertex 17.9 2.4 18.3
      vertex 17.9 2.4 14.3
    endloop
  endfacet
  facet normal -1 -0 0
    outer loop
      vertex 17.9 2.4 18.3
      vertex 17.9 0 14.3
      vertex 17.9 0 18.3
    endloop
  endfacet
  facet normal -0 0 1
    outer loop
      vertex 14.9 2.4 14.3
      vertex 17.9 0 14.3
      vertex 17.9 2.4 14.3
    endloop
  endfacet
  facet normal 0 0 1
    outer loop
      vertex 17.9 0 14.3
      vertex 14.9 2.4 14.3
      vertex 14.9 0 14.3
    endloop
  endfacet
  facet normal 1 -0 0
    outer loop
      vertex 20.9 0 18.3
      vertex 20.9 2.4 14.3
      vertex 20.9 2.4 18.3
    endloop
  endfacet
  facet normal 1 0 0
    outer loop
      vertex 20.9 2.4 14.3
      vertex 20.9 0 18.3
      vertex 20.9 0 14.3
    endloop
  endfacet
  facet normal 0 0 -1
    outer loop
      vertex 20.9 0 18.3
      vertex 23.9 2.4 18.3
      vertex 23.9 0 18.3
    endloop
  endfacet
  facet normal -0 0 -1
    outer loop
      vertex 23.9 2.4 18.3
      vertex 20.9 0 18.3
      vertex 20.9 2.4 18.3
    endloop
  endfacet
  facet normal -1 0 0
    outer loop
      vertex 23.9 0 14.3
      vertex 23.9 2.4 18.3
      vertex 23.9 2.4 14.3
    endloop
  endfacet
  facet normal -1 -0 0
    outer loop
      vertex 23.9 2.4 18.3
      vertex 23.9 0 14.3
      vertex 23.9 0 18.3
    endloop
  endfacet
  facet normal -0 0 1
    outer loop
      vertex 20.9 2.4 14.3
      vertex 23.9 0 14.3
      vertex 23.9 2.4 14.3
    endloop
  endfacet
  facet normal 0 0 1
    outer loop
      vertex 23.9 0 14.3
      vertex 20.9 2.4 14.3
      vertex 20.9 0 14.3
    endloop
  endfacet
  facet normal 0 1 -0
    outer loop
      vertex 67.4 2.4 14.3
      vertex 65.9 2.4 16.9
      vertex 67.4 2.4 16.9
    endloop
  endfacet
  facet normal 0 1 0
    outer loop
      vertex 65.9 2.4 16.9
      vertex 67.4 2.4 14.3
      vertex 65.9 2.4 14.3
    endloop
  endfacet
  facet normal 0 1 -0
    outer loop
      vertex 71.9 2.4 14.3
      vertex 70.4 2.4 16.9
      vertex 71.9 2.4 16.9
    endloop
  endfacet
  facet normal 0 1 0
    outer loop
      vertex 70.4 2.4 16.9
      vertex 71.9 2.4 14.3
      vertex 70.4 2.4 14.3
    endloop
  endfacet
  facet normal 0 1 0
    outer loop
      vertex 76.4 2.4 20.5
      vertex 74.9 2.4 18.1
      vertex 74.9 2.4 20.5
    endloop
  endfacet
  facet normal 0 1 0
    outer loop
      vertex 71.9 2.4 16.9
      vertex 71.9 2.4 18.1
      vertex 74.9 2.4 18.1
    endloop
  endfacet
  facet normal 0 1 0
    outer loop
      vertex 71.9 2.4 18.1
      vertex 71.9 2.4 16.9
      vertex 70.4 2.4 18.1
    endloop
  endfacet
  facet normal 0 1 0
    outer loop
      vertex 70.4 2.4 18.1
      vertex 70.4 2.4 16.9
      vertex 67.4 2.4 18.1
    endloop
  endfacet
  facet normal 0 1 0
    outer loop
      vertex 67.4 2.4 16.9
      vertex 67.4 2.4 18.1
      vertex 70.4 2.4 16.9
    endloop
  endfacet
  facet normal 0 1 0
    outer loop
      vertex 71.9 2.4 16.9
      vertex 74.9 2.4 18.1
      vertex 74.9 2.4 16.9
    endloop
  endfacet
  facet normal 0 1 0
    outer loop
      vertex 76.4 2.4 20.5
      vertex 74.9 2.4 16.9
      vertex 74.9 2.4 18.1
    endloop
  endfacet
  facet normal 0 1 -0
    outer loop
      vertex 76.4 2.4 13.1
      vertex 74.9 2.4 16.9
      vertex 76.4 2.4 20.5
    endloop
  endfacet
  facet normal 0 1 0
    outer loop
      vertex 76.4 2.4 13.1
      vertex 71.9 2.4 14.3
      vertex 74.9 2.4 14.3
    endloop
  endfacet
  facet normal 0 1 0
    outer loop
      vertex 71.9 2.4 14.3
      vertex 76.4 2.4 13.1
      vertex 70.4 2.4 14.3
    endloop
  endfacet
  facet normal 0 1 0
    outer loop
      vertex 64.4 2.4 13.1
      vertex 70.4 2.4 14.3
      vertex 76.4 2.4 13.1
    endloop
  endfacet
  facet normal 0 1 0
    outer loop
      vertex 67.4 2.4 14.3
      vertex 64.4 2.4 13.1
      vertex 65.9 2.4 14.3
    endloop
  endfacet
  facet normal 0 1 0
    outer loop
      vertex 65.9 2.4 14.3
      vertex 64.4 2.4 13.1
      vertex 62.9 2.4 14.3
    endloop
  endfacet
  facet normal 0 1 -0
    outer loop
      vertex 64.4 2.4 11.6
      vertex 62.9 2.4 14.3
      vertex 64.4 2.4 13.1
    endloop
  endfacet
  facet normal 0 1 0
    outer loop
      vertex 70.4 2.4 14.3
      vertex 64.4 2.4 13.1
      vertex 67.4 2.4 14.3
    endloop
  endfacet
  facet normal 0 1 0
    outer loop
      vertex 74.9 2.4 16.9
      vertex 76.4 2.4 13.1
      vertex 74.9 2.4 14.3
    endloop
  endfacet
  facet normal 0 1 -0
    outer loop
      vertex 71.9 2.4 18.1
      vertex 70.4 2.4 20.5
      vertex 71.9 2.4 20.5
    endloop
  endfacet
  facet normal 0 1 0
    outer loop
      vertex 70.4 2.4 20.5
      vertex 71.9 2.4 18.1
      vertex 70.4 2.4 18.1
    endloop
  endfacet
  facet normal 0 1 -0
    outer loop
      vertex 67.4 2.4 18.1
      vertex 65.9 2.4 20.5
      vertex 67.4 2.4 20.5
    endloop
  endfacet
  facet normal 0 1 0
    outer loop
      vertex 65.9 2.4 20.5
      vertex 67.4 2.4 18.1
      vertex 65.9 2.4 18.1
    endloop
  endfacet
  facet normal 0 1 -0
    outer loop
      vertex 62.9 2.4 18.1
      vertex 47.4 2.4 20.5
      vertex 62.9 2.4 20.5
    endloop
  endfacet
  facet normal 0 1 0
    outer loop
      vertex 70.4 2.4 18.1
      vertex 71.9 2.4 16.9
      vertex 70.4 2.4 16.9
    endloop
  endfacet
  facet normal 0 1 0
    outer loop
      vertex 67.4 2.4 18.1
      vertex 67.4 2.4 16.9
      vertex 65.9 2.4 18.1
    endloop
  endfacet
  facet normal 0 1 0
    outer loop
      vertex 65.9 2.4 16.9
      vertex 65.9 2.4 18.1
      vertex 67.4 2.4 16.9
    endloop
  endfacet
  facet normal 0 1 0
    outer loop
      vertex 65.9 2.4 18.1
      vertex 65.9 2.4 16.9
      vertex 62.9 2.4 18.1
    endloop
  endfacet
  facet normal 0 1 0
    outer loop
      vertex 62.9 2.4 16.9
      vertex 62.9 2.4 18.1
      vertex 65.9 2.4 16.9
    endloop
  endfacet
  facet normal 0 1 0
    outer loop
      vertex 62.9 2.4 18.1
      vertex 62.9 2.4 16.9
      vertex 47.4 2.4 20.5
    endloop
  endfacet
  facet normal 0 1 0
    outer loop
      vertex 47.4 2.4 14.1
      vertex 62.9 2.4 16.9
      vertex 62.9 2.4 14.3
    endloop
  endfacet
  facet normal 0 1 0
    outer loop
      vertex 62.9 2.4 16.9
      vertex 47.4 2.4 14.1
      vertex 47.4 2.4 20.5
    endloop
  endfacet
  facet normal 0 1 -0
    outer loop
      vertex 76.4 2.4 1.6
      vertex 64.4 2.4 11.6
      vertex 76.4 2.4 11.6
    endloop
  endfacet
  facet normal 0 1 0
    outer loop
      vertex 4.4 2.4 1.6
      vertex 64.4 2.4 11.6
      vertex 76.4 2.4 1.6
    endloop
  endfacet
  facet normal 0 1 0
    outer loop
      vertex 64.4 2.4 11.6
      vertex 4.4 2.4 1.6
      vertex 14.4 2.4 11.6
    endloop
  endfacet
  facet normal 0 1 0
    outer loop
      vertex 14.4 2.4 11.6
      vertex 4.4 2.4 1.6
      vertex 4.4 2.4 11.6
    endloop
  endfacet
  facet normal 0 1 0
    outer loop
      vertex 14.4 2.4 11.6
      vertex 33.4 2.4 14.1
      vertex 64.4 2.4 11.6
    endloop
  endfacet
  facet normal 0 1 0
    outer loop
      vertex 33.4 2.4 14.1
      vertex 14.4 2.4 11.6
      vertex 14.4 2.4 13.1
    endloop
  endfacet
  facet normal 0 1 -0
    outer loop
      vertex 14.9 2.4 14.3
      vertex 11.9 2.4 18.3
      vertex 14.9 2.4 18.3
    endloop
  endfacet
  facet normal 0 1 0
    outer loop
      vertex 11.9 2.4 18.3
      vertex 14.9 2.4 14.3
      vertex 11.9 2.4 14.3
    endloop
  endfacet
  facet normal 0 1 -0
    outer loop
      vertex 20.9 2.4 14.3
      vertex 17.9 2.4 18.3
      vertex 20.9 2.4 18.3
    endloop
  endfacet
  facet normal 0 1 0
    outer loop
      vertex 17.9 2.4 18.3
      vertex 20.9 2.4 14.3
      vertex 17.9 2.4 14.3
    endloop
  endfacet
  facet normal 0 1 0
    outer loop
      vertex 20.9 2.4 18.3
      vertex 33.4 2.4 20.5
      vertex 23.9 2.4 18.3
    endloop
  endfacet
  facet normal 0 1 -0
    outer loop
      vertex 33.4 2.4 14.1
      vertex 23.9 2.4 18.3
      vertex 33.4 2.4 20.5
    endloop
  endfacet
  facet normal 0 1 0
    outer loop
      vertex 14.4 2.4 13.1
      vertex 20.9 2.4 14.3
      vertex 23.9 2.4 14.3
    endloop
  endfacet
  facet normal 0 1 0
    outer loop
      vertex 20.9 2.4 14.3
      vertex 14.4 2.4 13.1
      vertex 17.9 2.4 14.3
    endloop
  endfacet
  facet normal 0 1 0
    outer loop
      vertex 17.9 2.4 14.3
      vertex 14.4 2.4 13.1
      vertex 14.9 2.4 14.3
    endloop
  endfacet
  facet normal 0 1 0
    outer loop
      vertex 14.9 2.4 14.3
      vertex 14.4 2.4 13.1
      vertex 11.9 2.4 14.3
    endloop
  endfacet
  facet normal 0 1 0
    outer loop
      vertex 14.4 2.4 13.1
      vertex 23.9 2.4 14.3
      vertex 33.4 2.4 14.1
    endloop
  endfacet
  facet normal 0 1 0
    outer loop
      vertex 23.9 2.4 18.3
      vertex 33.4 2.4 14.1
      vertex 23.9 2.4 14.3
    endloop
  endfacet
  facet normal 0 1 0
    outer loop
      vertex 17.9 2.4 18.3
      vertex 33.4 2.4 20.5
      vertex 20.9 2.4 18.3
    endloop
  endfacet
  facet normal 0 1 0
    outer loop
      vertex 33.4 2.4 20.5
      vertex 17.9 2.4 18.3
      vertex 4.4 2.4 20.5
    endloop
  endfacet
  facet normal 0 1 -0
    outer loop
      vertex 14.9 2.4 18.3
      vertex 4.4 2.4 20.5
      vertex 17.9 2.4 18.3
    endloop
  endfacet
  facet normal 0 1 -0
    outer loop
      vertex 11.9 2.4 18.3
      vertex 4.4 2.4 20.5
      vertex 14.9 2.4 18.3
    endloop
  endfacet
  facet normal 0 1 -0
    outer loop
      vertex 8.9 2.4 18.3
      vertex 4.4 2.4 20.5
      vertex 11.9 2.4 18.3
    endloop
  endfacet
  facet normal 0 1 0
    outer loop
      vertex 4.4 2.4 13.1
      vertex 8.9 2.4 18.3
      vertex 8.9 2.4 14.3
    endloop
  endfacet
  facet normal 0 1 0
    outer loop
      vertex 62.9 2.4 14.3
      vertex 64.4 2.4 11.6
      vertex 47.4 2.4 14.1
    endloop
  endfacet
  facet normal 0 1 0
    outer loop
      vertex 47.4 2.4 14.1
      vertex 64.4 2.4 11.6
      vertex 33.4 2.4 14.1
    endloop
  endfacet
  facet normal 0 1 0
    outer loop
      vertex 11.9 2.4 14.3
      vertex 14.4 2.4 13.1
      vertex 8.9 2.4 14.3
    endloop
  endfacet
  facet normal 0 1 0
    outer loop
      vertex 8.9 2.4 18.3
      vertex 4.4 2.4 13.1
      vertex 4.4 2.4 20.5
    endloop
  endfacet
  facet normal 0 1 0
    outer loop
      vertex 4.4 2.4 13.1
      vertex 8.9 2.4 14.3
      vertex 14.4 2.4 13.1
    endloop
  endfacet
  facet normal -0.0653771 0.997861 0
    outer loop
      vertex 76.661 2.4171 1.6
      vertex 76.4 2.4 11.6
      vertex 76.661 2.4171 11.6
    endloop
  endfacet
  facet normal -0.0653771 0.997861 0
    outer loop
      vertex 76.4 2.4 11.6
      vertex 76.661 2.4171 1.6
      vertex 76.4 2.4 1.6
    endloop
  endfacet
  facet normal -0.0653771 0.997861 0
    outer loop
      vertex 76.661 2.4171 13.1
      vertex 76.4 2.4 20.5
      vertex 76.661 2.4171 20.5
    endloop
  endfacet
  facet normal -0.0653771 0.997861 0
    outer loop
      vertex 76.4 2.4 20.5
      vertex 76.661 2.4171 13.1
      vertex 76.4 2.4 13.1
    endloop
  endfacet
  facet normal -0.195124 0.980779 0
    outer loop
      vertex 76.9176 2.46815 1.6
      vertex 76.661 2.4171 11.6
      vertex 76.9176 2.46815 11.6
    endloop
  endfacet
  facet normal -0.195124 0.980779 0
    outer loop
      vertex 76.661 2.4171 11.6
      vertex 76.9176 2.46815 1.6
      vertex 76.661 2.4171 1.6
    endloop
  endfacet
  facet normal -0.195124 0.980779 0
    outer loop
      vertex 76.9176 2.46815 13.1
      vertex 76.661 2.4171 20.5
      vertex 76.9176 2.46815 20.5
    endloop
  endfacet
  facet normal -0.195124 0.980779 0
    outer loop
      vertex 76.661 2.4171 20.5
      vertex 76.9176 2.46815 13.1
      vertex 76.661 2.4171 13.1
    endloop
  endfacet
  facet normal 0.0653646 -0.997861 0
    outer loop
      vertex 4.13895 48.3829 1.6
      vertex 4.4 48.4 11.6
      vertex 4.13895 48.3829 11.6
    endloop
  endfacet
  facet normal 0.0653646 -0.997861 0
    outer loop
      vertex 4.4 48.4 11.6
      vertex 4.13895 48.3829 1.6
      vertex 4.4 48.4 1.6
    endloop
  endfacet
  facet normal 0.0653646 -0.997861 0
    outer loop
      vertex 4.13895 48.3829 13.1
      vertex 4.4 48.4 20.5
      vertex 4.13895 48.3829 20.5
    endloop
  endfacet
  facet normal 0.0653646 -0.997861 0
    outer loop
      vertex 4.4 48.4 20.5
      vertex 4.13895 48.3829 13.1
      vertex 4.4 48.4 13.1
    endloop
  endfacet
  facet normal 0.442268 0.896883 -0
    outer loop
      vertex 3.63463 2.55224 1.6
      vertex 3.4 2.66794 11.6
      vertex 3.63463 2.55224 11.6
    endloop
  endfacet
  facet normal 0.442268 0.896883 0
    outer loop
      vertex 3.4 2.66794 11.6
      vertex 3.63463 2.55224 1.6
      vertex 3.4 2.66794 1.6
    endloop
  endfacet
  facet normal 0.442268 0.896883 -0
    outer loop
      vertex 3.63463 2.55224 13.1
      vertex 3.4 2.66794 20.5
      vertex 3.63463 2.55224 20.5
    endloop
  endfacet
  facet normal 0.442268 0.896883 0
    outer loop
      vertex 3.4 2.66794 20.5
      vertex 3.63463 2.55224 13.1
      vertex 3.4 2.66794 13.1
    endloop
  endfacet
  facet normal -0.0653771 -0.997861 0
    outer loop
      vertex 76.4 48.4 1.6
      vertex 76.661 48.3829 11.6
      vertex 76.4 48.4 11.6
    endloop
  endfacet
  facet normal -0.0653771 -0.997861 -0
    outer loop
      vertex 76.661 48.3829 11.6
      vertex 76.4 48.4 1.6
      vertex 76.661 48.3829 1.6
    endloop
  endfacet
  facet normal -0.0653771 -0.997861 0
    outer loop
      vertex 76.4 48.4 13.1
      vertex 76.661 48.3829 20.5
      vertex 76.4 48.4 20.5
    endloop
  endfacet
  facet normal -0.0653771 -0.997861 -0
    outer loop
      vertex 76.661 48.3829 20.5
      vertex 76.4 48.4 13.1
      vertex 76.661 48.3829 13.1
    endloop
  endfacet
  facet normal 0 -1 0
    outer loop
      vertex 14.4 48.4 13.1
      vertex 32.9 48.4 20.5
      vertex 4.4 48.4 20.5
    endloop
  endfacet
  facet normal 0 -1 -0
    outer loop
      vertex 32.9 48.4 20.5
      vertex 14.4 48.4 13.1
      vertex 32.9 48.4 13.9
    endloop
  endfacet
  facet normal 0 -1 0
    outer loop
      vertex 14.4 48.4 13.1
      vertex 4.4 48.4 20.5
      vertex 4.4 48.4 13.1
    endloop
  endfacet
  facet normal 0 -1 0
    outer loop
      vertex 4.4 48.4 1.6
      vertex 14.4 48.4 11.6
      vertex 4.4 48.4 11.6
    endloop
  endfacet
  facet normal 0 -1 0
    outer loop
      vertex 76.4 48.4 1.6
      vertex 32.9 48.4 13.9
      vertex 4.4 48.4 1.6
    endloop
  endfacet
  facet normal 0 -1 0
    outer loop
      vertex 32.9 48.4 13.9
      vertex 76.4 48.4 1.6
      vertex 64.4 48.4 11.6
    endloop
  endfacet
  facet normal 0 -1 0
    outer loop
      vertex 64.4 48.4 11.6
      vertex 76.4 48.4 1.6
      vertex 76.4 48.4 11.6
    endloop
  endfacet
  facet normal 0 -1 0
    outer loop
      vertex 32.9 48.4 13.9
      vertex 64.4 48.4 11.6
      vertex 47.9 48.4 13.9
    endloop
  endfacet
  facet normal 0 -1 0
    outer loop
      vertex 47.9 48.4 13.9
      vertex 64.4 48.4 11.6
      vertex 64.4 48.4 13.1
    endloop
  endfacet
  facet normal 0 -1 0
    outer loop
      vertex 66.4 48.4 14.3
      vertex 67.9 48.4 16.9
      vertex 66.4 48.4 16.9
    endloop
  endfacet
  facet normal 0 -1 -0
    outer loop
      vertex 67.9 48.4 16.9
      vertex 66.4 48.4 14.3
      vertex 67.9 48.4 14.3
    endloop
  endfacet
  facet normal 0 -1 0
    outer loop
      vertex 61.9 48.4 14.3
      vertex 63.4 48.4 16.9
      vertex 61.9 48.4 16.9
    endloop
  endfacet
  facet normal 0 -1 -0
    outer loop
      vertex 63.4 48.4 16.9
      vertex 61.9 48.4 14.3
      vertex 63.4 48.4 14.3
    endloop
  endfacet
  facet normal 0 -1 0
    outer loop
      vertex 57.4 48.4 14.3
      vertex 58.9 48.4 16.9
      vertex 57.4 48.4 16.9
    endloop
  endfacet
  facet normal 0 -1 -0
    outer loop
      vertex 58.9 48.4 16.9
      vertex 57.4 48.4 14.3
      vertex 58.9 48.4 14.3
    endloop
  endfacet
  facet normal 0 -1 0
    outer loop
      vertex 52.9 48.4 14.3
      vertex 54.4 48.4 16.9
      vertex 52.9 48.4 16.9
    endloop
  endfacet
  facet normal 0 -1 -0
    outer loop
      vertex 54.4 48.4 16.9
      vertex 52.9 48.4 14.3
      vertex 54.4 48.4 14.3
    endloop
  endfacet
  facet normal 0 -1 0
    outer loop
      vertex 47.9 48.4 20.5
      vertex 49.9 48.4 18.1
      vertex 49.9 48.4 20.5
    endloop
  endfacet
  facet normal 0 -1 0
    outer loop
      vertex 52.9 48.4 16.9
      vertex 52.9 48.4 18.1
      vertex 49.9 48.4 18.1
    endloop
  endfacet
  facet normal 0 -1 0
    outer loop
      vertex 52.9 48.4 18.1
      vertex 52.9 48.4 16.9
      vertex 54.4 48.4 18.1
    endloop
  endfacet
  facet normal 0 -1 0
    outer loop
      vertex 54.4 48.4 18.1
      vertex 54.4 48.4 16.9
      vertex 57.4 48.4 18.1
    endloop
  endfacet
  facet normal 0 -1 0
    outer loop
      vertex 57.4 48.4 16.9
      vertex 57.4 48.4 18.1
      vertex 54.4 48.4 16.9
    endloop
  endfacet
  facet normal 0 -1 0
    outer loop
      vertex 58.9 48.4 16.9
      vertex 58.9 48.4 18.1
      vertex 57.4 48.4 16.9
    endloop
  endfacet
  facet normal 0 -1 0
    outer loop
      vertex 58.9 48.4 18.1
      vertex 58.9 48.4 16.9
      vertex 61.9 48.4 18.1
    endloop
  endfacet
  facet normal 0 -1 0
    outer loop
      vertex 61.9 48.4 18.1
      vertex 61.9 48.4 16.9
      vertex 63.4 48.4 18.1
    endloop
  endfacet
  facet normal 0 -1 0
    outer loop
      vertex 63.4 48.4 16.9
      vertex 63.4 48.4 18.1
      vertex 61.9 48.4 16.9
    endloop
  endfacet
  facet normal 0 -1 0
    outer loop
      vertex 52.9 48.4 16.9
      vertex 49.9 48.4 18.1
      vertex 49.9 48.4 16.9
    endloop
  endfacet
  facet normal 0 -1 0
    outer loop
      vertex 47.9 48.4 20.5
      vertex 49.9 48.4 16.9
      vertex 49.9 48.4 18.1
    endloop
  endfacet
  facet normal 0 -1 0
    outer loop
      vertex 47.9 48.4 13.9
      vertex 49.9 48.4 16.9
      vertex 47.9 48.4 20.5
    endloop
  endfacet
  facet normal 0 -1 0
    outer loop
      vertex 47.9 48.4 13.9
      vertex 52.9 48.4 14.3
      vertex 49.9 48.4 14.3
    endloop
  endfacet
  facet normal 0 -1 -0
    outer loop
      vertex 52.9 48.4 14.3
      vertex 47.9 48.4 13.9
      vertex 54.4 48.4 14.3
    endloop
  endfacet
  facet normal 0 -1 0
    outer loop
      vertex 64.4 48.4 13.1
      vertex 54.4 48.4 14.3
      vertex 47.9 48.4 13.9
    endloop
  endfacet
  facet normal 0 -1 0
    outer loop
      vertex 54.4 48.4 14.3
      vertex 64.4 48.4 13.1
      vertex 57.4 48.4 14.3
    endloop
  endfacet
  facet normal 0 -1 0
    outer loop
      vertex 58.9 48.4 14.3
      vertex 64.4 48.4 13.1
      vertex 61.9 48.4 14.3
    endloop
  endfacet
  facet normal 0 -1 0
    outer loop
      vertex 61.9 48.4 14.3
      vertex 64.4 48.4 13.1
      vertex 63.4 48.4 14.3
    endloop
  endfacet
  facet normal 0 -1 0
    outer loop
      vertex 63.4 48.4 14.3
      vertex 64.4 48.4 13.1
      vertex 66.4 48.4 14.3
    endloop
  endfacet
  facet normal 0 -1 -0
    outer loop
      vertex 66.4 48.4 14.3
      vertex 64.4 48.4 13.1
      vertex 67.9 48.4 14.3
    endloop
  endfacet
  facet normal 0 -1 0
    outer loop
      vertex 57.4 48.4 14.3
      vertex 64.4 48.4 13.1
      vertex 58.9 48.4 14.3
    endloop
  endfacet
  facet normal 0 -1 -0
    outer loop
      vertex 49.9 48.4 16.9
      vertex 47.9 48.4 13.9
      vertex 49.9 48.4 14.3
    endloop
  endfacet
  facet normal 0 -1 0
    outer loop
      vertex 52.9 48.4 18.1
      vertex 54.4 48.4 20.5
      vertex 52.9 48.4 20.5
    endloop
  endfacet
  facet normal 0 -1 -0
    outer loop
      vertex 54.4 48.4 20.5
      vertex 52.9 48.4 18.1
      vertex 54.4 48.4 18.1
    endloop
  endfacet
  facet normal 0 -1 0
    outer loop
      vertex 57.4 48.4 18.1
      vertex 58.9 48.4 20.5
      vertex 57.4 48.4 20.5
    endloop
  endfacet
  facet normal 0 -1 -0
    outer loop
      vertex 58.9 48.4 20.5
      vertex 57.4 48.4 18.1
      vertex 58.9 48.4 18.1
    endloop
  endfacet
  facet normal 0 -1 0
    outer loop
      vertex 61.9 48.4 18.1
      vertex 63.4 48.4 20.5
      vertex 61.9 48.4 20.5
    endloop
  endfacet
  facet normal 0 -1 -0
    outer loop
      vertex 63.4 48.4 20.5
      vertex 61.9 48.4 18.1
      vertex 63.4 48.4 18.1
    endloop
  endfacet
  facet normal 0 -1 0
    outer loop
      vertex 66.4 48.4 18.1
      vertex 67.9 48.4 20.5
      vertex 66.4 48.4 20.5
    endloop
  endfacet
  facet normal 0 -1 -0
    outer loop
      vertex 67.9 48.4 20.5
      vertex 66.4 48.4 18.1
      vertex 67.9 48.4 18.1
    endloop
  endfacet
  facet normal 0 -1 0
    outer loop
      vertex 70.9 48.4 18.1
      vertex 76.4 48.4 20.5
      vertex 70.9 48.4 20.5
    endloop
  endfacet
  facet normal 0 -1 -0
    outer loop
      vertex 54.4 48.4 18.1
      vertex 52.9 48.4 16.9
      vertex 54.4 48.4 16.9
    endloop
  endfacet
  facet normal 0 -1 0
    outer loop
      vertex 57.4 48.4 18.1
      vertex 57.4 48.4 16.9
      vertex 58.9 48.4 18.1
    endloop
  endfacet
  facet normal 0 -1 0
    outer loop
      vertex 61.9 48.4 16.9
      vertex 61.9 48.4 18.1
      vertex 58.9 48.4 16.9
    endloop
  endfacet
  facet normal 0 -1 0
    outer loop
      vertex 63.4 48.4 18.1
      vertex 63.4 48.4 16.9
      vertex 66.4 48.4 18.1
    endloop
  endfacet
  facet normal 0 -1 0
    outer loop
      vertex 66.4 48.4 16.9
      vertex 66.4 48.4 18.1
      vertex 63.4 48.4 16.9
    endloop
  endfacet
  facet normal 0 -1 0
    outer loop
      vertex 66.4 48.4 18.1
      vertex 66.4 48.4 16.9
      vertex 67.9 48.4 18.1
    endloop
  endfacet
  facet normal 0 -1 0
    outer loop
      vertex 67.9 48.4 16.9
      vertex 67.9 48.4 18.1
      vertex 66.4 48.4 16.9
    endloop
  endfacet
  facet normal 0 -1 0
    outer loop
      vertex 67.9 48.4 18.1
      vertex 67.9 48.4 16.9
      vertex 70.9 48.4 18.1
    endloop
  endfacet
  facet normal 0 -1 0
    outer loop
      vertex 70.9 48.4 16.9
      vertex 70.9 48.4 18.1
      vertex 67.9 48.4 16.9
    endloop
  endfacet
  facet normal 0 -1 0
    outer loop
      vertex 70.9 48.4 16.9
      vertex 76.4 48.4 20.5
      vertex 70.9 48.4 18.1
    endloop
  endfacet
  facet normal 0 -1 0
    outer loop
      vertex 76.4 48.4 13.1
      vertex 70.9 48.4 16.9
      vertex 70.9 48.4 14.3
    endloop
  endfacet
  facet normal 0 -1 0
    outer loop
      vertex 14.4 48.4 11.6
      vertex 32.9 48.4 13.9
      vertex 14.4 48.4 13.1
    endloop
  endfacet
  facet normal 0 -1 0
    outer loop
      vertex 4.4 48.4 1.6
      vertex 32.9 48.4 13.9
      vertex 14.4 48.4 11.6
    endloop
  endfacet
  facet normal 0 -1 -0
    outer loop
      vertex 67.9 48.4 14.3
      vertex 64.4 48.4 13.1
      vertex 70.9 48.4 14.3
    endloop
  endfacet
  facet normal 0 -1 0
    outer loop
      vertex 70.9 48.4 16.9
      vertex 76.4 48.4 13.1
      vertex 76.4 48.4 20.5
    endloop
  endfacet
  facet normal 0 -1 0
    outer loop
      vertex 76.4 48.4 13.1
      vertex 70.9 48.4 14.3
      vertex 64.4 48.4 13.1
    endloop
  endfacet
  facet normal 1 0 0
    outer loop
      vertex 2.4 46.4 20.5
      vertex 2.4 45.4 13.1
      vertex 2.4 46.4 13.1
    endloop
  endfacet
  facet normal 1 -0 0
    outer loop
      vertex 2.4 36.9 14.3
      vertex 2.4 45.4 13.1
      vertex 2.4 36.9 18.3
    endloop
  endfacet
  facet normal 1 0 0
    outer loop
      vertex 2.4 46.4 20.5
      vertex 2.4 36.9 18.3
      vertex 2.4 45.4 13.1
    endloop
  endfacet
  facet normal 1 0 0
    outer loop
      vertex 2.4 46.4 20.5
      vertex 2.4 33.9 18.3
      vertex 2.4 36.9 18.3
    endloop
  endfacet
  facet normal 1 0 0
    outer loop
      vertex 2.4 33.9 18.3
      vertex 2.4 28.9 18.3
      vertex 2.4 33.9 14.3
    endloop
  endfacet
  facet normal 1 0 0
    outer loop
      vertex 2.4 46.4 20.5
      vertex 2.4 28.9 18.3
      vertex 2.4 33.9 18.3
    endloop
  endfacet
  facet normal 1 0 0
    outer loop
      vertex 2.4 46.4 20.5
      vertex 2.4 25.9 18.3
      vertex 2.4 28.9 18.3
    endloop
  endfacet
  facet normal 1 0 0
    outer loop
      vertex 2.4 25.9 18.3
      vertex 2.4 20.9 18.3
      vertex 2.4 25.9 14.3
    endloop
  endfacet
  facet normal 1 -0 0
    outer loop
      vertex 2.4 4.4 20.5
      vertex 2.4 25.9 18.3
      vertex 2.4 46.4 20.5
    endloop
  endfacet
  facet normal 1 0 0
    outer loop
      vertex 2.4 25.9 18.3
      vertex 2.4 4.4 20.5
      vertex 2.4 20.9 18.3
    endloop
  endfacet
  facet normal 1 0 0
    outer loop
      vertex 2.4 17.9 18.3
      vertex 2.4 5.4 13.1
      vertex 2.4 17.9 14.3
    endloop
  endfacet
  facet normal 1 0 0
    outer loop
      vertex 2.4 20.9 18.3
      vertex 2.4 4.4 20.5
      vertex 2.4 17.9 18.3
    endloop
  endfacet
  facet normal 1 0 0
    outer loop
      vertex 2.4 4.4 20.5
      vertex 2.4 5.4 13.1
      vertex 2.4 17.9 18.3
    endloop
  endfacet
  facet normal 1 0 0
    outer loop
      vertex 2.4 5.4 13.1
      vertex 2.4 4.4 20.5
      vertex 2.4 4.4 13.1
    endloop
  endfacet
  facet normal 1 -0 0
    outer loop
      vertex 2.4 45.4 11.6
      vertex 2.4 46.4 1.6
      vertex 2.4 46.4 11.6
    endloop
  endfacet
  facet normal 1 0 0
    outer loop
      vertex 2.4 45.4 13.1
      vertex 2.4 36.9 14.3
      vertex 2.4 45.4 11.6
    endloop
  endfacet
  facet normal 1 0 0
    outer loop
      vertex 2.4 45.4 11.6
      vertex 2.4 36.9 14.3
      vertex 2.4 46.4 1.6
    endloop
  endfacet
  facet normal 1 -0 0
    outer loop
      vertex 2.4 33.9 14.3
      vertex 2.4 46.4 1.6
      vertex 2.4 36.9 14.3
    endloop
  endfacet
  facet normal 1 0 0
    outer loop
      vertex 2.4 28.9 14.3
      vertex 2.4 33.9 14.3
      vertex 2.4 28.9 18.3
    endloop
  endfacet
  facet normal 1 0 0
    outer loop
      vertex 2.4 33.9 14.3
      vertex 2.4 28.9 14.3
      vertex 2.4 46.4 1.6
    endloop
  endfacet
  facet normal 1 -0 0
    outer loop
      vertex 2.4 25.9 14.3
      vertex 2.4 46.4 1.6
      vertex 2.4 28.9 14.3
    endloop
  endfacet
  facet normal 1 0 0
    outer loop
      vertex 2.4 20.9 14.3
      vertex 2.4 25.9 14.3
      vertex 2.4 20.9 18.3
    endloop
  endfacet
  facet normal 1 0 0
    outer loop
      vertex 2.4 4.4 1.6
      vertex 2.4 25.9 14.3
      vertex 2.4 20.9 14.3
    endloop
  endfacet
  facet normal 1 0 0
    outer loop
      vertex 2.4 4.4 1.6
      vertex 2.4 20.9 14.3
      vertex 2.4 17.9 14.3
    endloop
  endfacet
  facet normal 1 0 0
    outer loop
      vertex 2.4 5.4 11.6
      vertex 2.4 17.9 14.3
      vertex 2.4 5.4 13.1
    endloop
  endfacet
  facet normal 1 0 0
    outer loop
      vertex 2.4 4.4 1.6
      vertex 2.4 17.9 14.3
      vertex 2.4 5.4 11.6
    endloop
  endfacet
  facet normal 1 0 0
    outer loop
      vertex 2.4 4.4 1.6
      vertex 2.4 5.4 11.6
      vertex 2.4 4.4 11.6
    endloop
  endfacet
  facet normal 1 0 0
    outer loop
      vertex 2.4 25.9 14.3
      vertex 2.4 4.4 1.6
      vertex 2.4 46.4 1.6
    endloop
  endfacet
  facet normal 0.195131 0.980777 -0
    outer loop
      vertex 4.13895 2.4171 1.6
      vertex 3.88236 2.46815 11.6
      vertex 4.13895 2.4171 11.6
    endloop
  endfacet
  facet normal 0.195131 0.980777 0
    outer loop
      vertex 3.88236 2.46815 11.6
      vertex 4.13895 2.4171 1.6
      vertex 3.88236 2.46815 1.6
    endloop
  endfacet
  facet normal 0.195131 0.980777 -0
    outer loop
      vertex 4.13895 2.4171 13.1
      vertex 3.88236 2.46815 20.5
      vertex 4.13895 2.4171 20.5
    endloop
  endfacet
  facet normal 0.195131 0.980777 0
    outer loop
      vertex 3.88236 2.46815 20.5
      vertex 4.13895 2.4171 13.1
      vertex 3.88236 2.46815 13.1
    endloop
  endfacet
  facet normal -1 0 0
    outer loop
      vertex 78.4 4.4 1.6
      vertex 78.4 46.4 11.6
      vertex 78.4 46.4 1.6
    endloop
  endfacet
  facet normal -1 -0 0
    outer loop
      vertex 78.4 46.4 11.6
      vertex 78.4 4.4 1.6
      vertex 78.4 4.4 11.6
    endloop
  endfacet
  facet normal -1 0 0
    outer loop
      vertex 78.4 8.4 16.9
      vertex 78.4 11.4 18.1
      vertex 78.4 11.4 16.9
    endloop
  endfacet
  facet normal -1 -0 0
    outer loop
      vertex 78.4 11.4 18.1
      vertex 78.4 8.4 16.9
      vertex 78.4 8.4 18.1
    endloop
  endfacet
  facet normal -1 0 0
    outer loop
      vertex 78.4 12.9 16.9
      vertex 78.4 15.9 18.1
      vertex 78.4 15.9 16.9
    endloop
  endfacet
  facet normal -1 -0 0
    outer loop
      vertex 78.4 15.9 18.1
      vertex 78.4 12.9 16.9
      vertex 78.4 12.9 18.1
    endloop
  endfacet
  facet normal -1 0 0
    outer loop
      vertex 78.4 17.4 16.9
      vertex 78.4 20.4 18.1
      vertex 78.4 20.4 16.9
    endloop
  endfacet
  facet normal -1 -0 0
    outer loop
      vertex 78.4 20.4 18.1
      vertex 78.4 17.4 16.9
      vertex 78.4 17.4 18.1
    endloop
  endfacet
  facet normal -1 0 0
    outer loop
      vertex 78.4 21.9 16.9
      vertex 78.4 24.9 18.1
      vertex 78.4 24.9 16.9
    endloop
  endfacet
  facet normal -1 -0 0
    outer loop
      vertex 78.4 24.9 18.1
      vertex 78.4 21.9 16.9
      vertex 78.4 21.9 18.1
    endloop
  endfacet
  facet normal -1 0 0
    outer loop
      vertex 78.4 26.4 16.9
      vertex 78.4 29.4 18.1
      vertex 78.4 29.4 16.9
    endloop
  endfacet
  facet normal -1 -0 0
    outer loop
      vertex 78.4 29.4 18.1
      vertex 78.4 26.4 16.9
      vertex 78.4 26.4 18.1
    endloop
  endfacet
  facet normal -1 0 0
    outer loop
      vertex 78.4 30.9 16.9
      vertex 78.4 33.9 18.1
      vertex 78.4 33.9 16.9
    endloop
  endfacet
  facet normal -1 -0 0
    outer loop
      vertex 78.4 33.9 18.1
      vertex 78.4 30.9 16.9
      vertex 78.4 30.9 18.1
    endloop
  endfacet
  facet normal -1 0 0
    outer loop
      vertex 78.4 35.4 16.9
      vertex 78.4 38.4 18.1
      vertex 78.4 38.4 16.9
    endloop
  endfacet
  facet normal -1 -0 0
    outer loop
      vertex 78.4 38.4 18.1
      vertex 78.4 35.4 16.9
      vertex 78.4 35.4 18.1
    endloop
  endfacet
  facet normal -1 0 0
    outer loop
      vertex 78.4 39.9 16.9
      vertex 78.4 42.9 18.1
      vertex 78.4 42.9 16.9
    endloop
  endfacet
  facet normal -1 -0 0
    outer loop
      vertex 78.4 42.9 18.1
      vertex 78.4 39.9 16.9
      vertex 78.4 39.9 18.1
    endloop
  endfacet
  facet normal -1 0 0
    outer loop
      vertex 78.4 42.9 16.9
      vertex 78.4 46.4 13.1
      vertex 78.4 42.9 14.3
    endloop
  endfacet
  facet normal -1 0 0
    outer loop
      vertex 78.4 46.4 13.1
      vertex 78.4 39.9 14.3
      vertex 78.4 42.9 14.3
    endloop
  endfacet
  facet normal -1 0 0
    outer loop
      vertex 78.4 38.4 16.9
      vertex 78.4 39.9 16.9
      vertex 78.4 39.9 14.3
    endloop
  endfacet
  facet normal -1 0 0
    outer loop
      vertex 78.4 39.9 16.9
      vertex 78.4 38.4 16.9
      vertex 78.4 39.9 18.1
    endloop
  endfacet
  facet normal -1 0 0
    outer loop
      vertex 78.4 38.4 16.9
      vertex 78.4 39.9 14.3
      vertex 78.4 38.4 14.3
    endloop
  endfacet
  facet normal -1 0 0
    outer loop
      vertex 78.4 46.4 13.1
      vertex 78.4 38.4 14.3
      vertex 78.4 39.9 14.3
    endloop
  endfacet
  facet normal -1 0 0
    outer loop
      vertex 78.4 46.4 13.1
      vertex 78.4 35.4 14.3
      vertex 78.4 38.4 14.3
    endloop
  endfacet
  facet normal -1 0 0
    outer loop
      vertex 78.4 33.9 16.9
      vertex 78.4 35.4 16.9
      vertex 78.4 35.4 14.3
    endloop
  endfacet
  facet normal -1 0 0
    outer loop
      vertex 78.4 35.4 16.9
      vertex 78.4 33.9 16.9
      vertex 78.4 35.4 18.1
    endloop
  endfacet
  facet normal -1 0 0
    outer loop
      vertex 78.4 33.9 16.9
      vertex 78.4 35.4 14.3
      vertex 78.4 33.9 14.3
    endloop
  endfacet
  facet normal -1 0 0
    outer loop
      vertex 78.4 46.4 13.1
      vertex 78.4 33.9 14.3
      vertex 78.4 35.4 14.3
    endloop
  endfacet
  facet normal -1 0 0
    outer loop
      vertex 78.4 46.4 13.1
      vertex 78.4 30.9 14.3
      vertex 78.4 33.9 14.3
    endloop
  endfacet
  facet normal -1 0 0
    outer loop
      vertex 78.4 29.4 16.9
      vertex 78.4 30.9 16.9
      vertex 78.4 30.9 14.3
    endloop
  endfacet
  facet normal -1 0 0
    outer loop
      vertex 78.4 30.9 16.9
      vertex 78.4 29.4 16.9
      vertex 78.4 30.9 18.1
    endloop
  endfacet
  facet normal -1 0 0
    outer loop
      vertex 78.4 29.4 16.9
      vertex 78.4 30.9 14.3
      vertex 78.4 29.4 14.3
    endloop
  endfacet
  facet normal -1 0 0
    outer loop
      vertex 78.4 46.4 13.1
      vertex 78.4 29.4 14.3
      vertex 78.4 30.9 14.3
    endloop
  endfacet
  facet normal -1 0 0
    outer loop
      vertex 78.4 46.4 13.1
      vertex 78.4 26.4 14.3
      vertex 78.4 29.4 14.3
    endloop
  endfacet
  facet normal -1 0 0
    outer loop
      vertex 78.4 24.9 16.9
      vertex 78.4 26.4 16.9
      vertex 78.4 26.4 14.3
    endloop
  endfacet
  facet normal -1 0 0
    outer loop
      vertex 78.4 26.4 16.9
      vertex 78.4 24.9 16.9
      vertex 78.4 26.4 18.1
    endloop
  endfacet
  facet normal -1 0 0
    outer loop
      vertex 78.4 24.9 16.9
      vertex 78.4 26.4 14.3
      vertex 78.4 24.9 14.3
    endloop
  endfacet
  facet normal -1 0 0
    outer loop
      vertex 78.4 46.4 13.1
      vertex 78.4 24.9 14.3
      vertex 78.4 26.4 14.3
    endloop
  endfacet
  facet normal -1 0 0
    outer loop
      vertex 78.4 4.4 13.1
      vertex 78.4 24.9 14.3
      vertex 78.4 46.4 13.1
    endloop
  endfacet
  facet normal -1 0 0
    outer loop
      vertex 78.4 20.4 16.9
      vertex 78.4 21.9 16.9
      vertex 78.4 21.9 14.3
    endloop
  endfacet
  facet normal -1 0 0
    outer loop
      vertex 78.4 21.9 16.9
      vertex 78.4 20.4 16.9
      vertex 78.4 21.9 18.1
    endloop
  endfacet
  facet normal -1 0 0
    outer loop
      vertex 78.4 20.4 16.9
      vertex 78.4 21.9 14.3
      vertex 78.4 20.4 14.3
    endloop
  endfacet
  facet normal -1 -0 0
    outer loop
      vertex 78.4 24.9 14.3
      vertex 78.4 4.4 13.1
      vertex 78.4 21.9 14.3
    endloop
  endfacet
  facet normal -1 -0 0
    outer loop
      vertex 78.4 21.9 14.3
      vertex 78.4 4.4 13.1
      vertex 78.4 20.4 14.3
    endloop
  endfacet
  facet normal -1 0 0
    outer loop
      vertex 78.4 15.9 16.9
      vertex 78.4 17.4 16.9
      vertex 78.4 17.4 14.3
    endloop
  endfacet
  facet normal -1 0 0
    outer loop
      vertex 78.4 17.4 16.9
      vertex 78.4 15.9 16.9
      vertex 78.4 17.4 18.1
    endloop
  endfacet
  facet normal -1 0 0
    outer loop
      vertex 78.4 15.9 16.9
      vertex 78.4 17.4 14.3
      vertex 78.4 15.9 14.3
    endloop
  endfacet
  facet normal -1 -0 0
    outer loop
      vertex 78.4 20.4 14.3
      vertex 78.4 4.4 13.1
      vertex 78.4 17.4 14.3
    endloop
  endfacet
  facet normal -1 -0 0
    outer loop
      vertex 78.4 17.4 14.3
      vertex 78.4 4.4 13.1
      vertex 78.4 15.9 14.3
    endloop
  endfacet
  facet normal -1 0 0
    outer loop
      vertex 78.4 11.4 16.9
      vertex 78.4 12.9 16.9
      vertex 78.4 12.9 14.3
    endloop
  endfacet
  facet normal -1 0 0
    outer loop
      vertex 78.4 12.9 16.9
      vertex 78.4 11.4 16.9
      vertex 78.4 12.9 18.1
    endloop
  endfacet
  facet normal -1 0 0
    outer loop
      vertex 78.4 11.4 16.9
      vertex 78.4 12.9 14.3
      vertex 78.4 11.4 14.3
    endloop
  endfacet
  facet normal -1 -0 0
    outer loop
      vertex 78.4 15.9 14.3
      vertex 78.4 4.4 13.1
      vertex 78.4 12.9 14.3
    endloop
  endfacet
  facet normal -1 -0 0
    outer loop
      vertex 78.4 12.9 14.3
      vertex 78.4 4.4 13.1
      vertex 78.4 11.4 14.3
    endloop
  endfacet
  facet normal -1 0 0
    outer loop
      vertex 78.4 4.4 13.1
      vertex 78.4 8.4 16.9
      vertex 78.4 8.4 14.3
    endloop
  endfacet
  facet normal -1 0 0
    outer loop
      vertex 78.4 4.4 20.5
      vertex 78.4 8.4 16.9
      vertex 78.4 4.4 13.1
    endloop
  endfacet
  facet normal -1 -0 0
    outer loop
      vertex 78.4 11.4 14.3
      vertex 78.4 4.4 13.1
      vertex 78.4 8.4 14.3
    endloop
  endfacet
  facet normal -1 0 0
    outer loop
      vertex 78.4 8.4 16.9
      vertex 78.4 4.4 20.5
      vertex 78.4 8.4 18.1
    endloop
  endfacet
  facet normal -1 0 0
    outer loop
      vertex 78.4 8.4 18.1
      vertex 78.4 4.4 20.5
      vertex 78.4 8.4 20.5
    endloop
  endfacet
  facet normal -1 0 0
    outer loop
      vertex 78.4 46.4 13.1
      vertex 78.4 42.9 16.9
      vertex 78.4 46.4 20.5
    endloop
  endfacet
  facet normal -1 0 0
    outer loop
      vertex 78.4 42.9 18.1
      vertex 78.4 46.4 20.5
      vertex 78.4 42.9 16.9
    endloop
  endfacet
  facet normal -1 -0 0
    outer loop
      vertex 78.4 46.4 20.5
      vertex 78.4 42.9 18.1
      vertex 78.4 42.9 20.5
    endloop
  endfacet
  facet normal -1 0 0
    outer loop
      vertex 78.4 38.4 18.1
      vertex 78.4 39.9 18.1
      vertex 78.4 38.4 16.9
    endloop
  endfacet
  facet normal -1 0 0
    outer loop
      vertex 78.4 39.9 18.1
      vertex 78.4 38.4 18.1
      vertex 78.4 39.9 20.5
    endloop
  endfacet
  facet normal -1 -0 0
    outer loop
      vertex 78.4 39.9 20.5
      vertex 78.4 38.4 18.1
      vertex 78.4 38.4 20.5
    endloop
  endfacet
  facet normal -1 0 0
    outer loop
      vertex 78.4 33.9 18.1
      vertex 78.4 35.4 18.1
      vertex 78.4 33.9 16.9
    endloop
  endfacet
  facet normal -1 0 0
    outer loop
      vertex 78.4 35.4 18.1
      vertex 78.4 33.9 18.1
      vertex 78.4 35.4 20.5
    endloop
  endfacet
  facet normal -1 -0 0
    outer loop
      vertex 78.4 35.4 20.5
      vertex 78.4 33.9 18.1
      vertex 78.4 33.9 20.5
    endloop
  endfacet
  facet normal -1 0 0
    outer loop
      vertex 78.4 29.4 18.1
      vertex 78.4 30.9 18.1
      vertex 78.4 29.4 16.9
    endloop
  endfacet
  facet normal -1 0 0
    outer loop
      vertex 78.4 30.9 18.1
      vertex 78.4 29.4 18.1
      vertex 78.4 30.9 20.5
    endloop
  endfacet
  facet normal -1 -0 0
    outer loop
      vertex 78.4 30.9 20.5
      vertex 78.4 29.4 18.1
      vertex 78.4 29.4 20.5
    endloop
  endfacet
  facet normal -1 0 0
    outer loop
      vertex 78.4 24.9 18.1
      vertex 78.4 26.4 18.1
      vertex 78.4 24.9 16.9
    endloop
  endfacet
  facet normal -1 0 0
    outer loop
      vertex 78.4 26.4 18.1
      vertex 78.4 24.9 18.1
      vertex 78.4 26.4 20.5
    endloop
  endfacet
  facet normal -1 -0 0
    outer loop
      vertex 78.4 26.4 20.5
      vertex 78.4 24.9 18.1
      vertex 78.4 24.9 20.5
    endloop
  endfacet
  facet normal -1 0 0
    outer loop
      vertex 78.4 20.4 18.1
      vertex 78.4 21.9 18.1
      vertex 78.4 20.4 16.9
    endloop
  endfacet
  facet normal -1 0 0
    outer loop
      vertex 78.4 21.9 18.1
      vertex 78.4 20.4 18.1
      vertex 78.4 21.9 20.5
    endloop
  endfacet
  facet normal -1 -0 0
    outer loop
      vertex 78.4 21.9 20.5
      vertex 78.4 20.4 18.1
      vertex 78.4 20.4 20.5
    endloop
  endfacet
  facet normal -1 0 0
    outer loop
      vertex 78.4 15.9 18.1
      vertex 78.4 17.4 18.1
      vertex 78.4 15.9 16.9
    endloop
  endfacet
  facet normal -1 0 0
    outer loop
      vertex 78.4 17.4 18.1
      vertex 78.4 15.9 18.1
      vertex 78.4 17.4 20.5
    endloop
  endfacet
  facet normal -1 -0 0
    outer loop
      vertex 78.4 17.4 20.5
      vertex 78.4 15.9 18.1
      vertex 78.4 15.9 20.5
    endloop
  endfacet
  facet normal -1 0 0
    outer loop
      vertex 78.4 11.4 18.1
      vertex 78.4 12.9 18.1
      vertex 78.4 11.4 16.9
    endloop
  endfacet
  facet normal -1 0 0
    outer loop
      vertex 78.4 12.9 18.1
      vertex 78.4 11.4 18.1
      vertex 78.4 12.9 20.5
    endloop
  endfacet
  facet normal -1 -0 0
    outer loop
      vertex 78.4 12.9 20.5
      vertex 78.4 11.4 18.1
      vertex 78.4 11.4 20.5
    endloop
  endfacet
  facet normal -0.555758 -0.831344 0
    outer loop
      vertex 77.4 48.1321 1.6
      vertex 77.6175 47.9867 11.6
      vertex 77.4 48.1321 11.6
    endloop
  endfacet
  facet normal -0.555758 -0.831344 -0
    outer loop
      vertex 77.6175 47.9867 11.6
      vertex 77.4 48.1321 1.6
      vertex 77.6175 47.9867 1.6
    endloop
  endfacet
  facet normal -0.555758 -0.831344 0
    outer loop
      vertex 77.4 48.1321 13.1
      vertex 77.6175 47.9867 20.5
      vertex 77.4 48.1321 20.5
    endloop
  endfacet
  facet normal -0.555758 -0.831344 -0
    outer loop
      vertex 77.6175 47.9867 20.5
      vertex 77.4 48.1321 13.1
      vertex 77.6175 47.9867 13.1
    endloop
  endfacet
  facet normal 0.997861 -0.0653771 0
    outer loop
      vertex 2.4 46.4 11.6
      vertex 2.4171 46.661 1.6
      vertex 2.4171 46.661 11.6
    endloop
  endfacet
  facet normal 0.997861 -0.0653771 0
    outer loop
      vertex 2.4171 46.661 1.6
      vertex 2.4 46.4 11.6
      vertex 2.4 46.4 1.6
    endloop
  endfacet
  facet normal 0.997861 -0.0653771 0
    outer loop
      vertex 2.4 46.4 20.5
      vertex 2.4171 46.661 13.1
      vertex 2.4171 46.661 20.5
    endloop
  endfacet
  facet normal 0.997861 -0.0653771 0
    outer loop
      vertex 2.4171 46.661 13.1
      vertex 2.4 46.4 20.5
      vertex 2.4 46.4 13.1
    endloop
  endfacet
  facet normal 0.997861 0.0653646 0
    outer loop
      vertex 2.4171 4.13895 11.6
      vertex 2.4 4.4 1.6
      vertex 2.4 4.4 11.6
    endloop
  endfacet
  facet normal 0.997861 0.0653646 0
    outer loop
      vertex 2.4 4.4 1.6
      vertex 2.4171 4.13895 11.6
      vertex 2.4171 4.13895 1.6
    endloop
  endfacet
  facet normal 0.997861 0.0653646 0
    outer loop
      vertex 2.4171 4.13895 20.5
      vertex 2.4 4.4 13.1
      vertex 2.4 4.4 20.5
    endloop
  endfacet
  facet normal 0.997861 0.0653646 0
    outer loop
      vertex 2.4 4.4 13.1
      vertex 2.4171 4.13895 20.5
      vertex 2.4171 4.13895 13.1
    endloop
  endfacet
  facet normal 0.0653646 0.997861 -0
    outer loop
      vertex 4.4 2.4 1.6
      vertex 4.13895 2.4171 11.6
      vertex 4.4 2.4 11.6
    endloop
  endfacet
  facet normal 0.0653646 0.997861 0
    outer loop
      vertex 4.13895 2.4171 11.6
      vertex 4.4 2.4 1.6
      vertex 4.13895 2.4171 1.6
    endloop
  endfacet
  facet normal 0.0653646 0.997861 -0
    outer loop
      vertex 4.4 2.4 13.1
      vertex 4.13895 2.4171 20.5
      vertex 4.4 2.4 20.5
    endloop
  endfacet
  facet normal 0.0653646 0.997861 0
    outer loop
      vertex 4.13895 2.4171 20.5
      vertex 4.4 2.4 13.1
      vertex 4.13895 2.4171 13.1
    endloop
  endfacet
  facet normal -0.19494 -0.980815 0
    outer loop
      vertex 76.661 48.3829 1.6
      vertex 76.9176 48.3319 11.6
      vertex 76.661 48.3829 11.6
    endloop
  endfacet
  facet normal -0.19494 -0.980815 -0
    outer loop
      vertex 76.9176 48.3319 11.6
      vertex 76.661 48.3829 1.6
      vertex 76.9176 48.3319 1.6
    endloop
  endfacet
  facet normal -0.19494 -0.980815 0
    outer loop
      vertex 76.661 48.3829 13.1
      vertex 76.9176 48.3319 20.5
      vertex 76.661 48.3829 20.5
    endloop
  endfacet
  facet normal -0.19494 -0.980815 -0
    outer loop
      vertex 76.9176 48.3319 20.5
      vertex 76.661 48.3829 13.1
      vertex 76.9176 48.3319 13.1
    endloop
  endfacet
  facet normal -0.321382 -0.94695 0
    outer loop
      vertex 76.9176 48.3319 1.6
      vertex 77.1654 48.2478 11.6
      vertex 76.9176 48.3319 11.6
    endloop
  endfacet
  facet normal -0.321382 -0.94695 -0
    outer loop
      vertex 77.1654 48.2478 11.6
      vertex 76.9176 48.3319 1.6
      vertex 77.1654 48.2478 1.6
    endloop
  endfacet
  facet normal -0.321382 -0.94695 0
    outer loop
      vertex 76.9176 48.3319 13.1
      vertex 77.1654 48.2478 20.5
      vertex 76.9176 48.3319 20.5
    endloop
  endfacet
  facet normal -0.321382 -0.94695 -0
    outer loop
      vertex 77.1654 48.2478 20.5
      vertex 76.9176 48.3319 13.1
      vertex 77.1654 48.2478 13.1
    endloop
  endfacet
  facet normal -0.442314 -0.89686 0
    outer loop
      vertex 77.1654 48.2478 1.6
      vertex 77.4 48.1321 11.6
      vertex 77.1654 48.2478 11.6
    endloop
  endfacet
  facet normal -0.442314 -0.89686 -0
    outer loop
      vertex 77.4 48.1321 11.6
      vertex 77.1654 48.2478 1.6
      vertex 77.4 48.1321 1.6
    endloop
  endfacet
  facet normal -0.442314 -0.89686 0
    outer loop
      vertex 77.1654 48.2478 13.1
      vertex 77.4 48.1321 20.5
      vertex 77.1654 48.2478 20.5
    endloop
  endfacet
  facet normal -0.442314 -0.89686 -0
    outer loop
      vertex 77.4 48.1321 20.5
      vertex 77.1654 48.2478 13.1
      vertex 77.4 48.1321 13.1
    endloop
  endfacet
  facet normal 0.555705 -0.831379 0
    outer loop
      vertex 3.18247 47.9867 1.6
      vertex 3.4 48.1321 11.6
      vertex 3.18247 47.9867 11.6
    endloop
  endfacet
  facet normal 0.555705 -0.831379 0
    outer loop
      vertex 3.4 48.1321 11.6
      vertex 3.18247 47.9867 1.6
      vertex 3.4 48.1321 1.6
    endloop
  endfacet
  facet normal 0.555705 -0.831379 0
    outer loop
      vertex 3.18247 47.9867 13.1
      vertex 3.4 48.1321 20.5
      vertex 3.18247 47.9867 20.5
    endloop
  endfacet
  facet normal 0.555705 -0.831379 0
    outer loop
      vertex 3.4 48.1321 20.5
      vertex 3.18247 47.9867 13.1
      vertex 3.4 48.1321 13.1
    endloop
  endfacet
  facet normal 0.831415 -0.555653 0
    outer loop
      vertex 2.66794 47.4 11.6
      vertex 2.8133 47.6175 1.6
      vertex 2.8133 47.6175 11.6
    endloop
  endfacet
  facet normal 0.831415 -0.555653 0
    outer loop
      vertex 2.8133 47.6175 1.6
      vertex 2.66794 47.4 11.6
      vertex 2.66794 47.4 1.6
    endloop
  endfacet
  facet normal 0.831415 -0.555653 0
    outer loop
      vertex 2.66794 47.4 20.5
      vertex 2.8133 47.6175 13.1
      vertex 2.8133 47.6175 20.5
    endloop
  endfacet
  facet normal 0.831415 -0.555653 0
    outer loop
      vertex 2.8133 47.6175 13.1
      vertex 2.66794 47.4 20.5
      vertex 2.66794 47.4 13.1
    endloop
  endfacet
  facet normal 0.980779 -0.195124 0
    outer loop
      vertex 2.4171 46.661 11.6
      vertex 2.46815 46.9176 1.6
      vertex 2.46815 46.9176 11.6
    endloop
  endfacet
  facet normal 0.980779 -0.195124 0
    outer loop
      vertex 2.46815 46.9176 1.6
      vertex 2.4171 46.661 11.6
      vertex 2.4171 46.661 1.6
    endloop
  endfacet
  facet normal 0.980779 -0.195124 0
    outer loop
      vertex 2.4171 46.661 20.5
      vertex 2.46815 46.9176 13.1
      vertex 2.46815 46.9176 20.5
    endloop
  endfacet
  facet normal 0.980779 -0.195124 0
    outer loop
      vertex 2.46815 46.9176 13.1
      vertex 2.4171 46.661 20.5
      vertex 2.4171 46.661 13.1
    endloop
  endfacet
  facet normal 0.321429 0.946934 -0
    outer loop
      vertex 3.88236 2.46815 1.6
      vertex 3.63463 2.55224 11.6
      vertex 3.88236 2.46815 11.6
    endloop
  endfacet
  facet normal 0.321429 0.946934 0
    outer loop
      vertex 3.63463 2.55224 11.6
      vertex 3.88236 2.46815 1.6
      vertex 3.63463 2.55224 1.6
    endloop
  endfacet
  facet normal 0.321429 0.946934 -0
    outer loop
      vertex 3.88236 2.46815 13.1
      vertex 3.63463 2.55224 20.5
      vertex 3.88236 2.46815 20.5
    endloop
  endfacet
  facet normal 0.321429 0.946934 0
    outer loop
      vertex 3.63463 2.55224 20.5
      vertex 3.88236 2.46815 13.1
      vertex 3.63463 2.55224 13.1
    endloop
  endfacet
  facet normal 0.751863 0.659319 0
    outer loop
      vertex 2.98578 2.98578 11.6
      vertex 2.8133 3.18247 1.6
      vertex 2.8133 3.18247 11.6
    endloop
  endfacet
  facet normal 0.751863 0.659319 0
    outer loop
      vertex 2.8133 3.18247 1.6
      vertex 2.98578 2.98578 11.6
      vertex 2.98578 2.98578 1.6
    endloop
  endfacet
  facet normal 0.751863 0.659319 0
    outer loop
      vertex 2.98578 2.98578 20.5
      vertex 2.8133 3.18247 13.1
      vertex 2.8133 3.18247 20.5
    endloop
  endfacet
  facet normal 0.751863 0.659319 0
    outer loop
      vertex 2.8133 3.18247 13.1
      vertex 2.98578 2.98578 20.5
      vertex 2.98578 2.98578 13.1
    endloop
  endfacet
  facet normal -0.89686 -0.442314 0
    outer loop
      vertex 78.2478 47.1654 1.6
      vertex 78.1321 47.4 11.6
      vertex 78.1321 47.4 1.6
    endloop
  endfacet
  facet normal -0.89686 -0.442314 0
    outer loop
      vertex 78.1321 47.4 11.6
      vertex 78.2478 47.1654 1.6
      vertex 78.2478 47.1654 11.6
    endloop
  endfacet
  facet normal -0.89686 -0.442314 0
    outer loop
      vertex 78.2478 47.1654 13.1
      vertex 78.1321 47.4 20.5
      vertex 78.1321 47.4 13.1
    endloop
  endfacet
  facet normal -0.89686 -0.442314 0
    outer loop
      vertex 78.1321 47.4 20.5
      vertex 78.2478 47.1654 13.1
      vertex 78.2478 47.1654 20.5
    endloop
  endfacet
  facet normal -0.555653 0.831415 0
    outer loop
      vertex 77.6175 2.8133 1.6
      vertex 77.4 2.66794 11.6
      vertex 77.6175 2.8133 11.6
    endloop
  endfacet
  facet normal -0.555653 0.831415 0
    outer loop
      vertex 77.4 2.66794 11.6
      vertex 77.6175 2.8133 1.6
      vertex 77.4 2.66794 1.6
    endloop
  endfacet
  facet normal -0.555653 0.831415 0
    outer loop
      vertex 77.6175 2.8133 13.1
      vertex 77.4 2.66794 20.5
      vertex 77.6175 2.8133 20.5
    endloop
  endfacet
  facet normal -0.555653 0.831415 0
    outer loop
      vertex 77.4 2.66794 20.5
      vertex 77.6175 2.8133 13.1
      vertex 77.4 2.66794 13.1
    endloop
  endfacet
  facet normal -0.321348 0.946961 0
    outer loop
      vertex 77.1654 2.55224 1.6
      vertex 76.9176 2.46815 11.6
      vertex 77.1654 2.55224 11.6
    endloop
  endfacet
  facet normal -0.321348 0.946961 0
    outer loop
      vertex 76.9176 2.46815 11.6
      vertex 77.1654 2.55224 1.6
      vertex 76.9176 2.46815 1.6
    endloop
  endfacet
  facet normal -0.321348 0.946961 0
    outer loop
      vertex 77.1654 2.55224 13.1
      vertex 76.9176 2.46815 20.5
      vertex 77.1654 2.55224 20.5
    endloop
  endfacet
  facet normal -0.321348 0.946961 0
    outer loop
      vertex 76.9176 2.46815 20.5
      vertex 77.1654 2.55224 13.1
      vertex 76.9176 2.46815 13.1
    endloop
  endfacet
  facet normal 0.946961 -0.321348 0
    outer loop
      vertex 2.46815 46.9176 11.6
      vertex 2.55224 47.1654 1.6
      vertex 2.55224 47.1654 11.6
    endloop
  endfacet
  facet normal 0.946961 -0.321348 0
    outer loop
      vertex 2.55224 47.1654 1.6
      vertex 2.46815 46.9176 11.6
      vertex 2.46815 46.9176 1.6
    endloop
  endfacet
  facet normal 0.946961 -0.321348 0
    outer loop
      vertex 2.46815 46.9176 20.5
      vertex 2.55224 47.1654 13.1
      vertex 2.55224 47.1654 20.5
    endloop
  endfacet
  facet normal 0.946961 -0.321348 0
    outer loop
      vertex 2.55224 47.1654 13.1
      vertex 2.46815 46.9176 20.5
      vertex 2.46815 46.9176 13.1
    endloop
  endfacet
  facet normal 0.5556 0.83145 -0
    outer loop
      vertex 3.4 2.66794 1.6
      vertex 3.18247 2.8133 11.6
      vertex 3.4 2.66794 11.6
    endloop
  endfacet
  facet normal 0.5556 0.83145 0
    outer loop
      vertex 3.18247 2.8133 11.6
      vertex 3.4 2.66794 1.6
      vertex 3.18247 2.8133 1.6
    endloop
  endfacet
  facet normal 0.5556 0.83145 -0
    outer loop
      vertex 3.4 2.66794 13.1
      vertex 3.18247 2.8133 20.5
      vertex 3.4 2.66794 20.5
    endloop
  endfacet
  facet normal 0.5556 0.83145 0
    outer loop
      vertex 3.18247 2.8133 20.5
      vertex 3.4 2.66794 13.1
      vertex 3.18247 2.8133 13.1
    endloop
  endfacet
  facet normal 0.83145 0.5556 0
    outer loop
      vertex 2.8133 3.18247 11.6
      vertex 2.66794 3.4 1.6
      vertex 2.66794 3.4 11.6
    endloop
  endfacet
  facet normal 0.83145 0.5556 0
    outer loop
      vertex 2.66794 3.4 1.6
      vertex 2.8133 3.18247 11.6
      vertex 2.8133 3.18247 1.6
    endloop
  endfacet
  facet normal 0.83145 0.5556 0
    outer loop
      vertex 2.8133 3.18247 20.5
      vertex 2.66794 3.4 13.1
      vertex 2.66794 3.4 20.5
    endloop
  endfacet
  facet normal 0.83145 0.5556 0
    outer loop
      vertex 2.66794 3.4 13.1
      vertex 2.8133 3.18247 20.5
      vertex 2.8133 3.18247 13.1
    endloop
  endfacet
  facet normal -0.997861 -0.0653771 0
    outer loop
      vertex 78.4 46.4 1.6
      vertex 78.3829 46.661 11.6
      vertex 78.3829 46.661 1.6
    endloop
  endfacet
  facet normal -0.997861 -0.0653771 0
    outer loop
      vertex 78.3829 46.661 11.6
      vertex 78.4 46.4 1.6
      vertex 78.4 46.4 11.6
    endloop
  endfacet
  facet normal -0.997861 -0.0653771 0
    outer loop
      vertex 78.4 46.4 13.1
      vertex 78.3829 46.661 20.5
      vertex 78.3829 46.661 13.1
    endloop
  endfacet
  facet normal -0.997861 -0.0653771 0
    outer loop
      vertex 78.3829 46.661 20.5
      vertex 78.4 46.4 13.1
      vertex 78.4 46.4 20.5
    endloop
  endfacet
  facet normal -0.946922 0.321463 0
    outer loop
      vertex 78.2478 3.63463 1.6
      vertex 78.3319 3.88236 11.6
      vertex 78.3319 3.88236 1.6
    endloop
  endfacet
  facet normal -0.946922 0.321463 0
    outer loop
      vertex 78.3319 3.88236 11.6
      vertex 78.2478 3.63463 1.6
      vertex 78.2478 3.63463 11.6
    endloop
  endfacet
  facet normal -0.946922 0.321463 0
    outer loop
      vertex 78.2478 3.63463 13.1
      vertex 78.3319 3.88236 20.5
      vertex 78.3319 3.88236 13.1
    endloop
  endfacet
  facet normal -0.946922 0.321463 0
    outer loop
      vertex 78.3319 3.88236 20.5
      vertex 78.2478 3.63463 13.1
      vertex 78.2478 3.63463 20.5
    endloop
  endfacet
  facet normal -0.751826 0.659362 0
    outer loop
      vertex 77.8142 2.98578 1.6
      vertex 77.9867 3.18247 11.6
      vertex 77.9867 3.18247 1.6
    endloop
  endfacet
  facet normal -0.751826 0.659362 0
    outer loop
      vertex 77.9867 3.18247 11.6
      vertex 77.8142 2.98578 1.6
      vertex 77.8142 2.98578 11.6
    endloop
  endfacet
  facet normal -0.751826 0.659362 0
    outer loop
      vertex 77.8142 2.98578 13.1
      vertex 77.9867 3.18247 20.5
      vertex 77.9867 3.18247 13.1
    endloop
  endfacet
  facet normal -0.751826 0.659362 0
    outer loop
      vertex 77.9867 3.18247 20.5
      vertex 77.8142 2.98578 13.1
      vertex 77.8142 2.98578 20.5
    endloop
  endfacet
  facet normal -0.442314 0.89686 0
    outer loop
      vertex 77.4 2.66794 1.6
      vertex 77.1654 2.55224 11.6
      vertex 77.4 2.66794 11.6
    endloop
  endfacet
  facet normal -0.442314 0.89686 0
    outer loop
      vertex 77.1654 2.55224 11.6
      vertex 77.4 2.66794 1.6
      vertex 77.1654 2.55224 1.6
    endloop
  endfacet
  facet normal -0.442314 0.89686 0
    outer loop
      vertex 77.4 2.66794 13.1
      vertex 77.1654 2.55224 20.5
      vertex 77.4 2.66794 20.5
    endloop
  endfacet
  facet normal -0.442314 0.89686 0
    outer loop
      vertex 77.1654 2.55224 20.5
      vertex 77.4 2.66794 13.1
      vertex 77.1654 2.55224 13.1
    endloop
  endfacet
  facet normal 0.442268 -0.896883 0
    outer loop
      vertex 3.4 48.1321 1.6
      vertex 3.63463 48.2478 11.6
      vertex 3.4 48.1321 11.6
    endloop
  endfacet
  facet normal 0.442268 -0.896883 0
    outer loop
      vertex 3.63463 48.2478 11.6
      vertex 3.4 48.1321 1.6
      vertex 3.63463 48.2478 1.6
    endloop
  endfacet
  facet normal 0.442268 -0.896883 0
    outer loop
      vertex 3.4 48.1321 13.1
      vertex 3.63463 48.2478 20.5
      vertex 3.4 48.1321 20.5
    endloop
  endfacet
  facet normal 0.442268 -0.896883 0
    outer loop
      vertex 3.63463 48.2478 20.5
      vertex 3.4 48.1321 13.1
      vertex 3.63463 48.2478 13.1
    endloop
  endfacet
  facet normal 0.321463 -0.946922 0
    outer loop
      vertex 3.63463 48.2478 1.6
      vertex 3.88236 48.3319 11.6
      vertex 3.63463 48.2478 11.6
    endloop
  endfacet
  facet normal 0.321463 -0.946922 0
    outer loop
      vertex 3.88236 48.3319 11.6
      vertex 3.63463 48.2478 1.6
      vertex 3.88236 48.3319 1.6
    endloop
  endfacet
  facet normal 0.321463 -0.946922 0
    outer loop
      vertex 3.63463 48.2478 13.1
      vertex 3.88236 48.3319 20.5
      vertex 3.63463 48.2478 20.5
    endloop
  endfacet
  facet normal 0.321463 -0.946922 0
    outer loop
      vertex 3.88236 48.3319 20.5
      vertex 3.63463 48.2478 13.1
      vertex 3.88236 48.3319 13.1
    endloop
  endfacet
  facet normal 0.194947 -0.980814 0
    outer loop
      vertex 3.88236 48.3319 1.6
      vertex 4.13895 48.3829 11.6
      vertex 3.88236 48.3319 11.6
    endloop
  endfacet
  facet normal 0.194947 -0.980814 0
    outer loop
      vertex 4.13895 48.3829 11.6
      vertex 3.88236 48.3319 1.6
      vertex 4.13895 48.3829 1.6
    endloop
  endfacet
  facet normal 0.194947 -0.980814 0
    outer loop
      vertex 3.88236 48.3319 13.1
      vertex 4.13895 48.3829 20.5
      vertex 3.88236 48.3319 20.5
    endloop
  endfacet
  facet normal 0.194947 -0.980814 0
    outer loop
      vertex 4.13895 48.3829 20.5
      vertex 3.88236 48.3319 13.1
      vertex 4.13895 48.3829 13.1
    endloop
  endfacet
  facet normal 0.89686 -0.442314 0
    outer loop
      vertex 2.55224 47.1654 11.6
      vertex 2.66794 47.4 1.6
      vertex 2.66794 47.4 11.6
    endloop
  endfacet
  facet normal 0.89686 -0.442314 0
    outer loop
      vertex 2.66794 47.4 1.6
      vertex 2.55224 47.1654 11.6
      vertex 2.55224 47.1654 1.6
    endloop
  endfacet
  facet normal 0.89686 -0.442314 0
    outer loop
      vertex 2.55224 47.1654 20.5
      vertex 2.66794 47.4 13.1
      vertex 2.66794 47.4 20.5
    endloop
  endfacet
  facet normal 0.89686 -0.442314 0
    outer loop
      vertex 2.66794 47.4 13.1
      vertex 2.55224 47.1654 20.5
      vertex 2.55224 47.1654 13.1
    endloop
  endfacet
  facet normal 0.75188 -0.6593 0
    outer loop
      vertex 2.8133 47.6175 11.6
      vertex 2.98578 47.8142 1.6
      vertex 2.98578 47.8142 11.6
    endloop
  endfacet
  facet normal 0.75188 -0.6593 0
    outer loop
      vertex 2.98578 47.8142 1.6
      vertex 2.8133 47.6175 11.6
      vertex 2.8133 47.6175 1.6
    endloop
  endfacet
  facet normal 0.75188 -0.6593 0
    outer loop
      vertex 2.8133 47.6175 20.5
      vertex 2.98578 47.8142 13.1
      vertex 2.98578 47.8142 20.5
    endloop
  endfacet
  facet normal 0.75188 -0.6593 0
    outer loop
      vertex 2.98578 47.8142 13.1
      vertex 2.8133 47.6175 20.5
      vertex 2.8133 47.6175 13.1
    endloop
  endfacet
  facet normal 0.659362 -0.751826 0
    outer loop
      vertex 2.98578 47.8142 1.6
      vertex 3.18247 47.9867 11.6
      vertex 2.98578 47.8142 11.6
    endloop
  endfacet
  facet normal 0.659362 -0.751826 0
    outer loop
      vertex 3.18247 47.9867 11.6
      vertex 2.98578 47.8142 1.6
      vertex 3.18247 47.9867 1.6
    endloop
  endfacet
  facet normal 0.659362 -0.751826 0
    outer loop
      vertex 2.98578 47.8142 13.1
      vertex 3.18247 47.9867 20.5
      vertex 2.98578 47.8142 20.5
    endloop
  endfacet
  facet normal 0.659362 -0.751826 0
    outer loop
      vertex 3.18247 47.9867 20.5
      vertex 2.98578 47.8142 13.1
      vertex 3.18247 47.9867 13.1
    endloop
  endfacet
  facet normal -0.659343 -0.751842 0
    outer loop
      vertex 77.6175 47.9867 1.6
      vertex 77.8142 47.8142 11.6
      vertex 77.6175 47.9867 11.6
    endloop
  endfacet
  facet normal -0.659343 -0.751842 -0
    outer loop
      vertex 77.8142 47.8142 11.6
      vertex 77.6175 47.9867 1.6
      vertex 77.8142 47.8142 1.6
    endloop
  endfacet
  facet normal -0.659343 -0.751842 0
    outer loop
      vertex 77.6175 47.9867 13.1
      vertex 77.8142 47.8142 20.5
      vertex 77.6175 47.9867 20.5
    endloop
  endfacet
  facet normal -0.659343 -0.751842 -0
    outer loop
      vertex 77.8142 47.8142 20.5
      vertex 77.6175 47.9867 13.1
      vertex 77.8142 47.8142 13.1
    endloop
  endfacet
  facet normal -0.751842 -0.659343 0
    outer loop
      vertex 77.9867 47.6175 1.6
      vertex 77.8142 47.8142 11.6
      vertex 77.8142 47.8142 1.6
    endloop
  endfacet
  facet normal -0.751842 -0.659343 0
    outer loop
      vertex 77.8142 47.8142 11.6
      vertex 77.9867 47.6175 1.6
      vertex 77.9867 47.6175 11.6
    endloop
  endfacet
  facet normal -0.751842 -0.659343 0
    outer loop
      vertex 77.9867 47.6175 13.1
      vertex 77.8142 47.8142 20.5
      vertex 77.8142 47.8142 13.1
    endloop
  endfacet
  facet normal -0.751842 -0.659343 0
    outer loop
      vertex 77.8142 47.8142 20.5
      vertex 77.9867 47.6175 13.1
      vertex 77.9867 47.6175 20.5
    endloop
  endfacet
  facet normal -0.831344 -0.555758 0
    outer loop
      vertex 78.1321 47.4 1.6
      vertex 77.9867 47.6175 11.6
      vertex 77.9867 47.6175 1.6
    endloop
  endfacet
  facet normal -0.831344 -0.555758 0
    outer loop
      vertex 77.9867 47.6175 11.6
      vertex 78.1321 47.4 1.6
      vertex 78.1321 47.4 11.6
    endloop
  endfacet
  facet normal -0.831344 -0.555758 0
    outer loop
      vertex 78.1321 47.4 13.1
      vertex 77.9867 47.6175 20.5
      vertex 77.9867 47.6175 13.1
    endloop
  endfacet
  facet normal -0.831344 -0.555758 0
    outer loop
      vertex 77.9867 47.6175 20.5
      vertex 78.1321 47.4 13.1
      vertex 78.1321 47.4 20.5
    endloop
  endfacet
  facet normal -0.94695 -0.321382 0
    outer loop
      vertex 78.3319 46.9176 1.6
      vertex 78.2478 47.1654 11.6
      vertex 78.2478 47.1654 1.6
    endloop
  endfacet
  facet normal -0.94695 -0.321382 0
    outer loop
      vertex 78.2478 47.1654 11.6
      vertex 78.3319 46.9176 1.6
      vertex 78.3319 46.9176 11.6
    endloop
  endfacet
  facet normal -0.94695 -0.321382 0
    outer loop
      vertex 78.3319 46.9176 13.1
      vertex 78.2478 47.1654 20.5
      vertex 78.2478 47.1654 13.1
    endloop
  endfacet
  facet normal -0.94695 -0.321382 0
    outer loop
      vertex 78.2478 47.1654 20.5
      vertex 78.3319 46.9176 13.1
      vertex 78.3319 46.9176 20.5
    endloop
  endfacet
  facet normal -0.980815 -0.19494 0
    outer loop
      vertex 78.3829 46.661 1.6
      vertex 78.3319 46.9176 11.6
      vertex 78.3319 46.9176 1.6
    endloop
  endfacet
  facet normal -0.980815 -0.19494 0
    outer loop
      vertex 78.3319 46.9176 11.6
      vertex 78.3829 46.661 1.6
      vertex 78.3829 46.661 11.6
    endloop
  endfacet
  facet normal -0.980815 -0.19494 0
    outer loop
      vertex 78.3829 46.661 13.1
      vertex 78.3319 46.9176 20.5
      vertex 78.3319 46.9176 13.1
    endloop
  endfacet
  facet normal -0.980815 -0.19494 0
    outer loop
      vertex 78.3319 46.9176 20.5
      vertex 78.3829 46.661 13.1
      vertex 78.3829 46.661 20.5
    endloop
  endfacet
  facet normal -0.997861 0.0653646 0
    outer loop
      vertex 78.3829 4.13895 1.6
      vertex 78.4 4.4 11.6
      vertex 78.4 4.4 1.6
    endloop
  endfacet
  facet normal -0.997861 0.0653646 0
    outer loop
      vertex 78.4 4.4 11.6
      vertex 78.3829 4.13895 1.6
      vertex 78.3829 4.13895 11.6
    endloop
  endfacet
  facet normal -0.997861 0.0653646 0
    outer loop
      vertex 78.3829 4.13895 13.1
      vertex 78.4 4.4 20.5
      vertex 78.4 4.4 13.1
    endloop
  endfacet
  facet normal -0.997861 0.0653646 0
    outer loop
      vertex 78.4 4.4 20.5
      vertex 78.3829 4.13895 13.1
      vertex 78.3829 4.13895 20.5
    endloop
  endfacet
  facet normal -0.980814 0.194947 0
    outer loop
      vertex 78.3319 3.88236 1.6
      vertex 78.3829 4.13895 11.6
      vertex 78.3829 4.13895 1.6
    endloop
  endfacet
  facet normal -0.980814 0.194947 0
    outer loop
      vertex 78.3829 4.13895 11.6
      vertex 78.3319 3.88236 1.6
      vertex 78.3319 3.88236 11.6
    endloop
  endfacet
  facet normal -0.980814 0.194947 0
    outer loop
      vertex 78.3319 3.88236 13.1
      vertex 78.3829 4.13895 20.5
      vertex 78.3829 4.13895 13.1
    endloop
  endfacet
  facet normal -0.980814 0.194947 0
    outer loop
      vertex 78.3829 4.13895 20.5
      vertex 78.3319 3.88236 13.1
      vertex 78.3319 3.88236 20.5
    endloop
  endfacet
  facet normal -0.6593 0.75188 0
    outer loop
      vertex 77.8142 2.98578 1.6
      vertex 77.6175 2.8133 11.6
      vertex 77.8142 2.98578 11.6
    endloop
  endfacet
  facet normal -0.6593 0.75188 0
    outer loop
      vertex 77.6175 2.8133 11.6
      vertex 77.8142 2.98578 1.6
      vertex 77.6175 2.8133 1.6
    endloop
  endfacet
  facet normal -0.6593 0.75188 0
    outer loop
      vertex 77.8142 2.98578 13.1
      vertex 77.6175 2.8133 20.5
      vertex 77.8142 2.98578 20.5
    endloop
  endfacet
  facet normal -0.6593 0.75188 0
    outer loop
      vertex 77.6175 2.8133 20.5
      vertex 77.8142 2.98578 13.1
      vertex 77.6175 2.8133 13.1
    endloop
  endfacet
  facet normal 0.659319 0.751863 -0
    outer loop
      vertex 3.18247 2.8133 1.6
      vertex 2.98578 2.98578 11.6
      vertex 3.18247 2.8133 11.6
    endloop
  endfacet
  facet normal 0.659319 0.751863 0
    outer loop
      vertex 2.98578 2.98578 11.6
      vertex 3.18247 2.8133 1.6
      vertex 2.98578 2.98578 1.6
    endloop
  endfacet
  facet normal 0.659319 0.751863 -0
    outer loop
      vertex 3.18247 2.8133 13.1
      vertex 2.98578 2.98578 20.5
      vertex 3.18247 2.8133 20.5
    endloop
  endfacet
  facet normal 0.659319 0.751863 0
    outer loop
      vertex 2.98578 2.98578 20.5
      vertex 3.18247 2.8133 13.1
      vertex 2.98578 2.98578 13.1
    endloop
  endfacet
  facet normal 0.946934 0.321429 0
    outer loop
      vertex 2.55224 3.63463 11.6
      vertex 2.46815 3.88236 1.6
      vertex 2.46815 3.88236 11.6
    endloop
  endfacet
  facet normal 0.946934 0.321429 0
    outer loop
      vertex 2.46815 3.88236 1.6
      vertex 2.55224 3.63463 11.6
      vertex 2.55224 3.63463 1.6
    endloop
  endfacet
  facet normal 0.946934 0.321429 0
    outer loop
      vertex 2.55224 3.63463 20.5
      vertex 2.46815 3.88236 13.1
      vertex 2.46815 3.88236 20.5
    endloop
  endfacet
  facet normal 0.946934 0.321429 0
    outer loop
      vertex 2.46815 3.88236 13.1
      vertex 2.55224 3.63463 20.5
      vertex 2.55224 3.63463 13.1
    endloop
  endfacet
  facet normal 0 0 1
    outer loop
      vertex 2.4 4.4 1.6
      vertex 8.4 9.22679 1.6
      vertex 8.3 9.4 1.6
    endloop
  endfacet
  facet normal 0 0 1
    outer loop
      vertex 76.4 48.4 1.6
      vertex 78.4 46.4 1.6
      vertex 78.3829 46.661 1.6
    endloop
  endfacet
  facet normal 0 0 1
    outer loop
      vertex 78.4 46.4 1.6
      vertex 72.3 11.4 1.6
      vertex 78.4 4.4 1.6
    endloop
  endfacet
  facet normal 0 0 1
    outer loop
      vertex 76.4 48.4 1.6
      vertex 78.3829 46.661 1.6
      vertex 78.3319 46.9176 1.6
    endloop
  endfacet
  facet normal -0 0 1
    outer loop
      vertex 71.25 9.58135 1.6
      vertex 78.4 4.4 1.6
      vertex 72.3 11.4 1.6
    endloop
  endfacet
  facet normal 0 0 1
    outer loop
      vertex 76.4 48.4 1.6
      vertex 78.3319 46.9176 1.6
      vertex 78.2478 47.1654 1.6
    endloop
  endfacet
  facet normal 0 -0 1
    outer loop
      vertex 76.4 2.4 1.6
      vertex 78.4 4.4 1.6
      vertex 71.25 9.58135 1.6
    endloop
  endfacet
  facet normal 0 0 1
    outer loop
      vertex 76.4 48.4 1.6
      vertex 78.2478 47.1654 1.6
      vertex 78.1321 47.4 1.6
    endloop
  endfacet
  facet normal 0 0 1
    outer loop
      vertex 78.4 4.4 1.6
      vertex 76.4 2.4 1.6
      vertex 78.3829 4.13895 1.6
    endloop
  endfacet
  facet normal 0 0 1
    outer loop
      vertex 76.4 48.4 1.6
      vertex 78.1321 47.4 1.6
      vertex 77.9867 47.6175 1.6
    endloop
  endfacet
  facet normal 0 0 1
    outer loop
      vertex 78.3829 4.13895 1.6
      vertex 76.4 2.4 1.6
      vertex 78.3319 3.88236 1.6
    endloop
  endfacet
  facet normal 0 0 1
    outer loop
      vertex 76.4 48.4 1.6
      vertex 77.9867 47.6175 1.6
      vertex 77.8142 47.8142 1.6
    endloop
  endfacet
  facet normal 0 0 1
    outer loop
      vertex 78.3319 3.88236 1.6
      vertex 76.4 2.4 1.6
      vertex 78.2478 3.63463 1.6
    endloop
  endfacet
  facet normal 0 0 1
    outer loop
      vertex 76.4 48.4 1.6
      vertex 77.8142 47.8142 1.6
      vertex 77.6175 47.9867 1.6
    endloop
  endfacet
  facet normal 0 0 1
    outer loop
      vertex 78.2478 3.63463 1.6
      vertex 76.4 2.4 1.6
      vertex 78.1321 3.4 1.6
    endloop
  endfacet
  facet normal 0 0 1
    outer loop
      vertex 76.4 48.4 1.6
      vertex 77.6175 47.9867 1.6
      vertex 77.4 48.1321 1.6
    endloop
  endfacet
  facet normal 0 0 1
    outer loop
      vertex 78.1321 3.4 1.6
      vertex 76.4 2.4 1.6
      vertex 77.9867 3.18247 1.6
    endloop
  endfacet
  facet normal 0 0 1
    outer loop
      vertex 76.4 48.4 1.6
      vertex 77.4 48.1321 1.6
      vertex 77.1654 48.2478 1.6
    endloop
  endfacet
  facet normal 0 0 1
    outer loop
      vertex 77.9867 3.18247 1.6
      vertex 76.4 2.4 1.6
      vertex 77.8142 2.98578 1.6
    endloop
  endfacet
  facet normal 0 0 1
    outer loop
      vertex 76.4 48.4 1.6
      vertex 77.1654 48.2478 1.6
      vertex 76.9176 48.3319 1.6
    endloop
  endfacet
  facet normal 0 0 1
    outer loop
      vertex 77.8142 2.98578 1.6
      vertex 76.4 2.4 1.6
      vertex 77.6175 2.8133 1.6
    endloop
  endfacet
  facet normal 0 0 1
    outer loop
      vertex 76.4 48.4 1.6
      vertex 76.9176 48.3319 1.6
      vertex 76.661 48.3829 1.6
    endloop
  endfacet
  facet normal 0 0 1
    outer loop
      vertex 77.6175 2.8133 1.6
      vertex 76.4 2.4 1.6
      vertex 77.4 2.66794 1.6
    endloop
  endfacet
  facet normal 0 0 1
    outer loop
      vertex 78.4 46.4 1.6
      vertex 76.4 48.4 1.6
      vertex 64.2 45.9 1.6
    endloop
  endfacet
  facet normal 0 0 1
    outer loop
      vertex 77.4 2.66794 1.6
      vertex 76.4 2.4 1.6
      vertex 77.1654 2.55224 1.6
    endloop
  endfacet
  facet normal 0 0 1
    outer loop
      vertex 77.1654 2.55224 1.6
      vertex 76.4 2.4 1.6
      vertex 76.9176 2.46815 1.6
    endloop
  endfacet
  facet normal 0 0 1
    outer loop
      vertex 78.4 46.4 1.6
      vertex 71.25 13.2187 1.6
      vertex 72.3 11.4 1.6
    endloop
  endfacet
  facet normal 0 0 1
    outer loop
      vertex 78.4 46.4 1.6
      vertex 64.2 45.9 1.6
      vertex 71.25 13.2187 1.6
    endloop
  endfacet
  facet normal 0 0 1
    outer loop
      vertex 71.25 13.2187 1.6
      vertex 64.2 45.9 1.6
      vertex 69.15 13.2187 1.6
    endloop
  endfacet
  facet normal 0 0 1
    outer loop
      vertex 69.15 13.2187 1.6
      vertex 65.65 13.2187 1.6
      vertex 68.1 11.4 1.6
    endloop
  endfacet
  facet normal 0 0 1
    outer loop
      vertex 68.1 11.4 1.6
      vertex 65.65 13.2187 1.6
      vertex 66.7 11.4 1.6
    endloop
  endfacet
  facet normal 0 0 1
    outer loop
      vertex 69.15 13.2187 1.6
      vertex 64.2 45.9 1.6
      vertex 65.65 13.2187 1.6
    endloop
  endfacet
  facet normal -0 0 1
    outer loop
      vertex 4.4 48.4 1.6
      vertex 64.2 45.9 1.6
      vertex 76.4 48.4 1.6
    endloop
  endfacet
  facet normal 0 0 1
    outer loop
      vertex 2.4 46.4 1.6
      vertex 8.4 19.3172 1.6
      vertex 8.4 45.9 1.6
    endloop
  endfacet
  facet normal 0 0 1
    outer loop
      vertex 8.4 19.3172 1.6
      vertex 2.4 46.4 1.6
      vertex 8.3 19.144 1.6
    endloop
  endfacet
  facet normal -0 0 1
    outer loop
      vertex 2.4 46.4 1.6
      vertex 8.4 45.9 1.6
      vertex 4.4 48.4 1.6
    endloop
  endfacet
  facet normal 0 0 1
    outer loop
      vertex 64.2 45.9 1.6
      vertex 4.4 48.4 1.6
      vertex 8.4 45.9 1.6
    endloop
  endfacet
  facet normal 0 0 1
    outer loop
      vertex 76.9176 2.46815 1.6
      vertex 76.4 2.4 1.6
      vertex 76.661 2.4171 1.6
    endloop
  endfacet
  facet normal 0 0 1
    outer loop
      vertex 64.2 4.9 1.6
      vertex 71.25 9.58135 1.6
      vertex 69.15 9.58135 1.6
    endloop
  endfacet
  facet normal -0 0 1
    outer loop
      vertex 66.7 11.4 1.6
      vertex 69.15 9.58135 1.6
      vertex 68.1 11.4 1.6
    endloop
  endfacet
  facet normal 0 0 1
    outer loop
      vertex 65.65 9.58135 1.6
      vertex 69.15 9.58135 1.6
      vertex 66.7 11.4 1.6
    endloop
  endfacet
  facet normal 0 0 1
    outer loop
      vertex 64.2 4.9 1.6
      vertex 69.15 9.58135 1.6
      vertex 65.65 9.58135 1.6
    endloop
  endfacet
  facet normal 0 0 1
    outer loop
      vertex 64.2 4.9 1.6
      vertex 65.65 9.58135 1.6
      vertex 64.2 9.58135 1.6
    endloop
  endfacet
  facet normal 0 0 1
    outer loop
      vertex 71.25 9.58135 1.6
      vertex 64.2 4.9 1.6
      vertex 76.4 2.4 1.6
    endloop
  endfacet
  facet normal 0 0 1
    outer loop
      vertex 4.4 2.4 1.6
      vertex 64.2 4.9 1.6
      vertex 8.4 4.9 1.6
    endloop
  endfacet
  facet normal 0 0 1
    outer loop
      vertex 2.4 4.4 1.6
      vertex 8.3 19.144 1.6
      vertex 2.4 46.4 1.6
    endloop
  endfacet
  facet normal 0 0 1
    outer loop
      vertex 64.2 4.9 1.6
      vertex 4.4 2.4 1.6
      vertex 76.4 2.4 1.6
    endloop
  endfacet
  facet normal 0 0 1
    outer loop
      vertex 8.3 19.144 1.6
      vertex 2.4 4.4 1.6
      vertex 8.3 9.4 1.6
    endloop
  endfacet
  facet normal 0 0 1
    outer loop
      vertex 2.4 46.4 1.6
      vertex 4.4 48.4 1.6
      vertex 4.13895 48.3829 1.6
    endloop
  endfacet
  facet normal 0 0 1
    outer loop
      vertex 8.4 9.22679 1.6
      vertex 2.4 4.4 1.6
      vertex 8.4 4.9 1.6
    endloop
  endfacet
  facet normal 0 0 1
    outer loop
      vertex 2.4 46.4 1.6
      vertex 4.13895 48.3829 1.6
      vertex 3.88236 48.3319 1.6
    endloop
  endfacet
  facet normal 0 0 1
    outer loop
      vertex 8.4 4.9 1.6
      vertex 2.4 4.4 1.6
      vertex 4.4 2.4 1.6
    endloop
  endfacet
  facet normal 0 0 1
    outer loop
      vertex 2.4 46.4 1.6
      vertex 3.88236 48.3319 1.6
      vertex 3.63463 48.2478 1.6
    endloop
  endfacet
  facet normal 0 0 1
    outer loop
      vertex 4.4 2.4 1.6
      vertex 2.4 4.4 1.6
      vertex 4.13895 2.4171 1.6
    endloop
  endfacet
  facet normal 0 0 1
    outer loop
      vertex 2.4 46.4 1.6
      vertex 3.63463 48.2478 1.6
      vertex 3.4 48.1321 1.6
    endloop
  endfacet
  facet normal 0 0 1
    outer loop
      vertex 4.13895 2.4171 1.6
      vertex 2.4 4.4 1.6
      vertex 3.88236 2.46815 1.6
    endloop
  endfacet
  facet normal 0 0 1
    outer loop
      vertex 2.4 46.4 1.6
      vertex 3.4 48.1321 1.6
      vertex 3.18247 47.9867 1.6
    endloop
  endfacet
  facet normal 0 0 1
    outer loop
      vertex 3.88236 2.46815 1.6
      vertex 2.4 4.4 1.6
      vertex 3.63463 2.55224 1.6
    endloop
  endfacet
  facet normal 0 0 1
    outer loop
      vertex 2.4 46.4 1.6
      vertex 3.18247 47.9867 1.6
      vertex 2.98578 47.8142 1.6
    endloop
  endfacet
  facet normal 0 0 1
    outer loop
      vertex 3.63463 2.55224 1.6
      vertex 2.4 4.4 1.6
      vertex 3.4 2.66794 1.6
    endloop
  endfacet
  facet normal 0 0 1
    outer loop
      vertex 2.4 46.4 1.6
      vertex 2.98578 47.8142 1.6
      vertex 2.8133 47.6175 1.6
    endloop
  endfacet
  facet normal 0 0 1
    outer loop
      vertex 3.4 2.66794 1.6
      vertex 2.4 4.4 1.6
      vertex 3.18247 2.8133 1.6
    endloop
  endfacet
  facet normal 0 0 1
    outer loop
      vertex 2.4 46.4 1.6
      vertex 2.8133 47.6175 1.6
      vertex 2.66794 47.4 1.6
    endloop
  endfacet
  facet normal 0 0 1
    outer loop
      vertex 3.18247 2.8133 1.6
      vertex 2.4 4.4 1.6
      vertex 2.98578 2.98578 1.6
    endloop
  endfacet
  facet normal 0 0 1
    outer loop
      vertex 2.4 46.4 1.6
      vertex 2.66794 47.4 1.6
      vertex 2.55224 47.1654 1.6
    endloop
  endfacet
  facet normal 0 0 1
    outer loop
      vertex 2.98578 2.98578 1.6
      vertex 2.4 4.4 1.6
      vertex 2.8133 3.18247 1.6
    endloop
  endfacet
  facet normal 0 0 1
    outer loop
      vertex 2.4 46.4 1.6
      vertex 2.55224 47.1654 1.6
      vertex 2.46815 46.9176 1.6
    endloop
  endfacet
  facet normal 0 0 1
    outer loop
      vertex 2.8133 3.18247 1.6
      vertex 2.4 4.4 1.6
      vertex 2.66794 3.4 1.6
    endloop
  endfacet
  facet normal 0 0 1
    outer loop
      vertex 2.4 46.4 1.6
      vertex 2.46815 46.9176 1.6
      vertex 2.4171 46.661 1.6
    endloop
  endfacet
  facet normal 0 0 1
    outer loop
      vertex 2.66794 3.4 1.6
      vertex 2.4 4.4 1.6
      vertex 2.55224 3.63463 1.6
    endloop
  endfacet
  facet normal 0 0 1
    outer loop
      vertex 2.55224 3.63463 1.6
      vertex 2.4 4.4 1.6
      vertex 2.46815 3.88236 1.6
    endloop
  endfacet
  facet normal 0 0 1
    outer loop
      vertex 2.46815 3.88236 1.6
      vertex 2.4 4.4 1.6
      vertex 2.4171 4.13895 1.6
    endloop
  endfacet
  facet normal 0 0 1
    outer loop
      vertex 65.65 13.2187 1.6
      vertex 64.2 45.9 1.6
      vertex 64.2 13.2187 1.6
    endloop
  endfacet
  facet normal 0 0 1
    outer loop
      vertex 8.3 19.144 1.6
      vertex 8.4 9.5732 1.6
      vertex 8.4 18.9708 1.6
    endloop
  endfacet
  facet normal 0 0 1
    outer loop
      vertex 8.4 9.5732 1.6
      vertex 8.3 19.144 1.6
      vertex 8.3 9.4 1.6
    endloop
  endfacet
  facet normal 0 0 1
    outer loop
      vertex 56.4 44.7 1.6
      vertex 55.5 40.632 1.6
      vertex 56.4 37.5787 1.6
    endloop
  endfacet
  facet normal 0 0 1
    outer loop
      vertex 56.4 44.7 1.6
      vertex 54.45 42.4507 1.6
      vertex 55.5 40.632 1.6
    endloop
  endfacet
  facet normal 0 0 1
    outer loop
      vertex 56.4 44.7 1.6
      vertex 52.35 42.4507 1.6
      vertex 54.45 42.4507 1.6
    endloop
  endfacet
  facet normal 0 0 1
    outer loop
      vertex 46 44.7 1.6
      vertex 51.3 30.888 1.6
      vertex 51.3 40.632 1.6
    endloop
  endfacet
  facet normal 0 0 1
    outer loop
      vertex 51.3 30.888 1.6
      vertex 46 44.7 1.6
      vertex 51.3 21.144 1.6
    endloop
  endfacet
  facet normal 0 0 1
    outer loop
      vertex 46 6.1 1.6
      vertex 51.3 21.144 1.6
      vertex 46 44.7 1.6
    endloop
  endfacet
  facet normal 0 0 1
    outer loop
      vertex 52.35 42.4507 1.6
      vertex 46 44.7 1.6
      vertex 51.3 40.632 1.6
    endloop
  endfacet
  facet normal -0 0 1
    outer loop
      vertex 46 44.7 1.6
      vertex 52.35 42.4507 1.6
      vertex 56.4 44.7 1.6
    endloop
  endfacet
  facet normal -0 0 1
    outer loop
      vertex 54.45 38.8133 1.6
      vertex 56.4 37.5787 1.6
      vertex 55.5 40.632 1.6
    endloop
  endfacet
  facet normal 0 0 1
    outer loop
      vertex 56.4 37.5787 1.6
      vertex 54.45 38.8133 1.6
      vertex 55.15 37.5787 1.6
    endloop
  endfacet
  facet normal -0 0 1
    outer loop
      vertex 52.35 38.8133 1.6
      vertex 55.15 37.5787 1.6
      vertex 54.45 38.8133 1.6
    endloop
  endfacet
  facet normal 0 0 1
    outer loop
      vertex 55.15 37.5787 1.6
      vertex 52.35 38.8133 1.6
      vertex 54.1 35.76 1.6
    endloop
  endfacet
  facet normal 0 0 1
    outer loop
      vertex 56.4 33.9413 1.6
      vertex 55.5 30.888 1.6
      vertex 56.4 27.8347 1.6
    endloop
  endfacet
  facet normal 0 0 1
    outer loop
      vertex 54.45 32.7067 1.6
      vertex 56.4 33.9413 1.6
      vertex 55.15 33.9413 1.6
    endloop
  endfacet
  facet normal 0 0 1
    outer loop
      vertex 56.4 33.9413 1.6
      vertex 54.45 32.7067 1.6
      vertex 55.5 30.888 1.6
    endloop
  endfacet
  facet normal 0 0 1
    outer loop
      vertex 52.35 32.7067 1.6
      vertex 55.15 33.9413 1.6
      vertex 54.1 35.76 1.6
    endloop
  endfacet
  facet normal 0 0 1
    outer loop
      vertex 52.35 32.7067 1.6
      vertex 54.1 35.76 1.6
      vertex 52.35 38.8133 1.6
    endloop
  endfacet
  facet normal 0 0 1
    outer loop
      vertex 55.15 33.9413 1.6
      vertex 52.35 32.7067 1.6
      vertex 54.45 32.7067 1.6
    endloop
  endfacet
  facet normal 0 0 1
    outer loop
      vertex 51.3 40.632 1.6
      vertex 52.35 32.7067 1.6
      vertex 52.35 38.8133 1.6
    endloop
  endfacet
  facet normal 0 0 1
    outer loop
      vertex 52.35 32.7067 1.6
      vertex 51.3 40.632 1.6
      vertex 51.3 30.888 1.6
    endloop
  endfacet
  facet normal -0 0 1
    outer loop
      vertex 54.45 29.0693 1.6
      vertex 56.4 27.8347 1.6
      vertex 55.5 30.888 1.6
    endloop
  endfacet
  facet normal 0 0 1
    outer loop
      vertex 56.4 27.8347 1.6
      vertex 54.45 29.0693 1.6
      vertex 55.15 27.8347 1.6
    endloop
  endfacet
  facet normal -0 0 1
    outer loop
      vertex 52.35 29.0693 1.6
      vertex 55.15 27.8347 1.6
      vertex 54.45 29.0693 1.6
    endloop
  endfacet
  facet normal 0 0 1
    outer loop
      vertex 55.15 27.8347 1.6
      vertex 52.35 29.0693 1.6
      vertex 54.1 26.016 1.6
    endloop
  endfacet
  facet normal 0 0 1
    outer loop
      vertex 56.4 24.1973 1.6
      vertex 55.5 21.144 1.6
      vertex 56.4 18.0907 1.6
    endloop
  endfacet
  facet normal 0 0 1
    outer loop
      vertex 54.45 22.9627 1.6
      vertex 56.4 24.1973 1.6
      vertex 55.15 24.1973 1.6
    endloop
  endfacet
  facet normal 0 0 1
    outer loop
      vertex 56.4 24.1973 1.6
      vertex 54.45 22.9627 1.6
      vertex 55.5 21.144 1.6
    endloop
  endfacet
  facet normal 0 0 1
    outer loop
      vertex 52.35 22.9627 1.6
      vertex 55.15 24.1973 1.6
      vertex 54.1 26.016 1.6
    endloop
  endfacet
  facet normal 0 0 1
    outer loop
      vertex 52.35 22.9627 1.6
      vertex 54.1 26.016 1.6
      vertex 52.35 29.0693 1.6
    endloop
  endfacet
  facet normal 0 0 1
    outer loop
      vertex 55.15 24.1973 1.6
      vertex 52.35 22.9627 1.6
      vertex 54.45 22.9627 1.6
    endloop
  endfacet
  facet normal 0 0 1
    outer loop
      vertex 51.3 30.888 1.6
      vertex 52.35 22.9627 1.6
      vertex 52.35 29.0693 1.6
    endloop
  endfacet
  facet normal 0 0 1
    outer loop
      vertex 52.35 22.9627 1.6
      vertex 51.3 30.888 1.6
      vertex 51.3 21.144 1.6
    endloop
  endfacet
  facet normal -0 0 1
    outer loop
      vertex 54.45 19.3253 1.6
      vertex 56.4 18.0907 1.6
      vertex 55.5 21.144 1.6
    endloop
  endfacet
  facet normal 0 0 1
    outer loop
      vertex 56.4 18.0907 1.6
      vertex 54.45 19.3253 1.6
      vertex 55.15 18.0907 1.6
    endloop
  endfacet
  facet normal -0 0 1
    outer loop
      vertex 52.35 19.3253 1.6
      vertex 55.15 18.0907 1.6
      vertex 54.45 19.3253 1.6
    endloop
  endfacet
  facet normal 0 0 1
    outer loop
      vertex 55.15 18.0907 1.6
      vertex 52.35 19.3253 1.6
      vertex 54.1 16.272 1.6
    endloop
  endfacet
  facet normal 0 0 1
    outer loop
      vertex 56.4 14.4533 1.6
      vertex 55.5 11.4 1.6
      vertex 56.4 6.1 1.6
    endloop
  endfacet
  facet normal 0 0 1
    outer loop
      vertex 54.45 13.2187 1.6
      vertex 56.4 14.4533 1.6
      vertex 55.15 14.4533 1.6
    endloop
  endfacet
  facet normal 0 0 1
    outer loop
      vertex 56.4 14.4533 1.6
      vertex 54.45 13.2187 1.6
      vertex 55.5 11.4 1.6
    endloop
  endfacet
  facet normal 0 0 1
    outer loop
      vertex 52.35 13.2187 1.6
      vertex 55.15 14.4533 1.6
      vertex 54.1 16.272 1.6
    endloop
  endfacet
  facet normal 0 0 1
    outer loop
      vertex 52.35 13.2187 1.6
      vertex 54.1 16.272 1.6
      vertex 52.35 19.3253 1.6
    endloop
  endfacet
  facet normal 0 0 1
    outer loop
      vertex 55.15 14.4533 1.6
      vertex 52.35 13.2187 1.6
      vertex 54.45 13.2187 1.6
    endloop
  endfacet
  facet normal 0 0 1
    outer loop
      vertex 51.3 21.144 1.6
      vertex 52.35 13.2187 1.6
      vertex 52.35 19.3253 1.6
    endloop
  endfacet
  facet normal 0 0 1
    outer loop
      vertex 52.35 13.2187 1.6
      vertex 51.3 21.144 1.6
      vertex 51.3 11.4 1.6
    endloop
  endfacet
  facet normal -0 0 1
    outer loop
      vertex 54.45 9.58135 1.6
      vertex 56.4 6.1 1.6
      vertex 55.5 11.4 1.6
    endloop
  endfacet
  facet normal -0 0 1
    outer loop
      vertex 52.35 9.58135 1.6
      vertex 56.4 6.1 1.6
      vertex 54.45 9.58135 1.6
    endloop
  endfacet
  facet normal 0 0 1
    outer loop
      vertex 52.35 9.58135 1.6
      vertex 46 6.1 1.6
      vertex 56.4 6.1 1.6
    endloop
  endfacet
  facet normal 0 0 1
    outer loop
      vertex 51.3 11.4 1.6
      vertex 46 6.1 1.6
      vertex 52.35 9.58135 1.6
    endloop
  endfacet
  facet normal 0 0 1
    outer loop
      vertex 51.3 21.144 1.6
      vertex 46 6.1 1.6
      vertex 51.3 11.4 1.6
    endloop
  endfacet
  facet normal -0 0 1
    outer loop
      vertex 60.05 13.2187 1.6
      vertex 63 12.266 1.6
      vertex 60.05 19.3253 1.6
    endloop
  endfacet
  facet normal 0 0 1
    outer loop
      vertex 63 12.266 1.6
      vertex 60.05 13.2187 1.6
      vertex 61.1 11.4 1.6
    endloop
  endfacet
  facet normal 0 0 1
    outer loop
      vertex 60.05 19.3253 1.6
      vertex 58.3 16.272 1.6
      vertex 60.05 13.2187 1.6
    endloop
  endfacet
  facet normal 0 0 1
    outer loop
      vertex 58 16.7916 1.6
      vertex 60.05 19.3253 1.6
      vertex 58 19.3253 1.6
    endloop
  endfacet
  facet normal 0 0 1
    outer loop
      vertex 60.05 19.3253 1.6
      vertex 58 16.7916 1.6
      vertex 58.3 16.272 1.6
    endloop
  endfacet
  facet normal -0 0 1
    outer loop
      vertex 60.05 29.0693 1.6
      vertex 61.1 21.144 1.6
      vertex 61.1 30.888 1.6
    endloop
  endfacet
  facet normal 0 0 1
    outer loop
      vertex 60.05 29.0693 1.6
      vertex 60.05 22.9627 1.6
      vertex 61.1 21.144 1.6
    endloop
  endfacet
  facet normal 0 0 1
    outer loop
      vertex 60.05 29.0693 1.6
      vertex 58.3 26.016 1.6
      vertex 60.05 22.9627 1.6
    endloop
  endfacet
  facet normal 0 0 1
    outer loop
      vertex 58 26.5356 1.6
      vertex 60.05 29.0693 1.6
      vertex 58 29.0693 1.6
    endloop
  endfacet
  facet normal 0 0 1
    outer loop
      vertex 60.05 29.0693 1.6
      vertex 58 26.5356 1.6
      vertex 58.3 26.016 1.6
    endloop
  endfacet
  facet normal -0 0 1
    outer loop
      vertex 60.05 38.8133 1.6
      vertex 61.1 30.888 1.6
      vertex 61.1 40.632 1.6
    endloop
  endfacet
  facet normal 0 0 1
    outer loop
      vertex 60.05 38.8133 1.6
      vertex 60.05 32.7067 1.6
      vertex 61.1 30.888 1.6
    endloop
  endfacet
  facet normal 0 0 1
    outer loop
      vertex 60.05 38.8133 1.6
      vertex 58.3 35.76 1.6
      vertex 60.05 32.7067 1.6
    endloop
  endfacet
  facet normal 0 0 1
    outer loop
      vertex 58 36.2796 1.6
      vertex 60.05 38.8133 1.6
      vertex 58 38.8133 1.6
    endloop
  endfacet
  facet normal 0 0 1
    outer loop
      vertex 60.05 38.8133 1.6
      vertex 58 36.2796 1.6
      vertex 58.3 35.76 1.6
    endloop
  endfacet
  facet normal -0 0 1
    outer loop
      vertex 61.1 30.888 1.6
      vertex 63 12.266 1.6
      vertex 63 44.7 1.6
    endloop
  endfacet
  facet normal 0 0 1
    outer loop
      vertex 61.1 30.888 1.6
      vertex 63 44.7 1.6
      vertex 61.1 40.632 1.6
    endloop
  endfacet
  facet normal 0 0 1
    outer loop
      vertex 63 44.7 1.6
      vertex 60.05 42.4507 1.6
      vertex 61.1 40.632 1.6
    endloop
  endfacet
  facet normal -0 0 1
    outer loop
      vertex 58 44.7 1.6
      vertex 60.05 42.4507 1.6
      vertex 63 44.7 1.6
    endloop
  endfacet
  facet normal 0 0 1
    outer loop
      vertex 60.05 42.4507 1.6
      vertex 58 44.7 1.6
      vertex 58 42.4507 1.6
    endloop
  endfacet
  facet normal -0 0 1
    outer loop
      vertex 61.1 11.4 1.6
      vertex 63 10.534 1.6
      vertex 62.5 11.4 1.6
    endloop
  endfacet
  facet normal -0 0 1
    outer loop
      vertex 61.1 21.144 1.6
      vertex 63 12.266 1.6
      vertex 61.1 30.888 1.6
    endloop
  endfacet
  facet normal -0 0 1
    outer loop
      vertex 60.05 19.3253 1.6
      vertex 63 12.266 1.6
      vertex 61.1 21.144 1.6
    endloop
  endfacet
  facet normal 0 0 1
    outer loop
      vertex 63 12.266 1.6
      vertex 61.1 11.4 1.6
      vertex 62.5 11.4 1.6
    endloop
  endfacet
  facet normal 0 0 1
    outer loop
      vertex 63 10.534 1.6
      vertex 61.1 11.4 1.6
      vertex 60.05 9.58135 1.6
    endloop
  endfacet
  facet normal 0 0 1
    outer loop
      vertex 63 10.534 1.6
      vertex 60.05 9.58135 1.6
      vertex 63 6.1 1.6
    endloop
  endfacet
  facet normal 0 0 1
    outer loop
      vertex 58 6.1 1.6
      vertex 60.05 9.58135 1.6
      vertex 58 9.58135 1.6
    endloop
  endfacet
  facet normal 0 0 1
    outer loop
      vertex 60.05 9.58135 1.6
      vertex 58 6.1 1.6
      vertex 63 6.1 1.6
    endloop
  endfacet
  facet normal -0 0 1
    outer loop
      vertex 58 35.2404 1.6
      vertex 60.05 32.7067 1.6
      vertex 58.3 35.76 1.6
    endloop
  endfacet
  facet normal 0 0 1
    outer loop
      vertex 60.05 32.7067 1.6
      vertex 58 35.2404 1.6
      vertex 58 32.7067 1.6
    endloop
  endfacet
  facet normal -0 0 1
    outer loop
      vertex 58 25.4964 1.6
      vertex 60.05 22.9627 1.6
      vertex 58.3 26.016 1.6
    endloop
  endfacet
  facet normal 0 0 1
    outer loop
      vertex 60.05 22.9627 1.6
      vertex 58 25.4964 1.6
      vertex 58 22.9627 1.6
    endloop
  endfacet
  facet normal -0 0 1
    outer loop
      vertex 58 15.7524 1.6
      vertex 60.05 13.2187 1.6
      vertex 58.3 16.272 1.6
    endloop
  endfacet
  facet normal 0 0 1
    outer loop
      vertex 60.05 13.2187 1.6
      vertex 58 15.7524 1.6
      vertex 58 13.2187 1.6
    endloop
  endfacet
  facet normal 0 0 1
    outer loop
      vertex 20.4 44.7 1.6
      vertex 19.85 16.0907 1.6
      vertex 20.4 15.138 1.6
    endloop
  endfacet
  facet normal 0 0 1
    outer loop
      vertex 20.4 44.7 1.6
      vertex 18.1 19.144 1.6
      vertex 19.85 16.0907 1.6
    endloop
  endfacet
  facet normal 0 0 1
    outer loop
      vertex 20.4 44.7 1.6
      vertex 17.05 20.9627 1.6
      vertex 18.1 19.144 1.6
    endloop
  endfacet
  facet normal 0 0 1
    outer loop
      vertex 20.4 44.7 1.6
      vertex 14.95 20.9627 1.6
      vertex 17.05 20.9627 1.6
    endloop
  endfacet
  facet normal -0 0 1
    outer loop
      vertex 10 44.7 1.6
      vertex 14.95 20.9627 1.6
      vertex 20.4 44.7 1.6
    endloop
  endfacet
  facet normal 0 0 1
    outer loop
      vertex 14.95 20.9627 1.6
      vertex 11.45 20.9627 1.6
      vertex 13.9 19.144 1.6
    endloop
  endfacet
  facet normal 0 0 1
    outer loop
      vertex 13.9 19.144 1.6
      vertex 11.45 20.9627 1.6
      vertex 12.5 19.144 1.6
    endloop
  endfacet
  facet normal 0 0 1
    outer loop
      vertex 14.95 20.9627 1.6
      vertex 10 44.7 1.6
      vertex 11.45 20.9627 1.6
    endloop
  endfacet
  facet normal 0 0 1
    outer loop
      vertex 11.45 20.9627 1.6
      vertex 10 44.7 1.6
      vertex 10 20.9627 1.6
    endloop
  endfacet
  facet normal -0 0 1
    outer loop
      vertex 17.05 17.3253 1.6
      vertex 19.85 16.0907 1.6
      vertex 18.1 19.144 1.6
    endloop
  endfacet
  facet normal 0 0 1
    outer loop
      vertex 19.85 16.0907 1.6
      vertex 17.05 17.3253 1.6
      vertex 17.75 16.0907 1.6
    endloop
  endfacet
  facet normal 0 0 1
    outer loop
      vertex 14.25 16.0907 1.6
      vertex 17.75 16.0907 1.6
      vertex 17.05 17.3253 1.6
    endloop
  endfacet
  facet normal 0 0 1
    outer loop
      vertex 17.75 16.0907 1.6
      vertex 15.3 14.272 1.6
      vertex 16.7 14.272 1.6
    endloop
  endfacet
  facet normal 0 0 1
    outer loop
      vertex 14.25 16.0907 1.6
      vertex 17.05 17.3253 1.6
      vertex 14.95 17.3253 1.6
    endloop
  endfacet
  facet normal 0 0 1
    outer loop
      vertex 17.75 16.0907 1.6
      vertex 14.25 16.0907 1.6
      vertex 15.3 14.272 1.6
    endloop
  endfacet
  facet normal -0 0 1
    outer loop
      vertex 12.5 19.144 1.6
      vertex 14.95 17.3253 1.6
      vertex 13.9 19.144 1.6
    endloop
  endfacet
  facet normal 0 0 1
    outer loop
      vertex 11.45 17.3253 1.6
      vertex 14.95 17.3253 1.6
      vertex 12.5 19.144 1.6
    endloop
  endfacet
  facet normal 0 0 1
    outer loop
      vertex 14.95 17.3253 1.6
      vertex 11.45 17.3253 1.6
      vertex 14.25 16.0907 1.6
    endloop
  endfacet
  facet normal 0 0 1
    outer loop
      vertex 14.25 16.0907 1.6
      vertex 11.45 17.3253 1.6
      vertex 12.15 16.0907 1.6
    endloop
  endfacet
  facet normal -0 0 1
    outer loop
      vertex 10 17.3253 1.6
      vertex 12.15 16.0907 1.6
      vertex 11.45 17.3253 1.6
    endloop
  endfacet
  facet normal 0 0 1
    outer loop
      vertex 12.15 16.0907 1.6
      vertex 10 17.3253 1.6
      vertex 11.1 14.272 1.6
    endloop
  endfacet
  facet normal 0 0 1
    outer loop
      vertex 17.05 11.2187 1.6
      vertex 19.85 12.4533 1.6
      vertex 17.75 12.4533 1.6
    endloop
  endfacet
  facet normal 0 0 1
    outer loop
      vertex 19.85 12.4533 1.6
      vertex 17.05 11.2187 1.6
      vertex 18.1 9.4 1.6
    endloop
  endfacet
  facet normal -0 0 1
    outer loop
      vertex 15.3 14.272 1.6
      vertex 17.75 12.4533 1.6
      vertex 16.7 14.272 1.6
    endloop
  endfacet
  facet normal 0 0 1
    outer loop
      vertex 14.25 12.4533 1.6
      vertex 17.75 12.4533 1.6
      vertex 15.3 14.272 1.6
    endloop
  endfacet
  facet normal 0 0 1
    outer loop
      vertex 17.75 12.4533 1.6
      vertex 14.25 12.4533 1.6
      vertex 17.05 11.2187 1.6
    endloop
  endfacet
  facet normal 0 0 1
    outer loop
      vertex 17.05 11.2187 1.6
      vertex 14.25 12.4533 1.6
      vertex 14.95 11.2187 1.6
    endloop
  endfacet
  facet normal 0 0 1
    outer loop
      vertex 11.45 11.2187 1.6
      vertex 14.95 11.2187 1.6
      vertex 14.25 12.4533 1.6
    endloop
  endfacet
  facet normal 0 0 1
    outer loop
      vertex 14.95 11.2187 1.6
      vertex 12.5 9.4 1.6
      vertex 13.9 9.4 1.6
    endloop
  endfacet
  facet normal 0 0 1
    outer loop
      vertex 11.45 11.2187 1.6
      vertex 14.25 12.4533 1.6
      vertex 12.15 12.4533 1.6
    endloop
  endfacet
  facet normal 0 0 1
    outer loop
      vertex 14.95 11.2187 1.6
      vertex 11.45 11.2187 1.6
      vertex 12.5 9.4 1.6
    endloop
  endfacet
  facet normal 0 0 1
    outer loop
      vertex 10 11.2187 1.6
      vertex 12.15 12.4533 1.6
      vertex 11.1 14.272 1.6
    endloop
  endfacet
  facet normal 0 0 1
    outer loop
      vertex 10 11.2187 1.6
      vertex 11.1 14.272 1.6
      vertex 10 17.3253 1.6
    endloop
  endfacet
  facet normal 0 0 1
    outer loop
      vertex 12.15 12.4533 1.6
      vertex 10 11.2187 1.6
      vertex 11.45 11.2187 1.6
    endloop
  endfacet
  facet normal -0 0 1
    outer loop
      vertex 19.85 12.4533 1.6
      vertex 20.4 6.1 1.6
      vertex 20.4 13.406 1.6
    endloop
  endfacet
  facet normal -0 0 1
    outer loop
      vertex 18.1 9.4 1.6
      vertex 20.4 6.1 1.6
      vertex 19.85 12.4533 1.6
    endloop
  endfacet
  facet normal -0 0 1
    outer loop
      vertex 17.05 7.58135 1.6
      vertex 20.4 6.1 1.6
      vertex 18.1 9.4 1.6
    endloop
  endfacet
  facet normal -0 0 1
    outer loop
      vertex 14.95 7.58135 1.6
      vertex 20.4 6.1 1.6
      vertex 17.05 7.58135 1.6
    endloop
  endfacet
  facet normal -0 0 1
    outer loop
      vertex 12.5 9.4 1.6
      vertex 14.95 7.58135 1.6
      vertex 13.9 9.4 1.6
    endloop
  endfacet
  facet normal 0 0 1
    outer loop
      vertex 11.45 7.58135 1.6
      vertex 14.95 7.58135 1.6
      vertex 12.5 9.4 1.6
    endloop
  endfacet
  facet normal 0 0 1
    outer loop
      vertex 10 6.1 1.6
      vertex 14.95 7.58135 1.6
      vertex 11.45 7.58135 1.6
    endloop
  endfacet
  facet normal 0 0 1
    outer loop
      vertex 10 6.1 1.6
      vertex 11.45 7.58135 1.6
      vertex 10 7.58135 1.6
    endloop
  endfacet
  facet normal 0 0 1
    outer loop
      vertex 14.95 7.58135 1.6
      vertex 10 6.1 1.6
      vertex 20.4 6.1 1.6
    endloop
  endfacet
  facet normal -0 0 1
    outer loop
      vertex 22 44.7 1.6
      vertex 32.4 6.1 1.6
      vertex 32.4 44.7 1.6
    endloop
  endfacet
  facet normal 0 0 1
    outer loop
      vertex 32.4 6.1 1.6
      vertex 22 44.7 1.6
      vertex 22 6.1 1.6
    endloop
  endfacet
  facet normal -0 0 1
    outer loop
      vertex 34 44.7 1.6
      vertex 44.4 6.1 1.6
      vertex 44.4 44.7 1.6
    endloop
  endfacet
  facet normal 0 0 1
    outer loop
      vertex 44.4 6.1 1.6
      vertex 34 44.7 1.6
      vertex 34 6.1 1.6
    endloop
  endfacet
  facet normal 0.980777 0.195131 0
    outer loop
      vertex 2.46815 3.88236 11.6
      vertex 2.4171 4.13895 1.6
      vertex 2.4171 4.13895 11.6
    endloop
  endfacet
  facet normal 0.980777 0.195131 0
    outer loop
      vertex 2.4171 4.13895 1.6
      vertex 2.46815 3.88236 11.6
      vertex 2.46815 3.88236 1.6
    endloop
  endfacet
  facet normal 0.980777 0.195131 0
    outer loop
      vertex 2.46815 3.88236 20.5
      vertex 2.4171 4.13895 13.1
      vertex 2.4171 4.13895 20.5
    endloop
  endfacet
  facet normal 0.980777 0.195131 0
    outer loop
      vertex 2.4171 4.13895 13.1
      vertex 2.46815 3.88236 20.5
      vertex 2.46815 3.88236 13.1
    endloop
  endfacet
  facet normal 0.896883 0.442268 0
    outer loop
      vertex 2.66794 3.4 11.6
      vertex 2.55224 3.63463 1.6
      vertex 2.55224 3.63463 11.6
    endloop
  endfacet
  facet normal 0.896883 0.442268 0
    outer loop
      vertex 2.55224 3.63463 1.6
      vertex 2.66794 3.4 11.6
      vertex 2.66794 3.4 1.6
    endloop
  endfacet
  facet normal 0.896883 0.442268 0
    outer loop
      vertex 2.66794 3.4 20.5
      vertex 2.55224 3.63463 13.1
      vertex 2.55224 3.63463 20.5
    endloop
  endfacet
  facet normal 0.896883 0.442268 0
    outer loop
      vertex 2.55224 3.63463 13.1
      vertex 2.66794 3.4 20.5
      vertex 2.66794 3.4 13.1
    endloop
  endfacet
  facet normal -0.831379 0.555705 0
    outer loop
      vertex 77.9867 3.18247 1.6
      vertex 78.1321 3.4 11.6
      vertex 78.1321 3.4 1.6
    endloop
  endfacet
  facet normal -0.831379 0.555705 0
    outer loop
      vertex 78.1321 3.4 11.6
      vertex 77.9867 3.18247 1.6
      vertex 77.9867 3.18247 11.6
    endloop
  endfacet
  facet normal -0.831379 0.555705 0
    outer loop
      vertex 77.9867 3.18247 13.1
      vertex 78.1321 3.4 20.5
      vertex 78.1321 3.4 13.1
    endloop
  endfacet
  facet normal -0.831379 0.555705 0
    outer loop
      vertex 78.1321 3.4 20.5
      vertex 77.9867 3.18247 13.1
      vertex 77.9867 3.18247 20.5
    endloop
  endfacet
  facet normal -0.896883 0.442268 0
    outer loop
      vertex 78.1321 3.4 1.6
      vertex 78.2478 3.63463 11.6
      vertex 78.2478 3.63463 1.6
    endloop
  endfacet
  facet normal -0.896883 0.442268 0
    outer loop
      vertex 78.2478 3.63463 11.6
      vertex 78.1321 3.4 1.6
      vertex 78.1321 3.4 11.6
    endloop
  endfacet
  facet normal -0.896883 0.442268 0
    outer loop
      vertex 78.1321 3.4 13.1
      vertex 78.2478 3.63463 20.5
      vertex 78.2478 3.63463 13.1
    endloop
  endfacet
  facet normal -0.896883 0.442268 0
    outer loop
      vertex 78.2478 3.63463 20.5
      vertex 78.1321 3.4 13.1
      vertex 78.1321 3.4 20.5
    endloop
  endfacet
  facet normal 1 0 0
    outer loop
      vertex 33.4 1.2 21.7
      vertex 33.4 0 21.7
      vertex 33.4 1.2 20.5
    endloop
  endfacet
  facet normal 1 -0 0
    outer loop
      vertex 33.4 1.2 20.5
      vertex 33.4 2.4 14.1
      vertex 33.4 2.4 20.5
    endloop
  endfacet
  facet normal 1 0 0
    outer loop
      vertex 33.4 0 14.1
      vertex 33.4 1.2 20.5
      vertex 33.4 0 21.7
    endloop
  endfacet
  facet normal 1 0 0
    outer loop
      vertex 33.4 1.2 20.5
      vertex 33.4 0 14.1
      vertex 33.4 2.4 14.1
    endloop
  endfacet
  facet normal -1 0 0
    outer loop
      vertex 47.4 2.4 14.1
      vertex 47.4 1.2 20.5
      vertex 47.4 2.4 20.5
    endloop
  endfacet
  facet normal -1 0 0
    outer loop
      vertex 47.4 0 14.1
      vertex 47.4 1.2 20.5
      vertex 47.4 2.4 14.1
    endloop
  endfacet
  facet normal -1 0 0
    outer loop
      vertex 47.4 0 21.7
      vertex 47.4 1.2 20.5
      vertex 47.4 0 14.1
    endloop
  endfacet
  facet normal -1 0 0
    outer loop
      vertex 47.4 1.2 20.5
      vertex 47.4 0 21.7
      vertex 47.4 1.2 21.7
    endloop
  endfacet
  facet normal -0 0 1
    outer loop
      vertex 33.4 2.4 14.1
      vertex 47.4 0 14.1
      vertex 47.4 2.4 14.1
    endloop
  endfacet
  facet normal 0 0 1
    outer loop
      vertex 47.4 0 14.1
      vertex 33.4 2.4 14.1
      vertex 33.4 0 14.1
    endloop
  endfacet
  facet normal 1 0 0
    outer loop
      vertex 32.9 49.6 20.5
      vertex 32.9 50.8 21.7
      vertex 32.9 49.6 21.7
    endloop
  endfacet
  facet normal 1 0 0
    outer loop
      vertex 32.9 50.8 21.7
      vertex 32.9 49.6 20.5
      vertex 32.9 50.8 13.9
    endloop
  endfacet
  facet normal 1 0 0
    outer loop
      vertex 32.9 48.4 13.9
      vertex 32.9 49.6 20.5
      vertex 32.9 48.4 20.5
    endloop
  endfacet
  facet normal 1 0 0
    outer loop
      vertex 32.9 49.6 20.5
      vertex 32.9 48.4 13.9
      vertex 32.9 50.8 13.9
    endloop
  endfacet
  facet normal -1 0 0
    outer loop
      vertex 47.9 50.8 13.9
      vertex 47.9 49.6 20.5
      vertex 47.9 50.8 21.7
    endloop
  endfacet
  facet normal -1 0 0
    outer loop
      vertex 47.9 48.4 13.9
      vertex 47.9 49.6 20.5
      vertex 47.9 50.8 13.9
    endloop
  endfacet
  facet normal -1 -0 0
    outer loop
      vertex 47.9 49.6 20.5
      vertex 47.9 48.4 13.9
      vertex 47.9 48.4 20.5
    endloop
  endfacet
  facet normal -1 -0 0
    outer loop
      vertex 47.9 50.8 21.7
      vertex 47.9 49.6 20.5
      vertex 47.9 49.6 21.7
    endloop
  endfacet
  facet normal -0 0 1
    outer loop
      vertex 32.9 50.8 13.9
      vertex 47.9 48.4 13.9
      vertex 47.9 50.8 13.9
    endloop
  endfacet
  facet normal 0 0 1
    outer loop
      vertex 47.9 48.4 13.9
      vertex 32.9 50.8 13.9
      vertex 32.9 48.4 13.9
    endloop
  endfacet
  facet normal -0.321418 0.946937 0
    outer loop
      vertex 77.995 1.39792 20.5
      vertex 77.6729 1.28859 21.7
      vertex 77.995 1.39792 21.7
    endloop
  endfacet
  facet normal -0.321418 0.946937 0
    outer loop
      vertex 77.6729 1.28859 21.7
      vertex 77.995 1.39792 20.5
      vertex 77.6729 1.28859 20.5
    endloop
  endfacet
  facet normal 0.194951 -0.980813 0
    outer loop
      vertex 3.12708 49.5114 20.5
      vertex 3.46064 49.5777 21.7
      vertex 3.12708 49.5114 21.7
    endloop
  endfacet
  facet normal 0.194951 -0.980813 0
    outer loop
      vertex 3.46064 49.5777 21.7
      vertex 3.12708 49.5114 20.5
      vertex 3.46064 49.5777 20.5
    endloop
  endfacet
  facet normal -0.195098 0.980784 0
    outer loop
      vertex 77.6729 1.28859 20.5
      vertex 77.3394 1.22225 21.7
      vertex 77.6729 1.28859 21.7
    endloop
  endfacet
  facet normal -0.195098 0.980784 0
    outer loop
      vertex 77.3394 1.22225 21.7
      vertex 77.6729 1.28859 20.5
      vertex 77.3394 1.22225 20.5
    endloop
  endfacet
  facet normal -0.55565 -0.831417 0
    outer loop
      vertex 78.3 49.2517 20.5
      vertex 78.5828 49.0627 21.7
      vertex 78.3 49.2517 21.7
    endloop
  endfacet
  facet normal -0.55565 -0.831417 -0
    outer loop
      vertex 78.5828 49.0627 21.7
      vertex 78.3 49.2517 20.5
      vertex 78.5828 49.0627 20.5
    endloop
  endfacet
  facet normal 0.555589 0.831457 -0
    outer loop
      vertex 2.5 1.54834 20.5
      vertex 2.21723 1.73729 21.7
      vertex 2.5 1.54834 21.7
    endloop
  endfacet
  facet normal 0.555589 0.831457 0
    outer loop
      vertex 2.21723 1.73729 21.7
      vertex 2.5 1.54834 20.5
      vertex 2.21723 1.73729 20.5
    endloop
  endfacet
  facet normal -0.997848 0.0655686 0
    outer loop
      vertex 79.5777 3.46064 20.5
      vertex 79.6 3.80001 21.7
      vertex 79.6 3.80001 20.5
    endloop
  endfacet
  facet normal -0.997848 0.0655686 0
    outer loop
      vertex 79.6 3.80001 21.7
      vertex 79.5777 3.46064 20.5
      vertex 79.5777 3.46064 21.7
    endloop
  endfacet
  facet normal 0.997858 -0.0654164 0
    outer loop
      vertex 1.2 47 21.7
      vertex 1.22225 47.3394 20.5
      vertex 1.22225 47.3394 21.7
    endloop
  endfacet
  facet normal 0.997858 -0.0654164 0
    outer loop
      vertex 1.22225 47.3394 20.5
      vertex 1.2 47 21.7
      vertex 1.2 47 20.5
    endloop
  endfacet
  facet normal 1 -0 0
    outer loop
      vertex 1.2 3.80001 21.7
      vertex 1.2 47 20.5
      vertex 1.2 47 21.7
    endloop
  endfacet
  facet normal 1 0 0
    outer loop
      vertex 1.2 47 20.5
      vertex 1.2 3.80001 21.7
      vertex 1.2 3.80001 20.5
    endloop
  endfacet
  facet normal 0 1 -0
    outer loop
      vertex 67.4 1.2 20.5
      vertex 65.9 1.2 20.7
      vertex 67.4 1.2 20.7
    endloop
  endfacet
  facet normal 0 1 0
    outer loop
      vertex 65.9 1.2 20.7
      vertex 67.4 1.2 20.5
      vertex 65.9 1.2 20.5
    endloop
  endfacet
  facet normal 0 1 -0
    outer loop
      vertex 71.9 1.2 20.5
      vertex 70.4 1.2 20.7
      vertex 71.9 1.2 20.7
    endloop
  endfacet
  facet normal 0 1 0
    outer loop
      vertex 70.4 1.2 20.7
      vertex 71.9 1.2 20.5
      vertex 70.4 1.2 20.5
    endloop
  endfacet
  facet normal 0 1 0
    outer loop
      vertex 71.9 1.2 20.7
      vertex 77 1.2 21.7
      vertex 74.9 1.2 20.7
    endloop
  endfacet
  facet normal 0 1 -0
    outer loop
      vertex 77 1.2 20.5
      vertex 74.9 1.2 20.7
      vertex 77 1.2 21.7
    endloop
  endfacet
  facet normal 0 1 0
    outer loop
      vertex 74.9 1.2 20.7
      vertex 77 1.2 20.5
      vertex 74.9 1.2 20.5
    endloop
  endfacet
  facet normal 0 1 0
    outer loop
      vertex 70.4 1.2 20.7
      vertex 77 1.2 21.7
      vertex 71.9 1.2 20.7
    endloop
  endfacet
  facet normal 0 1 0
    outer loop
      vertex 67.4 1.2 20.7
      vertex 77 1.2 21.7
      vertex 70.4 1.2 20.7
    endloop
  endfacet
  facet normal 0 1 0
    outer loop
      vertex 65.9 1.2 20.7
      vertex 77 1.2 21.7
      vertex 67.4 1.2 20.7
    endloop
  endfacet
  facet normal 0 1 0
    outer loop
      vertex 62.9 1.2 20.7
      vertex 77 1.2 21.7
      vertex 65.9 1.2 20.7
    endloop
  endfacet
  facet normal 0 1 0
    outer loop
      vertex 77 1.2 21.7
      vertex 62.9 1.2 20.7
      vertex 47.4 1.2 21.7
    endloop
  endfacet
  facet normal 0 1 0
    outer loop
      vertex 47.4 1.2 20.5
      vertex 62.9 1.2 20.7
      vertex 62.9 1.2 20.5
    endloop
  endfacet
  facet normal 0 1 0
    outer loop
      vertex 62.9 1.2 20.7
      vertex 47.4 1.2 20.5
      vertex 47.4 1.2 21.7
    endloop
  endfacet
  facet normal 0 1 -0
    outer loop
      vertex 33.4 1.2 20.5
      vertex 3.80001 1.2 21.7
      vertex 33.4 1.2 21.7
    endloop
  endfacet
  facet normal 0 1 0
    outer loop
      vertex 3.80001 1.2 21.7
      vertex 33.4 1.2 20.5
      vertex 3.80001 1.2 20.5
    endloop
  endfacet
  facet normal -0.0655628 -0.997848 0
    outer loop
      vertex 77 49.6 20.5
      vertex 77.3394 49.5777 21.7
      vertex 77 49.6 21.7
    endloop
  endfacet
  facet normal -0.0655628 -0.997848 -0
    outer loop
      vertex 77.3394 49.5777 21.7
      vertex 77 49.6 20.5
      vertex 77.3394 49.5777 20.5
    endloop
  endfacet
  facet normal 0 -1 0
    outer loop
      vertex 66.4 49.6 20.5
      vertex 67.9 49.6 20.7
      vertex 66.4 49.6 20.7
    endloop
  endfacet
  facet normal 0 -1 -0
    outer loop
      vertex 67.9 49.6 20.7
      vertex 66.4 49.6 20.5
      vertex 67.9 49.6 20.5
    endloop
  endfacet
  facet normal 0 -1 0
    outer loop
      vertex 61.9 49.6 20.5
      vertex 63.4 49.6 20.7
      vertex 61.9 49.6 20.7
    endloop
  endfacet
  facet normal 0 -1 -0
    outer loop
      vertex 63.4 49.6 20.7
      vertex 61.9 49.6 20.5
      vertex 63.4 49.6 20.5
    endloop
  endfacet
  facet normal 0 -1 0
    outer loop
      vertex 57.4 49.6 20.5
      vertex 58.9 49.6 20.7
      vertex 57.4 49.6 20.7
    endloop
  endfacet
  facet normal 0 -1 -0
    outer loop
      vertex 58.9 49.6 20.7
      vertex 57.4 49.6 20.5
      vertex 58.9 49.6 20.5
    endloop
  endfacet
  facet normal 0 -1 0
    outer loop
      vertex 52.9 49.6 20.5
      vertex 54.4 49.6 20.7
      vertex 52.9 49.6 20.7
    endloop
  endfacet
  facet normal 0 -1 -0
    outer loop
      vertex 54.4 49.6 20.7
      vertex 52.9 49.6 20.5
      vertex 54.4 49.6 20.5
    endloop
  endfacet
  facet normal 0 -1 0
    outer loop
      vertex 52.9 49.6 20.7
      vertex 47.9 49.6 21.7
      vertex 49.9 49.6 20.7
    endloop
  endfacet
  facet normal 0 -1 0
    outer loop
      vertex 47.9 49.6 20.5
      vertex 49.9 49.6 20.7
      vertex 47.9 49.6 21.7
    endloop
  endfacet
  facet normal 0 -1 -0
    outer loop
      vertex 49.9 49.6 20.7
      vertex 47.9 49.6 20.5
      vertex 49.9 49.6 20.5
    endloop
  endfacet
  facet normal 0 -1 0
    outer loop
      vertex 54.4 49.6 20.7
      vertex 47.9 49.6 21.7
      vertex 52.9 49.6 20.7
    endloop
  endfacet
  facet normal 0 -1 0
    outer loop
      vertex 57.4 49.6 20.7
      vertex 47.9 49.6 21.7
      vertex 54.4 49.6 20.7
    endloop
  endfacet
  facet normal 0 -1 0
    outer loop
      vertex 58.9 49.6 20.7
      vertex 47.9 49.6 21.7
      vertex 57.4 49.6 20.7
    endloop
  endfacet
  facet normal 0 -1 0
    outer loop
      vertex 61.9 49.6 20.7
      vertex 47.9 49.6 21.7
      vertex 58.9 49.6 20.7
    endloop
  endfacet
  facet normal 0 -1 0
    outer loop
      vertex 47.9 49.6 21.7
      vertex 61.9 49.6 20.7
      vertex 77 49.6 21.7
    endloop
  endfacet
  facet normal 0 -1 0
    outer loop
      vertex 63.4 49.6 20.7
      vertex 77 49.6 21.7
      vertex 61.9 49.6 20.7
    endloop
  endfacet
  facet normal 0 -1 0
    outer loop
      vertex 66.4 49.6 20.7
      vertex 77 49.6 21.7
      vertex 63.4 49.6 20.7
    endloop
  endfacet
  facet normal 0 -1 0
    outer loop
      vertex 67.9 49.6 20.7
      vertex 77 49.6 21.7
      vertex 66.4 49.6 20.7
    endloop
  endfacet
  facet normal 0 -1 0
    outer loop
      vertex 70.9 49.6 20.7
      vertex 77 49.6 21.7
      vertex 67.9 49.6 20.7
    endloop
  endfacet
  facet normal 0 -1 0
    outer loop
      vertex 77 49.6 20.5
      vertex 70.9 49.6 20.7
      vertex 70.9 49.6 20.5
    endloop
  endfacet
  facet normal 0 -1 0
    outer loop
      vertex 70.9 49.6 20.7
      vertex 77 49.6 20.5
      vertex 77 49.6 21.7
    endloop
  endfacet
  facet normal 0 -1 0
    outer loop
      vertex 3.80001 49.6 20.5
      vertex 32.9 49.6 21.7
      vertex 3.80001 49.6 21.7
    endloop
  endfacet
  facet normal 0 -1 -0
    outer loop
      vertex 32.9 49.6 21.7
      vertex 3.80001 49.6 20.5
      vertex 32.9 49.6 20.5
    endloop
  endfacet
  facet normal -1 0 0
    outer loop
      vertex 79.6 8.4 20.5
      vertex 79.6 3.80001 20.5
      vertex 79.6 8.4 20.7
    endloop
  endfacet
  facet normal -1 0 0
    outer loop
      vertex 79.6 12.9 20.5
      vertex 79.6 11.4 20.5
      vertex 79.6 12.9 20.7
    endloop
  endfacet
  facet normal -1 0 0
    outer loop
      vertex 79.6 17.4 20.5
      vertex 79.6 15.9 20.5
      vertex 79.6 17.4 20.7
    endloop
  endfacet
  facet normal -1 0 0
    outer loop
      vertex 79.6 21.9 20.5
      vertex 79.6 20.4 20.5
      vertex 79.6 21.9 20.7
    endloop
  endfacet
  facet normal -1 0 0
    outer loop
      vertex 79.6 26.4 20.5
      vertex 79.6 24.9 20.5
      vertex 79.6 26.4 20.7
    endloop
  endfacet
  facet normal -1 0 0
    outer loop
      vertex 79.6 30.9 20.5
      vertex 79.6 29.4 20.5
      vertex 79.6 30.9 20.7
    endloop
  endfacet
  facet normal -1 0 0
    outer loop
      vertex 79.6 35.4 20.5
      vertex 79.6 33.9 20.5
      vertex 79.6 35.4 20.7
    endloop
  endfacet
  facet normal -1 0 0
    outer loop
      vertex 79.6 39.9 20.5
      vertex 79.6 38.4 20.5
      vertex 79.6 39.9 20.7
    endloop
  endfacet
  facet normal -1 0 0
    outer loop
      vertex 79.6 42.9 20.7
      vertex 79.6 47 20.5
      vertex 79.6 42.9 20.5
    endloop
  endfacet
  facet normal -1 0 0
    outer loop
      vertex 79.6 47 20.5
      vertex 79.6 42.9 20.7
      vertex 79.6 47 21.7
    endloop
  endfacet
  facet normal -1 0 0
    outer loop
      vertex 79.6 39.9 20.7
      vertex 79.6 47 21.7
      vertex 79.6 42.9 20.7
    endloop
  endfacet
  facet normal -1 0 0
    outer loop
      vertex 79.6 38.4 20.7
      vertex 79.6 39.9 20.7
      vertex 79.6 38.4 20.5
    endloop
  endfacet
  facet normal -1 0 0
    outer loop
      vertex 79.6 39.9 20.7
      vertex 79.6 38.4 20.7
      vertex 79.6 47 21.7
    endloop
  endfacet
  facet normal -1 0 0
    outer loop
      vertex 79.6 35.4 20.7
      vertex 79.6 47 21.7
      vertex 79.6 38.4 20.7
    endloop
  endfacet
  facet normal -1 0 0
    outer loop
      vertex 79.6 33.9 20.7
      vertex 79.6 35.4 20.7
      vertex 79.6 33.9 20.5
    endloop
  endfacet
  facet normal -1 0 0
    outer loop
      vertex 79.6 33.9 20.7
      vertex 79.6 47 21.7
      vertex 79.6 35.4 20.7
    endloop
  endfacet
  facet normal -1 0 0
    outer loop
      vertex 79.6 30.9 20.7
      vertex 79.6 47 21.7
      vertex 79.6 33.9 20.7
    endloop
  endfacet
  facet normal -1 0 0
    outer loop
      vertex 79.6 29.4 20.7
      vertex 79.6 30.9 20.7
      vertex 79.6 29.4 20.5
    endloop
  endfacet
  facet normal -1 0 0
    outer loop
      vertex 79.6 29.4 20.7
      vertex 79.6 47 21.7
      vertex 79.6 30.9 20.7
    endloop
  endfacet
  facet normal -1 0 0
    outer loop
      vertex 79.6 26.4 20.7
      vertex 79.6 47 21.7
      vertex 79.6 29.4 20.7
    endloop
  endfacet
  facet normal -1 0 0
    outer loop
      vertex 79.6 24.9 20.7
      vertex 79.6 26.4 20.7
      vertex 79.6 24.9 20.5
    endloop
  endfacet
  facet normal -1 0 0
    outer loop
      vertex 79.6 24.9 20.7
      vertex 79.6 47 21.7
      vertex 79.6 26.4 20.7
    endloop
  endfacet
  facet normal -1 0 0
    outer loop
      vertex 79.6 21.9 20.7
      vertex 79.6 47 21.7
      vertex 79.6 24.9 20.7
    endloop
  endfacet
  facet normal -1 0 0
    outer loop
      vertex 79.6 20.4 20.7
      vertex 79.6 21.9 20.7
      vertex 79.6 20.4 20.5
    endloop
  endfacet
  facet normal -1 0 0
    outer loop
      vertex 79.6 3.80001 21.7
      vertex 79.6 21.9 20.7
      vertex 79.6 20.4 20.7
    endloop
  endfacet
  facet normal -1 0 0
    outer loop
      vertex 79.6 3.80001 21.7
      vertex 79.6 20.4 20.7
      vertex 79.6 17.4 20.7
    endloop
  endfacet
  facet normal -1 0 0
    outer loop
      vertex 79.6 15.9 20.7
      vertex 79.6 17.4 20.7
      vertex 79.6 15.9 20.5
    endloop
  endfacet
  facet normal -1 0 0
    outer loop
      vertex 79.6 3.80001 21.7
      vertex 79.6 17.4 20.7
      vertex 79.6 15.9 20.7
    endloop
  endfacet
  facet normal -1 0 0
    outer loop
      vertex 79.6 3.80001 21.7
      vertex 79.6 15.9 20.7
      vertex 79.6 12.9 20.7
    endloop
  endfacet
  facet normal -1 0 0
    outer loop
      vertex 79.6 11.4 20.7
      vertex 79.6 12.9 20.7
      vertex 79.6 11.4 20.5
    endloop
  endfacet
  facet normal -1 0 0
    outer loop
      vertex 79.6 3.80001 21.7
      vertex 79.6 12.9 20.7
      vertex 79.6 11.4 20.7
    endloop
  endfacet
  facet normal -1 0 0
    outer loop
      vertex 79.6 3.80001 21.7
      vertex 79.6 11.4 20.7
      vertex 79.6 8.4 20.7
    endloop
  endfacet
  facet normal -1 0 0
    outer loop
      vertex 79.6 21.9 20.7
      vertex 79.6 3.80001 21.7
      vertex 79.6 47 21.7
    endloop
  endfacet
  facet normal -1 0 0
    outer loop
      vertex 79.6 3.80001 21.7
      vertex 79.6 8.4 20.7
      vertex 79.6 3.80001 20.5
    endloop
  endfacet
  facet normal 0.751829 -0.659358 0
    outer loop
      vertex 1.73729 48.5828 21.7
      vertex 1.96154 48.8385 20.5
      vertex 1.96154 48.8385 21.7
    endloop
  endfacet
  facet normal 0.751829 -0.659358 0
    outer loop
      vertex 1.96154 48.8385 20.5
      vertex 1.73729 48.5828 21.7
      vertex 1.73729 48.5828 20.5
    endloop
  endfacet
  facet normal 0.442279 0.896878 -0
    outer loop
      vertex 2.80503 1.39792 20.5
      vertex 2.5 1.54834 21.7
      vertex 2.80503 1.39792 21.7
    endloop
  endfacet
  facet normal 0.442279 0.896878 0
    outer loop
      vertex 2.5 1.54834 21.7
      vertex 2.80503 1.39792 20.5
      vertex 2.5 1.54834 20.5
    endloop
  endfacet
  facet normal 0.195064 0.98079 -0
    outer loop
      vertex 3.46064 1.22225 20.5
      vertex 3.12708 1.28859 21.7
      vertex 3.46064 1.22225 21.7
    endloop
  endfacet
  facet normal 0.195064 0.98079 0
    outer loop
      vertex 3.12708 1.28859 21.7
      vertex 3.46064 1.22225 20.5
      vertex 3.12708 1.28859 20.5
    endloop
  endfacet
  facet normal -0.0654164 0.997858 0
    outer loop
      vertex 77.3394 1.22225 20.5
      vertex 77 1.2 21.7
      vertex 77.3394 1.22225 21.7
    endloop
  endfacet
  facet normal -0.0654164 0.997858 0
    outer loop
      vertex 77 1.2 21.7
      vertex 77.3394 1.22225 20.5
      vertex 77 1.2 20.5
    endloop
  endfacet
  facet normal -0.321339 -0.946964 0
    outer loop
      vertex 77.6729 49.5114 20.5
      vertex 77.995 49.4021 21.7
      vertex 77.6729 49.5114 21.7
    endloop
  endfacet
  facet normal -0.321339 -0.946964 -0
    outer loop
      vertex 77.995 49.4021 21.7
      vertex 77.6729 49.5114 20.5
      vertex 77.995 49.4021 20.5
    endloop
  endfacet
  facet normal -0.442267 -0.896884 0
    outer loop
      vertex 77.995 49.4021 20.5
      vertex 78.3 49.2517 21.7
      vertex 77.995 49.4021 21.7
    endloop
  endfacet
  facet normal -0.442267 -0.896884 -0
    outer loop
      vertex 78.3 49.2517 21.7
      vertex 77.995 49.4021 20.5
      vertex 78.3 49.2517 20.5
    endloop
  endfacet
  facet normal -0.194985 -0.980806 0
    outer loop
      vertex 77.3394 49.5777 20.5
      vertex 77.6729 49.5114 21.7
      vertex 77.3394 49.5777 21.7
    endloop
  endfacet
  facet normal -0.194985 -0.980806 -0
    outer loop
      vertex 77.6729 49.5114 21.7
      vertex 77.3394 49.5777 20.5
      vertex 77.6729 49.5114 20.5
    endloop
  endfacet
  facet normal 0.0655686 -0.997848 0
    outer loop
      vertex 3.46064 49.5777 20.5
      vertex 3.80001 49.6 21.7
      vertex 3.46064 49.5777 21.7
    endloop
  endfacet
  facet normal 0.0655686 -0.997848 0
    outer loop
      vertex 3.80001 49.6 21.7
      vertex 3.46064 49.5777 20.5
      vertex 3.80001 49.6 20.5
    endloop
  endfacet
  facet normal 0.442232 -0.896901 0
    outer loop
      vertex 2.5 49.2517 20.5
      vertex 2.80503 49.4021 21.7
      vertex 2.5 49.2517 21.7
    endloop
  endfacet
  facet normal 0.442232 -0.896901 0
    outer loop
      vertex 2.80503 49.4021 21.7
      vertex 2.5 49.2517 20.5
      vertex 2.80503 49.4021 20.5
    endloop
  endfacet
  facet normal 0.321383 -0.946949 0
    outer loop
      vertex 2.80503 49.4021 20.5
      vertex 3.12708 49.5114 21.7
      vertex 2.80503 49.4021 21.7
    endloop
  endfacet
  facet normal 0.321383 -0.946949 0
    outer loop
      vertex 3.12708 49.5114 21.7
      vertex 2.80503 49.4021 20.5
      vertex 3.12708 49.5114 20.5
    endloop
  endfacet
  facet normal 0.55569 -0.831389 0
    outer loop
      vertex 2.21723 49.0627 20.5
      vertex 2.5 49.2517 21.7
      vertex 2.21723 49.0627 21.7
    endloop
  endfacet
  facet normal 0.55569 -0.831389 0
    outer loop
      vertex 2.5 49.2517 21.7
      vertex 2.21723 49.0627 20.5
      vertex 2.5 49.2517 20.5
    endloop
  endfacet
  facet normal 0.946937 -0.321418 0
    outer loop
      vertex 1.28859 47.6729 21.7
      vertex 1.39792 47.995 20.5
      vertex 1.39792 47.995 21.7
    endloop
  endfacet
  facet normal 0.946937 -0.321418 0
    outer loop
      vertex 1.39792 47.995 20.5
      vertex 1.28859 47.6729 21.7
      vertex 1.28859 47.6729 20.5
    endloop
  endfacet
  facet normal 0.980784 -0.195098 0
    outer loop
      vertex 1.22225 47.3394 21.7
      vertex 1.28859 47.6729 20.5
      vertex 1.28859 47.6729 21.7
    endloop
  endfacet
  facet normal 0.980784 -0.195098 0
    outer loop
      vertex 1.28859 47.6729 20.5
      vertex 1.22225 47.3394 21.7
      vertex 1.22225 47.3394 20.5
    endloop
  endfacet
  facet normal 0.831484 -0.555548 0
    outer loop
      vertex 1.54834 48.3 21.7
      vertex 1.73729 48.5828 20.5
      vertex 1.73729 48.5828 21.7
    endloop
  endfacet
  facet normal 0.831484 -0.555548 0
    outer loop
      vertex 1.73729 48.5828 20.5
      vertex 1.54834 48.3 21.7
      vertex 1.54834 48.3 20.5
    endloop
  endfacet
  facet normal -0 0 1
    outer loop
      vertex 78.4 4.4 20.5
      vertex 79.6 3.80001 20.5
      vertex 79.6 8.4 20.5
    endloop
  endfacet
  facet normal -0 0 1
    outer loop
      vertex 78.3829 4.13895 20.5
      vertex 79.6 3.80001 20.5
      vertex 78.4 4.4 20.5
    endloop
  endfacet
  facet normal -0 0 1
    outer loop
      vertex 78.3319 3.88236 20.5
      vertex 79.6 3.80001 20.5
      vertex 78.3829 4.13895 20.5
    endloop
  endfacet
  facet normal 0 0 1
    outer loop
      vertex 79.6 3.80001 20.5
      vertex 78.3319 3.88236 20.5
      vertex 79.5777 3.46064 20.5
    endloop
  endfacet
  facet normal -0 0 1
    outer loop
      vertex 78.2478 3.63463 20.5
      vertex 79.5777 3.46064 20.5
      vertex 78.3319 3.88236 20.5
    endloop
  endfacet
  facet normal 0 0 1
    outer loop
      vertex 79.5777 3.46064 20.5
      vertex 78.2478 3.63463 20.5
      vertex 79.5114 3.12708 20.5
    endloop
  endfacet
  facet normal -0 0 1
    outer loop
      vertex 78.1321 3.4 20.5
      vertex 79.5114 3.12708 20.5
      vertex 78.2478 3.63463 20.5
    endloop
  endfacet
  facet normal 0 0 1
    outer loop
      vertex 78.4 4.4 20.5
      vertex 79.6 8.4 20.5
      vertex 78.4 8.4 20.5
    endloop
  endfacet
  facet normal 0 0 1
    outer loop
      vertex 79.5114 3.12708 20.5
      vertex 78.1321 3.4 20.5
      vertex 79.4021 2.80503 20.5
    endloop
  endfacet
  facet normal 0 0 1
    outer loop
      vertex 79.4021 2.80503 20.5
      vertex 78.1321 3.4 20.5
      vertex 79.2516 2.5 20.5
    endloop
  endfacet
  facet normal -0 0 1
    outer loop
      vertex 77.9867 3.18247 20.5
      vertex 79.2516 2.5 20.5
      vertex 78.1321 3.4 20.5
    endloop
  endfacet
  facet normal 0 0 1
    outer loop
      vertex 79.2516 2.5 20.5
      vertex 77.9867 3.18247 20.5
      vertex 79.0627 2.21723 20.5
    endloop
  endfacet
  facet normal -0 0 1
    outer loop
      vertex 77.8142 2.98578 20.5
      vertex 79.0627 2.21723 20.5
      vertex 77.9867 3.18247 20.5
    endloop
  endfacet
  facet normal 0 0 1
    outer loop
      vertex 79.0627 2.21723 20.5
      vertex 77.8142 2.98578 20.5
      vertex 78.8385 1.96154 20.5
    endloop
  endfacet
  facet normal 0 0 1
    outer loop
      vertex 78.8385 1.96154 20.5
      vertex 77.8142 2.98578 20.5
      vertex 78.5828 1.73729 20.5
    endloop
  endfacet
  facet normal -0 0 1
    outer loop
      vertex 77.6175 2.8133 20.5
      vertex 78.5828 1.73729 20.5
      vertex 77.8142 2.98578 20.5
    endloop
  endfacet
  facet normal 0 0 1
    outer loop
      vertex 78.5828 1.73729 20.5
      vertex 77.6175 2.8133 20.5
      vertex 78.3 1.54834 20.5
    endloop
  endfacet
  facet normal -0 0 1
    outer loop
      vertex 77.4 2.66794 20.5
      vertex 78.3 1.54834 20.5
      vertex 77.6175 2.8133 20.5
    endloop
  endfacet
  facet normal 0 0 1
    outer loop
      vertex 78.3 1.54834 20.5
      vertex 77.4 2.66794 20.5
      vertex 77.995 1.39792 20.5
    endloop
  endfacet
  facet normal 0 0 1
    outer loop
      vertex 77.995 1.39792 20.5
      vertex 77.4 2.66794 20.5
      vertex 77.6729 1.28859 20.5
    endloop
  endfacet
  facet normal -0 0 1
    outer loop
      vertex 77.1654 2.55224 20.5
      vertex 77.6729 1.28859 20.5
      vertex 77.4 2.66794 20.5
    endloop
  endfacet
  facet normal 0 0 1
    outer loop
      vertex 77.6729 1.28859 20.5
      vertex 77.1654 2.55224 20.5
      vertex 77.3394 1.22225 20.5
    endloop
  endfacet
  facet normal -0 0 1
    outer loop
      vertex 76.9176 2.46815 20.5
      vertex 77.3394 1.22225 20.5
      vertex 77.1654 2.55224 20.5
    endloop
  endfacet
  facet normal 0 0 1
    outer loop
      vertex 77.3394 1.22225 20.5
      vertex 76.9176 2.46815 20.5
      vertex 77 1.2 20.5
    endloop
  endfacet
  facet normal -0 0 1
    outer loop
      vertex 76.661 2.4171 20.5
      vertex 77 1.2 20.5
      vertex 76.9176 2.46815 20.5
    endloop
  endfacet
  facet normal -0 0 1
    outer loop
      vertex 76.4 2.4 20.5
      vertex 77 1.2 20.5
      vertex 76.661 2.4171 20.5
    endloop
  endfacet
  facet normal 0 0 1
    outer loop
      vertex 74.9 1.2 20.5
      vertex 76.4 2.4 20.5
      vertex 74.9 2.4 20.5
    endloop
  endfacet
  facet normal 0 0 1
    outer loop
      vertex 76.4 2.4 20.5
      vertex 74.9 1.2 20.5
      vertex 77 1.2 20.5
    endloop
  endfacet
  facet normal 0 0 1
    outer loop
      vertex 79.6 47 20.5
      vertex 78.3829 46.661 20.5
      vertex 78.4 46.4 20.5
    endloop
  endfacet
  facet normal 0 0 1
    outer loop
      vertex 78.8385 48.8385 20.5
      vertex 78.3319 46.9176 20.5
      vertex 78.3829 46.661 20.5
    endloop
  endfacet
  facet normal 0 0 1
    outer loop
      vertex 77.6175 47.9867 20.5
      vertex 78.5828 49.0627 20.5
      vertex 78.3 49.2517 20.5
    endloop
  endfacet
  facet normal 0 0 1
    outer loop
      vertex 78.8385 48.8385 20.5
      vertex 78.2478 47.1654 20.5
      vertex 78.3319 46.9176 20.5
    endloop
  endfacet
  facet normal 0 0 1
    outer loop
      vertex 78.8385 48.8385 20.5
      vertex 78.1321 47.4 20.5
      vertex 78.2478 47.1654 20.5
    endloop
  endfacet
  facet normal 0 0 1
    outer loop
      vertex 77.4 48.1321 20.5
      vertex 78.3 49.2517 20.5
      vertex 77.995 49.4021 20.5
    endloop
  endfacet
  facet normal 0 0 1
    outer loop
      vertex 78.8385 48.8385 20.5
      vertex 77.9867 47.6175 20.5
      vertex 78.1321 47.4 20.5
    endloop
  endfacet
  facet normal 0 0 1
    outer loop
      vertex 78.8385 48.8385 20.5
      vertex 77.8142 47.8142 20.5
      vertex 77.9867 47.6175 20.5
    endloop
  endfacet
  facet normal 0 0 1
    outer loop
      vertex 77.4 48.1321 20.5
      vertex 77.995 49.4021 20.5
      vertex 77.6729 49.5114 20.5
    endloop
  endfacet
  facet normal 0 0 1
    outer loop
      vertex 78.5828 49.0627 20.5
      vertex 77.6175 47.9867 20.5
      vertex 77.8142 47.8142 20.5
    endloop
  endfacet
  facet normal 0 0 1
    outer loop
      vertex 78.3 49.2517 20.5
      vertex 77.4 48.1321 20.5
      vertex 77.6175 47.9867 20.5
    endloop
  endfacet
  facet normal 0 0 1
    outer loop
      vertex 77.1654 48.2478 20.5
      vertex 77.6729 49.5114 20.5
      vertex 77.3394 49.5777 20.5
    endloop
  endfacet
  facet normal 0 0 1
    outer loop
      vertex 77.6729 49.5114 20.5
      vertex 77.1654 48.2478 20.5
      vertex 77.4 48.1321 20.5
    endloop
  endfacet
  facet normal 0 0 1
    outer loop
      vertex 76.9176 48.3319 20.5
      vertex 77.3394 49.5777 20.5
      vertex 77 49.6 20.5
    endloop
  endfacet
  facet normal 0 0 1
    outer loop
      vertex 77.3394 49.5777 20.5
      vertex 76.9176 48.3319 20.5
      vertex 77.1654 48.2478 20.5
    endloop
  endfacet
  facet normal 0 0 1
    outer loop
      vertex 77 49.6 20.5
      vertex 76.661 48.3829 20.5
      vertex 76.9176 48.3319 20.5
    endloop
  endfacet
  facet normal 0 0 1
    outer loop
      vertex 77 49.6 20.5
      vertex 76.4 48.4 20.5
      vertex 76.661 48.3829 20.5
    endloop
  endfacet
  facet normal -0 0 1
    outer loop
      vertex 70.9 49.6 20.5
      vertex 76.4 48.4 20.5
      vertex 77 49.6 20.5
    endloop
  endfacet
  facet normal 0 0 1
    outer loop
      vertex 76.4 48.4 20.5
      vertex 70.9 49.6 20.5
      vertex 70.9 48.4 20.5
    endloop
  endfacet
  facet normal 0 0 1
    outer loop
      vertex 78.3829 46.661 20.5
      vertex 79.6 47 20.5
      vertex 79.5777 47.3394 20.5
    endloop
  endfacet
  facet normal 0 0 1
    outer loop
      vertex 78.3829 46.661 20.5
      vertex 79.5777 47.3394 20.5
      vertex 79.5114 47.6729 20.5
    endloop
  endfacet
  facet normal 0 0 1
    outer loop
      vertex 78.3829 46.661 20.5
      vertex 79.5114 47.6729 20.5
      vertex 79.4021 47.995 20.5
    endloop
  endfacet
  facet normal 0 0 1
    outer loop
      vertex 78.3829 46.661 20.5
      vertex 79.4021 47.995 20.5
      vertex 79.2516 48.3 20.5
    endloop
  endfacet
  facet normal 0 0 1
    outer loop
      vertex 78.3829 46.661 20.5
      vertex 79.2516 48.3 20.5
      vertex 79.0627 48.5828 20.5
    endloop
  endfacet
  facet normal 0 0 1
    outer loop
      vertex 78.3829 46.661 20.5
      vertex 79.0627 48.5828 20.5
      vertex 78.8385 48.8385 20.5
    endloop
  endfacet
  facet normal 0 0 1
    outer loop
      vertex 77.8142 47.8142 20.5
      vertex 78.8385 48.8385 20.5
      vertex 78.5828 49.0627 20.5
    endloop
  endfacet
  facet normal 0 0 1
    outer loop
      vertex 79.6 47 20.5
      vertex 78.4 46.4 20.5
      vertex 79.6 42.9 20.5
    endloop
  endfacet
  facet normal 0 0 1
    outer loop
      vertex 79.6 42.9 20.5
      vertex 78.4 46.4 20.5
      vertex 78.4 42.9 20.5
    endloop
  endfacet
  facet normal 0 0 1
    outer loop
      vertex 32.9 49.6 20.5
      vertex 4.4 48.4 20.5
      vertex 32.9 48.4 20.5
    endloop
  endfacet
  facet normal -0 0 1
    outer loop
      vertex 3.80001 49.6 20.5
      vertex 4.4 48.4 20.5
      vertex 32.9 49.6 20.5
    endloop
  endfacet
  facet normal 0 0 1
    outer loop
      vertex 3.80001 49.6 20.5
      vertex 4.13895 48.3829 20.5
      vertex 4.4 48.4 20.5
    endloop
  endfacet
  facet normal 0 0 1
    outer loop
      vertex 3.80001 49.6 20.5
      vertex 3.88236 48.3319 20.5
      vertex 4.13895 48.3829 20.5
    endloop
  endfacet
  facet normal -0 0 1
    outer loop
      vertex 3.46064 49.5777 20.5
      vertex 3.88236 48.3319 20.5
      vertex 3.80001 49.6 20.5
    endloop
  endfacet
  facet normal 0 0 1
    outer loop
      vertex 3.88236 48.3319 20.5
      vertex 3.46064 49.5777 20.5
      vertex 3.63463 48.2478 20.5
    endloop
  endfacet
  facet normal -0 0 1
    outer loop
      vertex 3.12708 49.5114 20.5
      vertex 3.63463 48.2478 20.5
      vertex 3.46064 49.5777 20.5
    endloop
  endfacet
  facet normal 0 0 1
    outer loop
      vertex 3.63463 48.2478 20.5
      vertex 3.12708 49.5114 20.5
      vertex 3.4 48.1321 20.5
    endloop
  endfacet
  facet normal -0 0 1
    outer loop
      vertex 2.80503 49.4021 20.5
      vertex 3.4 48.1321 20.5
      vertex 3.12708 49.5114 20.5
    endloop
  endfacet
  facet normal -0 0 1
    outer loop
      vertex 2.5 49.2517 20.5
      vertex 3.4 48.1321 20.5
      vertex 2.80503 49.4021 20.5
    endloop
  endfacet
  facet normal 0 0 1
    outer loop
      vertex 3.4 48.1321 20.5
      vertex 2.5 49.2517 20.5
      vertex 3.18247 47.9867 20.5
    endloop
  endfacet
  facet normal -0 0 1
    outer loop
      vertex 2.21723 49.0627 20.5
      vertex 3.18247 47.9867 20.5
      vertex 2.5 49.2517 20.5
    endloop
  endfacet
  facet normal 0 0 1
    outer loop
      vertex 3.18247 47.9867 20.5
      vertex 2.21723 49.0627 20.5
      vertex 2.98578 47.8142 20.5
    endloop
  endfacet
  facet normal -0 0 1
    outer loop
      vertex 1.96154 48.8385 20.5
      vertex 2.98578 47.8142 20.5
      vertex 2.21723 49.0627 20.5
    endloop
  endfacet
  facet normal -0 0 1
    outer loop
      vertex 1.73729 48.5828 20.5
      vertex 2.98578 47.8142 20.5
      vertex 1.96154 48.8385 20.5
    endloop
  endfacet
  facet normal 0 0 1
    outer loop
      vertex 2.98578 47.8142 20.5
      vertex 1.73729 48.5828 20.5
      vertex 2.8133 47.6175 20.5
    endloop
  endfacet
  facet normal -0 0 1
    outer loop
      vertex 1.54834 48.3 20.5
      vertex 2.8133 47.6175 20.5
      vertex 1.73729 48.5828 20.5
    endloop
  endfacet
  facet normal 0 0 1
    outer loop
      vertex 2.8133 47.6175 20.5
      vertex 1.54834 48.3 20.5
      vertex 2.66794 47.4 20.5
    endloop
  endfacet
  facet normal -0 0 1
    outer loop
      vertex 1.28859 47.6729 20.5
      vertex 2.66794 47.4 20.5
      vertex 1.39792 47.995 20.5
    endloop
  endfacet
  facet normal -0 0 1
    outer loop
      vertex 1.39792 47.995 20.5
      vertex 2.66794 47.4 20.5
      vertex 1.54834 48.3 20.5
    endloop
  endfacet
  facet normal -0 0 1
    outer loop
      vertex 4.4 2.4 20.5
      vertex 33.4 1.2 20.5
      vertex 33.4 2.4 20.5
    endloop
  endfacet
  facet normal 0 0 1
    outer loop
      vertex 4.4 2.4 20.5
      vertex 3.80001 1.2 20.5
      vertex 33.4 1.2 20.5
    endloop
  endfacet
  facet normal 0 0 1
    outer loop
      vertex 4.13895 2.4171 20.5
      vertex 3.80001 1.2 20.5
      vertex 4.4 2.4 20.5
    endloop
  endfacet
  facet normal 0 0 1
    outer loop
      vertex 3.88236 2.46815 20.5
      vertex 3.80001 1.2 20.5
      vertex 4.13895 2.4171 20.5
    endloop
  endfacet
  facet normal 0 0 1
    outer loop
      vertex 3.46064 1.22225 20.5
      vertex 3.88236 2.46815 20.5
      vertex 3.63463 2.55224 20.5
    endloop
  endfacet
  facet normal 0 0 1
    outer loop
      vertex 3.88236 2.46815 20.5
      vertex 3.46064 1.22225 20.5
      vertex 3.80001 1.2 20.5
    endloop
  endfacet
  facet normal 0 0 1
    outer loop
      vertex 3.12708 1.28859 20.5
      vertex 3.63463 2.55224 20.5
      vertex 3.4 2.66794 20.5
    endloop
  endfacet
  facet normal 0 0 1
    outer loop
      vertex 2.5 1.54834 20.5
      vertex 3.4 2.66794 20.5
      vertex 3.18247 2.8133 20.5
    endloop
  endfacet
  facet normal 0 0 1
    outer loop
      vertex 3.63463 2.55224 20.5
      vertex 3.12708 1.28859 20.5
      vertex 3.46064 1.22225 20.5
    endloop
  endfacet
  facet normal 0 0 1
    outer loop
      vertex 2.21723 1.73729 20.5
      vertex 3.18247 2.8133 20.5
      vertex 2.98578 2.98578 20.5
    endloop
  endfacet
  facet normal 0 0 1
    outer loop
      vertex 1.73729 2.21723 20.5
      vertex 2.98578 2.98578 20.5
      vertex 2.8133 3.18247 20.5
    endloop
  endfacet
  facet normal 0 0 1
    outer loop
      vertex 3.4 2.66794 20.5
      vertex 2.80503 1.39792 20.5
      vertex 3.12708 1.28859 20.5
    endloop
  endfacet
  facet normal 0 0 1
    outer loop
      vertex 1.54834 2.5 20.5
      vertex 2.8133 3.18247 20.5
      vertex 2.66794 3.4 20.5
    endloop
  endfacet
  facet normal 0 0 1
    outer loop
      vertex 1.28859 3.12708 20.5
      vertex 2.66794 3.4 20.5
      vertex 2.55224 3.63463 20.5
    endloop
  endfacet
  facet normal 0 0 1
    outer loop
      vertex 3.4 2.66794 20.5
      vertex 2.5 1.54834 20.5
      vertex 2.80503 1.39792 20.5
    endloop
  endfacet
  facet normal 0 0 1
    outer loop
      vertex 1.22225 3.46064 20.5
      vertex 2.55224 3.63463 20.5
      vertex 2.46815 3.88236 20.5
    endloop
  endfacet
  facet normal 0 0 1
    outer loop
      vertex 1.2 3.80001 20.5
      vertex 2.46815 3.88236 20.5
      vertex 2.4171 4.13895 20.5
    endloop
  endfacet
  facet normal 0 0 1
    outer loop
      vertex 1.2 3.80001 20.5
      vertex 2.4171 4.13895 20.5
      vertex 2.4 4.4 20.5
    endloop
  endfacet
  facet normal 0 0 1
    outer loop
      vertex 3.18247 2.8133 20.5
      vertex 2.21723 1.73729 20.5
      vertex 2.5 1.54834 20.5
    endloop
  endfacet
  facet normal 0 0 1
    outer loop
      vertex 2.4 46.4 20.5
      vertex 1.2 47 20.5
      vertex 2.4 4.4 20.5
    endloop
  endfacet
  facet normal 0 0 1
    outer loop
      vertex 2.66794 47.4 20.5
      vertex 1.28859 47.6729 20.5
      vertex 2.55224 47.1654 20.5
    endloop
  endfacet
  facet normal 0 0 1
    outer loop
      vertex 1.2 3.80001 20.5
      vertex 2.4 4.4 20.5
      vertex 1.2 47 20.5
    endloop
  endfacet
  facet normal -0 0 1
    outer loop
      vertex 1.22225 47.3394 20.5
      vertex 2.55224 47.1654 20.5
      vertex 1.28859 47.6729 20.5
    endloop
  endfacet
  facet normal 0 0 1
    outer loop
      vertex 2.46815 3.88236 20.5
      vertex 1.2 3.80001 20.5
      vertex 1.22225 3.46064 20.5
    endloop
  endfacet
  facet normal 0 0 1
    outer loop
      vertex 2.55224 47.1654 20.5
      vertex 1.22225 47.3394 20.5
      vertex 2.46815 46.9176 20.5
    endloop
  endfacet
  facet normal 0 0 1
    outer loop
      vertex 2.98578 2.98578 20.5
      vertex 1.96154 1.96154 20.5
      vertex 2.21723 1.73729 20.5
    endloop
  endfacet
  facet normal -0 0 1
    outer loop
      vertex 1.2 47 20.5
      vertex 2.46815 46.9176 20.5
      vertex 1.22225 47.3394 20.5
    endloop
  endfacet
  facet normal 0 0 1
    outer loop
      vertex 2.98578 2.98578 20.5
      vertex 1.73729 2.21723 20.5
      vertex 1.96154 1.96154 20.5
    endloop
  endfacet
  facet normal 0 0 1
    outer loop
      vertex 2.46815 46.9176 20.5
      vertex 1.2 47 20.5
      vertex 2.4171 46.661 20.5
    endloop
  endfacet
  facet normal 0 0 1
    outer loop
      vertex 2.8133 3.18247 20.5
      vertex 1.54834 2.5 20.5
      vertex 1.73729 2.21723 20.5
    endloop
  endfacet
  facet normal 0 0 1
    outer loop
      vertex 2.4171 46.661 20.5
      vertex 1.2 47 20.5
      vertex 2.4 46.4 20.5
    endloop
  endfacet
  facet normal 0 0 1
    outer loop
      vertex 2.66794 3.4 20.5
      vertex 1.39792 2.80503 20.5
      vertex 1.54834 2.5 20.5
    endloop
  endfacet
  facet normal 0 0 1
    outer loop
      vertex 2.66794 3.4 20.5
      vertex 1.28859 3.12708 20.5
      vertex 1.39792 2.80503 20.5
    endloop
  endfacet
  facet normal 0 0 1
    outer loop
      vertex 2.55224 3.63463 20.5
      vertex 1.22225 3.46064 20.5
      vertex 1.28859 3.12708 20.5
    endloop
  endfacet
  facet normal -0 0 1
    outer loop
      vertex 47.4 2.4 20.5
      vertex 62.9 1.2 20.5
      vertex 62.9 2.4 20.5
    endloop
  endfacet
  facet normal 0 0 1
    outer loop
      vertex 62.9 1.2 20.5
      vertex 47.4 2.4 20.5
      vertex 47.4 1.2 20.5
    endloop
  endfacet
  facet normal -0 0 1
    outer loop
      vertex 47.9 49.6 20.5
      vertex 49.9 48.4 20.5
      vertex 49.9 49.6 20.5
    endloop
  endfacet
  facet normal 0 0 1
    outer loop
      vertex 49.9 48.4 20.5
      vertex 47.9 49.6 20.5
      vertex 47.9 48.4 20.5
    endloop
  endfacet
  facet normal -0 0 1
    outer loop
      vertex 52.9 49.6 20.5
      vertex 54.4 48.4 20.5
      vertex 54.4 49.6 20.5
    endloop
  endfacet
  facet normal 0 0 1
    outer loop
      vertex 54.4 48.4 20.5
      vertex 52.9 49.6 20.5
      vertex 52.9 48.4 20.5
    endloop
  endfacet
  facet normal -0 0 1
    outer loop
      vertex 57.4 49.6 20.5
      vertex 58.9 48.4 20.5
      vertex 58.9 49.6 20.5
    endloop
  endfacet
  facet normal 0 0 1
    outer loop
      vertex 58.9 48.4 20.5
      vertex 57.4 49.6 20.5
      vertex 57.4 48.4 20.5
    endloop
  endfacet
  facet normal -0 0 1
    outer loop
      vertex 61.9 49.6 20.5
      vertex 63.4 48.4 20.5
      vertex 63.4 49.6 20.5
    endloop
  endfacet
  facet normal 0 0 1
    outer loop
      vertex 63.4 48.4 20.5
      vertex 61.9 49.6 20.5
      vertex 61.9 48.4 20.5
    endloop
  endfacet
  facet normal -0 0 1
    outer loop
      vertex 65.9 2.4 20.5
      vertex 67.4 1.2 20.5
      vertex 67.4 2.4 20.5
    endloop
  endfacet
  facet normal 0 0 1
    outer loop
      vertex 67.4 1.2 20.5
      vertex 65.9 2.4 20.5
      vertex 65.9 1.2 20.5
    endloop
  endfacet
  facet normal -0 0 1
    outer loop
      vertex 66.4 49.6 20.5
      vertex 67.9 48.4 20.5
      vertex 67.9 49.6 20.5
    endloop
  endfacet
  facet normal 0 0 1
    outer loop
      vertex 67.9 48.4 20.5
      vertex 66.4 49.6 20.5
      vertex 66.4 48.4 20.5
    endloop
  endfacet
  facet normal -0 0 1
    outer loop
      vertex 70.4 2.4 20.5
      vertex 71.9 1.2 20.5
      vertex 71.9 2.4 20.5
    endloop
  endfacet
  facet normal 0 0 1
    outer loop
      vertex 71.9 1.2 20.5
      vertex 70.4 2.4 20.5
      vertex 70.4 1.2 20.5
    endloop
  endfacet
  facet normal -0 0 1
    outer loop
      vertex 78.4 39.9 20.5
      vertex 79.6 38.4 20.5
      vertex 79.6 39.9 20.5
    endloop
  endfacet
  facet normal 0 0 1
    outer loop
      vertex 79.6 38.4 20.5
      vertex 78.4 39.9 20.5
      vertex 78.4 38.4 20.5
    endloop
  endfacet
  facet normal -0 0 1
    outer loop
      vertex 78.4 30.9 20.5
      vertex 79.6 29.4 20.5
      vertex 79.6 30.9 20.5
    endloop
  endfacet
  facet normal 0 0 1
    outer loop
      vertex 79.6 29.4 20.5
      vertex 78.4 30.9 20.5
      vertex 78.4 29.4 20.5
    endloop
  endfacet
  facet normal -0 0 1
    outer loop
      vertex 78.4 35.4 20.5
      vertex 79.6 33.9 20.5
      vertex 79.6 35.4 20.5
    endloop
  endfacet
  facet normal 0 0 1
    outer loop
      vertex 79.6 33.9 20.5
      vertex 78.4 35.4 20.5
      vertex 78.4 33.9 20.5
    endloop
  endfacet
  facet normal -0 0 1
    outer loop
      vertex 78.4 12.9 20.5
      vertex 79.6 11.4 20.5
      vertex 79.6 12.9 20.5
    endloop
  endfacet
  facet normal 0 0 1
    outer loop
      vertex 79.6 11.4 20.5
      vertex 78.4 12.9 20.5
      vertex 78.4 11.4 20.5
    endloop
  endfacet
  facet normal -0 0 1
    outer loop
      vertex 78.4 17.4 20.5
      vertex 79.6 15.9 20.5
      vertex 79.6 17.4 20.5
    endloop
  endfacet
  facet normal 0 0 1
    outer loop
      vertex 79.6 15.9 20.5
      vertex 78.4 17.4 20.5
      vertex 78.4 15.9 20.5
    endloop
  endfacet
  facet normal -0 0 1
    outer loop
      vertex 78.4 21.9 20.5
      vertex 79.6 20.4 20.5
      vertex 79.6 21.9 20.5
    endloop
  endfacet
  facet normal 0 0 1
    outer loop
      vertex 79.6 20.4 20.5
      vertex 78.4 21.9 20.5
      vertex 78.4 20.4 20.5
    endloop
  endfacet
  facet normal -0 0 1
    outer loop
      vertex 78.4 26.4 20.5
      vertex 79.6 24.9 20.5
      vertex 79.6 26.4 20.5
    endloop
  endfacet
  facet normal 0 0 1
    outer loop
      vertex 79.6 24.9 20.5
      vertex 78.4 26.4 20.5
      vertex 78.4 24.9 20.5
    endloop
  endfacet
  facet normal 0.321463 0.946922 -0
    outer loop
      vertex 3.12708 1.28859 20.5
      vertex 2.80503 1.39792 21.7
      vertex 3.12708 1.28859 21.7
    endloop
  endfacet
  facet normal 0.321463 0.946922 0
    outer loop
      vertex 2.80503 1.39792 21.7
      vertex 3.12708 1.28859 20.5
      vertex 2.80503 1.39792 20.5
    endloop
  endfacet
  facet normal 0.0654222 0.997858 -0
    outer loop
      vertex 3.80001 1.2 20.5
      vertex 3.46064 1.22225 21.7
      vertex 3.80001 1.2 21.7
    endloop
  endfacet
  facet normal 0.0654222 0.997858 0
    outer loop
      vertex 3.46064 1.22225 21.7
      vertex 3.80001 1.2 20.5
      vertex 3.46064 1.22225 20.5
    endloop
  endfacet
  facet normal -0.896767 -0.442503 0
    outer loop
      vertex 79.4021 47.995 20.5
      vertex 79.2516 48.3 21.7
      vertex 79.2516 48.3 20.5
    endloop
  endfacet
  facet normal -0.896767 -0.442503 0
    outer loop
      vertex 79.2516 48.3 21.7
      vertex 79.4021 47.995 20.5
      vertex 79.4021 47.995 21.7
    endloop
  endfacet
  facet normal -0.896784 0.442468 0
    outer loop
      vertex 79.2516 2.5 20.5
      vertex 79.4021 2.80503 21.7
      vertex 79.4021 2.80503 20.5
    endloop
  endfacet
  facet normal -0.896784 0.442468 0
    outer loop
      vertex 79.4021 2.80503 21.7
      vertex 79.2516 2.5 20.5
      vertex 79.2516 2.5 21.7
    endloop
  endfacet
  facet normal -0.980813 0.194951 0
    outer loop
      vertex 79.5114 3.12708 20.5
      vertex 79.5777 3.46064 21.7
      vertex 79.5777 3.46064 20.5
    endloop
  endfacet
  facet normal -0.980813 0.194951 0
    outer loop
      vertex 79.5777 3.46064 21.7
      vertex 79.5114 3.12708 20.5
      vertex 79.5114 3.12708 21.7
    endloop
  endfacet
  facet normal -0.442314 0.89686 0
    outer loop
      vertex 78.3 1.54834 20.5
      vertex 77.995 1.39792 21.7
      vertex 78.3 1.54834 21.7
    endloop
  endfacet
  facet normal -0.442314 0.89686 0
    outer loop
      vertex 77.995 1.39792 21.7
      vertex 78.3 1.54834 20.5
      vertex 77.995 1.39792 20.5
    endloop
  endfacet
  facet normal 0.659289 -0.75189 0
    outer loop
      vertex 1.96154 48.8385 20.5
      vertex 2.21723 49.0627 21.7
      vertex 1.96154 48.8385 21.7
    endloop
  endfacet
  facet normal 0.659289 -0.75189 0
    outer loop
      vertex 2.21723 49.0627 21.7
      vertex 1.96154 48.8385 20.5
      vertex 2.21723 49.0627 20.5
    endloop
  endfacet
  facet normal 0.89686 -0.442314 0
    outer loop
      vertex 1.39792 47.995 21.7
      vertex 1.54834 48.3 20.5
      vertex 1.54834 48.3 21.7
    endloop
  endfacet
  facet normal 0.89686 -0.442314 0
    outer loop
      vertex 1.54834 48.3 20.5
      vertex 1.39792 47.995 21.7
      vertex 1.39792 47.995 20.5
    endloop
  endfacet
  facet normal 0.997858 0.0654222 0
    outer loop
      vertex 1.22225 3.46064 21.7
      vertex 1.2 3.80001 20.5
      vertex 1.2 3.80001 21.7
    endloop
  endfacet
  facet normal 0.997858 0.0654222 0
    outer loop
      vertex 1.2 3.80001 20.5
      vertex 1.22225 3.46064 21.7
      vertex 1.22225 3.46064 20.5
    endloop
  endfacet
  facet normal 0.946922 0.321463 0
    outer loop
      vertex 1.39792 2.80503 21.7
      vertex 1.28859 3.12708 20.5
      vertex 1.28859 3.12708 21.7
    endloop
  endfacet
  facet normal 0.946922 0.321463 0
    outer loop
      vertex 1.28859 3.12708 20.5
      vertex 1.39792 2.80503 21.7
      vertex 1.39792 2.80503 20.5
    endloop
  endfacet
  facet normal 0.831457 0.555589 0
    outer loop
      vertex 1.73729 2.21723 21.7
      vertex 1.54834 2.5 20.5
      vertex 1.54834 2.5 21.7
    endloop
  endfacet
  facet normal 0.831457 0.555589 0
    outer loop
      vertex 1.54834 2.5 20.5
      vertex 1.73729 2.21723 21.7
      vertex 1.73729 2.21723 20.5
    endloop
  endfacet
  facet normal 0.659372 0.751817 -0
    outer loop
      vertex 2.21723 1.73729 20.5
      vertex 1.96154 1.96154 21.7
      vertex 2.21723 1.73729 21.7
    endloop
  endfacet
  facet normal 0.659372 0.751817 0
    outer loop
      vertex 1.96154 1.96154 21.7
      vertex 2.21723 1.73729 20.5
      vertex 1.96154 1.96154 20.5
    endloop
  endfacet
  facet normal -0.751902 -0.659275 0
    outer loop
      vertex 79.0627 48.5828 20.5
      vertex 78.8385 48.8385 21.7
      vertex 78.8385 48.8385 20.5
    endloop
  endfacet
  facet normal -0.751902 -0.659275 0
    outer loop
      vertex 78.8385 48.8385 21.7
      vertex 79.0627 48.5828 20.5
      vertex 79.0627 48.5828 21.7
    endloop
  endfacet
  facet normal -0.980806 -0.194985 0
    outer loop
      vertex 79.5777 47.3394 20.5
      vertex 79.5114 47.6729 21.7
      vertex 79.5114 47.6729 20.5
    endloop
  endfacet
  facet normal -0.980806 -0.194985 0
    outer loop
      vertex 79.5114 47.6729 21.7
      vertex 79.5777 47.3394 20.5
      vertex 79.5777 47.3394 21.7
    endloop
  endfacet
  facet normal -0.997848 -0.0655628 0
    outer loop
      vertex 79.6 47 20.5
      vertex 79.5777 47.3394 21.7
      vertex 79.5777 47.3394 20.5
    endloop
  endfacet
  facet normal -0.997848 -0.0655628 0
    outer loop
      vertex 79.5777 47.3394 21.7
      vertex 79.6 47 20.5
      vertex 79.6 47 21.7
    endloop
  endfacet
  facet normal -0.946964 -0.321339 0
    outer loop
      vertex 79.5114 47.6729 20.5
      vertex 79.4021 47.995 21.7
      vertex 79.4021 47.995 20.5
    endloop
  endfacet
  facet normal -0.946964 -0.321339 0
    outer loop
      vertex 79.4021 47.995 21.7
      vertex 79.5114 47.6729 20.5
      vertex 79.5114 47.6729 21.7
    endloop
  endfacet
  facet normal -0.831552 -0.555446 0
    outer loop
      vertex 79.2516 48.3 20.5
      vertex 79.0627 48.5828 21.7
      vertex 79.0627 48.5828 20.5
    endloop
  endfacet
  facet normal -0.831552 -0.555446 0
    outer loop
      vertex 79.0627 48.5828 21.7
      vertex 79.2516 48.3 20.5
      vertex 79.2516 48.3 21.7
    endloop
  endfacet
  facet normal -0.659275 -0.751902 0
    outer loop
      vertex 78.5828 49.0627 20.5
      vertex 78.8385 48.8385 21.7
      vertex 78.5828 49.0627 21.7
    endloop
  endfacet
  facet normal -0.659275 -0.751902 -0
    outer loop
      vertex 78.8385 48.8385 21.7
      vertex 78.5828 49.0627 20.5
      vertex 78.8385 48.8385 20.5
    endloop
  endfacet
  facet normal -0.946949 0.321383 0
    outer loop
      vertex 79.4021 2.80503 20.5
      vertex 79.5114 3.12708 21.7
      vertex 79.5114 3.12708 20.5
    endloop
  endfacet
  facet normal -0.946949 0.321383 0
    outer loop
      vertex 79.5114 3.12708 21.7
      vertex 79.4021 2.80503 20.5
      vertex 79.4021 2.80503 21.7
    endloop
  endfacet
  facet normal -0.831525 0.555487 0
    outer loop
      vertex 79.0627 2.21723 20.5
      vertex 79.2516 2.5 21.7
      vertex 79.2516 2.5 20.5
    endloop
  endfacet
  facet normal -0.831525 0.555487 0
    outer loop
      vertex 79.2516 2.5 21.7
      vertex 79.0627 2.21723 20.5
      vertex 79.0627 2.21723 21.7
    endloop
  endfacet
  facet normal -0.659358 0.751829 0
    outer loop
      vertex 78.8385 1.96154 20.5
      vertex 78.5828 1.73729 21.7
      vertex 78.8385 1.96154 21.7
    endloop
  endfacet
  facet normal -0.659358 0.751829 0
    outer loop
      vertex 78.5828 1.73729 21.7
      vertex 78.8385 1.96154 20.5
      vertex 78.5828 1.73729 20.5
    endloop
  endfacet
  facet normal -0.75189 0.659289 0
    outer loop
      vertex 78.8385 1.96154 20.5
      vertex 79.0627 2.21723 21.7
      vertex 79.0627 2.21723 20.5
    endloop
  endfacet
  facet normal -0.75189 0.659289 0
    outer loop
      vertex 79.0627 2.21723 21.7
      vertex 78.8385 1.96154 20.5
      vertex 78.8385 1.96154 21.7
    endloop
  endfacet
  facet normal -0.555548 0.831484 0
    outer loop
      vertex 78.5828 1.73729 20.5
      vertex 78.3 1.54834 21.7
      vertex 78.5828 1.73729 21.7
    endloop
  endfacet
  facet normal -0.555548 0.831484 0
    outer loop
      vertex 78.3 1.54834 21.7
      vertex 78.5828 1.73729 20.5
      vertex 78.3 1.54834 20.5
    endloop
  endfacet
  facet normal 0.98079 0.195064 0
    outer loop
      vertex 1.28859 3.12708 21.7
      vertex 1.22225 3.46064 20.5
      vertex 1.22225 3.46064 21.7
    endloop
  endfacet
  facet normal 0.98079 0.195064 0
    outer loop
      vertex 1.22225 3.46064 20.5
      vertex 1.28859 3.12708 21.7
      vertex 1.28859 3.12708 20.5
    endloop
  endfacet
  facet normal 0.896878 0.442279 0
    outer loop
      vertex 1.54834 2.5 21.7
      vertex 1.39792 2.80503 20.5
      vertex 1.39792 2.80503 21.7
    endloop
  endfacet
  facet normal 0.896878 0.442279 0
    outer loop
      vertex 1.39792 2.80503 20.5
      vertex 1.54834 2.5 21.7
      vertex 1.54834 2.5 20.5
    endloop
  endfacet
  facet normal 0.751817 0.659372 0
    outer loop
      vertex 1.96154 1.96154 21.7
      vertex 1.73729 2.21723 20.5
      vertex 1.73729 2.21723 21.7
    endloop
  endfacet
  facet normal 0.751817 0.659372 0
    outer loop
      vertex 1.73729 2.21723 20.5
      vertex 1.96154 1.96154 21.7
      vertex 1.96154 1.96154 20.5
    endloop
  endfacet
  facet normal 0.997861 0.0653728 0
    outer loop
      vertex 7.57947 5.51326 21.7
      vertex 7.58689 5.4 13.1
      vertex 7.57947 5.51326 1.6
    endloop
  endfacet
  facet normal 0.997859 0.0653963 -3.10614e-07
    outer loop
      vertex 7.6 5.2 21.7
      vertex 7.58689 5.4 13.1
      vertex 7.57947 5.51326 21.7
    endloop
  endfacet
  facet normal 0.997858 0.0654096 0
    outer loop
      vertex 7.58689 5.4 13.1
      vertex 7.6 5.2 21.7
      vertex 7.6 5.2 13.1
    endloop
  endfacet
  facet normal 0.997861 0.0653728 -0
    outer loop
      vertex 7.58689 5.4 11.6
      vertex 7.57947 5.51326 1.6
      vertex 7.58689 5.4 13.1
    endloop
  endfacet
  facet normal 0.997858 0.0654096 -0
    outer loop
      vertex 7.6 5.2 1.6
      vertex 7.58689 5.4 11.6
      vertex 7.6 5.2 11.6
    endloop
  endfacet
  facet normal 0.997859 0.0653963 2.67128e-07
    outer loop
      vertex 7.58689 5.4 11.6
      vertex 7.6 5.2 1.6
      vertex 7.57947 5.51326 1.6
    endloop
  endfacet
  facet normal -0.997861 0.0653728 0
    outer loop
      vertex 2.82053 5.51326 1.6
      vertex 2.81311 5.4 11.6
      vertex 2.82053 5.51326 21.7
    endloop
  endfacet
  facet normal -0.997859 0.0653963 2.67128e-07
    outer loop
      vertex 2.8 5.2 1.6
      vertex 2.81311 5.4 11.6
      vertex 2.82053 5.51326 1.6
    endloop
  endfacet
  facet normal -0.997858 0.0654096 0
    outer loop
      vertex 2.81311 5.4 11.6
      vertex 2.8 5.2 1.6
      vertex 2.8 5.2 11.6
    endloop
  endfacet
  facet normal -0.997861 0.0653728 0
    outer loop
      vertex 2.81311 5.4 13.1
      vertex 2.82053 5.51326 21.7
      vertex 2.81311 5.4 11.6
    endloop
  endfacet
  facet normal -0.997858 0.0654096 0
    outer loop
      vertex 2.8 5.2 21.7
      vertex 2.81311 5.4 13.1
      vertex 2.8 5.2 13.1
    endloop
  endfacet
  facet normal -0.997859 0.0653963 -3.10614e-07
    outer loop
      vertex 2.81311 5.4 13.1
      vertex 2.8 5.2 21.7
      vertex 2.82053 5.51326 21.7
    endloop
  endfacet
  facet normal 0.0653963 0.997859 -0
    outer loop
      vertex 5.51326 7.57947 1.6
      vertex 5.2 7.6 21.7
      vertex 5.51326 7.57947 21.7
    endloop
  endfacet
  facet normal 0.0653963 0.997859 0
    outer loop
      vertex 5.2 7.6 21.7
      vertex 5.51326 7.57947 1.6
      vertex 5.2 7.6 1.6
    endloop
  endfacet
  facet normal -0.0653963 -0.997859 0
    outer loop
      vertex 4.88674 2.82053 1.6
      vertex 5.2 2.8 11.6
      vertex 4.88674 2.82053 11.6
    endloop
  endfacet
  facet normal -0.0653963 -0.997859 -0
    outer loop
      vertex 5.2 2.8 11.6
      vertex 4.88674 2.82053 1.6
      vertex 5.2 2.8 1.6
    endloop
  endfacet
  facet normal -0.0653963 -0.997859 0
    outer loop
      vertex 4.88674 2.82053 13.1
      vertex 5.2 2.8 21.7
      vertex 4.88674 2.82053 21.7
    endloop
  endfacet
  facet normal -0.0653963 -0.997859 -0
    outer loop
      vertex 5.2 2.8 21.7
      vertex 4.88674 2.82053 13.1
      vertex 5.2 2.8 13.1
    endloop
  endfacet
  facet normal 0.659341 0.751844 -0
    outer loop
      vertex 6.89706 6.89706 1.6
      vertex 6.66103 7.10405 21.7
      vertex 6.89706 6.89706 21.7
    endloop
  endfacet
  facet normal 0.659341 0.751844 0
    outer loop
      vertex 6.66103 7.10405 21.7
      vertex 6.89706 6.89706 1.6
      vertex 6.66103 7.10405 1.6
    endloop
  endfacet
  facet normal -0.659341 0.751844 0
    outer loop
      vertex 3.73897 7.10405 1.6
      vertex 3.50294 6.89706 21.7
      vertex 3.73897 7.10405 21.7
    endloop
  endfacet
  facet normal -0.659341 0.751844 0
    outer loop
      vertex 3.50294 6.89706 21.7
      vertex 3.73897 7.10405 1.6
      vertex 3.50294 6.89706 1.6
    endloop
  endfacet
  facet normal -0.321441 0.94693 0
    outer loop
      vertex 4.57883 7.51822 1.6
      vertex 4.28156 7.41731 21.7
      vertex 4.57883 7.51822 21.7
    endloop
  endfacet
  facet normal -0.321441 0.94693 0
    outer loop
      vertex 4.28156 7.41731 21.7
      vertex 4.57883 7.51822 1.6
      vertex 4.28156 7.41731 1.6
    endloop
  endfacet
  facet normal 0.896873 0.442289 0
    outer loop
      vertex 7.41731 6.11844 21.7
      vertex 7.27846 6.4 1.6
      vertex 7.27846 6.4 21.7
    endloop
  endfacet
  facet normal 0.896873 0.442289 0
    outer loop
      vertex 7.27846 6.4 1.6
      vertex 7.41731 6.11844 21.7
      vertex 7.41731 6.11844 1.6
    endloop
  endfacet
  facet normal 0.980784 0.195099 0
    outer loop
      vertex 7.57947 5.51326 21.7
      vertex 7.51822 5.82117 1.6
      vertex 7.51822 5.82117 21.7
    endloop
  endfacet
  facet normal 0.980784 0.195099 0
    outer loop
      vertex 7.51822 5.82117 1.6
      vertex 7.57947 5.51326 21.7
      vertex 7.57947 5.51326 1.6
    endloop
  endfacet
  facet normal 0.831476 0.55556 0
    outer loop
      vertex 7.27846 6.4 21.7
      vertex 7.10405 6.66103 1.6
      vertex 7.10405 6.66103 21.7
    endloop
  endfacet
  facet normal 0.831476 0.55556 0
    outer loop
      vertex 7.10405 6.66103 1.6
      vertex 7.27846 6.4 21.7
      vertex 7.27846 6.4 1.6
    endloop
  endfacet
  facet normal 0.321441 0.94693 -0
    outer loop
      vertex 6.11844 7.41731 1.6
      vertex 5.82117 7.51822 21.7
      vertex 6.11844 7.41731 21.7
    endloop
  endfacet
  facet normal 0.321441 0.94693 0
    outer loop
      vertex 5.82117 7.51822 21.7
      vertex 6.11844 7.41731 1.6
      vertex 5.82117 7.51822 1.6
    endloop
  endfacet
  facet normal 0.195099 0.980784 -0
    outer loop
      vertex 5.82117 7.51822 1.6
      vertex 5.51326 7.57947 21.7
      vertex 5.82117 7.51822 21.7
    endloop
  endfacet
  facet normal 0.195099 0.980784 0
    outer loop
      vertex 5.51326 7.57947 21.7
      vertex 5.82117 7.51822 1.6
      vertex 5.51326 7.57947 1.6
    endloop
  endfacet
  facet normal 0.55556 0.831476 -0
    outer loop
      vertex 6.66103 7.10405 1.6
      vertex 6.4 7.27846 21.7
      vertex 6.66103 7.10405 21.7
    endloop
  endfacet
  facet normal 0.55556 0.831476 0
    outer loop
      vertex 6.4 7.27846 21.7
      vertex 6.66103 7.10405 1.6
      vertex 6.4 7.27846 1.6
    endloop
  endfacet
  facet normal -0.831476 0.55556 0
    outer loop
      vertex 3.12154 6.4 1.6
      vertex 3.29595 6.66103 21.7
      vertex 3.29595 6.66103 1.6
    endloop
  endfacet
  facet normal -0.831476 0.55556 0
    outer loop
      vertex 3.29595 6.66103 21.7
      vertex 3.12154 6.4 1.6
      vertex 3.12154 6.4 21.7
    endloop
  endfacet
  facet normal -0.751844 0.659341 0
    outer loop
      vertex 3.29595 6.66103 1.6
      vertex 3.50294 6.89706 21.7
      vertex 3.50294 6.89706 1.6
    endloop
  endfacet
  facet normal -0.751844 0.659341 0
    outer loop
      vertex 3.50294 6.89706 21.7
      vertex 3.29595 6.66103 1.6
      vertex 3.29595 6.66103 21.7
    endloop
  endfacet
  facet normal -0.94693 0.321441 0
    outer loop
      vertex 2.88178 5.82117 1.6
      vertex 2.98269 6.11844 21.7
      vertex 2.98269 6.11844 1.6
    endloop
  endfacet
  facet normal -0.94693 0.321441 0
    outer loop
      vertex 2.98269 6.11844 21.7
      vertex 2.88178 5.82117 1.6
      vertex 2.88178 5.82117 21.7
    endloop
  endfacet
  facet normal -0.55556 0.831476 0
    outer loop
      vertex 4 7.27846 1.6
      vertex 3.73897 7.10405 21.7
      vertex 4 7.27846 21.7
    endloop
  endfacet
  facet normal -0.55556 0.831476 0
    outer loop
      vertex 3.73897 7.10405 21.7
      vertex 4 7.27846 1.6
      vertex 3.73897 7.10405 1.6
    endloop
  endfacet
  facet normal -0.195099 0.980784 0
    outer loop
      vertex 4.88674 7.57947 1.6
      vertex 4.57883 7.51822 21.7
      vertex 4.88674 7.57947 21.7
    endloop
  endfacet
  facet normal -0.195099 0.980784 0
    outer loop
      vertex 4.57883 7.51822 21.7
      vertex 4.88674 7.57947 1.6
      vertex 4.57883 7.51822 1.6
    endloop
  endfacet
  facet normal 0.94693 -0.321441 0
    outer loop
      vertex 7.41731 4.28156 11.6
      vertex 7.51822 4.57883 1.6
      vertex 7.51822 4.57883 11.6
    endloop
  endfacet
  facet normal 0.94693 -0.321441 0
    outer loop
      vertex 7.51822 4.57883 1.6
      vertex 7.41731 4.28156 11.6
      vertex 7.41731 4.28156 1.6
    endloop
  endfacet
  facet normal 0.94693 -0.321441 0
    outer loop
      vertex 7.41731 4.28156 21.7
      vertex 7.51822 4.57883 13.1
      vertex 7.51822 4.57883 21.7
    endloop
  endfacet
  facet normal 0.94693 -0.321441 0
    outer loop
      vertex 7.51822 4.57883 13.1
      vertex 7.41731 4.28156 21.7
      vertex 7.41731 4.28156 13.1
    endloop
  endfacet
  facet normal 0.321441 -0.94693 0
    outer loop
      vertex 5.82117 2.88178 1.6
      vertex 6.11844 2.98269 11.6
      vertex 5.82117 2.88178 11.6
    endloop
  endfacet
  facet normal 0.321441 -0.94693 0
    outer loop
      vertex 6.11844 2.98269 11.6
      vertex 5.82117 2.88178 1.6
      vertex 6.11844 2.98269 1.6
    endloop
  endfacet
  facet normal 0.321441 -0.94693 0
    outer loop
      vertex 5.82117 2.88178 13.1
      vertex 6.11844 2.98269 21.7
      vertex 5.82117 2.88178 21.7
    endloop
  endfacet
  facet normal 0.321441 -0.94693 0
    outer loop
      vertex 6.11844 2.98269 21.7
      vertex 5.82117 2.88178 13.1
      vertex 6.11844 2.98269 13.1
    endloop
  endfacet
  facet normal 0.751844 -0.659341 0
    outer loop
      vertex 6.89706 3.50294 11.6
      vertex 7.10405 3.73897 1.6
      vertex 7.10405 3.73897 11.6
    endloop
  endfacet
  facet normal 0.751844 -0.659341 0
    outer loop
      vertex 7.10405 3.73897 1.6
      vertex 6.89706 3.50294 11.6
      vertex 6.89706 3.50294 1.6
    endloop
  endfacet
  facet normal 0.751844 -0.659341 0
    outer loop
      vertex 6.89706 3.50294 21.7
      vertex 7.10405 3.73897 13.1
      vertex 7.10405 3.73897 21.7
    endloop
  endfacet
  facet normal 0.751844 -0.659341 0
    outer loop
      vertex 7.10405 3.73897 13.1
      vertex 6.89706 3.50294 21.7
      vertex 6.89706 3.50294 13.1
    endloop
  endfacet
  facet normal 0.55556 -0.831476 0
    outer loop
      vertex 6.4 3.12154 1.6
      vertex 6.66103 3.29595 11.6
      vertex 6.4 3.12154 11.6
    endloop
  endfacet
  facet normal 0.55556 -0.831476 0
    outer loop
      vertex 6.66103 3.29595 11.6
      vertex 6.4 3.12154 1.6
      vertex 6.66103 3.29595 1.6
    endloop
  endfacet
  facet normal 0.55556 -0.831476 0
    outer loop
      vertex 6.4 3.12154 13.1
      vertex 6.66103 3.29595 21.7
      vertex 6.4 3.12154 21.7
    endloop
  endfacet
  facet normal 0.55556 -0.831476 0
    outer loop
      vertex 6.66103 3.29595 21.7
      vertex 6.4 3.12154 13.1
      vertex 6.66103 3.29595 13.1
    endloop
  endfacet
  facet normal -0.659341 -0.751844 0
    outer loop
      vertex 3.50294 3.50294 1.6
      vertex 3.73897 3.29595 11.6
      vertex 3.50294 3.50294 11.6
    endloop
  endfacet
  facet normal -0.659341 -0.751844 -0
    outer loop
      vertex 3.73897 3.29595 11.6
      vertex 3.50294 3.50294 1.6
      vertex 3.73897 3.29595 1.6
    endloop
  endfacet
  facet normal -0.659341 -0.751844 0
    outer loop
      vertex 3.50294 3.50294 13.1
      vertex 3.73897 3.29595 21.7
      vertex 3.50294 3.50294 21.7
    endloop
  endfacet
  facet normal -0.659341 -0.751844 -0
    outer loop
      vertex 3.73897 3.29595 21.7
      vertex 3.50294 3.50294 13.1
      vertex 3.73897 3.29595 13.1
    endloop
  endfacet
  facet normal -0.321441 -0.94693 0
    outer loop
      vertex 4.28156 2.98269 13.1
      vertex 4.57883 2.88178 21.7
      vertex 4.28156 2.98269 21.7
    endloop
  endfacet
  facet normal -0.321441 -0.94693 -0
    outer loop
      vertex 4.57883 2.88178 21.7
      vertex 4.28156 2.98269 13.1
      vertex 4.57883 2.88178 13.1
    endloop
  endfacet
  facet normal -0.321441 -0.94693 0
    outer loop
      vertex 4.28156 2.98269 1.6
      vertex 4.57883 2.88178 11.6
      vertex 4.28156 2.98269 11.6
    endloop
  endfacet
  facet normal -0.321441 -0.94693 -0
    outer loop
      vertex 4.57883 2.88178 11.6
      vertex 4.28156 2.98269 1.6
      vertex 4.57883 2.88178 1.6
    endloop
  endfacet
  facet normal -0.751844 -0.659341 0
    outer loop
      vertex 3.50294 3.50294 1.6
      vertex 3.29595 3.73897 11.6
      vertex 3.29595 3.73897 1.6
    endloop
  endfacet
  facet normal -0.751844 -0.659341 0
    outer loop
      vertex 3.29595 3.73897 11.6
      vertex 3.50294 3.50294 1.6
      vertex 3.50294 3.50294 11.6
    endloop
  endfacet
  facet normal -0.751844 -0.659341 0
    outer loop
      vertex 3.50294 3.50294 13.1
      vertex 3.29595 3.73897 21.7
      vertex 3.29595 3.73897 13.1
    endloop
  endfacet
  facet normal -0.751844 -0.659341 0
    outer loop
      vertex 3.29595 3.73897 21.7
      vertex 3.50294 3.50294 13.1
      vertex 3.50294 3.50294 21.7
    endloop
  endfacet
  facet normal 0 0 -1
    outer loop
      vertex 7.57947 4.88674 1.6
      vertex 7.57947 5.51326 1.6
      vertex 7.6 5.2 1.6
    endloop
  endfacet
  facet normal 0 0 -1
    outer loop
      vertex 7.51822 4.57883 1.6
      vertex 7.57947 5.51326 1.6
      vertex 7.57947 4.88674 1.6
    endloop
  endfacet
  facet normal 0 0 -1
    outer loop
      vertex 7.51822 4.57883 1.6
      vertex 7.51822 5.82117 1.6
      vertex 7.57947 5.51326 1.6
    endloop
  endfacet
  facet normal 0 0 -1
    outer loop
      vertex 7.41731 4.28156 1.6
      vertex 7.51822 5.82117 1.6
      vertex 7.51822 4.57883 1.6
    endloop
  endfacet
  facet normal 0 0 -1
    outer loop
      vertex 7.41731 4.28156 1.6
      vertex 7.41731 6.11844 1.6
      vertex 7.51822 5.82117 1.6
    endloop
  endfacet
  facet normal 0 0 -1
    outer loop
      vertex 7.27846 4 1.6
      vertex 7.41731 6.11844 1.6
      vertex 7.41731 4.28156 1.6
    endloop
  endfacet
  facet normal 0 0 -1
    outer loop
      vertex 7.27846 4 1.6
      vertex 7.27846 6.4 1.6
      vertex 7.41731 6.11844 1.6
    endloop
  endfacet
  facet normal 0 0 -1
    outer loop
      vertex 7.10405 3.73897 1.6
      vertex 7.27846 6.4 1.6
      vertex 7.27846 4 1.6
    endloop
  endfacet
  facet normal 0 0 -1
    outer loop
      vertex 7.10405 3.73897 1.6
      vertex 7.10405 6.66103 1.6
      vertex 7.27846 6.4 1.6
    endloop
  endfacet
  facet normal 0 0 -1
    outer loop
      vertex 6.89706 3.50294 1.6
      vertex 7.10405 6.66103 1.6
      vertex 7.10405 3.73897 1.6
    endloop
  endfacet
  facet normal 0 0 -1
    outer loop
      vertex 6.89706 3.50294 1.6
      vertex 6.89706 6.89706 1.6
      vertex 7.10405 6.66103 1.6
    endloop
  endfacet
  facet normal 0 0 -1
    outer loop
      vertex 6.66103 3.29595 1.6
      vertex 6.89706 6.89706 1.6
      vertex 6.89706 3.50294 1.6
    endloop
  endfacet
  facet normal 0 0 -1
    outer loop
      vertex 6.66103 3.29595 1.6
      vertex 6.66103 7.10405 1.6
      vertex 6.89706 6.89706 1.6
    endloop
  endfacet
  facet normal 0 0 -1
    outer loop
      vertex 6.4 3.12154 1.6
      vertex 6.66103 7.10405 1.6
      vertex 6.66103 3.29595 1.6
    endloop
  endfacet
  facet normal 0 0 -1
    outer loop
      vertex 6.4 3.12154 1.6
      vertex 6.4 7.27846 1.6
      vertex 6.66103 7.10405 1.6
    endloop
  endfacet
  facet normal 0 0 -1
    outer loop
      vertex 6.11844 2.98269 1.6
      vertex 6.4 7.27846 1.6
      vertex 6.4 3.12154 1.6
    endloop
  endfacet
  facet normal 0 0 -1
    outer loop
      vertex 6.11844 2.98269 1.6
      vertex 6.11844 7.41731 1.6
      vertex 6.4 7.27846 1.6
    endloop
  endfacet
  facet normal 0 0 -1
    outer loop
      vertex 5.82117 2.88178 1.6
      vertex 6.11844 7.41731 1.6
      vertex 6.11844 2.98269 1.6
    endloop
  endfacet
  facet normal 0 0 -1
    outer loop
      vertex 5.82117 2.88178 1.6
      vertex 5.82117 7.51822 1.6
      vertex 6.11844 7.41731 1.6
    endloop
  endfacet
  facet normal 0 0 -1
    outer loop
      vertex 5.51326 2.82053 1.6
      vertex 5.82117 7.51822 1.6
      vertex 5.82117 2.88178 1.6
    endloop
  endfacet
  facet normal 0 0 -1
    outer loop
      vertex 5.51326 2.82053 1.6
      vertex 5.51326 7.57947 1.6
      vertex 5.82117 7.51822 1.6
    endloop
  endfacet
  facet normal 0 0 -1
    outer loop
      vertex 5.2 2.8 1.6
      vertex 5.51326 7.57947 1.6
      vertex 5.51326 2.82053 1.6
    endloop
  endfacet
  facet normal 0 0 -1
    outer loop
      vertex 5.2 2.8 1.6
      vertex 5.2 7.6 1.6
      vertex 5.51326 7.57947 1.6
    endloop
  endfacet
  facet normal 0 0 -1
    outer loop
      vertex 4.88674 2.82053 1.6
      vertex 5.2 7.6 1.6
      vertex 5.2 2.8 1.6
    endloop
  endfacet
  facet normal 0 0 -1
    outer loop
      vertex 4.88674 2.82053 1.6
      vertex 4.88674 7.57947 1.6
      vertex 5.2 7.6 1.6
    endloop
  endfacet
  facet normal 0 0 -1
    outer loop
      vertex 4.57883 2.88178 1.6
      vertex 4.88674 7.57947 1.6
      vertex 4.88674 2.82053 1.6
    endloop
  endfacet
  facet normal 0 0 -1
    outer loop
      vertex 4.57883 2.88178 1.6
      vertex 4.57883 7.51822 1.6
      vertex 4.88674 7.57947 1.6
    endloop
  endfacet
  facet normal 0 0 -1
    outer loop
      vertex 4.28156 2.98269 1.6
      vertex 4.57883 7.51822 1.6
      vertex 4.57883 2.88178 1.6
    endloop
  endfacet
  facet normal 0 0 -1
    outer loop
      vertex 4.28156 2.98269 1.6
      vertex 4.28156 7.41731 1.6
      vertex 4.57883 7.51822 1.6
    endloop
  endfacet
  facet normal 0 0 -1
    outer loop
      vertex 4 3.12154 1.6
      vertex 4.28156 7.41731 1.6
      vertex 4.28156 2.98269 1.6
    endloop
  endfacet
  facet normal 0 0 -1
    outer loop
      vertex 4 3.12154 1.6
      vertex 4 7.27846 1.6
      vertex 4.28156 7.41731 1.6
    endloop
  endfacet
  facet normal 0 0 -1
    outer loop
      vertex 3.73897 3.29595 1.6
      vertex 4 7.27846 1.6
      vertex 4 3.12154 1.6
    endloop
  endfacet
  facet normal 0 0 -1
    outer loop
      vertex 3.73897 3.29595 1.6
      vertex 3.73897 7.10405 1.6
      vertex 4 7.27846 1.6
    endloop
  endfacet
  facet normal 0 0 -1
    outer loop
      vertex 3.50294 3.50294 1.6
      vertex 3.73897 7.10405 1.6
      vertex 3.73897 3.29595 1.6
    endloop
  endfacet
  facet normal 0 0 -1
    outer loop
      vertex 3.50294 3.50294 1.6
      vertex 3.50294 6.89706 1.6
      vertex 3.73897 7.10405 1.6
    endloop
  endfacet
  facet normal 0 0 -1
    outer loop
      vertex 3.29595 3.73897 1.6
      vertex 3.50294 6.89706 1.6
      vertex 3.50294 3.50294 1.6
    endloop
  endfacet
  facet normal 0 0 -1
    outer loop
      vertex 3.29595 3.73897 1.6
      vertex 3.29595 6.66103 1.6
      vertex 3.50294 6.89706 1.6
    endloop
  endfacet
  facet normal 0 0 -1
    outer loop
      vertex 3.12154 4 1.6
      vertex 3.29595 6.66103 1.6
      vertex 3.29595 3.73897 1.6
    endloop
  endfacet
  facet normal 0 0 -1
    outer loop
      vertex 3.12154 4 1.6
      vertex 3.12154 6.4 1.6
      vertex 3.29595 6.66103 1.6
    endloop
  endfacet
  facet normal 0 0 -1
    outer loop
      vertex 2.98269 4.28156 1.6
      vertex 3.12154 6.4 1.6
      vertex 3.12154 4 1.6
    endloop
  endfacet
  facet normal 0 0 -1
    outer loop
      vertex 2.98269 4.28156 1.6
      vertex 2.98269 6.11844 1.6
      vertex 3.12154 6.4 1.6
    endloop
  endfacet
  facet normal 0 0 -1
    outer loop
      vertex 2.88178 4.57883 1.6
      vertex 2.98269 6.11844 1.6
      vertex 2.98269 4.28156 1.6
    endloop
  endfacet
  facet normal 0 0 -1
    outer loop
      vertex 2.88178 4.57883 1.6
      vertex 2.88178 5.82117 1.6
      vertex 2.98269 6.11844 1.6
    endloop
  endfacet
  facet normal 0 0 -1
    outer loop
      vertex 2.82053 4.88674 1.6
      vertex 2.88178 5.82117 1.6
      vertex 2.88178 4.57883 1.6
    endloop
  endfacet
  facet normal 0 0 -1
    outer loop
      vertex 2.82053 4.88674 1.6
      vertex 2.82053 5.51326 1.6
      vertex 2.88178 5.82117 1.6
    endloop
  endfacet
  facet normal 0 -0 -1
    outer loop
      vertex 2.82053 5.51326 1.6
      vertex 2.82053 4.88674 1.6
      vertex 2.8 5.2 1.6
    endloop
  endfacet
  facet normal 0.94693 0.321441 0
    outer loop
      vertex 7.51822 5.82117 21.7
      vertex 7.41731 6.11844 1.6
      vertex 7.41731 6.11844 21.7
    endloop
  endfacet
  facet normal 0.94693 0.321441 0
    outer loop
      vertex 7.41731 6.11844 1.6
      vertex 7.51822 5.82117 21.7
      vertex 7.51822 5.82117 1.6
    endloop
  endfacet
  facet normal -0.896873 0.442289 0
    outer loop
      vertex 2.98269 6.11844 1.6
      vertex 3.12154 6.4 21.7
      vertex 3.12154 6.4 1.6
    endloop
  endfacet
  facet normal -0.896873 0.442289 0
    outer loop
      vertex 3.12154 6.4 21.7
      vertex 2.98269 6.11844 1.6
      vertex 2.98269 6.11844 21.7
    endloop
  endfacet
  facet normal -0.980784 0.195099 0
    outer loop
      vertex 2.82053 5.51326 1.6
      vertex 2.88178 5.82117 21.7
      vertex 2.88178 5.82117 1.6
    endloop
  endfacet
  facet normal -0.980784 0.195099 0
    outer loop
      vertex 2.88178 5.82117 21.7
      vertex 2.82053 5.51326 1.6
      vertex 2.82053 5.51326 21.7
    endloop
  endfacet
  facet normal 0 0 1
    outer loop
      vertex 6.05 5.2 21.7
      vertex 7.6 5.2 21.7
      vertex 7.57947 5.51326 21.7
    endloop
  endfacet
  facet normal 0 0 1
    outer loop
      vertex 6.04273 5.31095 21.7
      vertex 7.57947 5.51326 21.7
      vertex 7.51822 5.82117 21.7
    endloop
  endfacet
  facet normal 0 0 1
    outer loop
      vertex 7.6 5.2 21.7
      vertex 6.05 5.2 21.7
      vertex 7.57947 4.88674 21.7
    endloop
  endfacet
  facet normal 0 0 1
    outer loop
      vertex 6.02104 5.42 21.7
      vertex 7.51822 5.82117 21.7
      vertex 7.41731 6.11844 21.7
    endloop
  endfacet
  facet normal -0 0 1
    outer loop
      vertex 6.04273 5.08905 21.7
      vertex 7.57947 4.88674 21.7
      vertex 6.05 5.2 21.7
    endloop
  endfacet
  facet normal 0 0 1
    outer loop
      vertex 5.9853 5.52528 21.7
      vertex 7.41731 6.11844 21.7
      vertex 7.27846 6.4 21.7
    endloop
  endfacet
  facet normal 0 0 1
    outer loop
      vertex 7.57947 4.88674 21.7
      vertex 6.04273 5.08905 21.7
      vertex 7.51822 4.57883 21.7
    endloop
  endfacet
  facet normal 0 0 1
    outer loop
      vertex 5.93612 5.625 21.7
      vertex 7.27846 6.4 21.7
      vertex 7.10405 6.66103 21.7
    endloop
  endfacet
  facet normal -0 0 1
    outer loop
      vertex 6.02104 4.98 21.7
      vertex 7.51822 4.57883 21.7
      vertex 6.04273 5.08905 21.7
    endloop
  endfacet
  facet normal 0 0 1
    outer loop
      vertex 5.87435 5.71745 21.7
      vertex 7.10405 6.66103 21.7
      vertex 6.89706 6.89706 21.7
    endloop
  endfacet
  facet normal 0 0 1
    outer loop
      vertex 7.51822 4.57883 21.7
      vertex 6.02104 4.98 21.7
      vertex 7.41731 4.28156 21.7
    endloop
  endfacet
  facet normal 0 0 1
    outer loop
      vertex 5.80104 5.80104 21.7
      vertex 6.89706 6.89706 21.7
      vertex 6.66103 7.10405 21.7
    endloop
  endfacet
  facet normal -0 0 1
    outer loop
      vertex 5.9853 4.87472 21.7
      vertex 7.41731 4.28156 21.7
      vertex 6.02104 4.98 21.7
    endloop
  endfacet
  facet normal 0 0 1
    outer loop
      vertex 5.71745 5.87435 21.7
      vertex 6.66103 7.10405 21.7
      vertex 6.4 7.27846 21.7
    endloop
  endfacet
  facet normal 0 0 1
    outer loop
      vertex 7.41731 4.28156 21.7
      vertex 5.9853 4.87472 21.7
      vertex 7.27846 4 21.7
    endloop
  endfacet
  facet normal 0 0 1
    outer loop
      vertex 5.625 5.93612 21.7
      vertex 6.4 7.27846 21.7
      vertex 6.11844 7.41731 21.7
    endloop
  endfacet
  facet normal -0 0 1
    outer loop
      vertex 5.93612 4.775 21.7
      vertex 7.27846 4 21.7
      vertex 5.9853 4.87472 21.7
    endloop
  endfacet
  facet normal 0 0 1
    outer loop
      vertex 7.27846 4 21.7
      vertex 5.93612 4.775 21.7
      vertex 7.10405 3.73897 21.7
    endloop
  endfacet
  facet normal 0 0 1
    outer loop
      vertex 7.57947 5.51326 21.7
      vertex 6.04273 5.31095 21.7
      vertex 6.05 5.2 21.7
    endloop
  endfacet
  facet normal 0 0 1
    outer loop
      vertex 7.51822 5.82117 21.7
      vertex 6.02104 5.42 21.7
      vertex 6.04273 5.31095 21.7
    endloop
  endfacet
  facet normal 0 0 1
    outer loop
      vertex 7.41731 6.11844 21.7
      vertex 5.9853 5.52528 21.7
      vertex 6.02104 5.42 21.7
    endloop
  endfacet
  facet normal 0 0 1
    outer loop
      vertex 7.27846 6.4 21.7
      vertex 5.93612 5.625 21.7
      vertex 5.9853 5.52528 21.7
    endloop
  endfacet
  facet normal 0 0 1
    outer loop
      vertex 7.10405 6.66103 21.7
      vertex 5.87435 5.71745 21.7
      vertex 5.93612 5.625 21.7
    endloop
  endfacet
  facet normal 0 0 1
    outer loop
      vertex 5.52528 5.9853 21.7
      vertex 6.11844 7.41731 21.7
      vertex 5.82117 7.51822 21.7
    endloop
  endfacet
  facet normal 0 0 1
    outer loop
      vertex 6.89706 6.89706 21.7
      vertex 5.80104 5.80104 21.7
      vertex 5.87435 5.71745 21.7
    endloop
  endfacet
  facet normal 0 0 1
    outer loop
      vertex 6.66103 7.10405 21.7
      vertex 5.71745 5.87435 21.7
      vertex 5.80104 5.80104 21.7
    endloop
  endfacet
  facet normal 0 0 1
    outer loop
      vertex 6.4 7.27846 21.7
      vertex 5.625 5.93612 21.7
      vertex 5.71745 5.87435 21.7
    endloop
  endfacet
  facet normal 0 0 1
    outer loop
      vertex 6.11844 7.41731 21.7
      vertex 5.52528 5.9853 21.7
      vertex 5.625 5.93612 21.7
    endloop
  endfacet
  facet normal 0 0 1
    outer loop
      vertex 5.42 6.02104 21.7
      vertex 5.82117 7.51822 21.7
      vertex 5.51326 7.57947 21.7
    endloop
  endfacet
  facet normal 0 0 1
    outer loop
      vertex 5.82117 7.51822 21.7
      vertex 5.42 6.02104 21.7
      vertex 5.52528 5.9853 21.7
    endloop
  endfacet
  facet normal 0 0 1
    outer loop
      vertex 5.51326 7.57947 21.7
      vertex 5.31095 6.04273 21.7
      vertex 5.42 6.02104 21.7
    endloop
  endfacet
  facet normal 0 0 1
    outer loop
      vertex 5.2 7.6 21.7
      vertex 5.31095 6.04273 21.7
      vertex 5.51326 7.57947 21.7
    endloop
  endfacet
  facet normal 0 0 1
    outer loop
      vertex 5.2 7.6 21.7
      vertex 5.2 6.05 21.7
      vertex 5.31095 6.04273 21.7
    endloop
  endfacet
  facet normal 0 0 1
    outer loop
      vertex 5.2 7.6 21.7
      vertex 5.08905 6.04273 21.7
      vertex 5.2 6.05 21.7
    endloop
  endfacet
  facet normal -0 0 1
    outer loop
      vertex 4.88674 7.57947 21.7
      vertex 5.08905 6.04273 21.7
      vertex 5.2 7.6 21.7
    endloop
  endfacet
  facet normal 0 0 1
    outer loop
      vertex 5.08905 6.04273 21.7
      vertex 4.88674 7.57947 21.7
      vertex 4.98 6.02104 21.7
    endloop
  endfacet
  facet normal -0 0 1
    outer loop
      vertex 4.57883 7.51822 21.7
      vertex 4.98 6.02104 21.7
      vertex 4.88674 7.57947 21.7
    endloop
  endfacet
  facet normal 0 0 1
    outer loop
      vertex 4.98 6.02104 21.7
      vertex 4.57883 7.51822 21.7
      vertex 4.87472 5.9853 21.7
    endloop
  endfacet
  facet normal -0 0 1
    outer loop
      vertex 4.28156 7.41731 21.7
      vertex 4.87472 5.9853 21.7
      vertex 4.57883 7.51822 21.7
    endloop
  endfacet
  facet normal 0 0 1
    outer loop
      vertex 4.87472 5.9853 21.7
      vertex 4.28156 7.41731 21.7
      vertex 4.775 5.93612 21.7
    endloop
  endfacet
  facet normal -0 0 1
    outer loop
      vertex 4 7.27846 21.7
      vertex 4.775 5.93612 21.7
      vertex 4.28156 7.41731 21.7
    endloop
  endfacet
  facet normal 0 0 1
    outer loop
      vertex 4.775 5.93612 21.7
      vertex 4 7.27846 21.7
      vertex 4.68255 5.87435 21.7
    endloop
  endfacet
  facet normal -0 0 1
    outer loop
      vertex 3.73897 7.10405 21.7
      vertex 4.68255 5.87435 21.7
      vertex 4 7.27846 21.7
    endloop
  endfacet
  facet normal 0 0 1
    outer loop
      vertex 4.68255 5.87435 21.7
      vertex 3.73897 7.10405 21.7
      vertex 4.59896 5.80104 21.7
    endloop
  endfacet
  facet normal -0 0 1
    outer loop
      vertex 3.50294 6.89706 21.7
      vertex 4.59896 5.80104 21.7
      vertex 3.73897 7.10405 21.7
    endloop
  endfacet
  facet normal 0 0 1
    outer loop
      vertex 4.59896 5.80104 21.7
      vertex 3.50294 6.89706 21.7
      vertex 4.52565 5.71745 21.7
    endloop
  endfacet
  facet normal 0 0 1
    outer loop
      vertex 4.52565 5.71745 21.7
      vertex 3.29595 6.66103 21.7
      vertex 4.46388 5.625 21.7
    endloop
  endfacet
  facet normal -0 0 1
    outer loop
      vertex 3.29595 6.66103 21.7
      vertex 4.52565 5.71745 21.7
      vertex 3.50294 6.89706 21.7
    endloop
  endfacet
  facet normal -0 0 1
    outer loop
      vertex 5.87435 4.68255 21.7
      vertex 7.10405 3.73897 21.7
      vertex 5.93612 4.775 21.7
    endloop
  endfacet
  facet normal 0 0 1
    outer loop
      vertex 7.10405 3.73897 21.7
      vertex 5.87435 4.68255 21.7
      vertex 6.89706 3.50294 21.7
    endloop
  endfacet
  facet normal -0 0 1
    outer loop
      vertex 5.80104 4.59896 21.7
      vertex 6.89706 3.50294 21.7
      vertex 5.87435 4.68255 21.7
    endloop
  endfacet
  facet normal 0 0 1
    outer loop
      vertex 6.89706 3.50294 21.7
      vertex 5.80104 4.59896 21.7
      vertex 6.66103 3.29595 21.7
    endloop
  endfacet
  facet normal -0 0 1
    outer loop
      vertex 5.71745 4.52565 21.7
      vertex 6.66103 3.29595 21.7
      vertex 5.80104 4.59896 21.7
    endloop
  endfacet
  facet normal 0 0 1
    outer loop
      vertex 6.66103 3.29595 21.7
      vertex 5.71745 4.52565 21.7
      vertex 6.4 3.12154 21.7
    endloop
  endfacet
  facet normal -0 0 1
    outer loop
      vertex 5.625 4.46388 21.7
      vertex 6.4 3.12154 21.7
      vertex 5.71745 4.52565 21.7
    endloop
  endfacet
  facet normal 0 0 1
    outer loop
      vertex 6.4 3.12154 21.7
      vertex 5.625 4.46388 21.7
      vertex 6.11844 2.98269 21.7
    endloop
  endfacet
  facet normal -0 0 1
    outer loop
      vertex 5.52528 4.4147 21.7
      vertex 6.11844 2.98269 21.7
      vertex 5.625 4.46388 21.7
    endloop
  endfacet
  facet normal 0 0 1
    outer loop
      vertex 6.11844 2.98269 21.7
      vertex 5.52528 4.4147 21.7
      vertex 5.82117 2.88178 21.7
    endloop
  endfacet
  facet normal -0 0 1
    outer loop
      vertex 5.42 4.37896 21.7
      vertex 5.82117 2.88178 21.7
      vertex 5.52528 4.4147 21.7
    endloop
  endfacet
  facet normal 0 0 1
    outer loop
      vertex 5.82117 2.88178 21.7
      vertex 5.42 4.37896 21.7
      vertex 5.51326 2.82053 21.7
    endloop
  endfacet
  facet normal -0 0 1
    outer loop
      vertex 5.31095 4.35727 21.7
      vertex 5.51326 2.82053 21.7
      vertex 5.42 4.37896 21.7
    endloop
  endfacet
  facet normal -0 0 1
    outer loop
      vertex 5.2 4.35 21.7
      vertex 5.51326 2.82053 21.7
      vertex 5.31095 4.35727 21.7
    endloop
  endfacet
  facet normal 0 0 1
    outer loop
      vertex 5.2 4.35 21.7
      vertex 5.2 2.8 21.7
      vertex 5.51326 2.82053 21.7
    endloop
  endfacet
  facet normal 0 0 1
    outer loop
      vertex 5.08905 4.35727 21.7
      vertex 5.2 2.8 21.7
      vertex 5.2 4.35 21.7
    endloop
  endfacet
  facet normal 0 0 1
    outer loop
      vertex 4.88674 2.82053 21.7
      vertex 5.08905 4.35727 21.7
      vertex 4.98 4.37896 21.7
    endloop
  endfacet
  facet normal 0 0 1
    outer loop
      vertex 5.08905 4.35727 21.7
      vertex 4.88674 2.82053 21.7
      vertex 5.2 2.8 21.7
    endloop
  endfacet
  facet normal 0 0 1
    outer loop
      vertex 4.57883 2.88178 21.7
      vertex 4.98 4.37896 21.7
      vertex 4.87472 4.4147 21.7
    endloop
  endfacet
  facet normal 0 0 1
    outer loop
      vertex 4.28156 2.98269 21.7
      vertex 4.87472 4.4147 21.7
      vertex 4.775 4.46388 21.7
    endloop
  endfacet
  facet normal 0 0 1
    outer loop
      vertex 4 3.12154 21.7
      vertex 4.775 4.46388 21.7
      vertex 4.68255 4.52565 21.7
    endloop
  endfacet
  facet normal 0 0 1
    outer loop
      vertex 3.73897 3.29595 21.7
      vertex 4.68255 4.52565 21.7
      vertex 4.59896 4.59896 21.7
    endloop
  endfacet
  facet normal 0 0 1
    outer loop
      vertex 4.98 4.37896 21.7
      vertex 4.57883 2.88178 21.7
      vertex 4.88674 2.82053 21.7
    endloop
  endfacet
  facet normal 0 0 1
    outer loop
      vertex 3.50294 3.50294 21.7
      vertex 4.59896 4.59896 21.7
      vertex 4.52565 4.68255 21.7
    endloop
  endfacet
  facet normal 0 0 1
    outer loop
      vertex 3.29595 3.73897 21.7
      vertex 4.52565 4.68255 21.7
      vertex 4.46388 4.775 21.7
    endloop
  endfacet
  facet normal 0 0 1
    outer loop
      vertex 3.12154 4 21.7
      vertex 4.46388 4.775 21.7
      vertex 4.4147 4.87472 21.7
    endloop
  endfacet
  facet normal 0 0 1
    outer loop
      vertex 2.98269 4.28156 21.7
      vertex 4.4147 4.87472 21.7
      vertex 4.37896 4.98 21.7
    endloop
  endfacet
  facet normal 0 0 1
    outer loop
      vertex 2.88178 4.57883 21.7
      vertex 4.37896 4.98 21.7
      vertex 4.35727 5.08905 21.7
    endloop
  endfacet
  facet normal 0 0 1
    outer loop
      vertex 4.87472 4.4147 21.7
      vertex 4.28156 2.98269 21.7
      vertex 4.57883 2.88178 21.7
    endloop
  endfacet
  facet normal 0 0 1
    outer loop
      vertex 2.82053 4.88674 21.7
      vertex 4.35727 5.08905 21.7
      vertex 4.35 5.2 21.7
    endloop
  endfacet
  facet normal -0 0 1
    outer loop
      vertex 3.12154 6.4 21.7
      vertex 4.46388 5.625 21.7
      vertex 3.29595 6.66103 21.7
    endloop
  endfacet
  facet normal 0 0 1
    outer loop
      vertex 4.46388 5.625 21.7
      vertex 3.12154 6.4 21.7
      vertex 4.4147 5.52528 21.7
    endloop
  endfacet
  facet normal 0 0 1
    outer loop
      vertex 4.775 4.46388 21.7
      vertex 4 3.12154 21.7
      vertex 4.28156 2.98269 21.7
    endloop
  endfacet
  facet normal -0 0 1
    outer loop
      vertex 2.98269 6.11844 21.7
      vertex 4.4147 5.52528 21.7
      vertex 3.12154 6.4 21.7
    endloop
  endfacet
  facet normal 0 0 1
    outer loop
      vertex 4.68255 4.52565 21.7
      vertex 3.73897 3.29595 21.7
      vertex 4 3.12154 21.7
    endloop
  endfacet
  facet normal 0 0 1
    outer loop
      vertex 4.4147 5.52528 21.7
      vertex 2.98269 6.11844 21.7
      vertex 4.37896 5.42 21.7
    endloop
  endfacet
  facet normal 0 0 1
    outer loop
      vertex 4.59896 4.59896 21.7
      vertex 3.50294 3.50294 21.7
      vertex 3.73897 3.29595 21.7
    endloop
  endfacet
  facet normal -0 0 1
    outer loop
      vertex 2.88178 5.82117 21.7
      vertex 4.37896 5.42 21.7
      vertex 2.98269 6.11844 21.7
    endloop
  endfacet
  facet normal 0 0 1
    outer loop
      vertex 4.52565 4.68255 21.7
      vertex 3.29595 3.73897 21.7
      vertex 3.50294 3.50294 21.7
    endloop
  endfacet
  facet normal 0 0 1
    outer loop
      vertex 4.37896 5.42 21.7
      vertex 2.88178 5.82117 21.7
      vertex 4.35727 5.31095 21.7
    endloop
  endfacet
  facet normal 0 0 1
    outer loop
      vertex 4.46388 4.775 21.7
      vertex 3.12154 4 21.7
      vertex 3.29595 3.73897 21.7
    endloop
  endfacet
  facet normal -0 0 1
    outer loop
      vertex 2.82053 5.51326 21.7
      vertex 4.35727 5.31095 21.7
      vertex 2.88178 5.82117 21.7
    endloop
  endfacet
  facet normal 0 0 1
    outer loop
      vertex 4.4147 4.87472 21.7
      vertex 2.98269 4.28156 21.7
      vertex 3.12154 4 21.7
    endloop
  endfacet
  facet normal 0 0 1
    outer loop
      vertex 4.35727 5.31095 21.7
      vertex 2.82053 5.51326 21.7
      vertex 4.35 5.2 21.7
    endloop
  endfacet
  facet normal 0 0 1
    outer loop
      vertex 4.37896 4.98 21.7
      vertex 2.88178 4.57883 21.7
      vertex 2.98269 4.28156 21.7
    endloop
  endfacet
  facet normal 0 0 1
    outer loop
      vertex 2.8 5.2 21.7
      vertex 4.35 5.2 21.7
      vertex 2.82053 5.51326 21.7
    endloop
  endfacet
  facet normal 0 0 1
    outer loop
      vertex 4.35727 5.08905 21.7
      vertex 2.82053 4.88674 21.7
      vertex 2.88178 4.57883 21.7
    endloop
  endfacet
  facet normal 0 0 1
    outer loop
      vertex 4.35 5.2 21.7
      vertex 2.8 5.2 21.7
      vertex 2.82053 4.88674 21.7
    endloop
  endfacet
  facet normal -0.0653963 0.997859 0
    outer loop
      vertex 5.2 7.6 1.6
      vertex 4.88674 7.57947 21.7
      vertex 5.2 7.6 21.7
    endloop
  endfacet
  facet normal -0.0653963 0.997859 0
    outer loop
      vertex 4.88674 7.57947 21.7
      vertex 5.2 7.6 1.6
      vertex 4.88674 7.57947 1.6
    endloop
  endfacet
  facet normal 0.997859 -0.0653963 0
    outer loop
      vertex 7.57947 4.88674 11.6
      vertex 7.6 5.2 1.6
      vertex 7.6 5.2 11.6
    endloop
  endfacet
  facet normal 0.997859 -0.0653963 0
    outer loop
      vertex 7.6 5.2 1.6
      vertex 7.57947 4.88674 11.6
      vertex 7.57947 4.88674 1.6
    endloop
  endfacet
  facet normal 0.997859 -0.0653963 0
    outer loop
      vertex 7.57947 4.88674 21.7
      vertex 7.6 5.2 13.1
      vertex 7.6 5.2 21.7
    endloop
  endfacet
  facet normal 0.997859 -0.0653963 0
    outer loop
      vertex 7.6 5.2 13.1
      vertex 7.57947 4.88674 21.7
      vertex 7.57947 4.88674 13.1
    endloop
  endfacet
  facet normal 0.0653963 -0.997859 0
    outer loop
      vertex 5.2 2.8 1.6
      vertex 5.51326 2.82053 11.6
      vertex 5.2 2.8 11.6
    endloop
  endfacet
  facet normal 0.0653963 -0.997859 0
    outer loop
      vertex 5.51326 2.82053 11.6
      vertex 5.2 2.8 1.6
      vertex 5.51326 2.82053 1.6
    endloop
  endfacet
  facet normal 0.0653963 -0.997859 0
    outer loop
      vertex 5.2 2.8 13.1
      vertex 5.51326 2.82053 21.7
      vertex 5.2 2.8 21.7
    endloop
  endfacet
  facet normal 0.0653963 -0.997859 0
    outer loop
      vertex 5.51326 2.82053 21.7
      vertex 5.2 2.8 13.1
      vertex 5.51326 2.82053 13.1
    endloop
  endfacet
  facet normal 0.659341 -0.751844 0
    outer loop
      vertex 6.66103 3.29595 1.6
      vertex 6.89706 3.50294 11.6
      vertex 6.66103 3.29595 11.6
    endloop
  endfacet
  facet normal 0.659341 -0.751844 0
    outer loop
      vertex 6.89706 3.50294 11.6
      vertex 6.66103 3.29595 1.6
      vertex 6.89706 3.50294 1.6
    endloop
  endfacet
  facet normal 0.659341 -0.751844 0
    outer loop
      vertex 6.66103 3.29595 13.1
      vertex 6.89706 3.50294 21.7
      vertex 6.66103 3.29595 21.7
    endloop
  endfacet
  facet normal 0.659341 -0.751844 0
    outer loop
      vertex 6.89706 3.50294 21.7
      vertex 6.66103 3.29595 13.1
      vertex 6.89706 3.50294 13.1
    endloop
  endfacet
  facet normal 0.831476 -0.55556 0
    outer loop
      vertex 7.10405 3.73897 11.6
      vertex 7.27846 4 1.6
      vertex 7.27846 4 11.6
    endloop
  endfacet
  facet normal 0.831476 -0.55556 0
    outer loop
      vertex 7.27846 4 1.6
      vertex 7.10405 3.73897 11.6
      vertex 7.10405 3.73897 1.6
    endloop
  endfacet
  facet normal 0.831476 -0.55556 0
    outer loop
      vertex 7.10405 3.73897 21.7
      vertex 7.27846 4 13.1
      vertex 7.27846 4 21.7
    endloop
  endfacet
  facet normal 0.831476 -0.55556 0
    outer loop
      vertex 7.27846 4 13.1
      vertex 7.10405 3.73897 21.7
      vertex 7.10405 3.73897 13.1
    endloop
  endfacet
  facet normal 0.980784 -0.195099 0
    outer loop
      vertex 7.51822 4.57883 11.6
      vertex 7.57947 4.88674 1.6
      vertex 7.57947 4.88674 11.6
    endloop
  endfacet
  facet normal 0.980784 -0.195099 0
    outer loop
      vertex 7.57947 4.88674 1.6
      vertex 7.51822 4.57883 11.6
      vertex 7.51822 4.57883 1.6
    endloop
  endfacet
  facet normal 0.980784 -0.195099 0
    outer loop
      vertex 7.51822 4.57883 21.7
      vertex 7.57947 4.88674 13.1
      vertex 7.57947 4.88674 21.7
    endloop
  endfacet
  facet normal 0.980784 -0.195099 0
    outer loop
      vertex 7.57947 4.88674 13.1
      vertex 7.51822 4.57883 21.7
      vertex 7.51822 4.57883 13.1
    endloop
  endfacet
  facet normal -0.55556 -0.831476 0
    outer loop
      vertex 3.73897 3.29595 1.6
      vertex 4 3.12154 11.6
      vertex 3.73897 3.29595 11.6
    endloop
  endfacet
  facet normal -0.55556 -0.831476 -0
    outer loop
      vertex 4 3.12154 11.6
      vertex 3.73897 3.29595 1.6
      vertex 4 3.12154 1.6
    endloop
  endfacet
  facet normal -0.55556 -0.831476 0
    outer loop
      vertex 3.73897 3.29595 13.1
      vertex 4 3.12154 21.7
      vertex 3.73897 3.29595 21.7
    endloop
  endfacet
  facet normal -0.55556 -0.831476 -0
    outer loop
      vertex 4 3.12154 21.7
      vertex 3.73897 3.29595 13.1
      vertex 4 3.12154 13.1
    endloop
  endfacet
  facet normal -0.442289 -0.896873 0
    outer loop
      vertex 4 3.12154 13.1
      vertex 4.28156 2.98269 21.7
      vertex 4 3.12154 21.7
    endloop
  endfacet
  facet normal -0.442289 -0.896873 -0
    outer loop
      vertex 4.28156 2.98269 21.7
      vertex 4 3.12154 13.1
      vertex 4.28156 2.98269 13.1
    endloop
  endfacet
  facet normal -0.442289 -0.896873 0
    outer loop
      vertex 4 3.12154 1.6
      vertex 4.28156 2.98269 11.6
      vertex 4 3.12154 11.6
    endloop
  endfacet
  facet normal -0.442289 -0.896873 -0
    outer loop
      vertex 4.28156 2.98269 11.6
      vertex 4 3.12154 1.6
      vertex 4.28156 2.98269 1.6
    endloop
  endfacet
  facet normal -0.195099 -0.980784 0
    outer loop
      vertex 4.57883 2.88178 1.6
      vertex 4.88674 2.82053 11.6
      vertex 4.57883 2.88178 11.6
    endloop
  endfacet
  facet normal -0.195099 -0.980784 -0
    outer loop
      vertex 4.88674 2.82053 11.6
      vertex 4.57883 2.88178 1.6
      vertex 4.88674 2.82053 1.6
    endloop
  endfacet
  facet normal -0.195099 -0.980784 0
    outer loop
      vertex 4.57883 2.88178 13.1
      vertex 4.88674 2.82053 21.7
      vertex 4.57883 2.88178 21.7
    endloop
  endfacet
  facet normal -0.195099 -0.980784 -0
    outer loop
      vertex 4.88674 2.82053 21.7
      vertex 4.57883 2.88178 13.1
      vertex 4.88674 2.82053 13.1
    endloop
  endfacet
  facet normal -0.896873 -0.442289 0
    outer loop
      vertex 3.12154 4 13.1
      vertex 2.98269 4.28156 21.7
      vertex 2.98269 4.28156 13.1
    endloop
  endfacet
  facet normal -0.896873 -0.442289 0
    outer loop
      vertex 2.98269 4.28156 21.7
      vertex 3.12154 4 13.1
      vertex 3.12154 4 21.7
    endloop
  endfacet
  facet normal -0.896873 -0.442289 0
    outer loop
      vertex 3.12154 4 1.6
      vertex 2.98269 4.28156 11.6
      vertex 2.98269 4.28156 1.6
    endloop
  endfacet
  facet normal -0.896873 -0.442289 0
    outer loop
      vertex 2.98269 4.28156 11.6
      vertex 3.12154 4 1.6
      vertex 3.12154 4 11.6
    endloop
  endfacet
  facet normal -0.94693 -0.321441 0
    outer loop
      vertex 2.98269 4.28156 1.6
      vertex 2.88178 4.57883 11.6
      vertex 2.88178 4.57883 1.6
    endloop
  endfacet
  facet normal -0.94693 -0.321441 0
    outer loop
      vertex 2.88178 4.57883 11.6
      vertex 2.98269 4.28156 1.6
      vertex 2.98269 4.28156 11.6
    endloop
  endfacet
  facet normal -0.94693 -0.321441 0
    outer loop
      vertex 2.98269 4.28156 13.1
      vertex 2.88178 4.57883 21.7
      vertex 2.88178 4.57883 13.1
    endloop
  endfacet
  facet normal -0.94693 -0.321441 0
    outer loop
      vertex 2.88178 4.57883 21.7
      vertex 2.98269 4.28156 13.1
      vertex 2.98269 4.28156 21.7
    endloop
  endfacet
  facet normal -0.997859 -0.0653963 0
    outer loop
      vertex 2.82053 4.88674 1.6
      vertex 2.8 5.2 11.6
      vertex 2.8 5.2 1.6
    endloop
  endfacet
  facet normal -0.997859 -0.0653963 0
    outer loop
      vertex 2.8 5.2 11.6
      vertex 2.82053 4.88674 1.6
      vertex 2.82053 4.88674 11.6
    endloop
  endfacet
  facet normal -0.997859 -0.0653963 0
    outer loop
      vertex 2.82053 4.88674 13.1
      vertex 2.8 5.2 21.7
      vertex 2.8 5.2 13.1
    endloop
  endfacet
  facet normal -0.997859 -0.0653963 0
    outer loop
      vertex 2.8 5.2 21.7
      vertex 2.82053 4.88674 13.1
      vertex 2.82053 4.88674 21.7
    endloop
  endfacet
  facet normal 0.751844 0.659341 0
    outer loop
      vertex 7.10405 6.66103 21.7
      vertex 6.89706 6.89706 1.6
      vertex 6.89706 6.89706 21.7
    endloop
  endfacet
  facet normal 0.751844 0.659341 0
    outer loop
      vertex 6.89706 6.89706 1.6
      vertex 7.10405 6.66103 21.7
      vertex 7.10405 6.66103 1.6
    endloop
  endfacet
  facet normal 0.442289 0.896873 -0
    outer loop
      vertex 6.4 7.27846 1.6
      vertex 6.11844 7.41731 21.7
      vertex 6.4 7.27846 21.7
    endloop
  endfacet
  facet normal 0.442289 0.896873 0
    outer loop
      vertex 6.11844 7.41731 21.7
      vertex 6.4 7.27846 1.6
      vertex 6.11844 7.41731 1.6
    endloop
  endfacet
  facet normal -0.442289 0.896873 0
    outer loop
      vertex 4.28156 7.41731 1.6
      vertex 4 7.27846 21.7
      vertex 4.28156 7.41731 21.7
    endloop
  endfacet
  facet normal -0.442289 0.896873 0
    outer loop
      vertex 4 7.27846 21.7
      vertex 4.28156 7.41731 1.6
      vertex 4 7.27846 1.6
    endloop
  endfacet
  facet normal 0.195099 -0.980784 0
    outer loop
      vertex 5.51326 2.82053 1.6
      vertex 5.82117 2.88178 11.6
      vertex 5.51326 2.82053 11.6
    endloop
  endfacet
  facet normal 0.195099 -0.980784 0
    outer loop
      vertex 5.82117 2.88178 11.6
      vertex 5.51326 2.82053 1.6
      vertex 5.82117 2.88178 1.6
    endloop
  endfacet
  facet normal 0.195099 -0.980784 0
    outer loop
      vertex 5.51326 2.82053 13.1
      vertex 5.82117 2.88178 21.7
      vertex 5.51326 2.82053 21.7
    endloop
  endfacet
  facet normal 0.195099 -0.980784 0
    outer loop
      vertex 5.82117 2.88178 21.7
      vertex 5.51326 2.82053 13.1
      vertex 5.82117 2.88178 13.1
    endloop
  endfacet
  facet normal 0.442289 -0.896873 0
    outer loop
      vertex 6.11844 2.98269 1.6
      vertex 6.4 3.12154 11.6
      vertex 6.11844 2.98269 11.6
    endloop
  endfacet
  facet normal 0.442289 -0.896873 0
    outer loop
      vertex 6.4 3.12154 11.6
      vertex 6.11844 2.98269 1.6
      vertex 6.4 3.12154 1.6
    endloop
  endfacet
  facet normal 0.442289 -0.896873 0
    outer loop
      vertex 6.11844 2.98269 13.1
      vertex 6.4 3.12154 21.7
      vertex 6.11844 2.98269 21.7
    endloop
  endfacet
  facet normal 0.442289 -0.896873 0
    outer loop
      vertex 6.4 3.12154 21.7
      vertex 6.11844 2.98269 13.1
      vertex 6.4 3.12154 13.1
    endloop
  endfacet
  facet normal 0.896873 -0.442289 0
    outer loop
      vertex 7.27846 4 11.6
      vertex 7.41731 4.28156 1.6
      vertex 7.41731 4.28156 11.6
    endloop
  endfacet
  facet normal 0.896873 -0.442289 0
    outer loop
      vertex 7.41731 4.28156 1.6
      vertex 7.27846 4 11.6
      vertex 7.27846 4 1.6
    endloop
  endfacet
  facet normal 0.896873 -0.442289 0
    outer loop
      vertex 7.27846 4 21.7
      vertex 7.41731 4.28156 13.1
      vertex 7.41731 4.28156 21.7
    endloop
  endfacet
  facet normal 0.896873 -0.442289 0
    outer loop
      vertex 7.41731 4.28156 13.1
      vertex 7.27846 4 21.7
      vertex 7.27846 4 13.1
    endloop
  endfacet
  facet normal -0.831476 -0.55556 0
    outer loop
      vertex 3.29595 3.73897 1.6
      vertex 3.12154 4 11.6
      vertex 3.12154 4 1.6
    endloop
  endfacet
  facet normal -0.831476 -0.55556 0
    outer loop
      vertex 3.12154 4 11.6
      vertex 3.29595 3.73897 1.6
      vertex 3.29595 3.73897 11.6
    endloop
  endfacet
  facet normal -0.831476 -0.55556 0
    outer loop
      vertex 3.29595 3.73897 13.1
      vertex 3.12154 4 21.7
      vertex 3.12154 4 13.1
    endloop
  endfacet
  facet normal -0.831476 -0.55556 0
    outer loop
      vertex 3.12154 4 21.7
      vertex 3.29595 3.73897 13.1
      vertex 3.29595 3.73897 21.7
    endloop
  endfacet
  facet normal -0.980784 -0.195099 0
    outer loop
      vertex 2.88178 4.57883 1.6
      vertex 2.82053 4.88674 11.6
      vertex 2.82053 4.88674 1.6
    endloop
  endfacet
  facet normal -0.980784 -0.195099 0
    outer loop
      vertex 2.82053 4.88674 11.6
      vertex 2.88178 4.57883 1.6
      vertex 2.88178 4.57883 11.6
    endloop
  endfacet
  facet normal -0.980784 -0.195099 0
    outer loop
      vertex 2.88178 4.57883 13.1
      vertex 2.82053 4.88674 21.7
      vertex 2.82053 4.88674 13.1
    endloop
  endfacet
  facet normal -0.980784 -0.195099 0
    outer loop
      vertex 2.82053 4.88674 21.7
      vertex 2.88178 4.57883 13.1
      vertex 2.88178 4.57883 21.7
    endloop
  endfacet
  facet normal -0.99786 -0.0653848 0
    outer loop
      vertex 6.05 5.2 14.7
      vertex 6.04273 5.31095 21.7
      vertex 6.04273 5.31095 14.7
    endloop
  endfacet
  facet normal -0.99786 -0.0653848 0
    outer loop
      vertex 6.04273 5.31095 21.7
      vertex 6.05 5.2 14.7
      vertex 6.05 5.2 21.7
    endloop
  endfacet
  facet normal 0.99786 -0.0653848 0
    outer loop
      vertex 4.35 5.2 21.7
      vertex 4.35727 5.31095 14.7
      vertex 4.35727 5.31095 21.7
    endloop
  endfacet
  facet normal 0.99786 -0.0653848 0
    outer loop
      vertex 4.35727 5.31095 14.7
      vertex 4.35 5.2 21.7
      vertex 4.35 5.2 14.7
    endloop
  endfacet
  facet normal 0.0653848 -0.99786 0
    outer loop
      vertex 5.08905 6.04273 14.7
      vertex 5.2 6.05 21.7
      vertex 5.08905 6.04273 21.7
    endloop
  endfacet
  facet normal 0.0653848 -0.99786 0
    outer loop
      vertex 5.2 6.05 21.7
      vertex 5.08905 6.04273 14.7
      vertex 5.2 6.05 14.7
    endloop
  endfacet
  facet normal -0.0653848 0.99786 0
    outer loop
      vertex 5.31095 4.35727 14.7
      vertex 5.2 4.35 21.7
      vertex 5.31095 4.35727 21.7
    endloop
  endfacet
  facet normal -0.0653848 0.99786 0
    outer loop
      vertex 5.2 4.35 21.7
      vertex 5.31095 4.35727 14.7
      vertex 5.2 4.35 14.7
    endloop
  endfacet
  facet normal -0.751824 0.659364 0
    outer loop
      vertex 5.80104 4.59896 14.7
      vertex 5.87435 4.68255 21.7
      vertex 5.87435 4.68255 14.7
    endloop
  endfacet
  facet normal -0.751824 0.659364 0
    outer loop
      vertex 5.87435 4.68255 21.7
      vertex 5.80104 4.59896 14.7
      vertex 5.80104 4.59896 21.7
    endloop
  endfacet
  facet normal -0.659364 -0.751824 0
    outer loop
      vertex 5.71745 5.87435 14.7
      vertex 5.80104 5.80104 21.7
      vertex 5.71745 5.87435 21.7
    endloop
  endfacet
  facet normal -0.659364 -0.751824 -0
    outer loop
      vertex 5.80104 5.80104 21.7
      vertex 5.71745 5.87435 14.7
      vertex 5.80104 5.80104 14.7
    endloop
  endfacet
  facet normal 0.751824 -0.659364 0
    outer loop
      vertex 4.52565 5.71745 21.7
      vertex 4.59896 5.80104 14.7
      vertex 4.59896 5.80104 21.7
    endloop
  endfacet
  facet normal 0.751824 -0.659364 0
    outer loop
      vertex 4.59896 5.80104 14.7
      vertex 4.52565 5.71745 21.7
      vertex 4.52565 5.71745 14.7
    endloop
  endfacet
  facet normal 0.442314 -0.89686 0
    outer loop
      vertex 4.775 5.93612 14.7
      vertex 4.87472 5.9853 21.7
      vertex 4.775 5.93612 21.7
    endloop
  endfacet
  facet normal 0.442314 -0.89686 0
    outer loop
      vertex 4.87472 5.9853 21.7
      vertex 4.775 5.93612 14.7
      vertex 4.87472 5.9853 14.7
    endloop
  endfacet
  facet normal -0.89686 -0.442314 0
    outer loop
      vertex 5.9853 5.52528 14.7
      vertex 5.93612 5.625 21.7
      vertex 5.93612 5.625 14.7
    endloop
  endfacet
  facet normal -0.89686 -0.442314 0
    outer loop
      vertex 5.93612 5.625 21.7
      vertex 5.9853 5.52528 14.7
      vertex 5.9853 5.52528 21.7
    endloop
  endfacet
  facet normal -0.831483 -0.555551 0
    outer loop
      vertex 5.93612 5.625 14.7
      vertex 5.87435 5.71745 21.7
      vertex 5.87435 5.71745 14.7
    endloop
  endfacet
  facet normal -0.831483 -0.555551 0
    outer loop
      vertex 5.87435 5.71745 21.7
      vertex 5.93612 5.625 14.7
      vertex 5.93612 5.625 21.7
    endloop
  endfacet
  facet normal -0.321458 -0.946924 0
    outer loop
      vertex 5.42 6.02104 14.7
      vertex 5.52528 5.9853 21.7
      vertex 5.42 6.02104 21.7
    endloop
  endfacet
  facet normal -0.321458 -0.946924 -0
    outer loop
      vertex 5.52528 5.9853 21.7
      vertex 5.42 6.02104 14.7
      vertex 5.52528 5.9853 14.7
    endloop
  endfacet
  facet normal -0.195078 -0.980788 0
    outer loop
      vertex 5.31095 6.04273 14.7
      vertex 5.42 6.02104 21.7
      vertex 5.31095 6.04273 21.7
    endloop
  endfacet
  facet normal -0.195078 -0.980788 -0
    outer loop
      vertex 5.42 6.02104 21.7
      vertex 5.31095 6.04273 14.7
      vertex 5.42 6.02104 14.7
    endloop
  endfacet
  facet normal -0.442314 -0.89686 0
    outer loop
      vertex 5.52528 5.9853 14.7
      vertex 5.625 5.93612 21.7
      vertex 5.52528 5.9853 21.7
    endloop
  endfacet
  facet normal -0.442314 -0.89686 -0
    outer loop
      vertex 5.625 5.93612 21.7
      vertex 5.52528 5.9853 14.7
      vertex 5.625 5.93612 14.7
    endloop
  endfacet
  facet normal 0.89686 -0.442314 0
    outer loop
      vertex 4.4147 5.52528 21.7
      vertex 4.46388 5.625 14.7
      vertex 4.46388 5.625 21.7
    endloop
  endfacet
  facet normal 0.89686 -0.442314 0
    outer loop
      vertex 4.46388 5.625 14.7
      vertex 4.4147 5.52528 21.7
      vertex 4.4147 5.52528 14.7
    endloop
  endfacet
  facet normal 0.831483 -0.555551 0
    outer loop
      vertex 4.46388 5.625 21.7
      vertex 4.52565 5.71745 14.7
      vertex 4.52565 5.71745 21.7
    endloop
  endfacet
  facet normal 0.831483 -0.555551 0
    outer loop
      vertex 4.52565 5.71745 14.7
      vertex 4.46388 5.625 21.7
      vertex 4.46388 5.625 14.7
    endloop
  endfacet
  facet normal 0.555551 -0.831483 0
    outer loop
      vertex 4.68255 5.87435 14.7
      vertex 4.775 5.93612 21.7
      vertex 4.68255 5.87435 21.7
    endloop
  endfacet
  facet normal 0.555551 -0.831483 0
    outer loop
      vertex 4.775 5.93612 21.7
      vertex 4.68255 5.87435 14.7
      vertex 4.775 5.93612 14.7
    endloop
  endfacet
  facet normal 0.321458 -0.946924 0
    outer loop
      vertex 4.87472 5.9853 14.7
      vertex 4.98 6.02104 21.7
      vertex 4.87472 5.9853 21.7
    endloop
  endfacet
  facet normal 0.321458 -0.946924 0
    outer loop
      vertex 4.98 6.02104 21.7
      vertex 4.87472 5.9853 14.7
      vertex 4.98 6.02104 14.7
    endloop
  endfacet
  facet normal 0 0 1
    outer loop
      vertex 6.04273 5.31095 14.7
      vertex 6.04273 5.08905 14.7
      vertex 6.05 5.2 14.7
    endloop
  endfacet
  facet normal 0 0 1
    outer loop
      vertex 6.02104 5.42 14.7
      vertex 6.04273 5.08905 14.7
      vertex 6.04273 5.31095 14.7
    endloop
  endfacet
  facet normal 0 0 1
    outer loop
      vertex 6.02104 5.42 14.7
      vertex 6.02104 4.98 14.7
      vertex 6.04273 5.08905 14.7
    endloop
  endfacet
  facet normal 0 0 1
    outer loop
      vertex 5.9853 5.52528 14.7
      vertex 6.02104 4.98 14.7
      vertex 6.02104 5.42 14.7
    endloop
  endfacet
  facet normal 0 0 1
    outer loop
      vertex 5.9853 5.52528 14.7
      vertex 5.9853 4.87472 14.7
      vertex 6.02104 4.98 14.7
    endloop
  endfacet
  facet normal 0 0 1
    outer loop
      vertex 5.93612 5.625 14.7
      vertex 5.9853 4.87472 14.7
      vertex 5.9853 5.52528 14.7
    endloop
  endfacet
  facet normal 0 0 1
    outer loop
      vertex 5.93612 5.625 14.7
      vertex 5.93612 4.775 14.7
      vertex 5.9853 4.87472 14.7
    endloop
  endfacet
  facet normal 0 0 1
    outer loop
      vertex 5.87435 5.71745 14.7
      vertex 5.93612 4.775 14.7
      vertex 5.93612 5.625 14.7
    endloop
  endfacet
  facet normal 0 0 1
    outer loop
      vertex 5.87435 5.71745 14.7
      vertex 5.87435 4.68255 14.7
      vertex 5.93612 4.775 14.7
    endloop
  endfacet
  facet normal 0 0 1
    outer loop
      vertex 5.80104 5.80104 14.7
      vertex 5.87435 4.68255 14.7
      vertex 5.87435 5.71745 14.7
    endloop
  endfacet
  facet normal 0 0 1
    outer loop
      vertex 5.80104 5.80104 14.7
      vertex 5.80104 4.59896 14.7
      vertex 5.87435 4.68255 14.7
    endloop
  endfacet
  facet normal 0 0 1
    outer loop
      vertex 5.71745 5.87435 14.7
      vertex 5.80104 4.59896 14.7
      vertex 5.80104 5.80104 14.7
    endloop
  endfacet
  facet normal 0 0 1
    outer loop
      vertex 5.71745 5.87435 14.7
      vertex 5.71745 4.52565 14.7
      vertex 5.80104 4.59896 14.7
    endloop
  endfacet
  facet normal 0 0 1
    outer loop
      vertex 5.625 5.93612 14.7
      vertex 5.71745 4.52565 14.7
      vertex 5.71745 5.87435 14.7
    endloop
  endfacet
  facet normal 0 0 1
    outer loop
      vertex 5.625 5.93612 14.7
      vertex 5.625 4.46388 14.7
      vertex 5.71745 4.52565 14.7
    endloop
  endfacet
  facet normal 0 0 1
    outer loop
      vertex 5.52528 5.9853 14.7
      vertex 5.625 4.46388 14.7
      vertex 5.625 5.93612 14.7
    endloop
  endfacet
  facet normal 0 0 1
    outer loop
      vertex 5.52528 5.9853 14.7
      vertex 5.52528 4.4147 14.7
      vertex 5.625 4.46388 14.7
    endloop
  endfacet
  facet normal 0 0 1
    outer loop
      vertex 5.42 6.02104 14.7
      vertex 5.52528 4.4147 14.7
      vertex 5.52528 5.9853 14.7
    endloop
  endfacet
  facet normal 0 0 1
    outer loop
      vertex 5.42 6.02104 14.7
      vertex 5.42 4.37896 14.7
      vertex 5.52528 4.4147 14.7
    endloop
  endfacet
  facet normal 0 0 1
    outer loop
      vertex 5.31095 6.04273 14.7
      vertex 5.42 4.37896 14.7
      vertex 5.42 6.02104 14.7
    endloop
  endfacet
  facet normal 0 0 1
    outer loop
      vertex 5.31095 6.04273 14.7
      vertex 5.31095 4.35727 14.7
      vertex 5.42 4.37896 14.7
    endloop
  endfacet
  facet normal 0 0 1
    outer loop
      vertex 5.2 6.05 14.7
      vertex 5.31095 4.35727 14.7
      vertex 5.31095 6.04273 14.7
    endloop
  endfacet
  facet normal 0 0 1
    outer loop
      vertex 5.2 6.05 14.7
      vertex 5.2 4.35 14.7
      vertex 5.31095 4.35727 14.7
    endloop
  endfacet
  facet normal -0 0 1
    outer loop
      vertex 5.08905 6.04273 14.7
      vertex 5.2 4.35 14.7
      vertex 5.2 6.05 14.7
    endloop
  endfacet
  facet normal 0 0 1
    outer loop
      vertex 5.08905 6.04273 14.7
      vertex 5.08905 4.35727 14.7
      vertex 5.2 4.35 14.7
    endloop
  endfacet
  facet normal -0 0 1
    outer loop
      vertex 4.98 6.02104 14.7
      vertex 5.08905 4.35727 14.7
      vertex 5.08905 6.04273 14.7
    endloop
  endfacet
  facet normal 0 0 1
    outer loop
      vertex 4.98 6.02104 14.7
      vertex 4.98 4.37896 14.7
      vertex 5.08905 4.35727 14.7
    endloop
  endfacet
  facet normal -0 0 1
    outer loop
      vertex 4.87472 5.9853 14.7
      vertex 4.98 4.37896 14.7
      vertex 4.98 6.02104 14.7
    endloop
  endfacet
  facet normal 0 0 1
    outer loop
      vertex 4.87472 5.9853 14.7
      vertex 4.87472 4.4147 14.7
      vertex 4.98 4.37896 14.7
    endloop
  endfacet
  facet normal -0 0 1
    outer loop
      vertex 4.775 5.93612 14.7
      vertex 4.87472 4.4147 14.7
      vertex 4.87472 5.9853 14.7
    endloop
  endfacet
  facet normal 0 0 1
    outer loop
      vertex 4.775 5.93612 14.7
      vertex 4.775 4.46388 14.7
      vertex 4.87472 4.4147 14.7
    endloop
  endfacet
  facet normal -0 0 1
    outer loop
      vertex 4.68255 5.87435 14.7
      vertex 4.775 4.46388 14.7
      vertex 4.775 5.93612 14.7
    endloop
  endfacet
  facet normal 0 0 1
    outer loop
      vertex 4.68255 5.87435 14.7
      vertex 4.68255 4.52565 14.7
      vertex 4.775 4.46388 14.7
    endloop
  endfacet
  facet normal -0 0 1
    outer loop
      vertex 4.59896 5.80104 14.7
      vertex 4.68255 4.52565 14.7
      vertex 4.68255 5.87435 14.7
    endloop
  endfacet
  facet normal 0 0 1
    outer loop
      vertex 4.59896 5.80104 14.7
      vertex 4.59896 4.59896 14.7
      vertex 4.68255 4.52565 14.7
    endloop
  endfacet
  facet normal -0 0 1
    outer loop
      vertex 4.52565 5.71745 14.7
      vertex 4.59896 4.59896 14.7
      vertex 4.59896 5.80104 14.7
    endloop
  endfacet
  facet normal 0 0 1
    outer loop
      vertex 4.52565 5.71745 14.7
      vertex 4.52565 4.68255 14.7
      vertex 4.59896 4.59896 14.7
    endloop
  endfacet
  facet normal -0 0 1
    outer loop
      vertex 4.46388 5.625 14.7
      vertex 4.52565 4.68255 14.7
      vertex 4.52565 5.71745 14.7
    endloop
  endfacet
  facet normal 0 0 1
    outer loop
      vertex 4.46388 5.625 14.7
      vertex 4.46388 4.775 14.7
      vertex 4.52565 4.68255 14.7
    endloop
  endfacet
  facet normal -0 0 1
    outer loop
      vertex 4.4147 5.52528 14.7
      vertex 4.46388 4.775 14.7
      vertex 4.46388 5.625 14.7
    endloop
  endfacet
  facet normal 0 0 1
    outer loop
      vertex 4.4147 5.52528 14.7
      vertex 4.4147 4.87472 14.7
      vertex 4.46388 4.775 14.7
    endloop
  endfacet
  facet normal -0 0 1
    outer loop
      vertex 4.37896 5.42 14.7
      vertex 4.4147 4.87472 14.7
      vertex 4.4147 5.52528 14.7
    endloop
  endfacet
  facet normal 0 0 1
    outer loop
      vertex 4.37896 5.42 14.7
      vertex 4.37896 4.98 14.7
      vertex 4.4147 4.87472 14.7
    endloop
  endfacet
  facet normal -0 0 1
    outer loop
      vertex 4.35727 5.31095 14.7
      vertex 4.37896 4.98 14.7
      vertex 4.37896 5.42 14.7
    endloop
  endfacet
  facet normal 0 0 1
    outer loop
      vertex 4.35727 5.31095 14.7
      vertex 4.35727 5.08905 14.7
      vertex 4.37896 4.98 14.7
    endloop
  endfacet
  facet normal 0 -0 1
    outer loop
      vertex 4.35727 5.08905 14.7
      vertex 4.35727 5.31095 14.7
      vertex 4.35 5.2 14.7
    endloop
  endfacet
  facet normal -0.195078 0.980788 0
    outer loop
      vertex 5.42 4.37896 14.7
      vertex 5.31095 4.35727 21.7
      vertex 5.42 4.37896 21.7
    endloop
  endfacet
  facet normal -0.195078 0.980788 0
    outer loop
      vertex 5.31095 4.35727 21.7
      vertex 5.42 4.37896 14.7
      vertex 5.31095 4.35727 14.7
    endloop
  endfacet
  facet normal -0.946924 -0.321458 0
    outer loop
      vertex 6.02104 5.42 14.7
      vertex 5.9853 5.52528 21.7
      vertex 5.9853 5.52528 14.7
    endloop
  endfacet
  facet normal -0.946924 -0.321458 0
    outer loop
      vertex 5.9853 5.52528 21.7
      vertex 6.02104 5.42 14.7
      vertex 6.02104 5.42 21.7
    endloop
  endfacet
  facet normal -0.980788 -0.195078 0
    outer loop
      vertex 6.04273 5.31095 14.7
      vertex 6.02104 5.42 21.7
      vertex 6.02104 5.42 14.7
    endloop
  endfacet
  facet normal -0.980788 -0.195078 0
    outer loop
      vertex 6.02104 5.42 21.7
      vertex 6.04273 5.31095 14.7
      vertex 6.04273 5.31095 21.7
    endloop
  endfacet
  facet normal -0.751824 -0.659364 0
    outer loop
      vertex 5.87435 5.71745 14.7
      vertex 5.80104 5.80104 21.7
      vertex 5.80104 5.80104 14.7
    endloop
  endfacet
  facet normal -0.751824 -0.659364 0
    outer loop
      vertex 5.80104 5.80104 21.7
      vertex 5.87435 5.71745 14.7
      vertex 5.87435 5.71745 21.7
    endloop
  endfacet
  facet normal -0.0653848 -0.99786 0
    outer loop
      vertex 5.2 6.05 14.7
      vertex 5.31095 6.04273 21.7
      vertex 5.2 6.05 21.7
    endloop
  endfacet
  facet normal -0.0653848 -0.99786 -0
    outer loop
      vertex 5.31095 6.04273 21.7
      vertex 5.2 6.05 14.7
      vertex 5.31095 6.04273 14.7
    endloop
  endfacet
  facet normal -0.555551 -0.831483 0
    outer loop
      vertex 5.625 5.93612 14.7
      vertex 5.71745 5.87435 21.7
      vertex 5.625 5.93612 21.7
    endloop
  endfacet
  facet normal -0.555551 -0.831483 -0
    outer loop
      vertex 5.71745 5.87435 21.7
      vertex 5.625 5.93612 14.7
      vertex 5.71745 5.87435 14.7
    endloop
  endfacet
  facet normal 0.946924 -0.321458 0
    outer loop
      vertex 4.37896 5.42 21.7
      vertex 4.4147 5.52528 14.7
      vertex 4.4147 5.52528 21.7
    endloop
  endfacet
  facet normal 0.946924 -0.321458 0
    outer loop
      vertex 4.4147 5.52528 14.7
      vertex 4.37896 5.42 21.7
      vertex 4.37896 5.42 14.7
    endloop
  endfacet
  facet normal 0.980788 -0.195078 0
    outer loop
      vertex 4.35727 5.31095 21.7
      vertex 4.37896 5.42 14.7
      vertex 4.37896 5.42 21.7
    endloop
  endfacet
  facet normal 0.980788 -0.195078 0
    outer loop
      vertex 4.37896 5.42 14.7
      vertex 4.35727 5.31095 21.7
      vertex 4.35727 5.31095 14.7
    endloop
  endfacet
  facet normal 0.195078 -0.980788 0
    outer loop
      vertex 4.98 6.02104 14.7
      vertex 5.08905 6.04273 21.7
      vertex 4.98 6.02104 21.7
    endloop
  endfacet
  facet normal 0.195078 -0.980788 0
    outer loop
      vertex 5.08905 6.04273 21.7
      vertex 4.98 6.02104 14.7
      vertex 5.08905 6.04273 14.7
    endloop
  endfacet
  facet normal -0.946924 0.321458 0
    outer loop
      vertex 5.9853 4.87472 14.7
      vertex 6.02104 4.98 21.7
      vertex 6.02104 4.98 14.7
    endloop
  endfacet
  facet normal -0.946924 0.321458 0
    outer loop
      vertex 6.02104 4.98 21.7
      vertex 5.9853 4.87472 14.7
      vertex 5.9853 4.87472 21.7
    endloop
  endfacet
  facet normal -0.980788 0.195078 0
    outer loop
      vertex 6.02104 4.98 14.7
      vertex 6.04273 5.08905 21.7
      vertex 6.04273 5.08905 14.7
    endloop
  endfacet
  facet normal -0.980788 0.195078 0
    outer loop
      vertex 6.04273 5.08905 21.7
      vertex 6.02104 4.98 14.7
      vertex 6.02104 4.98 21.7
    endloop
  endfacet
  facet normal -0.555551 0.831483 0
    outer loop
      vertex 5.71745 4.52565 14.7
      vertex 5.625 4.46388 21.7
      vertex 5.71745 4.52565 21.7
    endloop
  endfacet
  facet normal -0.555551 0.831483 0
    outer loop
      vertex 5.625 4.46388 21.7
      vertex 5.71745 4.52565 14.7
      vertex 5.625 4.46388 14.7
    endloop
  endfacet
  facet normal -0.442314 0.89686 0
    outer loop
      vertex 5.625 4.46388 14.7
      vertex 5.52528 4.4147 21.7
      vertex 5.625 4.46388 21.7
    endloop
  endfacet
  facet normal -0.442314 0.89686 0
    outer loop
      vertex 5.52528 4.4147 21.7
      vertex 5.625 4.46388 14.7
      vertex 5.52528 4.4147 14.7
    endloop
  endfacet
  facet normal 0.659364 -0.751824 0
    outer loop
      vertex 4.59896 5.80104 14.7
      vertex 4.68255 5.87435 21.7
      vertex 4.59896 5.80104 21.7
    endloop
  endfacet
  facet normal 0.659364 -0.751824 0
    outer loop
      vertex 4.68255 5.87435 21.7
      vertex 4.59896 5.80104 14.7
      vertex 4.68255 5.87435 14.7
    endloop
  endfacet
  facet normal -0.99786 0.0653848 0
    outer loop
      vertex 6.04273 5.08905 14.7
      vertex 6.05 5.2 21.7
      vertex 6.05 5.2 14.7
    endloop
  endfacet
  facet normal -0.99786 0.0653848 0
    outer loop
      vertex 6.05 5.2 21.7
      vertex 6.04273 5.08905 14.7
      vertex 6.04273 5.08905 21.7
    endloop
  endfacet
  facet normal 0.321458 0.946924 -0
    outer loop
      vertex 4.98 4.37896 14.7
      vertex 4.87472 4.4147 21.7
      vertex 4.98 4.37896 21.7
    endloop
  endfacet
  facet normal 0.321458 0.946924 0
    outer loop
      vertex 4.87472 4.4147 21.7
      vertex 4.98 4.37896 14.7
      vertex 4.87472 4.4147 14.7
    endloop
  endfacet
  facet normal 0.751824 0.659364 0
    outer loop
      vertex 4.59896 4.59896 21.7
      vertex 4.52565 4.68255 14.7
      vertex 4.52565 4.68255 21.7
    endloop
  endfacet
  facet normal 0.751824 0.659364 0
    outer loop
      vertex 4.52565 4.68255 14.7
      vertex 4.59896 4.59896 21.7
      vertex 4.59896 4.59896 14.7
    endloop
  endfacet
  facet normal 0.99786 0.0653848 0
    outer loop
      vertex 4.35727 5.08905 21.7
      vertex 4.35 5.2 14.7
      vertex 4.35 5.2 21.7
    endloop
  endfacet
  facet normal 0.99786 0.0653848 0
    outer loop
      vertex 4.35 5.2 14.7
      vertex 4.35727 5.08905 21.7
      vertex 4.35727 5.08905 14.7
    endloop
  endfacet
  facet normal 0.980788 0.195078 0
    outer loop
      vertex 4.37896 4.98 21.7
      vertex 4.35727 5.08905 14.7
      vertex 4.35727 5.08905 21.7
    endloop
  endfacet
  facet normal 0.980788 0.195078 0
    outer loop
      vertex 4.35727 5.08905 14.7
      vertex 4.37896 4.98 21.7
      vertex 4.37896 4.98 14.7
    endloop
  endfacet
  facet normal 0.946924 0.321458 0
    outer loop
      vertex 4.4147 4.87472 21.7
      vertex 4.37896 4.98 14.7
      vertex 4.37896 4.98 21.7
    endloop
  endfacet
  facet normal 0.946924 0.321458 0
    outer loop
      vertex 4.37896 4.98 14.7
      vertex 4.4147 4.87472 21.7
      vertex 4.4147 4.87472 14.7
    endloop
  endfacet
  facet normal -0.659364 0.751824 0
    outer loop
      vertex 5.80104 4.59896 14.7
      vertex 5.71745 4.52565 21.7
      vertex 5.80104 4.59896 21.7
    endloop
  endfacet
  facet normal -0.659364 0.751824 0
    outer loop
      vertex 5.71745 4.52565 21.7
      vertex 5.80104 4.59896 14.7
      vertex 5.71745 4.52565 14.7
    endloop
  endfacet
  facet normal -0.321458 0.946924 0
    outer loop
      vertex 5.52528 4.4147 14.7
      vertex 5.42 4.37896 21.7
      vertex 5.52528 4.4147 21.7
    endloop
  endfacet
  facet normal -0.321458 0.946924 0
    outer loop
      vertex 5.42 4.37896 21.7
      vertex 5.52528 4.4147 14.7
      vertex 5.42 4.37896 14.7
    endloop
  endfacet
  facet normal -0.89686 0.442314 0
    outer loop
      vertex 5.93612 4.775 14.7
      vertex 5.9853 4.87472 21.7
      vertex 5.9853 4.87472 14.7
    endloop
  endfacet
  facet normal -0.89686 0.442314 0
    outer loop
      vertex 5.9853 4.87472 21.7
      vertex 5.93612 4.775 14.7
      vertex 5.93612 4.775 21.7
    endloop
  endfacet
  facet normal -0.831483 0.555551 0
    outer loop
      vertex 5.87435 4.68255 14.7
      vertex 5.93612 4.775 21.7
      vertex 5.93612 4.775 14.7
    endloop
  endfacet
  facet normal -0.831483 0.555551 0
    outer loop
      vertex 5.93612 4.775 21.7
      vertex 5.87435 4.68255 14.7
      vertex 5.87435 4.68255 21.7
    endloop
  endfacet
  facet normal 0.555551 0.831483 -0
    outer loop
      vertex 4.775 4.46388 14.7
      vertex 4.68255 4.52565 21.7
      vertex 4.775 4.46388 21.7
    endloop
  endfacet
  facet normal 0.555551 0.831483 0
    outer loop
      vertex 4.68255 4.52565 21.7
      vertex 4.775 4.46388 14.7
      vertex 4.68255 4.52565 14.7
    endloop
  endfacet
  facet normal 0.195078 0.980788 -0
    outer loop
      vertex 5.08905 4.35727 14.7
      vertex 4.98 4.37896 21.7
      vertex 5.08905 4.35727 21.7
    endloop
  endfacet
  facet normal 0.195078 0.980788 0
    outer loop
      vertex 4.98 4.37896 21.7
      vertex 5.08905 4.35727 14.7
      vertex 4.98 4.37896 14.7
    endloop
  endfacet
  facet normal 0.659364 0.751824 -0
    outer loop
      vertex 4.68255 4.52565 14.7
      vertex 4.59896 4.59896 21.7
      vertex 4.68255 4.52565 21.7
    endloop
  endfacet
  facet normal 0.659364 0.751824 0
    outer loop
      vertex 4.59896 4.59896 21.7
      vertex 4.68255 4.52565 14.7
      vertex 4.59896 4.59896 14.7
    endloop
  endfacet
  facet normal 0.831483 0.555551 0
    outer loop
      vertex 4.52565 4.68255 21.7
      vertex 4.46388 4.775 14.7
      vertex 4.46388 4.775 21.7
    endloop
  endfacet
  facet normal 0.831483 0.555551 0
    outer loop
      vertex 4.46388 4.775 14.7
      vertex 4.52565 4.68255 21.7
      vertex 4.52565 4.68255 14.7
    endloop
  endfacet
  facet normal 0.89686 0.442314 0
    outer loop
      vertex 4.46388 4.775 21.7
      vertex 4.4147 4.87472 14.7
      vertex 4.4147 4.87472 21.7
    endloop
  endfacet
  facet normal 0.89686 0.442314 0
    outer loop
      vertex 4.4147 4.87472 14.7
      vertex 4.46388 4.775 21.7
      vertex 4.46388 4.775 14.7
    endloop
  endfacet
  facet normal 0.442314 0.89686 -0
    outer loop
      vertex 4.87472 4.4147 14.7
      vertex 4.775 4.46388 21.7
      vertex 4.87472 4.4147 21.7
    endloop
  endfacet
  facet normal 0.442314 0.89686 0
    outer loop
      vertex 4.775 4.46388 21.7
      vertex 4.87472 4.4147 14.7
      vertex 4.775 4.46388 14.7
    endloop
  endfacet
  facet normal 0.0653848 0.99786 -0
    outer loop
      vertex 5.2 4.35 14.7
      vertex 5.08905 4.35727 21.7
      vertex 5.2 4.35 21.7
    endloop
  endfacet
  facet normal 0.0653848 0.99786 0
    outer loop
      vertex 5.08905 4.35727 21.7
      vertex 5.2 4.35 14.7
      vertex 5.08905 4.35727 14.7
    endloop
  endfacet
  facet normal 0.997866 0.0653012 0
    outer loop
      vertex 78 5.2 11.6
      vertex 77.9795 5.51326 1.6
      vertex 77.9795 5.51326 11.6
    endloop
  endfacet
  facet normal 0.997866 0.0653012 0
    outer loop
      vertex 77.9795 5.51326 1.6
      vertex 78 5.2 11.6
      vertex 78 5.2 1.6
    endloop
  endfacet
  facet normal 0.997866 0.0653012 0
    outer loop
      vertex 78 5.2 21.7
      vertex 77.9795 5.51326 13.1
      vertex 77.9795 5.51326 21.7
    endloop
  endfacet
  facet normal 0.997866 0.0653012 0
    outer loop
      vertex 77.9795 5.51326 13.1
      vertex 78 5.2 21.7
      vertex 78 5.2 13.1
    endloop
  endfacet
  facet normal -0.997866 0.0653012 0
    outer loop
      vertex 73.2 5.2 1.6
      vertex 73.2205 5.51326 11.6
      vertex 73.2205 5.51326 1.6
    endloop
  endfacet
  facet normal -0.997866 0.0653012 0
    outer loop
      vertex 73.2205 5.51326 11.6
      vertex 73.2 5.2 1.6
      vertex 73.2 5.2 11.6
    endloop
  endfacet
  facet normal -0.997866 0.0653012 0
    outer loop
      vertex 73.2 5.2 13.1
      vertex 73.2205 5.51326 21.7
      vertex 73.2205 5.51326 13.1
    endloop
  endfacet
  facet normal -0.997866 0.0653012 0
    outer loop
      vertex 73.2205 5.51326 21.7
      vertex 73.2 5.2 13.1
      vertex 73.2 5.2 21.7
    endloop
  endfacet
  facet normal 0.065388 0.99786 -0
    outer loop
      vertex 75.9133 7.57947 1.6
      vertex 75.6 7.6 11.6
      vertex 75.9133 7.57947 11.6
    endloop
  endfacet
  facet normal 0.065388 0.99786 0
    outer loop
      vertex 75.6 7.6 11.6
      vertex 75.9133 7.57947 1.6
      vertex 75.6 7.6 1.6
    endloop
  endfacet
  facet normal 0.065388 0.99786 -0
    outer loop
      vertex 75.9133 7.57947 13.1
      vertex 75.6 7.6 21.7
      vertex 75.9133 7.57947 21.7
    endloop
  endfacet
  facet normal 0.065388 0.99786 0
    outer loop
      vertex 75.6 7.6 21.7
      vertex 75.9133 7.57947 13.1
      vertex 75.6 7.6 13.1
    endloop
  endfacet
  facet normal -0.065388 -0.99786 0
    outer loop
      vertex 75.2867 2.82053 1.6
      vertex 75.6 2.8 11.6
      vertex 75.2867 2.82053 11.6
    endloop
  endfacet
  facet normal -0.065388 -0.99786 -0
    outer loop
      vertex 75.6 2.8 11.6
      vertex 75.2867 2.82053 1.6
      vertex 75.6 2.8 1.6
    endloop
  endfacet
  facet normal -0.065388 -0.99786 0
    outer loop
      vertex 75.2867 2.82053 13.1
      vertex 75.6 2.8 21.7
      vertex 75.2867 2.82053 21.7
    endloop
  endfacet
  facet normal -0.065388 -0.99786 -0
    outer loop
      vertex 75.6 2.8 21.7
      vertex 75.2867 2.82053 13.1
      vertex 75.6 2.8 13.1
    endloop
  endfacet
  facet normal 0.65923 0.751941 -0
    outer loop
      vertex 77.2971 6.89706 1.6
      vertex 77.061 7.10405 11.6
      vertex 77.2971 6.89706 11.6
    endloop
  endfacet
  facet normal 0.65923 0.751941 0
    outer loop
      vertex 77.061 7.10405 11.6
      vertex 77.2971 6.89706 1.6
      vertex 77.061 7.10405 1.6
    endloop
  endfacet
  facet normal 0.65923 0.751941 -0
    outer loop
      vertex 77.2971 6.89706 13.1
      vertex 77.061 7.10405 21.7
      vertex 77.2971 6.89706 21.7
    endloop
  endfacet
  facet normal 0.65923 0.751941 0
    outer loop
      vertex 77.061 7.10405 21.7
      vertex 77.2971 6.89706 13.1
      vertex 77.061 7.10405 13.1
    endloop
  endfacet
  facet normal -0.65923 0.751941 0
    outer loop
      vertex 74.139 7.10405 1.6
      vertex 73.9029 6.89706 11.6
      vertex 74.139 7.10405 11.6
    endloop
  endfacet
  facet normal -0.65923 0.751941 0
    outer loop
      vertex 73.9029 6.89706 11.6
      vertex 74.139 7.10405 1.6
      vertex 73.9029 6.89706 1.6
    endloop
  endfacet
  facet normal -0.65923 0.751941 0
    outer loop
      vertex 74.139 7.10405 13.1
      vertex 73.9029 6.89706 21.7
      vertex 74.139 7.10405 21.7
    endloop
  endfacet
  facet normal -0.65923 0.751941 0
    outer loop
      vertex 73.9029 6.89706 21.7
      vertex 74.139 7.10405 13.1
      vertex 73.9029 6.89706 13.1
    endloop
  endfacet
  facet normal -0.321509 0.946907 0
    outer loop
      vertex 74.9788 7.51822 1.6
      vertex 74.6816 7.41731 11.6
      vertex 74.9788 7.51822 11.6
    endloop
  endfacet
  facet normal -0.321509 0.946907 0
    outer loop
      vertex 74.6816 7.41731 11.6
      vertex 74.9788 7.51822 1.6
      vertex 74.6816 7.41731 1.6
    endloop
  endfacet
  facet normal -0.321509 0.946907 0
    outer loop
      vertex 74.9788 7.51822 13.1
      vertex 74.6816 7.41731 21.7
      vertex 74.9788 7.51822 21.7
    endloop
  endfacet
  facet normal -0.321509 0.946907 0
    outer loop
      vertex 74.6816 7.41731 21.7
      vertex 74.9788 7.51822 13.1
      vertex 74.6816 7.41731 13.1
    endloop
  endfacet
  facet normal 0.896936 0.44216 0
    outer loop
      vertex 77.8173 6.11844 11.6
      vertex 77.6785 6.4 1.6
      vertex 77.6785 6.4 11.6
    endloop
  endfacet
  facet normal 0.896936 0.44216 0
    outer loop
      vertex 77.6785 6.4 1.6
      vertex 77.8173 6.11844 11.6
      vertex 77.8173 6.11844 1.6
    endloop
  endfacet
  facet normal 0.896936 0.44216 0
    outer loop
      vertex 77.8173 6.11844 21.7
      vertex 77.6785 6.4 13.1
      vertex 77.6785 6.4 21.7
    endloop
  endfacet
  facet normal 0.896936 0.44216 0
    outer loop
      vertex 77.6785 6.4 13.1
      vertex 77.8173 6.11844 21.7
      vertex 77.8173 6.11844 13.1
    endloop
  endfacet
  facet normal 0.980753 0.195252 0
    outer loop
      vertex 77.9795 5.51326 11.6
      vertex 77.9182 5.82117 1.6
      vertex 77.9182 5.82117 11.6
    endloop
  endfacet
  facet normal 0.980753 0.195252 0
    outer loop
      vertex 77.9182 5.82117 1.6
      vertex 77.9795 5.51326 11.6
      vertex 77.9795 5.51326 1.6
    endloop
  endfacet
  facet normal 0.980753 0.195252 0
    outer loop
      vertex 77.9795 5.51326 21.7
      vertex 77.9182 5.82117 13.1
      vertex 77.9182 5.82117 21.7
    endloop
  endfacet
  facet normal 0.980753 0.195252 0
    outer loop
      vertex 77.9182 5.82117 13.1
      vertex 77.9795 5.51326 21.7
      vertex 77.9795 5.51326 13.1
    endloop
  endfacet
  facet normal 0.831491 0.555538 0
    outer loop
      vertex 77.6785 6.4 11.6
      vertex 77.5041 6.66103 1.6
      vertex 77.5041 6.66103 11.6
    endloop
  endfacet
  facet normal 0.831491 0.555538 0
    outer loop
      vertex 77.5041 6.66103 1.6
      vertex 77.6785 6.4 11.6
      vertex 77.6785 6.4 1.6
    endloop
  endfacet
  facet normal 0.831491 0.555538 0
    outer loop
      vertex 77.6785 6.4 21.7
      vertex 77.5041 6.66103 13.1
      vertex 77.5041 6.66103 21.7
    endloop
  endfacet
  facet normal 0.831491 0.555538 0
    outer loop
      vertex 77.5041 6.66103 13.1
      vertex 77.6785 6.4 21.7
      vertex 77.6785 6.4 13.1
    endloop
  endfacet
  facet normal 0.321509 0.946907 -0
    outer loop
      vertex 76.5184 7.41731 1.6
      vertex 76.2212 7.51822 11.6
      vertex 76.5184 7.41731 11.6
    endloop
  endfacet
  facet normal 0.321509 0.946907 0
    outer loop
      vertex 76.2212 7.51822 11.6
      vertex 76.5184 7.41731 1.6
      vertex 76.2212 7.51822 1.6
    endloop
  endfacet
  facet normal 0.321509 0.946907 -0
    outer loop
      vertex 76.5184 7.41731 13.1
      vertex 76.2212 7.51822 21.7
      vertex 76.5184 7.41731 21.7
    endloop
  endfacet
  facet normal 0.321509 0.946907 0
    outer loop
      vertex 76.2212 7.51822 21.7
      vertex 76.5184 7.41731 13.1
      vertex 76.2212 7.51822 13.1
    endloop
  endfacet
  facet normal 0.195105 0.980782 -0
    outer loop
      vertex 76.2212 7.51822 1.6
      vertex 75.9133 7.57947 11.6
      vertex 76.2212 7.51822 11.6
    endloop
  endfacet
  facet normal 0.195105 0.980782 0
    outer loop
      vertex 75.9133 7.57947 11.6
      vertex 76.2212 7.51822 1.6
      vertex 75.9133 7.57947 1.6
    endloop
  endfacet
  facet normal 0.195105 0.980782 -0
    outer loop
      vertex 76.2212 7.51822 13.1
      vertex 75.9133 7.57947 21.7
      vertex 76.2212 7.51822 21.7
    endloop
  endfacet
  facet normal 0.195105 0.980782 0
    outer loop
      vertex 75.9133 7.57947 21.7
      vertex 76.2212 7.51822 13.1
      vertex 75.9133 7.57947 13.1
    endloop
  endfacet
  facet normal 0.555604 0.831447 -0
    outer loop
      vertex 77.061 7.10405 1.6
      vertex 76.8 7.27846 11.6
      vertex 77.061 7.10405 11.6
    endloop
  endfacet
  facet normal 0.555604 0.831447 0
    outer loop
      vertex 76.8 7.27846 11.6
      vertex 77.061 7.10405 1.6
      vertex 76.8 7.27846 1.6
    endloop
  endfacet
  facet normal 0.555604 0.831447 -0
    outer loop
      vertex 77.061 7.10405 13.1
      vertex 76.8 7.27846 21.7
      vertex 77.061 7.10405 21.7
    endloop
  endfacet
  facet normal 0.555604 0.831447 0
    outer loop
      vertex 76.8 7.27846 21.7
      vertex 77.061 7.10405 13.1
      vertex 76.8 7.27846 13.1
    endloop
  endfacet
  facet normal -0.831344 0.555758 0
    outer loop
      vertex 73.5215 6.4 1.6
      vertex 73.696 6.66103 11.6
      vertex 73.696 6.66103 1.6
    endloop
  endfacet
  facet normal -0.831344 0.555758 0
    outer loop
      vertex 73.696 6.66103 11.6
      vertex 73.5215 6.4 1.6
      vertex 73.5215 6.4 11.6
    endloop
  endfacet
  facet normal -0.831344 0.555758 0
    outer loop
      vertex 73.5215 6.4 13.1
      vertex 73.696 6.66103 21.7
      vertex 73.696 6.66103 13.1
    endloop
  endfacet
  facet normal -0.831344 0.555758 0
    outer loop
      vertex 73.696 6.66103 21.7
      vertex 73.5215 6.4 13.1
      vertex 73.5215 6.4 21.7
    endloop
  endfacet
  facet normal -0.751986 0.659179 0
    outer loop
      vertex 73.696 6.66103 1.6
      vertex 73.9029 6.89706 11.6
      vertex 73.9029 6.89706 1.6
    endloop
  endfacet
  facet normal -0.751986 0.659179 0
    outer loop
      vertex 73.9029 6.89706 11.6
      vertex 73.696 6.66103 1.6
      vertex 73.696 6.66103 11.6
    endloop
  endfacet
  facet normal -0.751986 0.659179 0
    outer loop
      vertex 73.696 6.66103 13.1
      vertex 73.9029 6.89706 21.7
      vertex 73.9029 6.89706 13.1
    endloop
  endfacet
  facet normal -0.751986 0.659179 0
    outer loop
      vertex 73.9029 6.89706 21.7
      vertex 73.696 6.66103 13.1
      vertex 73.696 6.66103 21.7
    endloop
  endfacet
  facet normal -0.946939 0.321412 0
    outer loop
      vertex 73.2818 5.82117 1.6
      vertex 73.3827 6.11844 11.6
      vertex 73.3827 6.11844 1.6
    endloop
  endfacet
  facet normal -0.946939 0.321412 0
    outer loop
      vertex 73.3827 6.11844 11.6
      vertex 73.2818 5.82117 1.6
      vertex 73.2818 5.82117 11.6
    endloop
  endfacet
  facet normal -0.946939 0.321412 0
    outer loop
      vertex 73.2818 5.82117 13.1
      vertex 73.3827 6.11844 21.7
      vertex 73.3827 6.11844 13.1
    endloop
  endfacet
  facet normal -0.946939 0.321412 0
    outer loop
      vertex 73.3827 6.11844 21.7
      vertex 73.2818 5.82117 13.1
      vertex 73.2818 5.82117 21.7
    endloop
  endfacet
  facet normal -0.555604 0.831447 0
    outer loop
      vertex 74.4 7.27846 1.6
      vertex 74.139 7.10405 11.6
      vertex 74.4 7.27846 11.6
    endloop
  endfacet
  facet normal -0.555604 0.831447 0
    outer loop
      vertex 74.139 7.10405 11.6
      vertex 74.4 7.27846 1.6
      vertex 74.139 7.10405 1.6
    endloop
  endfacet
  facet normal -0.555604 0.831447 0
    outer loop
      vertex 74.4 7.27846 13.1
      vertex 74.139 7.10405 21.7
      vertex 74.4 7.27846 21.7
    endloop
  endfacet
  facet normal -0.555604 0.831447 0
    outer loop
      vertex 74.139 7.10405 21.7
      vertex 74.4 7.27846 13.1
      vertex 74.139 7.10405 13.1
    endloop
  endfacet
  facet normal -0.195105 0.980782 0
    outer loop
      vertex 75.2867 7.57947 1.6
      vertex 74.9788 7.51822 11.6
      vertex 75.2867 7.57947 11.6
    endloop
  endfacet
  facet normal -0.195105 0.980782 0
    outer loop
      vertex 74.9788 7.51822 11.6
      vertex 75.2867 7.57947 1.6
      vertex 74.9788 7.51822 1.6
    endloop
  endfacet
  facet normal -0.195105 0.980782 0
    outer loop
      vertex 75.2867 7.57947 13.1
      vertex 74.9788 7.51822 21.7
      vertex 75.2867 7.57947 21.7
    endloop
  endfacet
  facet normal -0.195105 0.980782 0
    outer loop
      vertex 74.9788 7.51822 21.7
      vertex 75.2867 7.57947 13.1
      vertex 74.9788 7.51822 13.1
    endloop
  endfacet
  facet normal 0.946939 -0.321412 0
    outer loop
      vertex 77.8173 4.28156 11.6
      vertex 77.9182 4.57883 1.6
      vertex 77.9182 4.57883 11.6
    endloop
  endfacet
  facet normal 0.946939 -0.321412 0
    outer loop
      vertex 77.9182 4.57883 1.6
      vertex 77.8173 4.28156 11.6
      vertex 77.8173 4.28156 1.6
    endloop
  endfacet
  facet normal 0.946939 -0.321412 0
    outer loop
      vertex 77.8173 4.28156 21.7
      vertex 77.9182 4.57883 13.1
      vertex 77.9182 4.57883 21.7
    endloop
  endfacet
  facet normal 0.946939 -0.321412 0
    outer loop
      vertex 77.9182 4.57883 13.1
      vertex 77.8173 4.28156 21.7
      vertex 77.8173 4.28156 13.1
    endloop
  endfacet
  facet normal 0.321509 -0.946907 0
    outer loop
      vertex 76.2212 2.88178 1.6
      vertex 76.5184 2.98269 11.6
      vertex 76.2212 2.88178 11.6
    endloop
  endfacet
  facet normal 0.321509 -0.946907 0
    outer loop
      vertex 76.5184 2.98269 11.6
      vertex 76.2212 2.88178 1.6
      vertex 76.5184 2.98269 1.6
    endloop
  endfacet
  facet normal 0.321509 -0.946907 0
    outer loop
      vertex 76.2212 2.88178 13.1
      vertex 76.5184 2.98269 21.7
      vertex 76.2212 2.88178 21.7
    endloop
  endfacet
  facet normal 0.321509 -0.946907 0
    outer loop
      vertex 76.5184 2.98269 21.7
      vertex 76.2212 2.88178 13.1
      vertex 76.5184 2.98269 13.1
    endloop
  endfacet
  facet normal 0.751828 -0.659359 0
    outer loop
      vertex 77.2971 3.50294 11.6
      vertex 77.5041 3.73897 1.6
      vertex 77.5041 3.73897 11.6
    endloop
  endfacet
  facet normal 0.751828 -0.659359 0
    outer loop
      vertex 77.5041 3.73897 1.6
      vertex 77.2971 3.50294 11.6
      vertex 77.2971 3.50294 1.6
    endloop
  endfacet
  facet normal 0.751828 -0.659359 0
    outer loop
      vertex 77.2971 3.50294 21.7
      vertex 77.5041 3.73897 13.1
      vertex 77.5041 3.73897 21.7
    endloop
  endfacet
  facet normal 0.751828 -0.659359 0
    outer loop
      vertex 77.5041 3.73897 13.1
      vertex 77.2971 3.50294 21.7
      vertex 77.2971 3.50294 13.1
    endloop
  endfacet
  facet normal 0.555604 -0.831447 0
    outer loop
      vertex 76.8 3.12154 1.6
      vertex 77.061 3.29595 11.6
      vertex 76.8 3.12154 11.6
    endloop
  endfacet
  facet normal 0.555604 -0.831447 0
    outer loop
      vertex 77.061 3.29595 11.6
      vertex 76.8 3.12154 1.6
      vertex 77.061 3.29595 1.6
    endloop
  endfacet
  facet normal 0.555604 -0.831447 0
    outer loop
      vertex 76.8 3.12154 13.1
      vertex 77.061 3.29595 21.7
      vertex 76.8 3.12154 21.7
    endloop
  endfacet
  facet normal 0.555604 -0.831447 0
    outer loop
      vertex 77.061 3.29595 21.7
      vertex 76.8 3.12154 13.1
      vertex 77.061 3.29595 13.1
    endloop
  endfacet
  facet normal -0.65923 -0.751941 0
    outer loop
      vertex 73.9029 3.50294 1.6
      vertex 74.139 3.29595 11.6
      vertex 73.9029 3.50294 11.6
    endloop
  endfacet
  facet normal -0.65923 -0.751941 -0
    outer loop
      vertex 74.139 3.29595 11.6
      vertex 73.9029 3.50294 1.6
      vertex 74.139 3.29595 1.6
    endloop
  endfacet
  facet normal -0.65923 -0.751941 0
    outer loop
      vertex 73.9029 3.50294 13.1
      vertex 74.139 3.29595 21.7
      vertex 73.9029 3.50294 21.7
    endloop
  endfacet
  facet normal -0.65923 -0.751941 -0
    outer loop
      vertex 74.139 3.29595 21.7
      vertex 73.9029 3.50294 13.1
      vertex 74.139 3.29595 13.1
    endloop
  endfacet
  facet normal -0.321509 -0.946907 0
    outer loop
      vertex 74.6816 2.98269 13.1
      vertex 74.9788 2.88178 21.7
      vertex 74.6816 2.98269 21.7
    endloop
  endfacet
  facet normal -0.321509 -0.946907 -0
    outer loop
      vertex 74.9788 2.88178 21.7
      vertex 74.6816 2.98269 13.1
      vertex 74.9788 2.88178 13.1
    endloop
  endfacet
  facet normal -0.321509 -0.946907 0
    outer loop
      vertex 74.6816 2.98269 1.6
      vertex 74.9788 2.88178 11.6
      vertex 74.6816 2.98269 11.6
    endloop
  endfacet
  facet normal -0.321509 -0.946907 -0
    outer loop
      vertex 74.9788 2.88178 11.6
      vertex 74.6816 2.98269 1.6
      vertex 74.9788 2.88178 1.6
    endloop
  endfacet
  facet normal -0.751986 -0.659179 0
    outer loop
      vertex 73.9029 3.50294 1.6
      vertex 73.696 3.73897 11.6
      vertex 73.696 3.73897 1.6
    endloop
  endfacet
  facet normal -0.751986 -0.659179 0
    outer loop
      vertex 73.696 3.73897 11.6
      vertex 73.9029 3.50294 1.6
      vertex 73.9029 3.50294 11.6
    endloop
  endfacet
  facet normal -0.751986 -0.659179 0
    outer loop
      vertex 73.9029 3.50294 13.1
      vertex 73.696 3.73897 21.7
      vertex 73.696 3.73897 13.1
    endloop
  endfacet
  facet normal -0.751986 -0.659179 0
    outer loop
      vertex 73.696 3.73897 21.7
      vertex 73.9029 3.50294 13.1
      vertex 73.9029 3.50294 21.7
    endloop
  endfacet
  facet normal 0 0 -1
    outer loop
      vertex 77.9795 4.88674 1.6
      vertex 77.9795 5.51326 1.6
      vertex 78 5.2 1.6
    endloop
  endfacet
  facet normal 0 0 -1
    outer loop
      vertex 77.9182 4.57883 1.6
      vertex 77.9795 5.51326 1.6
      vertex 77.9795 4.88674 1.6
    endloop
  endfacet
  facet normal 0 0 -1
    outer loop
      vertex 77.9182 4.57883 1.6
      vertex 77.9182 5.82117 1.6
      vertex 77.9795 5.51326 1.6
    endloop
  endfacet
  facet normal 0 0 -1
    outer loop
      vertex 77.8173 4.28156 1.6
      vertex 77.9182 5.82117 1.6
      vertex 77.9182 4.57883 1.6
    endloop
  endfacet
  facet normal 0 0 -1
    outer loop
      vertex 77.8173 4.28156 1.6
      vertex 77.8173 6.11844 1.6
      vertex 77.9182 5.82117 1.6
    endloop
  endfacet
  facet normal 0 0 -1
    outer loop
      vertex 77.6785 4 1.6
      vertex 77.8173 6.11844 1.6
      vertex 77.8173 4.28156 1.6
    endloop
  endfacet
  facet normal 0 0 -1
    outer loop
      vertex 77.6785 4 1.6
      vertex 77.6785 6.4 1.6
      vertex 77.8173 6.11844 1.6
    endloop
  endfacet
  facet normal 0 0 -1
    outer loop
      vertex 77.5041 3.73897 1.6
      vertex 77.6785 6.4 1.6
      vertex 77.6785 4 1.6
    endloop
  endfacet
  facet normal 0 0 -1
    outer loop
      vertex 77.5041 3.73897 1.6
      vertex 77.5041 6.66103 1.6
      vertex 77.6785 6.4 1.6
    endloop
  endfacet
  facet normal 0 0 -1
    outer loop
      vertex 77.2971 3.50294 1.6
      vertex 77.5041 6.66103 1.6
      vertex 77.5041 3.73897 1.6
    endloop
  endfacet
  facet normal 0 0 -1
    outer loop
      vertex 77.2971 3.50294 1.6
      vertex 77.2971 6.89706 1.6
      vertex 77.5041 6.66103 1.6
    endloop
  endfacet
  facet normal 0 0 -1
    outer loop
      vertex 77.061 3.29595 1.6
      vertex 77.2971 6.89706 1.6
      vertex 77.2971 3.50294 1.6
    endloop
  endfacet
  facet normal 0 0 -1
    outer loop
      vertex 77.061 3.29595 1.6
      vertex 77.061 7.10405 1.6
      vertex 77.2971 6.89706 1.6
    endloop
  endfacet
  facet normal 0 0 -1
    outer loop
      vertex 76.8 3.12154 1.6
      vertex 77.061 7.10405 1.6
      vertex 77.061 3.29595 1.6
    endloop
  endfacet
  facet normal 0 0 -1
    outer loop
      vertex 76.8 3.12154 1.6
      vertex 76.8 7.27846 1.6
      vertex 77.061 7.10405 1.6
    endloop
  endfacet
  facet normal 0 0 -1
    outer loop
      vertex 76.5184 2.98269 1.6
      vertex 76.8 7.27846 1.6
      vertex 76.8 3.12154 1.6
    endloop
  endfacet
  facet normal 0 0 -1
    outer loop
      vertex 76.5184 2.98269 1.6
      vertex 76.5184 7.41731 1.6
      vertex 76.8 7.27846 1.6
    endloop
  endfacet
  facet normal 0 0 -1
    outer loop
      vertex 76.2212 2.88178 1.6
      vertex 76.5184 7.41731 1.6
      vertex 76.5184 2.98269 1.6
    endloop
  endfacet
  facet normal 0 0 -1
    outer loop
      vertex 76.2212 2.88178 1.6
      vertex 76.2212 7.51822 1.6
      vertex 76.5184 7.41731 1.6
    endloop
  endfacet
  facet normal 0 0 -1
    outer loop
      vertex 75.9133 2.82053 1.6
      vertex 76.2212 7.51822 1.6
      vertex 76.2212 2.88178 1.6
    endloop
  endfacet
  facet normal 0 0 -1
    outer loop
      vertex 75.9133 2.82053 1.6
      vertex 75.9133 7.57947 1.6
      vertex 76.2212 7.51822 1.6
    endloop
  endfacet
  facet normal 0 0 -1
    outer loop
      vertex 75.6 2.8 1.6
      vertex 75.9133 7.57947 1.6
      vertex 75.9133 2.82053 1.6
    endloop
  endfacet
  facet normal 0 0 -1
    outer loop
      vertex 75.6 2.8 1.6
      vertex 75.6 7.6 1.6
      vertex 75.9133 7.57947 1.6
    endloop
  endfacet
  facet normal 0 0 -1
    outer loop
      vertex 75.2867 2.82053 1.6
      vertex 75.6 7.6 1.6
      vertex 75.6 2.8 1.6
    endloop
  endfacet
  facet normal 0 0 -1
    outer loop
      vertex 75.2867 2.82053 1.6
      vertex 75.2867 7.57947 1.6
      vertex 75.6 7.6 1.6
    endloop
  endfacet
  facet normal 0 0 -1
    outer loop
      vertex 74.9788 2.88178 1.6
      vertex 75.2867 7.57947 1.6
      vertex 75.2867 2.82053 1.6
    endloop
  endfacet
  facet normal 0 0 -1
    outer loop
      vertex 74.9788 2.88178 1.6
      vertex 74.9788 7.51822 1.6
      vertex 75.2867 7.57947 1.6
    endloop
  endfacet
  facet normal 0 0 -1
    outer loop
      vertex 74.6816 2.98269 1.6
      vertex 74.9788 7.51822 1.6
      vertex 74.9788 2.88178 1.6
    endloop
  endfacet
  facet normal 0 0 -1
    outer loop
      vertex 74.6816 2.98269 1.6
      vertex 74.6816 7.41731 1.6
      vertex 74.9788 7.51822 1.6
    endloop
  endfacet
  facet normal 0 0 -1
    outer loop
      vertex 74.4 3.12154 1.6
      vertex 74.6816 7.41731 1.6
      vertex 74.6816 2.98269 1.6
    endloop
  endfacet
  facet normal 0 0 -1
    outer loop
      vertex 74.4 3.12154 1.6
      vertex 74.4 7.27846 1.6
      vertex 74.6816 7.41731 1.6
    endloop
  endfacet
  facet normal 0 0 -1
    outer loop
      vertex 74.139 3.29595 1.6
      vertex 74.4 7.27846 1.6
      vertex 74.4 3.12154 1.6
    endloop
  endfacet
  facet normal 0 0 -1
    outer loop
      vertex 74.139 3.29595 1.6
      vertex 74.139 7.10405 1.6
      vertex 74.4 7.27846 1.6
    endloop
  endfacet
  facet normal 0 0 -1
    outer loop
      vertex 73.9029 3.50294 1.6
      vertex 74.139 7.10405 1.6
      vertex 74.139 3.29595 1.6
    endloop
  endfacet
  facet normal 0 0 -1
    outer loop
      vertex 73.9029 3.50294 1.6
      vertex 73.9029 6.89706 1.6
      vertex 74.139 7.10405 1.6
    endloop
  endfacet
  facet normal 0 0 -1
    outer loop
      vertex 73.696 3.73897 1.6
      vertex 73.9029 6.89706 1.6
      vertex 73.9029 3.50294 1.6
    endloop
  endfacet
  facet normal 0 0 -1
    outer loop
      vertex 73.696 3.73897 1.6
      vertex 73.696 6.66103 1.6
      vertex 73.9029 6.89706 1.6
    endloop
  endfacet
  facet normal 0 0 -1
    outer loop
      vertex 73.5215 4 1.6
      vertex 73.696 6.66103 1.6
      vertex 73.696 3.73897 1.6
    endloop
  endfacet
  facet normal 0 0 -1
    outer loop
      vertex 73.5215 4 1.6
      vertex 73.5215 6.4 1.6
      vertex 73.696 6.66103 1.6
    endloop
  endfacet
  facet normal 0 0 -1
    outer loop
      vertex 73.3827 4.28156 1.6
      vertex 73.5215 6.4 1.6
      vertex 73.5215 4 1.6
    endloop
  endfacet
  facet normal 0 0 -1
    outer loop
      vertex 73.3827 4.28156 1.6
      vertex 73.3827 6.11844 1.6
      vertex 73.5215 6.4 1.6
    endloop
  endfacet
  facet normal 0 0 -1
    outer loop
      vertex 73.2818 4.57883 1.6
      vertex 73.3827 6.11844 1.6
      vertex 73.3827 4.28156 1.6
    endloop
  endfacet
  facet normal 0 0 -1
    outer loop
      vertex 73.2818 4.57883 1.6
      vertex 73.2818 5.82117 1.6
      vertex 73.3827 6.11844 1.6
    endloop
  endfacet
  facet normal 0 0 -1
    outer loop
      vertex 73.2205 4.88674 1.6
      vertex 73.2818 5.82117 1.6
      vertex 73.2818 4.57883 1.6
    endloop
  endfacet
  facet normal 0 0 -1
    outer loop
      vertex 73.2205 4.88674 1.6
      vertex 73.2205 5.51326 1.6
      vertex 73.2818 5.82117 1.6
    endloop
  endfacet
  facet normal 0 -0 -1
    outer loop
      vertex 73.2205 5.51326 1.6
      vertex 73.2205 4.88674 1.6
      vertex 73.2 5.2 1.6
    endloop
  endfacet
  facet normal 0.946939 0.321412 0
    outer loop
      vertex 77.9182 5.82117 21.7
      vertex 77.8173 6.11844 13.1
      vertex 77.8173 6.11844 21.7
    endloop
  endfacet
  facet normal 0.946939 0.321412 0
    outer loop
      vertex 77.8173 6.11844 13.1
      vertex 77.9182 5.82117 21.7
      vertex 77.9182 5.82117 13.1
    endloop
  endfacet
  facet normal 0.946939 0.321412 0
    outer loop
      vertex 77.9182 5.82117 11.6
      vertex 77.8173 6.11844 1.6
      vertex 77.8173 6.11844 11.6
    endloop
  endfacet
  facet normal 0.946939 0.321412 0
    outer loop
      vertex 77.8173 6.11844 1.6
      vertex 77.9182 5.82117 11.6
      vertex 77.9182 5.82117 1.6
    endloop
  endfacet
  facet normal -0.896936 0.44216 0
    outer loop
      vertex 73.3827 6.11844 1.6
      vertex 73.5215 6.4 11.6
      vertex 73.5215 6.4 1.6
    endloop
  endfacet
  facet normal -0.896936 0.44216 0
    outer loop
      vertex 73.5215 6.4 11.6
      vertex 73.3827 6.11844 1.6
      vertex 73.3827 6.11844 11.6
    endloop
  endfacet
  facet normal -0.896936 0.44216 0
    outer loop
      vertex 73.3827 6.11844 13.1
      vertex 73.5215 6.4 21.7
      vertex 73.5215 6.4 13.1
    endloop
  endfacet
  facet normal -0.896936 0.44216 0
    outer loop
      vertex 73.5215 6.4 21.7
      vertex 73.3827 6.11844 13.1
      vertex 73.3827 6.11844 21.7
    endloop
  endfacet
  facet normal -0.980753 0.195252 0
    outer loop
      vertex 73.2205 5.51326 1.6
      vertex 73.2818 5.82117 11.6
      vertex 73.2818 5.82117 1.6
    endloop
  endfacet
  facet normal -0.980753 0.195252 0
    outer loop
      vertex 73.2818 5.82117 11.6
      vertex 73.2205 5.51326 1.6
      vertex 73.2205 5.51326 11.6
    endloop
  endfacet
  facet normal -0.980753 0.195252 0
    outer loop
      vertex 73.2205 5.51326 13.1
      vertex 73.2818 5.82117 21.7
      vertex 73.2818 5.82117 13.1
    endloop
  endfacet
  facet normal -0.980753 0.195252 0
    outer loop
      vertex 73.2818 5.82117 21.7
      vertex 73.2205 5.51326 13.1
      vertex 73.2205 5.51326 21.7
    endloop
  endfacet
  facet normal 0 0 1
    outer loop
      vertex 76.45 5.2 21.7
      vertex 78 5.2 21.7
      vertex 77.9795 5.51326 21.7
    endloop
  endfacet
  facet normal 0 0 1
    outer loop
      vertex 76.4427 5.31095 21.7
      vertex 77.9795 5.51326 21.7
      vertex 77.9182 5.82117 21.7
    endloop
  endfacet
  facet normal 0 0 1
    outer loop
      vertex 78 5.2 21.7
      vertex 76.45 5.2 21.7
      vertex 77.9795 4.88674 21.7
    endloop
  endfacet
  facet normal 0 0 1
    outer loop
      vertex 76.421 5.42 21.7
      vertex 77.9182 5.82117 21.7
      vertex 77.8173 6.11844 21.7
    endloop
  endfacet
  facet normal -0 0 1
    outer loop
      vertex 76.4427 5.08905 21.7
      vertex 77.9795 4.88674 21.7
      vertex 76.45 5.2 21.7
    endloop
  endfacet
  facet normal 0 0 1
    outer loop
      vertex 76.3853 5.52528 21.7
      vertex 77.8173 6.11844 21.7
      vertex 77.6785 6.4 21.7
    endloop
  endfacet
  facet normal 0 0 1
    outer loop
      vertex 77.9795 4.88674 21.7
      vertex 76.4427 5.08905 21.7
      vertex 77.9182 4.57883 21.7
    endloop
  endfacet
  facet normal 0 0 1
    outer loop
      vertex 76.3361 5.625 21.7
      vertex 77.6785 6.4 21.7
      vertex 77.5041 6.66103 21.7
    endloop
  endfacet
  facet normal -0 0 1
    outer loop
      vertex 76.421 4.98 21.7
      vertex 77.9182 4.57883 21.7
      vertex 76.4427 5.08905 21.7
    endloop
  endfacet
  facet normal 0 0 1
    outer loop
      vertex 76.2744 5.71745 21.7
      vertex 77.5041 6.66103 21.7
      vertex 77.2971 6.89706 21.7
    endloop
  endfacet
  facet normal 0 0 1
    outer loop
      vertex 77.9182 4.57883 21.7
      vertex 76.421 4.98 21.7
      vertex 77.8173 4.28156 21.7
    endloop
  endfacet
  facet normal 0 0 1
    outer loop
      vertex 76.201 5.80104 21.7
      vertex 77.2971 6.89706 21.7
      vertex 77.061 7.10405 21.7
    endloop
  endfacet
  facet normal -0 0 1
    outer loop
      vertex 76.3853 4.87472 21.7
      vertex 77.8173 4.28156 21.7
      vertex 76.421 4.98 21.7
    endloop
  endfacet
  facet normal 0 0 1
    outer loop
      vertex 76.1174 5.87435 21.7
      vertex 77.061 7.10405 21.7
      vertex 76.8 7.27846 21.7
    endloop
  endfacet
  facet normal 0 0 1
    outer loop
      vertex 77.8173 4.28156 21.7
      vertex 76.3853 4.87472 21.7
      vertex 77.6785 4 21.7
    endloop
  endfacet
  facet normal 0 0 1
    outer loop
      vertex 76.025 5.93612 21.7
      vertex 76.8 7.27846 21.7
      vertex 76.5184 7.41731 21.7
    endloop
  endfacet
  facet normal -0 0 1
    outer loop
      vertex 76.3361 4.775 21.7
      vertex 77.6785 4 21.7
      vertex 76.3853 4.87472 21.7
    endloop
  endfacet
  facet normal 0 0 1
    outer loop
      vertex 77.6785 4 21.7
      vertex 76.3361 4.775 21.7
      vertex 77.5041 3.73897 21.7
    endloop
  endfacet
  facet normal 0 0 1
    outer loop
      vertex 77.9795 5.51326 21.7
      vertex 76.4427 5.31095 21.7
      vertex 76.45 5.2 21.7
    endloop
  endfacet
  facet normal 0 0 1
    outer loop
      vertex 77.9182 5.82117 21.7
      vertex 76.421 5.42 21.7
      vertex 76.4427 5.31095 21.7
    endloop
  endfacet
  facet normal 0 0 1
    outer loop
      vertex 77.8173 6.11844 21.7
      vertex 76.3853 5.52528 21.7
      vertex 76.421 5.42 21.7
    endloop
  endfacet
  facet normal 0 0 1
    outer loop
      vertex 77.6785 6.4 21.7
      vertex 76.3361 5.625 21.7
      vertex 76.3853 5.52528 21.7
    endloop
  endfacet
  facet normal 0 0 1
    outer loop
      vertex 77.5041 6.66103 21.7
      vertex 76.2744 5.71745 21.7
      vertex 76.3361 5.625 21.7
    endloop
  endfacet
  facet normal 0 0 1
    outer loop
      vertex 75.9253 5.9853 21.7
      vertex 76.5184 7.41731 21.7
      vertex 76.2212 7.51822 21.7
    endloop
  endfacet
  facet normal 0 0 1
    outer loop
      vertex 77.2971 6.89706 21.7
      vertex 76.201 5.80104 21.7
      vertex 76.2744 5.71745 21.7
    endloop
  endfacet
  facet normal 0 0 1
    outer loop
      vertex 77.061 7.10405 21.7
      vertex 76.1174 5.87435 21.7
      vertex 76.201 5.80104 21.7
    endloop
  endfacet
  facet normal 0 0 1
    outer loop
      vertex 76.8 7.27846 21.7
      vertex 76.025 5.93612 21.7
      vertex 76.1174 5.87435 21.7
    endloop
  endfacet
  facet normal 0 0 1
    outer loop
      vertex 76.5184 7.41731 21.7
      vertex 75.9253 5.9853 21.7
      vertex 76.025 5.93612 21.7
    endloop
  endfacet
  facet normal 0 0 1
    outer loop
      vertex 75.82 6.02104 21.7
      vertex 76.2212 7.51822 21.7
      vertex 75.9133 7.57947 21.7
    endloop
  endfacet
  facet normal 0 0 1
    outer loop
      vertex 76.2212 7.51822 21.7
      vertex 75.82 6.02104 21.7
      vertex 75.9253 5.9853 21.7
    endloop
  endfacet
  facet normal 0 0 1
    outer loop
      vertex 75.9133 7.57947 21.7
      vertex 75.7109 6.04273 21.7
      vertex 75.82 6.02104 21.7
    endloop
  endfacet
  facet normal 0 0 1
    outer loop
      vertex 75.6 7.6 21.7
      vertex 75.7109 6.04273 21.7
      vertex 75.9133 7.57947 21.7
    endloop
  endfacet
  facet normal 0 0 1
    outer loop
      vertex 75.6 7.6 21.7
      vertex 75.6 6.05 21.7
      vertex 75.7109 6.04273 21.7
    endloop
  endfacet
  facet normal 0 0 1
    outer loop
      vertex 75.6 7.6 21.7
      vertex 75.4891 6.04273 21.7
      vertex 75.6 6.05 21.7
    endloop
  endfacet
  facet normal -0 0 1
    outer loop
      vertex 75.2867 7.57947 21.7
      vertex 75.4891 6.04273 21.7
      vertex 75.6 7.6 21.7
    endloop
  endfacet
  facet normal 0 0 1
    outer loop
      vertex 75.4891 6.04273 21.7
      vertex 75.2867 7.57947 21.7
      vertex 75.38 6.02104 21.7
    endloop
  endfacet
  facet normal -0 0 1
    outer loop
      vertex 74.9788 7.51822 21.7
      vertex 75.38 6.02104 21.7
      vertex 75.2867 7.57947 21.7
    endloop
  endfacet
  facet normal 0 0 1
    outer loop
      vertex 75.38 6.02104 21.7
      vertex 74.9788 7.51822 21.7
      vertex 75.2747 5.9853 21.7
    endloop
  endfacet
  facet normal -0 0 1
    outer loop
      vertex 74.6816 7.41731 21.7
      vertex 75.2747 5.9853 21.7
      vertex 74.9788 7.51822 21.7
    endloop
  endfacet
  facet normal 0 0 1
    outer loop
      vertex 75.2747 5.9853 21.7
      vertex 74.6816 7.41731 21.7
      vertex 75.175 5.93612 21.7
    endloop
  endfacet
  facet normal -0 0 1
    outer loop
      vertex 74.4 7.27846 21.7
      vertex 75.175 5.93612 21.7
      vertex 74.6816 7.41731 21.7
    endloop
  endfacet
  facet normal 0 0 1
    outer loop
      vertex 75.175 5.93612 21.7
      vertex 74.4 7.27846 21.7
      vertex 75.0826 5.87435 21.7
    endloop
  endfacet
  facet normal -0 0 1
    outer loop
      vertex 74.139 7.10405 21.7
      vertex 75.0826 5.87435 21.7
      vertex 74.4 7.27846 21.7
    endloop
  endfacet
  facet normal 0 0 1
    outer loop
      vertex 75.0826 5.87435 21.7
      vertex 74.139 7.10405 21.7
      vertex 74.999 5.80104 21.7
    endloop
  endfacet
  facet normal -0 0 1
    outer loop
      vertex 73.9029 6.89706 21.7
      vertex 74.999 5.80104 21.7
      vertex 74.139 7.10405 21.7
    endloop
  endfacet
  facet normal 0 0 1
    outer loop
      vertex 74.999 5.80104 21.7
      vertex 73.9029 6.89706 21.7
      vertex 74.9257 5.71745 21.7
    endloop
  endfacet
  facet normal 0 0 1
    outer loop
      vertex 74.9257 5.71745 21.7
      vertex 73.696 6.66103 21.7
      vertex 74.8639 5.625 21.7
    endloop
  endfacet
  facet normal -0 0 1
    outer loop
      vertex 73.696 6.66103 21.7
      vertex 74.9257 5.71745 21.7
      vertex 73.9029 6.89706 21.7
    endloop
  endfacet
  facet normal -0 0 1
    outer loop
      vertex 76.2744 4.68255 21.7
      vertex 77.5041 3.73897 21.7
      vertex 76.3361 4.775 21.7
    endloop
  endfacet
  facet normal 0 0 1
    outer loop
      vertex 77.5041 3.73897 21.7
      vertex 76.2744 4.68255 21.7
      vertex 77.2971 3.50294 21.7
    endloop
  endfacet
  facet normal -0 0 1
    outer loop
      vertex 76.201 4.59896 21.7
      vertex 77.2971 3.50294 21.7
      vertex 76.2744 4.68255 21.7
    endloop
  endfacet
  facet normal 0 0 1
    outer loop
      vertex 77.2971 3.50294 21.7
      vertex 76.201 4.59896 21.7
      vertex 77.061 3.29595 21.7
    endloop
  endfacet
  facet normal -0 0 1
    outer loop
      vertex 76.1174 4.52565 21.7
      vertex 77.061 3.29595 21.7
      vertex 76.201 4.59896 21.7
    endloop
  endfacet
  facet normal 0 0 1
    outer loop
      vertex 77.061 3.29595 21.7
      vertex 76.1174 4.52565 21.7
      vertex 76.8 3.12154 21.7
    endloop
  endfacet
  facet normal -0 0 1
    outer loop
      vertex 76.025 4.46388 21.7
      vertex 76.8 3.12154 21.7
      vertex 76.1174 4.52565 21.7
    endloop
  endfacet
  facet normal 0 0 1
    outer loop
      vertex 76.8 3.12154 21.7
      vertex 76.025 4.46388 21.7
      vertex 76.5184 2.98269 21.7
    endloop
  endfacet
  facet normal -0 0 1
    outer loop
      vertex 75.9253 4.4147 21.7
      vertex 76.5184 2.98269 21.7
      vertex 76.025 4.46388 21.7
    endloop
  endfacet
  facet normal 0 0 1
    outer loop
      vertex 76.5184 2.98269 21.7
      vertex 75.9253 4.4147 21.7
      vertex 76.2212 2.88178 21.7
    endloop
  endfacet
  facet normal -0 0 1
    outer loop
      vertex 75.82 4.37896 21.7
      vertex 76.2212 2.88178 21.7
      vertex 75.9253 4.4147 21.7
    endloop
  endfacet
  facet normal 0 0 1
    outer loop
      vertex 76.2212 2.88178 21.7
      vertex 75.82 4.37896 21.7
      vertex 75.9133 2.82053 21.7
    endloop
  endfacet
  facet normal -0 0 1
    outer loop
      vertex 75.7109 4.35727 21.7
      vertex 75.9133 2.82053 21.7
      vertex 75.82 4.37896 21.7
    endloop
  endfacet
  facet normal -0 0 1
    outer loop
      vertex 75.6 4.35 21.7
      vertex 75.9133 2.82053 21.7
      vertex 75.7109 4.35727 21.7
    endloop
  endfacet
  facet normal 0 0 1
    outer loop
      vertex 75.6 4.35 21.7
      vertex 75.6 2.8 21.7
      vertex 75.9133 2.82053 21.7
    endloop
  endfacet
  facet normal 0 0 1
    outer loop
      vertex 75.4891 4.35727 21.7
      vertex 75.6 2.8 21.7
      vertex 75.6 4.35 21.7
    endloop
  endfacet
  facet normal 0 0 1
    outer loop
      vertex 75.2867 2.82053 21.7
      vertex 75.4891 4.35727 21.7
      vertex 75.38 4.37896 21.7
    endloop
  endfacet
  facet normal 0 0 1
    outer loop
      vertex 75.4891 4.35727 21.7
      vertex 75.2867 2.82053 21.7
      vertex 75.6 2.8 21.7
    endloop
  endfacet
  facet normal 0 0 1
    outer loop
      vertex 74.9788 2.88178 21.7
      vertex 75.38 4.37896 21.7
      vertex 75.2747 4.4147 21.7
    endloop
  endfacet
  facet normal 0 0 1
    outer loop
      vertex 74.6816 2.98269 21.7
      vertex 75.2747 4.4147 21.7
      vertex 75.175 4.46388 21.7
    endloop
  endfacet
  facet normal 0 0 1
    outer loop
      vertex 74.4 3.12154 21.7
      vertex 75.175 4.46388 21.7
      vertex 75.0826 4.52565 21.7
    endloop
  endfacet
  facet normal 0 0 1
    outer loop
      vertex 74.139 3.29595 21.7
      vertex 75.0826 4.52565 21.7
      vertex 74.999 4.59896 21.7
    endloop
  endfacet
  facet normal 0 0 1
    outer loop
      vertex 75.38 4.37896 21.7
      vertex 74.9788 2.88178 21.7
      vertex 75.2867 2.82053 21.7
    endloop
  endfacet
  facet normal 0 0 1
    outer loop
      vertex 73.9029 3.50294 21.7
      vertex 74.999 4.59896 21.7
      vertex 74.9257 4.68255 21.7
    endloop
  endfacet
  facet normal 0 0 1
    outer loop
      vertex 73.696 3.73897 21.7
      vertex 74.9257 4.68255 21.7
      vertex 74.8639 4.775 21.7
    endloop
  endfacet
  facet normal 0 0 1
    outer loop
      vertex 73.5215 4 21.7
      vertex 74.8639 4.775 21.7
      vertex 74.8147 4.87472 21.7
    endloop
  endfacet
  facet normal 0 0 1
    outer loop
      vertex 73.3827 4.28156 21.7
      vertex 74.8147 4.87472 21.7
      vertex 74.779 4.98 21.7
    endloop
  endfacet
  facet normal 0 0 1
    outer loop
      vertex 73.2818 4.57883 21.7
      vertex 74.779 4.98 21.7
      vertex 74.7573 5.08905 21.7
    endloop
  endfacet
  facet normal 0 0 1
    outer loop
      vertex 75.2747 4.4147 21.7
      vertex 74.6816 2.98269 21.7
      vertex 74.9788 2.88178 21.7
    endloop
  endfacet
  facet normal 0 0 1
    outer loop
      vertex 73.2205 4.88674 21.7
      vertex 74.7573 5.08905 21.7
      vertex 74.75 5.2 21.7
    endloop
  endfacet
  facet normal -0 0 1
    outer loop
      vertex 73.5215 6.4 21.7
      vertex 74.8639 5.625 21.7
      vertex 73.696 6.66103 21.7
    endloop
  endfacet
  facet normal 0 0 1
    outer loop
      vertex 74.8639 5.625 21.7
      vertex 73.5215 6.4 21.7
      vertex 74.8147 5.52528 21.7
    endloop
  endfacet
  facet normal 0 0 1
    outer loop
      vertex 75.175 4.46388 21.7
      vertex 74.4 3.12154 21.7
      vertex 74.6816 2.98269 21.7
    endloop
  endfacet
  facet normal -0 0 1
    outer loop
      vertex 73.3827 6.11844 21.7
      vertex 74.8147 5.52528 21.7
      vertex 73.5215 6.4 21.7
    endloop
  endfacet
  facet normal 0 0 1
    outer loop
      vertex 75.0826 4.52565 21.7
      vertex 74.139 3.29595 21.7
      vertex 74.4 3.12154 21.7
    endloop
  endfacet
  facet normal 0 0 1
    outer loop
      vertex 74.8147 5.52528 21.7
      vertex 73.3827 6.11844 21.7
      vertex 74.779 5.42 21.7
    endloop
  endfacet
  facet normal 0 0 1
    outer loop
      vertex 74.999 4.59896 21.7
      vertex 73.9029 3.50294 21.7
      vertex 74.139 3.29595 21.7
    endloop
  endfacet
  facet normal -0 0 1
    outer loop
      vertex 73.2818 5.82117 21.7
      vertex 74.779 5.42 21.7
      vertex 73.3827 6.11844 21.7
    endloop
  endfacet
  facet normal 0 0 1
    outer loop
      vertex 74.9257 4.68255 21.7
      vertex 73.696 3.73897 21.7
      vertex 73.9029 3.50294 21.7
    endloop
  endfacet
  facet normal 0 0 1
    outer loop
      vertex 74.779 5.42 21.7
      vertex 73.2818 5.82117 21.7
      vertex 74.7573 5.31095 21.7
    endloop
  endfacet
  facet normal 0 0 1
    outer loop
      vertex 74.8639 4.775 21.7
      vertex 73.5215 4 21.7
      vertex 73.696 3.73897 21.7
    endloop
  endfacet
  facet normal -0 0 1
    outer loop
      vertex 73.2205 5.51326 21.7
      vertex 74.7573 5.31095 21.7
      vertex 73.2818 5.82117 21.7
    endloop
  endfacet
  facet normal 0 0 1
    outer loop
      vertex 74.8147 4.87472 21.7
      vertex 73.3827 4.28156 21.7
      vertex 73.5215 4 21.7
    endloop
  endfacet
  facet normal 0 0 1
    outer loop
      vertex 74.7573 5.31095 21.7
      vertex 73.2205 5.51326 21.7
      vertex 74.75 5.2 21.7
    endloop
  endfacet
  facet normal 0 0 1
    outer loop
      vertex 74.779 4.98 21.7
      vertex 73.2818 4.57883 21.7
      vertex 73.3827 4.28156 21.7
    endloop
  endfacet
  facet normal 0 0 1
    outer loop
      vertex 73.2 5.2 21.7
      vertex 74.75 5.2 21.7
      vertex 73.2205 5.51326 21.7
    endloop
  endfacet
  facet normal 0 0 1
    outer loop
      vertex 74.7573 5.08905 21.7
      vertex 73.2205 4.88674 21.7
      vertex 73.2818 4.57883 21.7
    endloop
  endfacet
  facet normal 0 0 1
    outer loop
      vertex 74.75 5.2 21.7
      vertex 73.2 5.2 21.7
      vertex 73.2205 4.88674 21.7
    endloop
  endfacet
  facet normal -0.065388 0.99786 0
    outer loop
      vertex 75.6 7.6 1.6
      vertex 75.2867 7.57947 11.6
      vertex 75.6 7.6 11.6
    endloop
  endfacet
  facet normal -0.065388 0.99786 0
    outer loop
      vertex 75.2867 7.57947 11.6
      vertex 75.6 7.6 1.6
      vertex 75.2867 7.57947 1.6
    endloop
  endfacet
  facet normal -0.065388 0.99786 0
    outer loop
      vertex 75.6 7.6 13.1
      vertex 75.2867 7.57947 21.7
      vertex 75.6 7.6 21.7
    endloop
  endfacet
  facet normal -0.065388 0.99786 0
    outer loop
      vertex 75.2867 7.57947 21.7
      vertex 75.6 7.6 13.1
      vertex 75.2867 7.57947 13.1
    endloop
  endfacet
  facet normal 0.997866 -0.0653012 0
    outer loop
      vertex 77.9795 4.88674 11.6
      vertex 78 5.2 1.6
      vertex 78 5.2 11.6
    endloop
  endfacet
  facet normal 0.997866 -0.0653012 0
    outer loop
      vertex 78 5.2 1.6
      vertex 77.9795 4.88674 11.6
      vertex 77.9795 4.88674 1.6
    endloop
  endfacet
  facet normal 0.997866 -0.0653012 0
    outer loop
      vertex 77.9795 4.88674 21.7
      vertex 78 5.2 13.1
      vertex 78 5.2 21.7
    endloop
  endfacet
  facet normal 0.997866 -0.0653012 0
    outer loop
      vertex 78 5.2 13.1
      vertex 77.9795 4.88674 21.7
      vertex 77.9795 4.88674 13.1
    endloop
  endfacet
  facet normal 0.065388 -0.99786 0
    outer loop
      vertex 75.6 2.8 1.6
      vertex 75.9133 2.82053 11.6
      vertex 75.6 2.8 11.6
    endloop
  endfacet
  facet normal 0.065388 -0.99786 0
    outer loop
      vertex 75.9133 2.82053 11.6
      vertex 75.6 2.8 1.6
      vertex 75.9133 2.82053 1.6
    endloop
  endfacet
  facet normal 0.065388 -0.99786 0
    outer loop
      vertex 75.6 2.8 13.1
      vertex 75.9133 2.82053 21.7
      vertex 75.6 2.8 21.7
    endloop
  endfacet
  facet normal 0.065388 -0.99786 0
    outer loop
      vertex 75.9133 2.82053 21.7
      vertex 75.6 2.8 13.1
      vertex 75.9133 2.82053 13.1
    endloop
  endfacet
  facet normal 0.65923 -0.751941 0
    outer loop
      vertex 77.061 3.29595 1.6
      vertex 77.2971 3.50294 11.6
      vertex 77.061 3.29595 11.6
    endloop
  endfacet
  facet normal 0.65923 -0.751941 0
    outer loop
      vertex 77.2971 3.50294 11.6
      vertex 77.061 3.29595 1.6
      vertex 77.2971 3.50294 1.6
    endloop
  endfacet
  facet normal 0.65923 -0.751941 0
    outer loop
      vertex 77.061 3.29595 13.1
      vertex 77.2971 3.50294 21.7
      vertex 77.061 3.29595 21.7
    endloop
  endfacet
  facet normal 0.65923 -0.751941 0
    outer loop
      vertex 77.2971 3.50294 21.7
      vertex 77.061 3.29595 13.1
      vertex 77.2971 3.50294 13.1
    endloop
  endfacet
  facet normal 0.831491 -0.555538 0
    outer loop
      vertex 77.5041 3.73897 11.6
      vertex 77.6785 4 1.6
      vertex 77.6785 4 11.6
    endloop
  endfacet
  facet normal 0.831491 -0.555538 0
    outer loop
      vertex 77.6785 4 1.6
      vertex 77.5041 3.73897 11.6
      vertex 77.5041 3.73897 1.6
    endloop
  endfacet
  facet normal 0.831491 -0.555538 0
    outer loop
      vertex 77.5041 3.73897 21.7
      vertex 77.6785 4 13.1
      vertex 77.6785 4 21.7
    endloop
  endfacet
  facet normal 0.831491 -0.555538 0
    outer loop
      vertex 77.6785 4 13.1
      vertex 77.5041 3.73897 21.7
      vertex 77.5041 3.73897 13.1
    endloop
  endfacet
  facet normal 0.980753 -0.195252 0
    outer loop
      vertex 77.9182 4.57883 11.6
      vertex 77.9795 4.88674 1.6
      vertex 77.9795 4.88674 11.6
    endloop
  endfacet
  facet normal 0.980753 -0.195252 0
    outer loop
      vertex 77.9795 4.88674 1.6
      vertex 77.9182 4.57883 11.6
      vertex 77.9182 4.57883 1.6
    endloop
  endfacet
  facet normal 0.980753 -0.195252 0
    outer loop
      vertex 77.9182 4.57883 21.7
      vertex 77.9795 4.88674 13.1
      vertex 77.9795 4.88674 21.7
    endloop
  endfacet
  facet normal 0.980753 -0.195252 0
    outer loop
      vertex 77.9795 4.88674 13.1
      vertex 77.9182 4.57883 21.7
      vertex 77.9182 4.57883 13.1
    endloop
  endfacet
  facet normal -0.555604 -0.831447 0
    outer loop
      vertex 74.139 3.29595 1.6
      vertex 74.4 3.12154 11.6
      vertex 74.139 3.29595 11.6
    endloop
  endfacet
  facet normal -0.555604 -0.831447 -0
    outer loop
      vertex 74.4 3.12154 11.6
      vertex 74.139 3.29595 1.6
      vertex 74.4 3.12154 1.6
    endloop
  endfacet
  facet normal -0.555604 -0.831447 0
    outer loop
      vertex 74.139 3.29595 13.1
      vertex 74.4 3.12154 21.7
      vertex 74.139 3.29595 21.7
    endloop
  endfacet
  facet normal -0.555604 -0.831447 -0
    outer loop
      vertex 74.4 3.12154 21.7
      vertex 74.139 3.29595 13.1
      vertex 74.4 3.12154 13.1
    endloop
  endfacet
  facet normal -0.442238 -0.896898 0
    outer loop
      vertex 74.4 3.12154 13.1
      vertex 74.6816 2.98269 21.7
      vertex 74.4 3.12154 21.7
    endloop
  endfacet
  facet normal -0.442238 -0.896898 -0
    outer loop
      vertex 74.6816 2.98269 21.7
      vertex 74.4 3.12154 13.1
      vertex 74.6816 2.98269 13.1
    endloop
  endfacet
  facet normal -0.442238 -0.896898 0
    outer loop
      vertex 74.4 3.12154 1.6
      vertex 74.6816 2.98269 11.6
      vertex 74.4 3.12154 11.6
    endloop
  endfacet
  facet normal -0.442238 -0.896898 -0
    outer loop
      vertex 74.6816 2.98269 11.6
      vertex 74.4 3.12154 1.6
      vertex 74.6816 2.98269 1.6
    endloop
  endfacet
  facet normal -0.195105 -0.980782 0
    outer loop
      vertex 74.9788 2.88178 1.6
      vertex 75.2867 2.82053 11.6
      vertex 74.9788 2.88178 11.6
    endloop
  endfacet
  facet normal -0.195105 -0.980782 -0
    outer loop
      vertex 75.2867 2.82053 11.6
      vertex 74.9788 2.88178 1.6
      vertex 75.2867 2.82053 1.6
    endloop
  endfacet
  facet normal -0.195105 -0.980782 0
    outer loop
      vertex 74.9788 2.88178 13.1
      vertex 75.2867 2.82053 21.7
      vertex 74.9788 2.88178 21.7
    endloop
  endfacet
  facet normal -0.195105 -0.980782 -0
    outer loop
      vertex 75.2867 2.82053 21.7
      vertex 74.9788 2.88178 13.1
      vertex 75.2867 2.82053 13.1
    endloop
  endfacet
  facet normal -0.896936 -0.44216 0
    outer loop
      vertex 73.5215 4 13.1
      vertex 73.3827 4.28156 21.7
      vertex 73.3827 4.28156 13.1
    endloop
  endfacet
  facet normal -0.896936 -0.44216 0
    outer loop
      vertex 73.3827 4.28156 21.7
      vertex 73.5215 4 13.1
      vertex 73.5215 4 21.7
    endloop
  endfacet
  facet normal -0.896936 -0.44216 0
    outer loop
      vertex 73.5215 4 1.6
      vertex 73.3827 4.28156 11.6
      vertex 73.3827 4.28156 1.6
    endloop
  endfacet
  facet normal -0.896936 -0.44216 0
    outer loop
      vertex 73.3827 4.28156 11.6
      vertex 73.5215 4 1.6
      vertex 73.5215 4 11.6
    endloop
  endfacet
  facet normal -0.946939 -0.321412 0
    outer loop
      vertex 73.3827 4.28156 1.6
      vertex 73.2818 4.57883 11.6
      vertex 73.2818 4.57883 1.6
    endloop
  endfacet
  facet normal -0.946939 -0.321412 0
    outer loop
      vertex 73.2818 4.57883 11.6
      vertex 73.3827 4.28156 1.6
      vertex 73.3827 4.28156 11.6
    endloop
  endfacet
  facet normal -0.946939 -0.321412 0
    outer loop
      vertex 73.3827 4.28156 13.1
      vertex 73.2818 4.57883 21.7
      vertex 73.2818 4.57883 13.1
    endloop
  endfacet
  facet normal -0.946939 -0.321412 0
    outer loop
      vertex 73.2818 4.57883 21.7
      vertex 73.3827 4.28156 13.1
      vertex 73.3827 4.28156 21.7
    endloop
  endfacet
  facet normal -0.997866 -0.0653012 0
    outer loop
      vertex 73.2205 4.88674 1.6
      vertex 73.2 5.2 11.6
      vertex 73.2 5.2 1.6
    endloop
  endfacet
  facet normal -0.997866 -0.0653012 0
    outer loop
      vertex 73.2 5.2 11.6
      vertex 73.2205 4.88674 1.6
      vertex 73.2205 4.88674 11.6
    endloop
  endfacet
  facet normal -0.997866 -0.0653012 0
    outer loop
      vertex 73.2205 4.88674 13.1
      vertex 73.2 5.2 21.7
      vertex 73.2 5.2 13.1
    endloop
  endfacet
  facet normal -0.997866 -0.0653012 0
    outer loop
      vertex 73.2 5.2 21.7
      vertex 73.2205 4.88674 13.1
      vertex 73.2205 4.88674 21.7
    endloop
  endfacet
  facet normal 0.751828 0.659359 0
    outer loop
      vertex 77.5041 6.66103 11.6
      vertex 77.2971 6.89706 1.6
      vertex 77.2971 6.89706 11.6
    endloop
  endfacet
  facet normal 0.751828 0.659359 0
    outer loop
      vertex 77.2971 6.89706 1.6
      vertex 77.5041 6.66103 11.6
      vertex 77.5041 6.66103 1.6
    endloop
  endfacet
  facet normal 0.751828 0.659359 0
    outer loop
      vertex 77.5041 6.66103 21.7
      vertex 77.2971 6.89706 13.1
      vertex 77.2971 6.89706 21.7
    endloop
  endfacet
  facet normal 0.751828 0.659359 0
    outer loop
      vertex 77.2971 6.89706 13.1
      vertex 77.5041 6.66103 21.7
      vertex 77.5041 6.66103 13.1
    endloop
  endfacet
  facet normal 0.442238 0.896898 -0
    outer loop
      vertex 76.8 7.27846 1.6
      vertex 76.5184 7.41731 11.6
      vertex 76.8 7.27846 11.6
    endloop
  endfacet
  facet normal 0.442238 0.896898 0
    outer loop
      vertex 76.5184 7.41731 11.6
      vertex 76.8 7.27846 1.6
      vertex 76.5184 7.41731 1.6
    endloop
  endfacet
  facet normal 0.442238 0.896898 -0
    outer loop
      vertex 76.8 7.27846 13.1
      vertex 76.5184 7.41731 21.7
      vertex 76.8 7.27846 21.7
    endloop
  endfacet
  facet normal 0.442238 0.896898 0
    outer loop
      vertex 76.5184 7.41731 21.7
      vertex 76.8 7.27846 13.1
      vertex 76.5184 7.41731 13.1
    endloop
  endfacet
  facet normal -0.442238 0.896898 0
    outer loop
      vertex 74.6816 7.41731 1.6
      vertex 74.4 7.27846 11.6
      vertex 74.6816 7.41731 11.6
    endloop
  endfacet
  facet normal -0.442238 0.896898 0
    outer loop
      vertex 74.4 7.27846 11.6
      vertex 74.6816 7.41731 1.6
      vertex 74.4 7.27846 1.6
    endloop
  endfacet
  facet normal -0.442238 0.896898 0
    outer loop
      vertex 74.6816 7.41731 13.1
      vertex 74.4 7.27846 21.7
      vertex 74.6816 7.41731 21.7
    endloop
  endfacet
  facet normal -0.442238 0.896898 0
    outer loop
      vertex 74.4 7.27846 21.7
      vertex 74.6816 7.41731 13.1
      vertex 74.4 7.27846 13.1
    endloop
  endfacet
  facet normal 0.195105 -0.980782 0
    outer loop
      vertex 75.9133 2.82053 1.6
      vertex 76.2212 2.88178 11.6
      vertex 75.9133 2.82053 11.6
    endloop
  endfacet
  facet normal 0.195105 -0.980782 0
    outer loop
      vertex 76.2212 2.88178 11.6
      vertex 75.9133 2.82053 1.6
      vertex 76.2212 2.88178 1.6
    endloop
  endfacet
  facet normal 0.195105 -0.980782 0
    outer loop
      vertex 75.9133 2.82053 13.1
      vertex 76.2212 2.88178 21.7
      vertex 75.9133 2.82053 21.7
    endloop
  endfacet
  facet normal 0.195105 -0.980782 0
    outer loop
      vertex 76.2212 2.88178 21.7
      vertex 75.9133 2.82053 13.1
      vertex 76.2212 2.88178 13.1
    endloop
  endfacet
  facet normal 0.442238 -0.896898 0
    outer loop
      vertex 76.5184 2.98269 1.6
      vertex 76.8 3.12154 11.6
      vertex 76.5184 2.98269 11.6
    endloop
  endfacet
  facet normal 0.442238 -0.896898 0
    outer loop
      vertex 76.8 3.12154 11.6
      vertex 76.5184 2.98269 1.6
      vertex 76.8 3.12154 1.6
    endloop
  endfacet
  facet normal 0.442238 -0.896898 0
    outer loop
      vertex 76.5184 2.98269 13.1
      vertex 76.8 3.12154 21.7
      vertex 76.5184 2.98269 21.7
    endloop
  endfacet
  facet normal 0.442238 -0.896898 0
    outer loop
      vertex 76.8 3.12154 21.7
      vertex 76.5184 2.98269 13.1
      vertex 76.8 3.12154 13.1
    endloop
  endfacet
  facet normal 0.896936 -0.44216 0
    outer loop
      vertex 77.6785 4 11.6
      vertex 77.8173 4.28156 1.6
      vertex 77.8173 4.28156 11.6
    endloop
  endfacet
  facet normal 0.896936 -0.44216 0
    outer loop
      vertex 77.8173 4.28156 1.6
      vertex 77.6785 4 11.6
      vertex 77.6785 4 1.6
    endloop
  endfacet
  facet normal 0.896936 -0.44216 0
    outer loop
      vertex 77.6785 4 21.7
      vertex 77.8173 4.28156 13.1
      vertex 77.8173 4.28156 21.7
    endloop
  endfacet
  facet normal 0.896936 -0.44216 0
    outer loop
      vertex 77.8173 4.28156 13.1
      vertex 77.6785 4 21.7
      vertex 77.6785 4 13.1
    endloop
  endfacet
  facet normal -0.831344 -0.555758 0
    outer loop
      vertex 73.696 3.73897 1.6
      vertex 73.5215 4 11.6
      vertex 73.5215 4 1.6
    endloop
  endfacet
  facet normal -0.831344 -0.555758 0
    outer loop
      vertex 73.5215 4 11.6
      vertex 73.696 3.73897 1.6
      vertex 73.696 3.73897 11.6
    endloop
  endfacet
  facet normal -0.831344 -0.555758 0
    outer loop
      vertex 73.696 3.73897 13.1
      vertex 73.5215 4 21.7
      vertex 73.5215 4 13.1
    endloop
  endfacet
  facet normal -0.831344 -0.555758 0
    outer loop
      vertex 73.5215 4 21.7
      vertex 73.696 3.73897 13.1
      vertex 73.696 3.73897 21.7
    endloop
  endfacet
  facet normal -0.980753 -0.195252 0
    outer loop
      vertex 73.2818 4.57883 1.6
      vertex 73.2205 4.88674 11.6
      vertex 73.2205 4.88674 1.6
    endloop
  endfacet
  facet normal -0.980753 -0.195252 0
    outer loop
      vertex 73.2205 4.88674 11.6
      vertex 73.2818 4.57883 1.6
      vertex 73.2818 4.57883 11.6
    endloop
  endfacet
  facet normal -0.980753 -0.195252 0
    outer loop
      vertex 73.2818 4.57883 13.1
      vertex 73.2205 4.88674 21.7
      vertex 73.2205 4.88674 13.1
    endloop
  endfacet
  facet normal -0.980753 -0.195252 0
    outer loop
      vertex 73.2205 4.88674 21.7
      vertex 73.2818 4.57883 13.1
      vertex 73.2818 4.57883 21.7
    endloop
  endfacet
  facet normal -0.997842 -0.0656534 0
    outer loop
      vertex 76.45 5.2 14.7
      vertex 76.4427 5.31095 21.7
      vertex 76.4427 5.31095 14.7
    endloop
  endfacet
  facet normal -0.997842 -0.0656534 0
    outer loop
      vertex 76.4427 5.31095 21.7
      vertex 76.45 5.2 14.7
      vertex 76.45 5.2 21.7
    endloop
  endfacet
  facet normal 0.997842 -0.0656534 0
    outer loop
      vertex 74.75 5.2 21.7
      vertex 74.7573 5.31095 14.7
      vertex 74.7573 5.31095 21.7
    endloop
  endfacet
  facet normal 0.997842 -0.0656534 0
    outer loop
      vertex 74.7573 5.31095 14.7
      vertex 74.75 5.2 21.7
      vertex 74.75 5.2 14.7
    endloop
  endfacet
  facet normal 0.0654141 -0.997858 0
    outer loop
      vertex 75.4891 6.04273 14.7
      vertex 75.6 6.05 21.7
      vertex 75.4891 6.04273 21.7
    endloop
  endfacet
  facet normal 0.0654141 -0.997858 0
    outer loop
      vertex 75.6 6.05 21.7
      vertex 75.4891 6.04273 14.7
      vertex 75.6 6.05 14.7
    endloop
  endfacet
  facet normal -0.0654141 0.997858 0
    outer loop
      vertex 75.7109 4.35727 14.7
      vertex 75.6 4.35 21.7
      vertex 75.7109 4.35727 21.7
    endloop
  endfacet
  facet normal -0.0654141 0.997858 0
    outer loop
      vertex 75.6 4.35 21.7
      vertex 75.7109 4.35727 14.7
      vertex 75.6 4.35 14.7
    endloop
  endfacet
  facet normal -0.751423 0.659821 0
    outer loop
      vertex 76.201 4.59896 14.7
      vertex 76.2744 4.68255 21.7
      vertex 76.2744 4.68255 14.7
    endloop
  endfacet
  facet normal -0.751423 0.659821 0
    outer loop
      vertex 76.2744 4.68255 21.7
      vertex 76.201 4.59896 14.7
      vertex 76.201 4.59896 21.7
    endloop
  endfacet
  facet normal -0.659319 -0.751863 0
    outer loop
      vertex 76.1174 5.87435 14.7
      vertex 76.201 5.80104 21.7
      vertex 76.1174 5.87435 21.7
    endloop
  endfacet
  facet normal -0.659319 -0.751863 -0
    outer loop
      vertex 76.201 5.80104 21.7
      vertex 76.1174 5.87435 14.7
      vertex 76.201 5.80104 14.7
    endloop
  endfacet
  facet normal 0.751869 -0.659313 0
    outer loop
      vertex 74.9257 5.71745 21.7
      vertex 74.999 5.80104 14.7
      vertex 74.999 5.80104 21.7
    endloop
  endfacet
  facet normal 0.751869 -0.659313 0
    outer loop
      vertex 74.999 5.80104 14.7
      vertex 74.9257 5.71745 21.7
      vertex 74.9257 5.71745 14.7
    endloop
  endfacet
  facet normal 0.442386 -0.896825 0
    outer loop
      vertex 75.175 5.93612 14.7
      vertex 75.2747 5.9853 21.7
      vertex 75.175 5.93612 21.7
    endloop
  endfacet
  facet normal 0.442386 -0.896825 0
    outer loop
      vertex 75.2747 5.9853 21.7
      vertex 75.175 5.93612 14.7
      vertex 75.2747 5.9853 14.7
    endloop
  endfacet
  facet normal -0.896789 -0.442459 0
    outer loop
      vertex 76.3853 5.52528 14.7
      vertex 76.3361 5.625 21.7
      vertex 76.3361 5.625 14.7
    endloop
  endfacet
  facet normal -0.896789 -0.442459 0
    outer loop
      vertex 76.3361 5.625 21.7
      vertex 76.3853 5.52528 14.7
      vertex 76.3853 5.52528 21.7
    endloop
  endfacet
  facet normal -0.831773 -0.555115 0
    outer loop
      vertex 76.3361 5.625 14.7
      vertex 76.2744 5.71745 21.7
      vertex 76.2744 5.71745 14.7
    endloop
  endfacet
  facet normal -0.831773 -0.555115 0
    outer loop
      vertex 76.2744 5.71745 21.7
      vertex 76.3361 5.625 14.7
      vertex 76.3361 5.625 21.7
    endloop
  endfacet
  facet normal -0.321403 -0.946943 0
    outer loop
      vertex 75.82 6.02104 14.7
      vertex 75.9253 5.9853 21.7
      vertex 75.82 6.02104 21.7
    endloop
  endfacet
  facet normal -0.321403 -0.946943 -0
    outer loop
      vertex 75.9253 5.9853 21.7
      vertex 75.82 6.02104 14.7
      vertex 75.9253 5.9853 14.7
    endloop
  endfacet
  facet normal -0.194992 -0.980805 0
    outer loop
      vertex 75.7109 6.04273 14.7
      vertex 75.82 6.02104 21.7
      vertex 75.7109 6.04273 21.7
    endloop
  endfacet
  facet normal -0.194992 -0.980805 -0
    outer loop
      vertex 75.82 6.02104 21.7
      vertex 75.7109 6.04273 14.7
      vertex 75.82 6.02104 14.7
    endloop
  endfacet
  facet normal -0.442386 -0.896825 0
    outer loop
      vertex 75.9253 5.9853 14.7
      vertex 76.025 5.93612 21.7
      vertex 75.9253 5.9853 21.7
    endloop
  endfacet
  facet normal -0.442386 -0.896825 -0
    outer loop
      vertex 76.025 5.93612 21.7
      vertex 75.9253 5.9853 14.7
      vertex 76.025 5.93612 14.7
    endloop
  endfacet
  facet normal 0.896789 -0.442459 0
    outer loop
      vertex 74.8147 5.52528 21.7
      vertex 74.8639 5.625 14.7
      vertex 74.8639 5.625 21.7
    endloop
  endfacet
  facet normal 0.896789 -0.442459 0
    outer loop
      vertex 74.8639 5.625 14.7
      vertex 74.8147 5.52528 21.7
      vertex 74.8147 5.52528 14.7
    endloop
  endfacet
  facet normal 0.831358 -0.555737 0
    outer loop
      vertex 74.8639 5.625 21.7
      vertex 74.9257 5.71745 14.7
      vertex 74.9257 5.71745 21.7
    endloop
  endfacet
  facet normal 0.831358 -0.555737 0
    outer loop
      vertex 74.9257 5.71745 14.7
      vertex 74.8639 5.625 21.7
      vertex 74.8639 5.625 14.7
    endloop
  endfacet
  facet normal 0.555759 -0.831344 0
    outer loop
      vertex 75.0826 5.87435 14.7
      vertex 75.175 5.93612 21.7
      vertex 75.0826 5.87435 21.7
    endloop
  endfacet
  facet normal 0.555759 -0.831344 0
    outer loop
      vertex 75.175 5.93612 21.7
      vertex 75.0826 5.87435 14.7
      vertex 75.175 5.93612 14.7
    endloop
  endfacet
  facet normal 0.321403 -0.946943 0
    outer loop
      vertex 75.2747 5.9853 14.7
      vertex 75.38 6.02104 21.7
      vertex 75.2747 5.9853 21.7
    endloop
  endfacet
  facet normal 0.321403 -0.946943 0
    outer loop
      vertex 75.38 6.02104 21.7
      vertex 75.2747 5.9853 14.7
      vertex 75.38 6.02104 14.7
    endloop
  endfacet
  facet normal 0 0 1
    outer loop
      vertex 76.4427 5.31095 14.7
      vertex 76.4427 5.08905 14.7
      vertex 76.45 5.2 14.7
    endloop
  endfacet
  facet normal 0 0 1
    outer loop
      vertex 76.421 5.42 14.7
      vertex 76.4427 5.08905 14.7
      vertex 76.4427 5.31095 14.7
    endloop
  endfacet
  facet normal 0 0 1
    outer loop
      vertex 76.421 5.42 14.7
      vertex 76.421 4.98 14.7
      vertex 76.4427 5.08905 14.7
    endloop
  endfacet
  facet normal 0 0 1
    outer loop
      vertex 76.3853 5.52528 14.7
      vertex 76.421 4.98 14.7
      vertex 76.421 5.42 14.7
    endloop
  endfacet
  facet normal 0 0 1
    outer loop
      vertex 76.3853 5.52528 14.7
      vertex 76.3853 4.87472 14.7
      vertex 76.421 4.98 14.7
    endloop
  endfacet
  facet normal 0 0 1
    outer loop
      vertex 76.3361 5.625 14.7
      vertex 76.3853 4.87472 14.7
      vertex 76.3853 5.52528 14.7
    endloop
  endfacet
  facet normal 0 0 1
    outer loop
      vertex 76.3361 5.625 14.7
      vertex 76.3361 4.775 14.7
      vertex 76.3853 4.87472 14.7
    endloop
  endfacet
  facet normal 0 0 1
    outer loop
      vertex 76.2744 5.71745 14.7
      vertex 76.3361 4.775 14.7
      vertex 76.3361 5.625 14.7
    endloop
  endfacet
  facet normal 0 0 1
    outer loop
      vertex 76.2744 5.71745 14.7
      vertex 76.2744 4.68255 14.7
      vertex 76.3361 4.775 14.7
    endloop
  endfacet
  facet normal 0 0 1
    outer loop
      vertex 76.201 5.80104 14.7
      vertex 76.2744 4.68255 14.7
      vertex 76.2744 5.71745 14.7
    endloop
  endfacet
  facet normal 0 0 1
    outer loop
      vertex 76.201 5.80104 14.7
      vertex 76.201 4.59896 14.7
      vertex 76.2744 4.68255 14.7
    endloop
  endfacet
  facet normal 0 0 1
    outer loop
      vertex 76.1174 5.87435 14.7
      vertex 76.201 4.59896 14.7
      vertex 76.201 5.80104 14.7
    endloop
  endfacet
  facet normal 0 0 1
    outer loop
      vertex 76.1174 5.87435 14.7
      vertex 76.1174 4.52565 14.7
      vertex 76.201 4.59896 14.7
    endloop
  endfacet
  facet normal 0 0 1
    outer loop
      vertex 76.025 5.93612 14.7
      vertex 76.1174 4.52565 14.7
      vertex 76.1174 5.87435 14.7
    endloop
  endfacet
  facet normal 0 0 1
    outer loop
      vertex 76.025 5.93612 14.7
      vertex 76.025 4.46388 14.7
      vertex 76.1174 4.52565 14.7
    endloop
  endfacet
  facet normal 0 0 1
    outer loop
      vertex 75.9253 5.9853 14.7
      vertex 76.025 4.46388 14.7
      vertex 76.025 5.93612 14.7
    endloop
  endfacet
  facet normal 0 0 1
    outer loop
      vertex 75.9253 5.9853 14.7
      vertex 75.9253 4.4147 14.7
      vertex 76.025 4.46388 14.7
    endloop
  endfacet
  facet normal 0 0 1
    outer loop
      vertex 75.82 6.02104 14.7
      vertex 75.9253 4.4147 14.7
      vertex 75.9253 5.9853 14.7
    endloop
  endfacet
  facet normal 0 0 1
    outer loop
      vertex 75.82 6.02104 14.7
      vertex 75.82 4.37896 14.7
      vertex 75.9253 4.4147 14.7
    endloop
  endfacet
  facet normal 0 0 1
    outer loop
      vertex 75.7109 6.04273 14.7
      vertex 75.82 4.37896 14.7
      vertex 75.82 6.02104 14.7
    endloop
  endfacet
  facet normal 0 0 1
    outer loop
      vertex 75.7109 6.04273 14.7
      vertex 75.7109 4.35727 14.7
      vertex 75.82 4.37896 14.7
    endloop
  endfacet
  facet normal 0 0 1
    outer loop
      vertex 75.6 6.05 14.7
      vertex 75.7109 4.35727 14.7
      vertex 75.7109 6.04273 14.7
    endloop
  endfacet
  facet normal 0 0 1
    outer loop
      vertex 75.6 6.05 14.7
      vertex 75.6 4.35 14.7
      vertex 75.7109 4.35727 14.7
    endloop
  endfacet
  facet normal -0 0 1
    outer loop
      vertex 75.4891 6.04273 14.7
      vertex 75.6 4.35 14.7
      vertex 75.6 6.05 14.7
    endloop
  endfacet
  facet normal 0 0 1
    outer loop
      vertex 75.4891 6.04273 14.7
      vertex 75.4891 4.35727 14.7
      vertex 75.6 4.35 14.7
    endloop
  endfacet
  facet normal -0 0 1
    outer loop
      vertex 75.38 6.02104 14.7
      vertex 75.4891 4.35727 14.7
      vertex 75.4891 6.04273 14.7
    endloop
  endfacet
  facet normal 0 0 1
    outer loop
      vertex 75.38 6.02104 14.7
      vertex 75.38 4.37896 14.7
      vertex 75.4891 4.35727 14.7
    endloop
  endfacet
  facet normal -0 0 1
    outer loop
      vertex 75.2747 5.9853 14.7
      vertex 75.38 4.37896 14.7
      vertex 75.38 6.02104 14.7
    endloop
  endfacet
  facet normal 0 0 1
    outer loop
      vertex 75.2747 5.9853 14.7
      vertex 75.2747 4.4147 14.7
      vertex 75.38 4.37896 14.7
    endloop
  endfacet
  facet normal -0 0 1
    outer loop
      vertex 75.175 5.93612 14.7
      vertex 75.2747 4.4147 14.7
      vertex 75.2747 5.9853 14.7
    endloop
  endfacet
  facet normal 0 0 1
    outer loop
      vertex 75.175 5.93612 14.7
      vertex 75.175 4.46388 14.7
      vertex 75.2747 4.4147 14.7
    endloop
  endfacet
  facet normal -0 0 1
    outer loop
      vertex 75.0826 5.87435 14.7
      vertex 75.175 4.46388 14.7
      vertex 75.175 5.93612 14.7
    endloop
  endfacet
  facet normal 0 0 1
    outer loop
      vertex 75.0826 5.87435 14.7
      vertex 75.0826 4.52565 14.7
      vertex 75.175 4.46388 14.7
    endloop
  endfacet
  facet normal -0 0 1
    outer loop
      vertex 74.999 5.80104 14.7
      vertex 75.0826 4.52565 14.7
      vertex 75.0826 5.87435 14.7
    endloop
  endfacet
  facet normal 0 0 1
    outer loop
      vertex 74.999 5.80104 14.7
      vertex 74.999 4.59896 14.7
      vertex 75.0826 4.52565 14.7
    endloop
  endfacet
  facet normal -0 0 1
    outer loop
      vertex 74.9257 5.71745 14.7
      vertex 74.999 4.59896 14.7
      vertex 74.999 5.80104 14.7
    endloop
  endfacet
  facet normal 0 0 1
    outer loop
      vertex 74.9257 5.71745 14.7
      vertex 74.9257 4.68255 14.7
      vertex 74.999 4.59896 14.7
    endloop
  endfacet
  facet normal -0 0 1
    outer loop
      vertex 74.8639 5.625 14.7
      vertex 74.9257 4.68255 14.7
      vertex 74.9257 5.71745 14.7
    endloop
  endfacet
  facet normal 0 0 1
    outer loop
      vertex 74.8639 5.625 14.7
      vertex 74.8639 4.775 14.7
      vertex 74.9257 4.68255 14.7
    endloop
  endfacet
  facet normal -0 0 1
    outer loop
      vertex 74.8147 5.52528 14.7
      vertex 74.8639 4.775 14.7
      vertex 74.8639 5.625 14.7
    endloop
  endfacet
  facet normal 0 0 1
    outer loop
      vertex 74.8147 5.52528 14.7
      vertex 74.8147 4.87472 14.7
      vertex 74.8639 4.775 14.7
    endloop
  endfacet
  facet normal -0 0 1
    outer loop
      vertex 74.779 5.42 14.7
      vertex 74.8147 4.87472 14.7
      vertex 74.8147 5.52528 14.7
    endloop
  endfacet
  facet normal 0 0 1
    outer loop
      vertex 74.779 5.42 14.7
      vertex 74.779 4.98 14.7
      vertex 74.8147 4.87472 14.7
    endloop
  endfacet
  facet normal -0 0 1
    outer loop
      vertex 74.7573 5.31095 14.7
      vertex 74.779 4.98 14.7
      vertex 74.779 5.42 14.7
    endloop
  endfacet
  facet normal 0 0 1
    outer loop
      vertex 74.7573 5.31095 14.7
      vertex 74.7573 5.08905 14.7
      vertex 74.779 4.98 14.7
    endloop
  endfacet
  facet normal 0 -0 1
    outer loop
      vertex 74.7573 5.08905 14.7
      vertex 74.7573 5.31095 14.7
      vertex 74.75 5.2 14.7
    endloop
  endfacet
  facet normal -0.194992 0.980805 0
    outer loop
      vertex 75.82 4.37896 14.7
      vertex 75.7109 4.35727 21.7
      vertex 75.82 4.37896 21.7
    endloop
  endfacet
  facet normal -0.194992 0.980805 0
    outer loop
      vertex 75.7109 4.35727 21.7
      vertex 75.82 4.37896 14.7
      vertex 75.7109 4.35727 14.7
    endloop
  endfacet
  facet normal -0.947033 -0.321135 0
    outer loop
      vertex 76.421 5.42 14.7
      vertex 76.3853 5.52528 21.7
      vertex 76.3853 5.52528 14.7
    endloop
  endfacet
  facet normal -0.947033 -0.321135 0
    outer loop
      vertex 76.3853 5.52528 21.7
      vertex 76.421 5.42 14.7
      vertex 76.421 5.42 21.7
    endloop
  endfacet
  facet normal -0.98077 -0.195165 0
    outer loop
      vertex 76.4427 5.31095 14.7
      vertex 76.421 5.42 21.7
      vertex 76.421 5.42 14.7
    endloop
  endfacet
  facet normal -0.98077 -0.195165 0
    outer loop
      vertex 76.421 5.42 21.7
      vertex 76.4427 5.31095 14.7
      vertex 76.4427 5.31095 21.7
    endloop
  endfacet
  facet normal -0.751423 -0.659821 0
    outer loop
      vertex 76.2744 5.71745 14.7
      vertex 76.201 5.80104 21.7
      vertex 76.201 5.80104 14.7
    endloop
  endfacet
  facet normal -0.751423 -0.659821 0
    outer loop
      vertex 76.201 5.80104 21.7
      vertex 76.2744 5.71745 14.7
      vertex 76.2744 5.71745 21.7
    endloop
  endfacet
  facet normal -0.0654141 -0.997858 0
    outer loop
      vertex 75.6 6.05 14.7
      vertex 75.7109 6.04273 21.7
      vertex 75.6 6.05 21.7
    endloop
  endfacet
  facet normal -0.0654141 -0.997858 -0
    outer loop
      vertex 75.7109 6.04273 21.7
      vertex 75.6 6.05 14.7
      vertex 75.7109 6.04273 14.7
    endloop
  endfacet
  facet normal -0.555759 -0.831344 0
    outer loop
      vertex 76.025 5.93612 14.7
      vertex 76.1174 5.87435 21.7
      vertex 76.025 5.93612 21.7
    endloop
  endfacet
  facet normal -0.555759 -0.831344 -0
    outer loop
      vertex 76.1174 5.87435 21.7
      vertex 76.025 5.93612 14.7
      vertex 76.1174 5.87435 14.7
    endloop
  endfacet
  facet normal 0.947033 -0.321135 0
    outer loop
      vertex 74.779 5.42 21.7
      vertex 74.8147 5.52528 14.7
      vertex 74.8147 5.52528 21.7
    endloop
  endfacet
  facet normal 0.947033 -0.321135 0
    outer loop
      vertex 74.8147 5.52528 14.7
      vertex 74.779 5.42 21.7
      vertex 74.779 5.42 14.7
    endloop
  endfacet
  facet normal 0.98077 -0.195165 0
    outer loop
      vertex 74.7573 5.31095 21.7
      vertex 74.779 5.42 14.7
      vertex 74.779 5.42 21.7
    endloop
  endfacet
  facet normal 0.98077 -0.195165 0
    outer loop
      vertex 74.779 5.42 14.7
      vertex 74.7573 5.31095 21.7
      vertex 74.7573 5.31095 14.7
    endloop
  endfacet
  facet normal 0.194992 -0.980805 0
    outer loop
      vertex 75.38 6.02104 14.7
      vertex 75.4891 6.04273 21.7
      vertex 75.38 6.02104 21.7
    endloop
  endfacet
  facet normal 0.194992 -0.980805 0
    outer loop
      vertex 75.4891 6.04273 21.7
      vertex 75.38 6.02104 14.7
      vertex 75.4891 6.04273 14.7
    endloop
  endfacet
  facet normal -0.947033 0.321135 0
    outer loop
      vertex 76.3853 4.87472 14.7
      vertex 76.421 4.98 21.7
      vertex 76.421 4.98 14.7
    endloop
  endfacet
  facet normal -0.947033 0.321135 0
    outer loop
      vertex 76.421 4.98 21.7
      vertex 76.3853 4.87472 14.7
      vertex 76.3853 4.87472 21.7
    endloop
  endfacet
  facet normal -0.98077 0.195165 0
    outer loop
      vertex 76.421 4.98 14.7
      vertex 76.4427 5.08905 21.7
      vertex 76.4427 5.08905 14.7
    endloop
  endfacet
  facet normal -0.98077 0.195165 0
    outer loop
      vertex 76.4427 5.08905 21.7
      vertex 76.421 4.98 14.7
      vertex 76.421 4.98 21.7
    endloop
  endfacet
  facet normal -0.555759 0.831344 0
    outer loop
      vertex 76.1174 4.52565 14.7
      vertex 76.025 4.46388 21.7
      vertex 76.1174 4.52565 21.7
    endloop
  endfacet
  facet normal -0.555759 0.831344 0
    outer loop
      vertex 76.025 4.46388 21.7
      vertex 76.1174 4.52565 14.7
      vertex 76.025 4.46388 14.7
    endloop
  endfacet
  facet normal -0.442386 0.896825 0
    outer loop
      vertex 76.025 4.46388 14.7
      vertex 75.9253 4.4147 21.7
      vertex 76.025 4.46388 21.7
    endloop
  endfacet
  facet normal -0.442386 0.896825 0
    outer loop
      vertex 75.9253 4.4147 21.7
      vertex 76.025 4.46388 14.7
      vertex 75.9253 4.4147 14.7
    endloop
  endfacet
  facet normal 0.659319 -0.751863 0
    outer loop
      vertex 74.999 5.80104 14.7
      vertex 75.0826 5.87435 21.7
      vertex 74.999 5.80104 21.7
    endloop
  endfacet
  facet normal 0.659319 -0.751863 0
    outer loop
      vertex 75.0826 5.87435 21.7
      vertex 74.999 5.80104 14.7
      vertex 75.0826 5.87435 14.7
    endloop
  endfacet
  facet normal -0.997842 0.0656534 0
    outer loop
      vertex 76.4427 5.08905 14.7
      vertex 76.45 5.2 21.7
      vertex 76.45 5.2 14.7
    endloop
  endfacet
  facet normal -0.997842 0.0656534 0
    outer loop
      vertex 76.45 5.2 21.7
      vertex 76.4427 5.08905 14.7
      vertex 76.4427 5.08905 21.7
    endloop
  endfacet
  facet normal 0.321403 0.946943 -0
    outer loop
      vertex 75.38 4.37896 14.7
      vertex 75.2747 4.4147 21.7
      vertex 75.38 4.37896 21.7
    endloop
  endfacet
  facet normal 0.321403 0.946943 0
    outer loop
      vertex 75.2747 4.4147 21.7
      vertex 75.38 4.37896 14.7
      vertex 75.2747 4.4147 14.7
    endloop
  endfacet
  facet normal 0.751869 0.659313 0
    outer loop
      vertex 74.999 4.59896 21.7
      vertex 74.9257 4.68255 14.7
      vertex 74.9257 4.68255 21.7
    endloop
  endfacet
  facet normal 0.751869 0.659313 0
    outer loop
      vertex 74.9257 4.68255 14.7
      vertex 74.999 4.59896 21.7
      vertex 74.999 4.59896 14.7
    endloop
  endfacet
  facet normal 0.997842 0.0656534 0
    outer loop
      vertex 74.7573 5.08905 21.7
      vertex 74.75 5.2 14.7
      vertex 74.75 5.2 21.7
    endloop
  endfacet
  facet normal 0.997842 0.0656534 0
    outer loop
      vertex 74.75 5.2 14.7
      vertex 74.7573 5.08905 21.7
      vertex 74.7573 5.08905 14.7
    endloop
  endfacet
  facet normal 0.98077 0.195165 0
    outer loop
      vertex 74.779 4.98 21.7
      vertex 74.7573 5.08905 14.7
      vertex 74.7573 5.08905 21.7
    endloop
  endfacet
  facet normal 0.98077 0.195165 0
    outer loop
      vertex 74.7573 5.08905 14.7
      vertex 74.779 4.98 21.7
      vertex 74.779 4.98 14.7
    endloop
  endfacet
  facet normal 0.947033 0.321135 0
    outer loop
      vertex 74.8147 4.87472 21.7
      vertex 74.779 4.98 14.7
      vertex 74.779 4.98 21.7
    endloop
  endfacet
  facet normal 0.947033 0.321135 0
    outer loop
      vertex 74.779 4.98 14.7
      vertex 74.8147 4.87472 21.7
      vertex 74.8147 4.87472 14.7
    endloop
  endfacet
  facet normal -0.659319 0.751863 0
    outer loop
      vertex 76.201 4.59896 14.7
      vertex 76.1174 4.52565 21.7
      vertex 76.201 4.59896 21.7
    endloop
  endfacet
  facet normal -0.659319 0.751863 0
    outer loop
      vertex 76.1174 4.52565 21.7
      vertex 76.201 4.59896 14.7
      vertex 76.1174 4.52565 14.7
    endloop
  endfacet
  facet normal -0.321403 0.946943 0
    outer loop
      vertex 75.9253 4.4147 14.7
      vertex 75.82 4.37896 21.7
      vertex 75.9253 4.4147 21.7
    endloop
  endfacet
  facet normal -0.321403 0.946943 0
    outer loop
      vertex 75.82 4.37896 21.7
      vertex 75.9253 4.4147 14.7
      vertex 75.82 4.37896 14.7
    endloop
  endfacet
  facet normal -0.896789 0.442459 0
    outer loop
      vertex 76.3361 4.775 14.7
      vertex 76.3853 4.87472 21.7
      vertex 76.3853 4.87472 14.7
    endloop
  endfacet
  facet normal -0.896789 0.442459 0
    outer loop
      vertex 76.3853 4.87472 21.7
      vertex 76.3361 4.775 14.7
      vertex 76.3361 4.775 21.7
    endloop
  endfacet
  facet normal -0.831773 0.555115 0
    outer loop
      vertex 76.2744 4.68255 14.7
      vertex 76.3361 4.775 21.7
      vertex 76.3361 4.775 14.7
    endloop
  endfacet
  facet normal -0.831773 0.555115 0
    outer loop
      vertex 76.3361 4.775 21.7
      vertex 76.2744 4.68255 14.7
      vertex 76.2744 4.68255 21.7
    endloop
  endfacet
  facet normal 0.555759 0.831344 -0
    outer loop
      vertex 75.175 4.46388 14.7
      vertex 75.0826 4.52565 21.7
      vertex 75.175 4.46388 21.7
    endloop
  endfacet
  facet normal 0.555759 0.831344 0
    outer loop
      vertex 75.0826 4.52565 21.7
      vertex 75.175 4.46388 14.7
      vertex 75.0826 4.52565 14.7
    endloop
  endfacet
  facet normal 0.194992 0.980805 -0
    outer loop
      vertex 75.4891 4.35727 14.7
      vertex 75.38 4.37896 21.7
      vertex 75.4891 4.35727 21.7
    endloop
  endfacet
  facet normal 0.194992 0.980805 0
    outer loop
      vertex 75.38 4.37896 21.7
      vertex 75.4891 4.35727 14.7
      vertex 75.38 4.37896 14.7
    endloop
  endfacet
  facet normal 0.659319 0.751863 -0
    outer loop
      vertex 75.0826 4.52565 14.7
      vertex 74.999 4.59896 21.7
      vertex 75.0826 4.52565 21.7
    endloop
  endfacet
  facet normal 0.659319 0.751863 0
    outer loop
      vertex 74.999 4.59896 21.7
      vertex 75.0826 4.52565 14.7
      vertex 74.999 4.59896 14.7
    endloop
  endfacet
  facet normal 0.831358 0.555737 0
    outer loop
      vertex 74.9257 4.68255 21.7
      vertex 74.8639 4.775 14.7
      vertex 74.8639 4.775 21.7
    endloop
  endfacet
  facet normal 0.831358 0.555737 0
    outer loop
      vertex 74.8639 4.775 14.7
      vertex 74.9257 4.68255 21.7
      vertex 74.9257 4.68255 14.7
    endloop
  endfacet
  facet normal 0.896789 0.442459 0
    outer loop
      vertex 74.8639 4.775 21.7
      vertex 74.8147 4.87472 14.7
      vertex 74.8147 4.87472 21.7
    endloop
  endfacet
  facet normal 0.896789 0.442459 0
    outer loop
      vertex 74.8147 4.87472 14.7
      vertex 74.8639 4.775 21.7
      vertex 74.8639 4.775 14.7
    endloop
  endfacet
  facet normal 0.442386 0.896825 -0
    outer loop
      vertex 75.2747 4.4147 14.7
      vertex 75.175 4.46388 21.7
      vertex 75.2747 4.4147 21.7
    endloop
  endfacet
  facet normal 0.442386 0.896825 0
    outer loop
      vertex 75.175 4.46388 21.7
      vertex 75.2747 4.4147 14.7
      vertex 75.175 4.46388 14.7
    endloop
  endfacet
  facet normal 0.0654141 0.997858 -0
    outer loop
      vertex 75.6 4.35 14.7
      vertex 75.4891 4.35727 21.7
      vertex 75.6 4.35 21.7
    endloop
  endfacet
  facet normal 0.0654141 0.997858 0
    outer loop
      vertex 75.4891 4.35727 21.7
      vertex 75.6 4.35 14.7
      vertex 75.4891 4.35727 14.7
    endloop
  endfacet
  facet normal 0.99786 0.065388 0
    outer loop
      vertex 7.6 45.6 11.6
      vertex 7.57947 45.9133 1.6
      vertex 7.57947 45.9133 11.6
    endloop
  endfacet
  facet normal 0.99786 0.065388 0
    outer loop
      vertex 7.57947 45.9133 1.6
      vertex 7.6 45.6 11.6
      vertex 7.6 45.6 1.6
    endloop
  endfacet
  facet normal 0.99786 0.065388 0
    outer loop
      vertex 7.6 45.6 21.7
      vertex 7.57947 45.9133 13.1
      vertex 7.57947 45.9133 21.7
    endloop
  endfacet
  facet normal 0.99786 0.065388 0
    outer loop
      vertex 7.57947 45.9133 13.1
      vertex 7.6 45.6 21.7
      vertex 7.6 45.6 13.1
    endloop
  endfacet
  facet normal -0.99786 0.065388 0
    outer loop
      vertex 2.8 45.6 1.6
      vertex 2.82053 45.9133 11.6
      vertex 2.82053 45.9133 1.6
    endloop
  endfacet
  facet normal -0.99786 0.065388 0
    outer loop
      vertex 2.82053 45.9133 11.6
      vertex 2.8 45.6 1.6
      vertex 2.8 45.6 11.6
    endloop
  endfacet
  facet normal -0.99786 0.065388 0
    outer loop
      vertex 2.8 45.6 13.1
      vertex 2.82053 45.9133 21.7
      vertex 2.82053 45.9133 13.1
    endloop
  endfacet
  facet normal -0.99786 0.065388 0
    outer loop
      vertex 2.82053 45.9133 21.7
      vertex 2.8 45.6 13.1
      vertex 2.8 45.6 21.7
    endloop
  endfacet
  facet normal 0.0653012 0.997866 -0
    outer loop
      vertex 5.51326 47.9795 1.6
      vertex 5.2 48 11.6
      vertex 5.51326 47.9795 11.6
    endloop
  endfacet
  facet normal 0.0653012 0.997866 0
    outer loop
      vertex 5.2 48 11.6
      vertex 5.51326 47.9795 1.6
      vertex 5.2 48 1.6
    endloop
  endfacet
  facet normal 0.0653012 0.997866 -0
    outer loop
      vertex 5.51326 47.9795 13.1
      vertex 5.2 48 21.7
      vertex 5.51326 47.9795 21.7
    endloop
  endfacet
  facet normal 0.0653012 0.997866 0
    outer loop
      vertex 5.2 48 21.7
      vertex 5.51326 47.9795 13.1
      vertex 5.2 48 13.1
    endloop
  endfacet
  facet normal -0.0653012 -0.997866 0
    outer loop
      vertex 4.88674 43.2205 1.6
      vertex 5.2 43.2 21.7
      vertex 4.88674 43.2205 21.7
    endloop
  endfacet
  facet normal -0.0653012 -0.997866 -0
    outer loop
      vertex 5.2 43.2 21.7
      vertex 4.88674 43.2205 1.6
      vertex 5.2 43.2 1.6
    endloop
  endfacet
  facet normal 0.659179 0.751986 -0
    outer loop
      vertex 6.89706 47.2971 1.6
      vertex 6.66103 47.504 11.6
      vertex 6.89706 47.2971 11.6
    endloop
  endfacet
  facet normal 0.659179 0.751986 0
    outer loop
      vertex 6.66103 47.504 11.6
      vertex 6.89706 47.2971 1.6
      vertex 6.66103 47.504 1.6
    endloop
  endfacet
  facet normal 0.659179 0.751986 -0
    outer loop
      vertex 6.89706 47.2971 13.1
      vertex 6.66103 47.504 21.7
      vertex 6.89706 47.2971 21.7
    endloop
  endfacet
  facet normal 0.659179 0.751986 0
    outer loop
      vertex 6.66103 47.504 21.7
      vertex 6.89706 47.2971 13.1
      vertex 6.66103 47.504 13.1
    endloop
  endfacet
  facet normal -0.659179 0.751986 0
    outer loop
      vertex 3.73897 47.504 1.6
      vertex 3.50294 47.2971 11.6
      vertex 3.73897 47.504 11.6
    endloop
  endfacet
  facet normal -0.659179 0.751986 0
    outer loop
      vertex 3.50294 47.2971 11.6
      vertex 3.73897 47.504 1.6
      vertex 3.50294 47.2971 1.6
    endloop
  endfacet
  facet normal -0.659179 0.751986 0
    outer loop
      vertex 3.73897 47.504 13.1
      vertex 3.50294 47.2971 21.7
      vertex 3.73897 47.504 21.7
    endloop
  endfacet
  facet normal -0.659179 0.751986 0
    outer loop
      vertex 3.50294 47.2971 21.7
      vertex 3.73897 47.504 13.1
      vertex 3.50294 47.2971 13.1
    endloop
  endfacet
  facet normal -0.321412 0.946939 0
    outer loop
      vertex 4.57883 47.9182 1.6
      vertex 4.28156 47.8173 11.6
      vertex 4.57883 47.9182 11.6
    endloop
  endfacet
  facet normal -0.321412 0.946939 0
    outer loop
      vertex 4.28156 47.8173 11.6
      vertex 4.57883 47.9182 1.6
      vertex 4.28156 47.8173 1.6
    endloop
  endfacet
  facet normal -0.321412 0.946939 0
    outer loop
      vertex 4.57883 47.9182 13.1
      vertex 4.28156 47.8173 21.7
      vertex 4.57883 47.9182 21.7
    endloop
  endfacet
  facet normal -0.321412 0.946939 0
    outer loop
      vertex 4.28156 47.8173 21.7
      vertex 4.57883 47.9182 13.1
      vertex 4.28156 47.8173 13.1
    endloop
  endfacet
  facet normal 0.896898 0.442238 0
    outer loop
      vertex 7.41731 46.5184 11.6
      vertex 7.27846 46.8 1.6
      vertex 7.27846 46.8 11.6
    endloop
  endfacet
  facet normal 0.896898 0.442238 0
    outer loop
      vertex 7.27846 46.8 1.6
      vertex 7.41731 46.5184 11.6
      vertex 7.41731 46.5184 1.6
    endloop
  endfacet
  facet normal 0.896898 0.442238 0
    outer loop
      vertex 7.41731 46.5184 21.7
      vertex 7.27846 46.8 13.1
      vertex 7.27846 46.8 21.7
    endloop
  endfacet
  facet normal 0.896898 0.442238 0
    outer loop
      vertex 7.27846 46.8 13.1
      vertex 7.41731 46.5184 21.7
      vertex 7.41731 46.5184 13.1
    endloop
  endfacet
  facet normal 0.980782 0.195105 0
    outer loop
      vertex 7.57947 45.9133 11.6
      vertex 7.51822 46.2212 1.6
      vertex 7.51822 46.2212 11.6
    endloop
  endfacet
  facet normal 0.980782 0.195105 0
    outer loop
      vertex 7.51822 46.2212 1.6
      vertex 7.57947 45.9133 11.6
      vertex 7.57947 45.9133 1.6
    endloop
  endfacet
  facet normal 0.980782 0.195105 0
    outer loop
      vertex 7.57947 45.9133 21.7
      vertex 7.51822 46.2212 13.1
      vertex 7.51822 46.2212 21.7
    endloop
  endfacet
  facet normal 0.980782 0.195105 0
    outer loop
      vertex 7.51822 46.2212 13.1
      vertex 7.57947 45.9133 21.7
      vertex 7.57947 45.9133 13.1
    endloop
  endfacet
  facet normal 0.831447 0.555604 0
    outer loop
      vertex 7.27846 46.8 11.6
      vertex 7.10405 47.061 1.6
      vertex 7.10405 47.061 11.6
    endloop
  endfacet
  facet normal 0.831447 0.555604 0
    outer loop
      vertex 7.10405 47.061 1.6
      vertex 7.27846 46.8 11.6
      vertex 7.27846 46.8 1.6
    endloop
  endfacet
  facet normal 0.831447 0.555604 0
    outer loop
      vertex 7.27846 46.8 21.7
      vertex 7.10405 47.061 13.1
      vertex 7.10405 47.061 21.7
    endloop
  endfacet
  facet normal 0.831447 0.555604 0
    outer loop
      vertex 7.10405 47.061 13.1
      vertex 7.27846 46.8 21.7
      vertex 7.27846 46.8 13.1
    endloop
  endfacet
  facet normal 0.321412 0.946939 -0
    outer loop
      vertex 6.11844 47.8173 1.6
      vertex 5.82117 47.9182 11.6
      vertex 6.11844 47.8173 11.6
    endloop
  endfacet
  facet normal 0.321412 0.946939 0
    outer loop
      vertex 5.82117 47.9182 11.6
      vertex 6.11844 47.8173 1.6
      vertex 5.82117 47.9182 1.6
    endloop
  endfacet
  facet normal 0.321412 0.946939 -0
    outer loop
      vertex 6.11844 47.8173 13.1
      vertex 5.82117 47.9182 21.7
      vertex 6.11844 47.8173 21.7
    endloop
  endfacet
  facet normal 0.321412 0.946939 0
    outer loop
      vertex 5.82117 47.9182 21.7
      vertex 6.11844 47.8173 13.1
      vertex 5.82117 47.9182 13.1
    endloop
  endfacet
  facet normal 0.195252 0.980753 -0
    outer loop
      vertex 5.82117 47.9182 1.6
      vertex 5.51326 47.9795 11.6
      vertex 5.82117 47.9182 11.6
    endloop
  endfacet
  facet normal 0.195252 0.980753 0
    outer loop
      vertex 5.51326 47.9795 11.6
      vertex 5.82117 47.9182 1.6
      vertex 5.51326 47.9795 1.6
    endloop
  endfacet
  facet normal 0.195252 0.980753 -0
    outer loop
      vertex 5.82117 47.9182 13.1
      vertex 5.51326 47.9795 21.7
      vertex 5.82117 47.9182 21.7
    endloop
  endfacet
  facet normal 0.195252 0.980753 0
    outer loop
      vertex 5.51326 47.9795 21.7
      vertex 5.82117 47.9182 13.1
      vertex 5.51326 47.9795 13.1
    endloop
  endfacet
  facet normal 0.555758 0.831344 -0
    outer loop
      vertex 6.66103 47.504 1.6
      vertex 6.4 47.6785 11.6
      vertex 6.66103 47.504 11.6
    endloop
  endfacet
  facet normal 0.555758 0.831344 0
    outer loop
      vertex 6.4 47.6785 11.6
      vertex 6.66103 47.504 1.6
      vertex 6.4 47.6785 1.6
    endloop
  endfacet
  facet normal 0.555758 0.831344 -0
    outer loop
      vertex 6.66103 47.504 13.1
      vertex 6.4 47.6785 21.7
      vertex 6.66103 47.504 21.7
    endloop
  endfacet
  facet normal 0.555758 0.831344 0
    outer loop
      vertex 6.4 47.6785 21.7
      vertex 6.66103 47.504 13.1
      vertex 6.4 47.6785 13.1
    endloop
  endfacet
  facet normal -0.831447 0.555604 0
    outer loop
      vertex 3.12154 46.8 1.6
      vertex 3.29595 47.061 11.6
      vertex 3.29595 47.061 1.6
    endloop
  endfacet
  facet normal -0.831447 0.555604 0
    outer loop
      vertex 3.29595 47.061 11.6
      vertex 3.12154 46.8 1.6
      vertex 3.12154 46.8 11.6
    endloop
  endfacet
  facet normal -0.831447 0.555604 0
    outer loop
      vertex 3.12154 46.8 13.1
      vertex 3.29595 47.061 21.7
      vertex 3.29595 47.061 13.1
    endloop
  endfacet
  facet normal -0.831447 0.555604 0
    outer loop
      vertex 3.29595 47.061 21.7
      vertex 3.12154 46.8 13.1
      vertex 3.12154 46.8 21.7
    endloop
  endfacet
  facet normal -0.751941 0.65923 0
    outer loop
      vertex 3.29595 47.061 1.6
      vertex 3.50294 47.2971 11.6
      vertex 3.50294 47.2971 1.6
    endloop
  endfacet
  facet normal -0.751941 0.65923 0
    outer loop
      vertex 3.50294 47.2971 11.6
      vertex 3.29595 47.061 1.6
      vertex 3.29595 47.061 11.6
    endloop
  endfacet
  facet normal -0.751941 0.65923 0
    outer loop
      vertex 3.29595 47.061 13.1
      vertex 3.50294 47.2971 21.7
      vertex 3.50294 47.2971 13.1
    endloop
  endfacet
  facet normal -0.751941 0.65923 0
    outer loop
      vertex 3.50294 47.2971 21.7
      vertex 3.29595 47.061 13.1
      vertex 3.29595 47.061 21.7
    endloop
  endfacet
  facet normal -0.946907 0.321509 0
    outer loop
      vertex 2.88178 46.2212 1.6
      vertex 2.98269 46.5184 11.6
      vertex 2.98269 46.5184 1.6
    endloop
  endfacet
  facet normal -0.946907 0.321509 0
    outer loop
      vertex 2.98269 46.5184 11.6
      vertex 2.88178 46.2212 1.6
      vertex 2.88178 46.2212 11.6
    endloop
  endfacet
  facet normal -0.946907 0.321509 0
    outer loop
      vertex 2.88178 46.2212 13.1
      vertex 2.98269 46.5184 21.7
      vertex 2.98269 46.5184 13.1
    endloop
  endfacet
  facet normal -0.946907 0.321509 0
    outer loop
      vertex 2.98269 46.5184 21.7
      vertex 2.88178 46.2212 13.1
      vertex 2.88178 46.2212 21.7
    endloop
  endfacet
  facet normal -0.555758 0.831344 0
    outer loop
      vertex 4 47.6785 1.6
      vertex 3.73897 47.504 11.6
      vertex 4 47.6785 11.6
    endloop
  endfacet
  facet normal -0.555758 0.831344 0
    outer loop
      vertex 3.73897 47.504 11.6
      vertex 4 47.6785 1.6
      vertex 3.73897 47.504 1.6
    endloop
  endfacet
  facet normal -0.555758 0.831344 0
    outer loop
      vertex 4 47.6785 13.1
      vertex 3.73897 47.504 21.7
      vertex 4 47.6785 21.7
    endloop
  endfacet
  facet normal -0.555758 0.831344 0
    outer loop
      vertex 3.73897 47.504 21.7
      vertex 4 47.6785 13.1
      vertex 3.73897 47.504 13.1
    endloop
  endfacet
  facet normal -0.195252 0.980753 0
    outer loop
      vertex 4.88674 47.9795 1.6
      vertex 4.57883 47.9182 11.6
      vertex 4.88674 47.9795 11.6
    endloop
  endfacet
  facet normal -0.195252 0.980753 0
    outer loop
      vertex 4.57883 47.9182 11.6
      vertex 4.88674 47.9795 1.6
      vertex 4.57883 47.9182 1.6
    endloop
  endfacet
  facet normal -0.195252 0.980753 0
    outer loop
      vertex 4.88674 47.9795 13.1
      vertex 4.57883 47.9182 21.7
      vertex 4.88674 47.9795 21.7
    endloop
  endfacet
  facet normal -0.195252 0.980753 0
    outer loop
      vertex 4.57883 47.9182 21.7
      vertex 4.88674 47.9795 13.1
      vertex 4.57883 47.9182 13.1
    endloop
  endfacet
  facet normal 0.946907 -0.321509 0
    outer loop
      vertex 7.41731 44.6816 21.7
      vertex 7.51822 44.9788 1.6
      vertex 7.51822 44.9788 21.7
    endloop
  endfacet
  facet normal 0.946907 -0.321509 0
    outer loop
      vertex 7.51822 44.9788 1.6
      vertex 7.41731 44.6816 21.7
      vertex 7.41731 44.6816 1.6
    endloop
  endfacet
  facet normal 0.321412 -0.946939 0
    outer loop
      vertex 5.82117 43.2818 1.6
      vertex 6.11844 43.3827 21.7
      vertex 5.82117 43.2818 21.7
    endloop
  endfacet
  facet normal 0.321412 -0.946939 0
    outer loop
      vertex 6.11844 43.3827 21.7
      vertex 5.82117 43.2818 1.6
      vertex 6.11844 43.3827 1.6
    endloop
  endfacet
  facet normal 0.751941 -0.65923 0
    outer loop
      vertex 6.89706 43.9029 21.7
      vertex 7.10405 44.139 1.6
      vertex 7.10405 44.139 21.7
    endloop
  endfacet
  facet normal 0.751941 -0.65923 0
    outer loop
      vertex 7.10405 44.139 1.6
      vertex 6.89706 43.9029 21.7
      vertex 6.89706 43.9029 1.6
    endloop
  endfacet
  facet normal 0.555758 -0.831344 0
    outer loop
      vertex 6.4 43.5215 1.6
      vertex 6.66103 43.696 21.7
      vertex 6.4 43.5215 21.7
    endloop
  endfacet
  facet normal 0.555758 -0.831344 0
    outer loop
      vertex 6.66103 43.696 21.7
      vertex 6.4 43.5215 1.6
      vertex 6.66103 43.696 1.6
    endloop
  endfacet
  facet normal -0.659179 -0.751986 0
    outer loop
      vertex 3.50294 43.9029 1.6
      vertex 3.73897 43.696 21.7
      vertex 3.50294 43.9029 21.7
    endloop
  endfacet
  facet normal -0.659179 -0.751986 -0
    outer loop
      vertex 3.73897 43.696 21.7
      vertex 3.50294 43.9029 1.6
      vertex 3.73897 43.696 1.6
    endloop
  endfacet
  facet normal -0.321412 -0.946939 0
    outer loop
      vertex 4.28156 43.3827 1.6
      vertex 4.57883 43.2818 21.7
      vertex 4.28156 43.3827 21.7
    endloop
  endfacet
  facet normal -0.321412 -0.946939 -0
    outer loop
      vertex 4.57883 43.2818 21.7
      vertex 4.28156 43.3827 1.6
      vertex 4.57883 43.2818 1.6
    endloop
  endfacet
  facet normal -0.751941 -0.65923 0
    outer loop
      vertex 3.50294 43.9029 1.6
      vertex 3.29595 44.139 21.7
      vertex 3.29595 44.139 1.6
    endloop
  endfacet
  facet normal -0.751941 -0.65923 0
    outer loop
      vertex 3.29595 44.139 21.7
      vertex 3.50294 43.9029 1.6
      vertex 3.50294 43.9029 21.7
    endloop
  endfacet
  facet normal 0 0 -1
    outer loop
      vertex 7.57947 45.2867 1.6
      vertex 7.57947 45.9133 1.6
      vertex 7.6 45.6 1.6
    endloop
  endfacet
  facet normal 0 0 -1
    outer loop
      vertex 7.51822 44.9788 1.6
      vertex 7.57947 45.9133 1.6
      vertex 7.57947 45.2867 1.6
    endloop
  endfacet
  facet normal 0 0 -1
    outer loop
      vertex 7.51822 44.9788 1.6
      vertex 7.51822 46.2212 1.6
      vertex 7.57947 45.9133 1.6
    endloop
  endfacet
  facet normal 0 0 -1
    outer loop
      vertex 7.41731 44.6816 1.6
      vertex 7.51822 46.2212 1.6
      vertex 7.51822 44.9788 1.6
    endloop
  endfacet
  facet normal 0 0 -1
    outer loop
      vertex 7.41731 44.6816 1.6
      vertex 7.41731 46.5184 1.6
      vertex 7.51822 46.2212 1.6
    endloop
  endfacet
  facet normal 0 0 -1
    outer loop
      vertex 7.27846 44.4 1.6
      vertex 7.41731 46.5184 1.6
      vertex 7.41731 44.6816 1.6
    endloop
  endfacet
  facet normal 0 0 -1
    outer loop
      vertex 7.27846 44.4 1.6
      vertex 7.27846 46.8 1.6
      vertex 7.41731 46.5184 1.6
    endloop
  endfacet
  facet normal 0 0 -1
    outer loop
      vertex 7.10405 44.139 1.6
      vertex 7.27846 46.8 1.6
      vertex 7.27846 44.4 1.6
    endloop
  endfacet
  facet normal 0 0 -1
    outer loop
      vertex 7.10405 44.139 1.6
      vertex 7.10405 47.061 1.6
      vertex 7.27846 46.8 1.6
    endloop
  endfacet
  facet normal 0 0 -1
    outer loop
      vertex 6.89706 43.9029 1.6
      vertex 7.10405 47.061 1.6
      vertex 7.10405 44.139 1.6
    endloop
  endfacet
  facet normal 0 0 -1
    outer loop
      vertex 6.89706 43.9029 1.6
      vertex 6.89706 47.2971 1.6
      vertex 7.10405 47.061 1.6
    endloop
  endfacet
  facet normal 0 0 -1
    outer loop
      vertex 6.66103 43.696 1.6
      vertex 6.89706 47.2971 1.6
      vertex 6.89706 43.9029 1.6
    endloop
  endfacet
  facet normal 0 0 -1
    outer loop
      vertex 6.66103 43.696 1.6
      vertex 6.66103 47.504 1.6
      vertex 6.89706 47.2971 1.6
    endloop
  endfacet
  facet normal 0 0 -1
    outer loop
      vertex 6.4 43.5215 1.6
      vertex 6.66103 47.504 1.6
      vertex 6.66103 43.696 1.6
    endloop
  endfacet
  facet normal 0 0 -1
    outer loop
      vertex 6.4 43.5215 1.6
      vertex 6.4 47.6785 1.6
      vertex 6.66103 47.504 1.6
    endloop
  endfacet
  facet normal 0 0 -1
    outer loop
      vertex 6.11844 43.3827 1.6
      vertex 6.4 47.6785 1.6
      vertex 6.4 43.5215 1.6
    endloop
  endfacet
  facet normal 0 0 -1
    outer loop
      vertex 6.11844 43.3827 1.6
      vertex 6.11844 47.8173 1.6
      vertex 6.4 47.6785 1.6
    endloop
  endfacet
  facet normal 0 0 -1
    outer loop
      vertex 5.82117 43.2818 1.6
      vertex 6.11844 47.8173 1.6
      vertex 6.11844 43.3827 1.6
    endloop
  endfacet
  facet normal 0 0 -1
    outer loop
      vertex 5.82117 43.2818 1.6
      vertex 5.82117 47.9182 1.6
      vertex 6.11844 47.8173 1.6
    endloop
  endfacet
  facet normal 0 0 -1
    outer loop
      vertex 5.51326 43.2205 1.6
      vertex 5.82117 47.9182 1.6
      vertex 5.82117 43.2818 1.6
    endloop
  endfacet
  facet normal 0 0 -1
    outer loop
      vertex 5.51326 43.2205 1.6
      vertex 5.51326 47.9795 1.6
      vertex 5.82117 47.9182 1.6
    endloop
  endfacet
  facet normal 0 0 -1
    outer loop
      vertex 5.2 43.2 1.6
      vertex 5.51326 47.9795 1.6
      vertex 5.51326 43.2205 1.6
    endloop
  endfacet
  facet normal 0 0 -1
    outer loop
      vertex 5.2 43.2 1.6
      vertex 5.2 48 1.6
      vertex 5.51326 47.9795 1.6
    endloop
  endfacet
  facet normal 0 0 -1
    outer loop
      vertex 4.88674 43.2205 1.6
      vertex 5.2 48 1.6
      vertex 5.2 43.2 1.6
    endloop
  endfacet
  facet normal 0 0 -1
    outer loop
      vertex 4.88674 43.2205 1.6
      vertex 4.88674 47.9795 1.6
      vertex 5.2 48 1.6
    endloop
  endfacet
  facet normal 0 0 -1
    outer loop
      vertex 4.57883 43.2818 1.6
      vertex 4.88674 47.9795 1.6
      vertex 4.88674 43.2205 1.6
    endloop
  endfacet
  facet normal 0 0 -1
    outer loop
      vertex 4.57883 43.2818 1.6
      vertex 4.57883 47.9182 1.6
      vertex 4.88674 47.9795 1.6
    endloop
  endfacet
  facet normal 0 0 -1
    outer loop
      vertex 4.28156 43.3827 1.6
      vertex 4.57883 47.9182 1.6
      vertex 4.57883 43.2818 1.6
    endloop
  endfacet
  facet normal 0 0 -1
    outer loop
      vertex 4.28156 43.3827 1.6
      vertex 4.28156 47.8173 1.6
      vertex 4.57883 47.9182 1.6
    endloop
  endfacet
  facet normal 0 0 -1
    outer loop
      vertex 4 43.5215 1.6
      vertex 4.28156 47.8173 1.6
      vertex 4.28156 43.3827 1.6
    endloop
  endfacet
  facet normal 0 0 -1
    outer loop
      vertex 4 43.5215 1.6
      vertex 4 47.6785 1.6
      vertex 4.28156 47.8173 1.6
    endloop
  endfacet
  facet normal 0 0 -1
    outer loop
      vertex 3.73897 43.696 1.6
      vertex 4 47.6785 1.6
      vertex 4 43.5215 1.6
    endloop
  endfacet
  facet normal 0 0 -1
    outer loop
      vertex 3.73897 43.696 1.6
      vertex 3.73897 47.504 1.6
      vertex 4 47.6785 1.6
    endloop
  endfacet
  facet normal 0 0 -1
    outer loop
      vertex 3.50294 43.9029 1.6
      vertex 3.73897 47.504 1.6
      vertex 3.73897 43.696 1.6
    endloop
  endfacet
  facet normal 0 0 -1
    outer loop
      vertex 3.50294 43.9029 1.6
      vertex 3.50294 47.2971 1.6
      vertex 3.73897 47.504 1.6
    endloop
  endfacet
  facet normal 0 0 -1
    outer loop
      vertex 3.29595 44.139 1.6
      vertex 3.50294 47.2971 1.6
      vertex 3.50294 43.9029 1.6
    endloop
  endfacet
  facet normal 0 0 -1
    outer loop
      vertex 3.29595 44.139 1.6
      vertex 3.29595 47.061 1.6
      vertex 3.50294 47.2971 1.6
    endloop
  endfacet
  facet normal 0 0 -1
    outer loop
      vertex 3.12154 44.4 1.6
      vertex 3.29595 47.061 1.6
      vertex 3.29595 44.139 1.6
    endloop
  endfacet
  facet normal 0 0 -1
    outer loop
      vertex 3.12154 44.4 1.6
      vertex 3.12154 46.8 1.6
      vertex 3.29595 47.061 1.6
    endloop
  endfacet
  facet normal 0 0 -1
    outer loop
      vertex 2.98269 44.6816 1.6
      vertex 3.12154 46.8 1.6
      vertex 3.12154 44.4 1.6
    endloop
  endfacet
  facet normal 0 0 -1
    outer loop
      vertex 2.98269 44.6816 1.6
      vertex 2.98269 46.5184 1.6
      vertex 3.12154 46.8 1.6
    endloop
  endfacet
  facet normal 0 0 -1
    outer loop
      vertex 2.88178 44.9788 1.6
      vertex 2.98269 46.5184 1.6
      vertex 2.98269 44.6816 1.6
    endloop
  endfacet
  facet normal 0 0 -1
    outer loop
      vertex 2.88178 44.9788 1.6
      vertex 2.88178 46.2212 1.6
      vertex 2.98269 46.5184 1.6
    endloop
  endfacet
  facet normal 0 0 -1
    outer loop
      vertex 2.82053 45.2867 1.6
      vertex 2.88178 46.2212 1.6
      vertex 2.88178 44.9788 1.6
    endloop
  endfacet
  facet normal 0 0 -1
    outer loop
      vertex 2.82053 45.2867 1.6
      vertex 2.82053 45.9133 1.6
      vertex 2.88178 46.2212 1.6
    endloop
  endfacet
  facet normal 0 -0 -1
    outer loop
      vertex 2.82053 45.9133 1.6
      vertex 2.82053 45.2867 1.6
      vertex 2.8 45.6 1.6
    endloop
  endfacet
  facet normal 0.946907 0.321509 0
    outer loop
      vertex 7.51822 46.2212 21.7
      vertex 7.41731 46.5184 13.1
      vertex 7.41731 46.5184 21.7
    endloop
  endfacet
  facet normal 0.946907 0.321509 0
    outer loop
      vertex 7.41731 46.5184 13.1
      vertex 7.51822 46.2212 21.7
      vertex 7.51822 46.2212 13.1
    endloop
  endfacet
  facet normal 0.946907 0.321509 0
    outer loop
      vertex 7.51822 46.2212 11.6
      vertex 7.41731 46.5184 1.6
      vertex 7.41731 46.5184 11.6
    endloop
  endfacet
  facet normal 0.946907 0.321509 0
    outer loop
      vertex 7.41731 46.5184 1.6
      vertex 7.51822 46.2212 11.6
      vertex 7.51822 46.2212 1.6
    endloop
  endfacet
  facet normal -0.896898 0.442238 0
    outer loop
      vertex 2.98269 46.5184 1.6
      vertex 3.12154 46.8 11.6
      vertex 3.12154 46.8 1.6
    endloop
  endfacet
  facet normal -0.896898 0.442238 0
    outer loop
      vertex 3.12154 46.8 11.6
      vertex 2.98269 46.5184 1.6
      vertex 2.98269 46.5184 11.6
    endloop
  endfacet
  facet normal -0.896898 0.442238 0
    outer loop
      vertex 2.98269 46.5184 13.1
      vertex 3.12154 46.8 21.7
      vertex 3.12154 46.8 13.1
    endloop
  endfacet
  facet normal -0.896898 0.442238 0
    outer loop
      vertex 3.12154 46.8 21.7
      vertex 2.98269 46.5184 13.1
      vertex 2.98269 46.5184 21.7
    endloop
  endfacet
  facet normal -0.980782 0.195105 0
    outer loop
      vertex 2.82053 45.9133 1.6
      vertex 2.88178 46.2212 11.6
      vertex 2.88178 46.2212 1.6
    endloop
  endfacet
  facet normal -0.980782 0.195105 0
    outer loop
      vertex 2.88178 46.2212 11.6
      vertex 2.82053 45.9133 1.6
      vertex 2.82053 45.9133 11.6
    endloop
  endfacet
  facet normal -0.980782 0.195105 0
    outer loop
      vertex 2.82053 45.9133 13.1
      vertex 2.88178 46.2212 21.7
      vertex 2.88178 46.2212 13.1
    endloop
  endfacet
  facet normal -0.980782 0.195105 0
    outer loop
      vertex 2.88178 46.2212 21.7
      vertex 2.82053 45.9133 13.1
      vertex 2.82053 45.9133 21.7
    endloop
  endfacet
  facet normal 0 0 1
    outer loop
      vertex 6.05 45.6 21.7
      vertex 7.6 45.6 21.7
      vertex 7.57947 45.9133 21.7
    endloop
  endfacet
  facet normal 0 0 1
    outer loop
      vertex 6.04273 45.7109 21.7
      vertex 7.57947 45.9133 21.7
      vertex 7.51822 46.2212 21.7
    endloop
  endfacet
  facet normal 0 0 1
    outer loop
      vertex 7.6 45.6 21.7
      vertex 6.05 45.6 21.7
      vertex 7.57947 45.2867 21.7
    endloop
  endfacet
  facet normal 0 0 1
    outer loop
      vertex 6.02104 45.82 21.7
      vertex 7.51822 46.2212 21.7
      vertex 7.41731 46.5184 21.7
    endloop
  endfacet
  facet normal -0 0 1
    outer loop
      vertex 6.04273 45.4891 21.7
      vertex 7.57947 45.2867 21.7
      vertex 6.05 45.6 21.7
    endloop
  endfacet
  facet normal 0 0 1
    outer loop
      vertex 5.9853 45.9253 21.7
      vertex 7.41731 46.5184 21.7
      vertex 7.27846 46.8 21.7
    endloop
  endfacet
  facet normal 0 0 1
    outer loop
      vertex 7.57947 45.2867 21.7
      vertex 6.04273 45.4891 21.7
      vertex 7.51822 44.9788 21.7
    endloop
  endfacet
  facet normal 0 0 1
    outer loop
      vertex 5.93612 46.025 21.7
      vertex 7.27846 46.8 21.7
      vertex 7.10405 47.061 21.7
    endloop
  endfacet
  facet normal -0 0 1
    outer loop
      vertex 6.02104 45.38 21.7
      vertex 7.51822 44.9788 21.7
      vertex 6.04273 45.4891 21.7
    endloop
  endfacet
  facet normal 0 0 1
    outer loop
      vertex 5.87435 46.1174 21.7
      vertex 7.10405 47.061 21.7
      vertex 6.89706 47.2971 21.7
    endloop
  endfacet
  facet normal 0 0 1
    outer loop
      vertex 7.51822 44.9788 21.7
      vertex 6.02104 45.38 21.7
      vertex 7.41731 44.6816 21.7
    endloop
  endfacet
  facet normal 0 0 1
    outer loop
      vertex 5.80104 46.201 21.7
      vertex 6.89706 47.2971 21.7
      vertex 6.66103 47.504 21.7
    endloop
  endfacet
  facet normal -0 0 1
    outer loop
      vertex 5.9853 45.2747 21.7
      vertex 7.41731 44.6816 21.7
      vertex 6.02104 45.38 21.7
    endloop
  endfacet
  facet normal 0 0 1
    outer loop
      vertex 5.71745 46.2743 21.7
      vertex 6.66103 47.504 21.7
      vertex 6.4 47.6785 21.7
    endloop
  endfacet
  facet normal 0 0 1
    outer loop
      vertex 7.41731 44.6816 21.7
      vertex 5.9853 45.2747 21.7
      vertex 7.27846 44.4 21.7
    endloop
  endfacet
  facet normal 0 0 1
    outer loop
      vertex 5.625 46.3361 21.7
      vertex 6.4 47.6785 21.7
      vertex 6.11844 47.8173 21.7
    endloop
  endfacet
  facet normal -0 0 1
    outer loop
      vertex 5.93612 45.175 21.7
      vertex 7.27846 44.4 21.7
      vertex 5.9853 45.2747 21.7
    endloop
  endfacet
  facet normal 0 0 1
    outer loop
      vertex 7.27846 44.4 21.7
      vertex 5.93612 45.175 21.7
      vertex 7.10405 44.139 21.7
    endloop
  endfacet
  facet normal 0 0 1
    outer loop
      vertex 7.57947 45.9133 21.7
      vertex 6.04273 45.7109 21.7
      vertex 6.05 45.6 21.7
    endloop
  endfacet
  facet normal 0 0 1
    outer loop
      vertex 7.51822 46.2212 21.7
      vertex 6.02104 45.82 21.7
      vertex 6.04273 45.7109 21.7
    endloop
  endfacet
  facet normal 0 0 1
    outer loop
      vertex 7.41731 46.5184 21.7
      vertex 5.9853 45.9253 21.7
      vertex 6.02104 45.82 21.7
    endloop
  endfacet
  facet normal 0 0 1
    outer loop
      vertex 7.27846 46.8 21.7
      vertex 5.93612 46.025 21.7
      vertex 5.9853 45.9253 21.7
    endloop
  endfacet
  facet normal 0 0 1
    outer loop
      vertex 7.10405 47.061 21.7
      vertex 5.87435 46.1174 21.7
      vertex 5.93612 46.025 21.7
    endloop
  endfacet
  facet normal 0 0 1
    outer loop
      vertex 5.52528 46.3853 21.7
      vertex 6.11844 47.8173 21.7
      vertex 5.82117 47.9182 21.7
    endloop
  endfacet
  facet normal 0 0 1
    outer loop
      vertex 6.89706 47.2971 21.7
      vertex 5.80104 46.201 21.7
      vertex 5.87435 46.1174 21.7
    endloop
  endfacet
  facet normal 0 0 1
    outer loop
      vertex 6.66103 47.504 21.7
      vertex 5.71745 46.2743 21.7
      vertex 5.80104 46.201 21.7
    endloop
  endfacet
  facet normal 0 0 1
    outer loop
      vertex 6.4 47.6785 21.7
      vertex 5.625 46.3361 21.7
      vertex 5.71745 46.2743 21.7
    endloop
  endfacet
  facet normal 0 0 1
    outer loop
      vertex 6.11844 47.8173 21.7
      vertex 5.52528 46.3853 21.7
      vertex 5.625 46.3361 21.7
    endloop
  endfacet
  facet normal 0 0 1
    outer loop
      vertex 5.42 46.421 21.7
      vertex 5.82117 47.9182 21.7
      vertex 5.51326 47.9795 21.7
    endloop
  endfacet
  facet normal 0 0 1
    outer loop
      vertex 5.82117 47.9182 21.7
      vertex 5.42 46.421 21.7
      vertex 5.52528 46.3853 21.7
    endloop
  endfacet
  facet normal 0 0 1
    outer loop
      vertex 5.51326 47.9795 21.7
      vertex 5.31095 46.4427 21.7
      vertex 5.42 46.421 21.7
    endloop
  endfacet
  facet normal 0 0 1
    outer loop
      vertex 5.2 48 21.7
      vertex 5.31095 46.4427 21.7
      vertex 5.51326 47.9795 21.7
    endloop
  endfacet
  facet normal 0 0 1
    outer loop
      vertex 5.2 48 21.7
      vertex 5.2 46.45 21.7
      vertex 5.31095 46.4427 21.7
    endloop
  endfacet
  facet normal 0 0 1
    outer loop
      vertex 5.2 48 21.7
      vertex 5.08905 46.4427 21.7
      vertex 5.2 46.45 21.7
    endloop
  endfacet
  facet normal -0 0 1
    outer loop
      vertex 4.88674 47.9795 21.7
      vertex 5.08905 46.4427 21.7
      vertex 5.2 48 21.7
    endloop
  endfacet
  facet normal 0 0 1
    outer loop
      vertex 5.08905 46.4427 21.7
      vertex 4.88674 47.9795 21.7
      vertex 4.98 46.421 21.7
    endloop
  endfacet
  facet normal -0 0 1
    outer loop
      vertex 4.57883 47.9182 21.7
      vertex 4.98 46.421 21.7
      vertex 4.88674 47.9795 21.7
    endloop
  endfacet
  facet normal 0 0 1
    outer loop
      vertex 4.98 46.421 21.7
      vertex 4.57883 47.9182 21.7
      vertex 4.87472 46.3853 21.7
    endloop
  endfacet
  facet normal -0 0 1
    outer loop
      vertex 4.28156 47.8173 21.7
      vertex 4.87472 46.3853 21.7
      vertex 4.57883 47.9182 21.7
    endloop
  endfacet
  facet normal 0 0 1
    outer loop
      vertex 4.87472 46.3853 21.7
      vertex 4.28156 47.8173 21.7
      vertex 4.775 46.3361 21.7
    endloop
  endfacet
  facet normal -0 0 1
    outer loop
      vertex 4 47.6785 21.7
      vertex 4.775 46.3361 21.7
      vertex 4.28156 47.8173 21.7
    endloop
  endfacet
  facet normal 0 0 1
    outer loop
      vertex 4.775 46.3361 21.7
      vertex 4 47.6785 21.7
      vertex 4.68255 46.2743 21.7
    endloop
  endfacet
  facet normal -0 0 1
    outer loop
      vertex 3.73897 47.504 21.7
      vertex 4.68255 46.2743 21.7
      vertex 4 47.6785 21.7
    endloop
  endfacet
  facet normal 0 0 1
    outer loop
      vertex 4.68255 46.2743 21.7
      vertex 3.73897 47.504 21.7
      vertex 4.59896 46.201 21.7
    endloop
  endfacet
  facet normal -0 0 1
    outer loop
      vertex 3.50294 47.2971 21.7
      vertex 4.59896 46.201 21.7
      vertex 3.73897 47.504 21.7
    endloop
  endfacet
  facet normal 0 0 1
    outer loop
      vertex 4.59896 46.201 21.7
      vertex 3.50294 47.2971 21.7
      vertex 4.52565 46.1174 21.7
    endloop
  endfacet
  facet normal 0 0 1
    outer loop
      vertex 4.52565 46.1174 21.7
      vertex 3.29595 47.061 21.7
      vertex 4.46388 46.025 21.7
    endloop
  endfacet
  facet normal -0 0 1
    outer loop
      vertex 3.29595 47.061 21.7
      vertex 4.52565 46.1174 21.7
      vertex 3.50294 47.2971 21.7
    endloop
  endfacet
  facet normal -0 0 1
    outer loop
      vertex 5.87435 45.0826 21.7
      vertex 7.10405 44.139 21.7
      vertex 5.93612 45.175 21.7
    endloop
  endfacet
  facet normal 0 0 1
    outer loop
      vertex 7.10405 44.139 21.7
      vertex 5.87435 45.0826 21.7
      vertex 6.89706 43.9029 21.7
    endloop
  endfacet
  facet normal -0 0 1
    outer loop
      vertex 5.80104 44.999 21.7
      vertex 6.89706 43.9029 21.7
      vertex 5.87435 45.0826 21.7
    endloop
  endfacet
  facet normal 0 0 1
    outer loop
      vertex 6.89706 43.9029 21.7
      vertex 5.80104 44.999 21.7
      vertex 6.66103 43.696 21.7
    endloop
  endfacet
  facet normal -0 0 1
    outer loop
      vertex 5.71745 44.9257 21.7
      vertex 6.66103 43.696 21.7
      vertex 5.80104 44.999 21.7
    endloop
  endfacet
  facet normal 0 0 1
    outer loop
      vertex 6.66103 43.696 21.7
      vertex 5.71745 44.9257 21.7
      vertex 6.4 43.5215 21.7
    endloop
  endfacet
  facet normal -0 0 1
    outer loop
      vertex 5.625 44.8639 21.7
      vertex 6.4 43.5215 21.7
      vertex 5.71745 44.9257 21.7
    endloop
  endfacet
  facet normal 0 0 1
    outer loop
      vertex 6.4 43.5215 21.7
      vertex 5.625 44.8639 21.7
      vertex 6.11844 43.3827 21.7
    endloop
  endfacet
  facet normal -0 0 1
    outer loop
      vertex 5.52528 44.8147 21.7
      vertex 6.11844 43.3827 21.7
      vertex 5.625 44.8639 21.7
    endloop
  endfacet
  facet normal 0 0 1
    outer loop
      vertex 6.11844 43.3827 21.7
      vertex 5.52528 44.8147 21.7
      vertex 5.82117 43.2818 21.7
    endloop
  endfacet
  facet normal -0 0 1
    outer loop
      vertex 5.42 44.779 21.7
      vertex 5.82117 43.2818 21.7
      vertex 5.52528 44.8147 21.7
    endloop
  endfacet
  facet normal 0 0 1
    outer loop
      vertex 5.82117 43.2818 21.7
      vertex 5.42 44.779 21.7
      vertex 5.51326 43.2205 21.7
    endloop
  endfacet
  facet normal -0 0 1
    outer loop
      vertex 5.31095 44.7573 21.7
      vertex 5.51326 43.2205 21.7
      vertex 5.42 44.779 21.7
    endloop
  endfacet
  facet normal -0 0 1
    outer loop
      vertex 5.2 44.75 21.7
      vertex 5.51326 43.2205 21.7
      vertex 5.31095 44.7573 21.7
    endloop
  endfacet
  facet normal 0 0 1
    outer loop
      vertex 5.2 44.75 21.7
      vertex 5.2 43.2 21.7
      vertex 5.51326 43.2205 21.7
    endloop
  endfacet
  facet normal 0 0 1
    outer loop
      vertex 5.08905 44.7573 21.7
      vertex 5.2 43.2 21.7
      vertex 5.2 44.75 21.7
    endloop
  endfacet
  facet normal 0 0 1
    outer loop
      vertex 4.88674 43.2205 21.7
      vertex 5.08905 44.7573 21.7
      vertex 4.98 44.779 21.7
    endloop
  endfacet
  facet normal 0 0 1
    outer loop
      vertex 5.08905 44.7573 21.7
      vertex 4.88674 43.2205 21.7
      vertex 5.2 43.2 21.7
    endloop
  endfacet
  facet normal 0 0 1
    outer loop
      vertex 4.57883 43.2818 21.7
      vertex 4.98 44.779 21.7
      vertex 4.87472 44.8147 21.7
    endloop
  endfacet
  facet normal 0 0 1
    outer loop
      vertex 4.28156 43.3827 21.7
      vertex 4.87472 44.8147 21.7
      vertex 4.775 44.8639 21.7
    endloop
  endfacet
  facet normal 0 0 1
    outer loop
      vertex 4 43.5215 21.7
      vertex 4.775 44.8639 21.7
      vertex 4.68255 44.9257 21.7
    endloop
  endfacet
  facet normal 0 0 1
    outer loop
      vertex 3.73897 43.696 21.7
      vertex 4.68255 44.9257 21.7
      vertex 4.59896 44.999 21.7
    endloop
  endfacet
  facet normal 0 0 1
    outer loop
      vertex 4.98 44.779 21.7
      vertex 4.57883 43.2818 21.7
      vertex 4.88674 43.2205 21.7
    endloop
  endfacet
  facet normal 0 0 1
    outer loop
      vertex 3.50294 43.9029 21.7
      vertex 4.59896 44.999 21.7
      vertex 4.52565 45.0826 21.7
    endloop
  endfacet
  facet normal 0 0 1
    outer loop
      vertex 3.29595 44.139 21.7
      vertex 4.52565 45.0826 21.7
      vertex 4.46388 45.175 21.7
    endloop
  endfacet
  facet normal 0 0 1
    outer loop
      vertex 3.12154 44.4 21.7
      vertex 4.46388 45.175 21.7
      vertex 4.4147 45.2747 21.7
    endloop
  endfacet
  facet normal 0 0 1
    outer loop
      vertex 2.98269 44.6816 21.7
      vertex 4.4147 45.2747 21.7
      vertex 4.37896 45.38 21.7
    endloop
  endfacet
  facet normal 0 0 1
    outer loop
      vertex 2.88178 44.9788 21.7
      vertex 4.37896 45.38 21.7
      vertex 4.35727 45.4891 21.7
    endloop
  endfacet
  facet normal 0 0 1
    outer loop
      vertex 4.87472 44.8147 21.7
      vertex 4.28156 43.3827 21.7
      vertex 4.57883 43.2818 21.7
    endloop
  endfacet
  facet normal 0 0 1
    outer loop
      vertex 2.82053 45.2867 21.7
      vertex 4.35727 45.4891 21.7
      vertex 4.35 45.6 21.7
    endloop
  endfacet
  facet normal -0 0 1
    outer loop
      vertex 3.12154 46.8 21.7
      vertex 4.46388 46.025 21.7
      vertex 3.29595 47.061 21.7
    endloop
  endfacet
  facet normal 0 0 1
    outer loop
      vertex 4.46388 46.025 21.7
      vertex 3.12154 46.8 21.7
      vertex 4.4147 45.9253 21.7
    endloop
  endfacet
  facet normal 0 0 1
    outer loop
      vertex 4.775 44.8639 21.7
      vertex 4 43.5215 21.7
      vertex 4.28156 43.3827 21.7
    endloop
  endfacet
  facet normal -0 0 1
    outer loop
      vertex 2.98269 46.5184 21.7
      vertex 4.4147 45.9253 21.7
      vertex 3.12154 46.8 21.7
    endloop
  endfacet
  facet normal 0 0 1
    outer loop
      vertex 4.68255 44.9257 21.7
      vertex 3.73897 43.696 21.7
      vertex 4 43.5215 21.7
    endloop
  endfacet
  facet normal 0 0 1
    outer loop
      vertex 4.4147 45.9253 21.7
      vertex 2.98269 46.5184 21.7
      vertex 4.37896 45.82 21.7
    endloop
  endfacet
  facet normal 0 0 1
    outer loop
      vertex 4.59896 44.999 21.7
      vertex 3.50294 43.9029 21.7
      vertex 3.73897 43.696 21.7
    endloop
  endfacet
  facet normal -0 0 1
    outer loop
      vertex 2.88178 46.2212 21.7
      vertex 4.37896 45.82 21.7
      vertex 2.98269 46.5184 21.7
    endloop
  endfacet
  facet normal 0 0 1
    outer loop
      vertex 4.52565 45.0826 21.7
      vertex 3.29595 44.139 21.7
      vertex 3.50294 43.9029 21.7
    endloop
  endfacet
  facet normal 0 0 1
    outer loop
      vertex 4.37896 45.82 21.7
      vertex 2.88178 46.2212 21.7
      vertex 4.35727 45.7109 21.7
    endloop
  endfacet
  facet normal 0 0 1
    outer loop
      vertex 4.46388 45.175 21.7
      vertex 3.12154 44.4 21.7
      vertex 3.29595 44.139 21.7
    endloop
  endfacet
  facet normal -0 0 1
    outer loop
      vertex 2.82053 45.9133 21.7
      vertex 4.35727 45.7109 21.7
      vertex 2.88178 46.2212 21.7
    endloop
  endfacet
  facet normal 0 0 1
    outer loop
      vertex 4.4147 45.2747 21.7
      vertex 2.98269 44.6816 21.7
      vertex 3.12154 44.4 21.7
    endloop
  endfacet
  facet normal 0 0 1
    outer loop
      vertex 4.35727 45.7109 21.7
      vertex 2.82053 45.9133 21.7
      vertex 4.35 45.6 21.7
    endloop
  endfacet
  facet normal 0 0 1
    outer loop
      vertex 4.37896 45.38 21.7
      vertex 2.88178 44.9788 21.7
      vertex 2.98269 44.6816 21.7
    endloop
  endfacet
  facet normal 0 0 1
    outer loop
      vertex 2.8 45.6 21.7
      vertex 4.35 45.6 21.7
      vertex 2.82053 45.9133 21.7
    endloop
  endfacet
  facet normal 0 0 1
    outer loop
      vertex 4.35727 45.4891 21.7
      vertex 2.82053 45.2867 21.7
      vertex 2.88178 44.9788 21.7
    endloop
  endfacet
  facet normal 0 0 1
    outer loop
      vertex 4.35 45.6 21.7
      vertex 2.8 45.6 21.7
      vertex 2.82053 45.2867 21.7
    endloop
  endfacet
  facet normal -0.0653012 0.997866 0
    outer loop
      vertex 5.2 48 1.6
      vertex 4.88674 47.9795 11.6
      vertex 5.2 48 11.6
    endloop
  endfacet
  facet normal -0.0653012 0.997866 0
    outer loop
      vertex 4.88674 47.9795 11.6
      vertex 5.2 48 1.6
      vertex 4.88674 47.9795 1.6
    endloop
  endfacet
  facet normal -0.0653012 0.997866 0
    outer loop
      vertex 5.2 48 13.1
      vertex 4.88674 47.9795 21.7
      vertex 5.2 48 21.7
    endloop
  endfacet
  facet normal -0.0653012 0.997866 0
    outer loop
      vertex 4.88674 47.9795 21.7
      vertex 5.2 48 13.1
      vertex 4.88674 47.9795 13.1
    endloop
  endfacet
  facet normal 0.997858 -0.0654096 0
    outer loop
      vertex 7.6 45.6 21.7
      vertex 7.58689 45.4 13.1
      vertex 7.6 45.6 13.1
    endloop
  endfacet
  facet normal 0.997862 -0.0653499 0
    outer loop
      vertex 7.58689 45.4 13.1
      vertex 7.57947 45.2867 21.7
      vertex 7.58689 45.4 11.6
    endloop
  endfacet
  facet normal 0.99786 -0.065388 -5.04785e-07
    outer loop
      vertex 7.57947 45.2867 21.7
      vertex 7.58689 45.4 13.1
      vertex 7.6 45.6 21.7
    endloop
  endfacet
  facet normal 0.997858 -0.0654096 0
    outer loop
      vertex 7.58689 45.4 11.6
      vertex 7.6 45.6 1.6
      vertex 7.6 45.6 11.6
    endloop
  endfacet
  facet normal 0.99786 -0.065388 4.34115e-07
    outer loop
      vertex 7.58689 45.4 11.6
      vertex 7.57947 45.2867 1.6
      vertex 7.6 45.6 1.6
    endloop
  endfacet
  facet normal 0.997862 -0.0653499 0
    outer loop
      vertex 7.57947 45.2867 1.6
      vertex 7.58689 45.4 11.6
      vertex 7.57947 45.2867 21.7
    endloop
  endfacet
  facet normal 0.0653012 -0.997866 0
    outer loop
      vertex 5.2 43.2 1.6
      vertex 5.51326 43.2205 21.7
      vertex 5.2 43.2 21.7
    endloop
  endfacet
  facet normal 0.0653012 -0.997866 0
    outer loop
      vertex 5.51326 43.2205 21.7
      vertex 5.2 43.2 1.6
      vertex 5.51326 43.2205 1.6
    endloop
  endfacet
  facet normal 0.659179 -0.751986 0
    outer loop
      vertex 6.66103 43.696 1.6
      vertex 6.89706 43.9029 21.7
      vertex 6.66103 43.696 21.7
    endloop
  endfacet
  facet normal 0.659179 -0.751986 0
    outer loop
      vertex 6.89706 43.9029 21.7
      vertex 6.66103 43.696 1.6
      vertex 6.89706 43.9029 1.6
    endloop
  endfacet
  facet normal 0.831447 -0.555604 0
    outer loop
      vertex 7.10405 44.139 21.7
      vertex 7.27846 44.4 1.6
      vertex 7.27846 44.4 21.7
    endloop
  endfacet
  facet normal 0.831447 -0.555604 0
    outer loop
      vertex 7.27846 44.4 1.6
      vertex 7.10405 44.139 21.7
      vertex 7.10405 44.139 1.6
    endloop
  endfacet
  facet normal 0.980782 -0.195105 0
    outer loop
      vertex 7.51822 44.9788 21.7
      vertex 7.57947 45.2867 1.6
      vertex 7.57947 45.2867 21.7
    endloop
  endfacet
  facet normal 0.980782 -0.195105 0
    outer loop
      vertex 7.57947 45.2867 1.6
      vertex 7.51822 44.9788 21.7
      vertex 7.51822 44.9788 1.6
    endloop
  endfacet
  facet normal -0.555758 -0.831344 0
    outer loop
      vertex 3.73897 43.696 1.6
      vertex 4 43.5215 21.7
      vertex 3.73897 43.696 21.7
    endloop
  endfacet
  facet normal -0.555758 -0.831344 -0
    outer loop
      vertex 4 43.5215 21.7
      vertex 3.73897 43.696 1.6
      vertex 4 43.5215 1.6
    endloop
  endfacet
  facet normal -0.44216 -0.896936 0
    outer loop
      vertex 4 43.5215 1.6
      vertex 4.28156 43.3827 21.7
      vertex 4 43.5215 21.7
    endloop
  endfacet
  facet normal -0.44216 -0.896936 -0
    outer loop
      vertex 4.28156 43.3827 21.7
      vertex 4 43.5215 1.6
      vertex 4.28156 43.3827 1.6
    endloop
  endfacet
  facet normal -0.195252 -0.980753 0
    outer loop
      vertex 4.57883 43.2818 1.6
      vertex 4.88674 43.2205 21.7
      vertex 4.57883 43.2818 21.7
    endloop
  endfacet
  facet normal -0.195252 -0.980753 -0
    outer loop
      vertex 4.88674 43.2205 21.7
      vertex 4.57883 43.2818 1.6
      vertex 4.88674 43.2205 1.6
    endloop
  endfacet
  facet normal -0.896898 -0.442238 0
    outer loop
      vertex 3.12154 44.4 1.6
      vertex 2.98269 44.6816 21.7
      vertex 2.98269 44.6816 1.6
    endloop
  endfacet
  facet normal -0.896898 -0.442238 0
    outer loop
      vertex 2.98269 44.6816 21.7
      vertex 3.12154 44.4 1.6
      vertex 3.12154 44.4 21.7
    endloop
  endfacet
  facet normal -0.946907 -0.321509 0
    outer loop
      vertex 2.98269 44.6816 1.6
      vertex 2.88178 44.9788 21.7
      vertex 2.88178 44.9788 1.6
    endloop
  endfacet
  facet normal -0.946907 -0.321509 0
    outer loop
      vertex 2.88178 44.9788 21.7
      vertex 2.98269 44.6816 1.6
      vertex 2.98269 44.6816 21.7
    endloop
  endfacet
  facet normal -0.997858 -0.0654096 0
    outer loop
      vertex 2.8 45.6 1.6
      vertex 2.81311 45.4 11.6
      vertex 2.8 45.6 11.6
    endloop
  endfacet
  facet normal -0.997862 -0.0653499 0
    outer loop
      vertex 2.81311 45.4 11.6
      vertex 2.82053 45.2867 1.6
      vertex 2.81311 45.4 13.1
    endloop
  endfacet
  facet normal -0.99786 -0.065388 4.34115e-07
    outer loop
      vertex 2.82053 45.2867 1.6
      vertex 2.81311 45.4 11.6
      vertex 2.8 45.6 1.6
    endloop
  endfacet
  facet normal -0.997858 -0.0654096 0
    outer loop
      vertex 2.81311 45.4 13.1
      vertex 2.8 45.6 21.7
      vertex 2.8 45.6 13.1
    endloop
  endfacet
  facet normal -0.99786 -0.065388 -5.04785e-07
    outer loop
      vertex 2.81311 45.4 13.1
      vertex 2.82053 45.2867 21.7
      vertex 2.8 45.6 21.7
    endloop
  endfacet
  facet normal -0.997862 -0.0653499 -0
    outer loop
      vertex 2.82053 45.2867 21.7
      vertex 2.81311 45.4 13.1
      vertex 2.82053 45.2867 1.6
    endloop
  endfacet
  facet normal 0.751941 0.65923 0
    outer loop
      vertex 7.10405 47.061 11.6
      vertex 6.89706 47.2971 1.6
      vertex 6.89706 47.2971 11.6
    endloop
  endfacet
  facet normal 0.751941 0.65923 0
    outer loop
      vertex 6.89706 47.2971 1.6
      vertex 7.10405 47.061 11.6
      vertex 7.10405 47.061 1.6
    endloop
  endfacet
  facet normal 0.751941 0.65923 0
    outer loop
      vertex 7.10405 47.061 21.7
      vertex 6.89706 47.2971 13.1
      vertex 6.89706 47.2971 21.7
    endloop
  endfacet
  facet normal 0.751941 0.65923 0
    outer loop
      vertex 6.89706 47.2971 13.1
      vertex 7.10405 47.061 21.7
      vertex 7.10405 47.061 13.1
    endloop
  endfacet
  facet normal 0.44216 0.896936 -0
    outer loop
      vertex 6.4 47.6785 1.6
      vertex 6.11844 47.8173 11.6
      vertex 6.4 47.6785 11.6
    endloop
  endfacet
  facet normal 0.44216 0.896936 0
    outer loop
      vertex 6.11844 47.8173 11.6
      vertex 6.4 47.6785 1.6
      vertex 6.11844 47.8173 1.6
    endloop
  endfacet
  facet normal 0.44216 0.896936 -0
    outer loop
      vertex 6.4 47.6785 13.1
      vertex 6.11844 47.8173 21.7
      vertex 6.4 47.6785 21.7
    endloop
  endfacet
  facet normal 0.44216 0.896936 0
    outer loop
      vertex 6.11844 47.8173 21.7
      vertex 6.4 47.6785 13.1
      vertex 6.11844 47.8173 13.1
    endloop
  endfacet
  facet normal -0.44216 0.896936 0
    outer loop
      vertex 4.28156 47.8173 1.6
      vertex 4 47.6785 11.6
      vertex 4.28156 47.8173 11.6
    endloop
  endfacet
  facet normal -0.44216 0.896936 0
    outer loop
      vertex 4 47.6785 11.6
      vertex 4.28156 47.8173 1.6
      vertex 4 47.6785 1.6
    endloop
  endfacet
  facet normal -0.44216 0.896936 0
    outer loop
      vertex 4.28156 47.8173 13.1
      vertex 4 47.6785 21.7
      vertex 4.28156 47.8173 21.7
    endloop
  endfacet
  facet normal -0.44216 0.896936 0
    outer loop
      vertex 4 47.6785 21.7
      vertex 4.28156 47.8173 13.1
      vertex 4 47.6785 13.1
    endloop
  endfacet
  facet normal 0.195252 -0.980753 0
    outer loop
      vertex 5.51326 43.2205 1.6
      vertex 5.82117 43.2818 21.7
      vertex 5.51326 43.2205 21.7
    endloop
  endfacet
  facet normal 0.195252 -0.980753 0
    outer loop
      vertex 5.82117 43.2818 21.7
      vertex 5.51326 43.2205 1.6
      vertex 5.82117 43.2818 1.6
    endloop
  endfacet
  facet normal 0.44216 -0.896936 0
    outer loop
      vertex 6.11844 43.3827 1.6
      vertex 6.4 43.5215 21.7
      vertex 6.11844 43.3827 21.7
    endloop
  endfacet
  facet normal 0.44216 -0.896936 0
    outer loop
      vertex 6.4 43.5215 21.7
      vertex 6.11844 43.3827 1.6
      vertex 6.4 43.5215 1.6
    endloop
  endfacet
  facet normal 0.896898 -0.442238 0
    outer loop
      vertex 7.27846 44.4 21.7
      vertex 7.41731 44.6816 1.6
      vertex 7.41731 44.6816 21.7
    endloop
  endfacet
  facet normal 0.896898 -0.442238 0
    outer loop
      vertex 7.41731 44.6816 1.6
      vertex 7.27846 44.4 21.7
      vertex 7.27846 44.4 1.6
    endloop
  endfacet
  facet normal -0.831447 -0.555604 0
    outer loop
      vertex 3.29595 44.139 1.6
      vertex 3.12154 44.4 21.7
      vertex 3.12154 44.4 1.6
    endloop
  endfacet
  facet normal -0.831447 -0.555604 0
    outer loop
      vertex 3.12154 44.4 21.7
      vertex 3.29595 44.139 1.6
      vertex 3.29595 44.139 21.7
    endloop
  endfacet
  facet normal -0.980782 -0.195105 0
    outer loop
      vertex 2.88178 44.9788 1.6
      vertex 2.82053 45.2867 21.7
      vertex 2.82053 45.2867 1.6
    endloop
  endfacet
  facet normal -0.980782 -0.195105 0
    outer loop
      vertex 2.82053 45.2867 21.7
      vertex 2.88178 44.9788 1.6
      vertex 2.88178 44.9788 21.7
    endloop
  endfacet
  facet normal -0.997858 -0.0654141 0
    outer loop
      vertex 6.05 45.6 14.7
      vertex 6.04273 45.7109 21.7
      vertex 6.04273 45.7109 14.7
    endloop
  endfacet
  facet normal -0.997858 -0.0654141 0
    outer loop
      vertex 6.04273 45.7109 21.7
      vertex 6.05 45.6 14.7
      vertex 6.05 45.6 21.7
    endloop
  endfacet
  facet normal 0.997858 -0.0654141 0
    outer loop
      vertex 4.35 45.6 21.7
      vertex 4.35727 45.7109 14.7
      vertex 4.35727 45.7109 21.7
    endloop
  endfacet
  facet normal 0.997858 -0.0654141 0
    outer loop
      vertex 4.35727 45.7109 14.7
      vertex 4.35 45.6 21.7
      vertex 4.35 45.6 14.7
    endloop
  endfacet
  facet normal 0.0656534 -0.997842 0
    outer loop
      vertex 5.08905 46.4427 14.7
      vertex 5.2 46.45 21.7
      vertex 5.08905 46.4427 21.7
    endloop
  endfacet
  facet normal 0.0656534 -0.997842 0
    outer loop
      vertex 5.2 46.45 21.7
      vertex 5.08905 46.4427 14.7
      vertex 5.2 46.45 14.7
    endloop
  endfacet
  facet normal -0.0656534 0.997842 0
    outer loop
      vertex 5.31095 44.7573 14.7
      vertex 5.2 44.75 21.7
      vertex 5.31095 44.7573 21.7
    endloop
  endfacet
  facet normal -0.0656534 0.997842 0
    outer loop
      vertex 5.2 44.75 21.7
      vertex 5.31095 44.7573 14.7
      vertex 5.2 44.75 14.7
    endloop
  endfacet
  facet normal -0.751863 0.659319 0
    outer loop
      vertex 5.80104 44.999 14.7
      vertex 5.87435 45.0826 21.7
      vertex 5.87435 45.0826 14.7
    endloop
  endfacet
  facet normal -0.751863 0.659319 0
    outer loop
      vertex 5.87435 45.0826 21.7
      vertex 5.80104 44.999 14.7
      vertex 5.80104 44.999 21.7
    endloop
  endfacet
  facet normal -0.659313 -0.751869 0
    outer loop
      vertex 5.71745 46.2743 14.7
      vertex 5.80104 46.201 21.7
      vertex 5.71745 46.2743 21.7
    endloop
  endfacet
  facet normal -0.659313 -0.751869 -0
    outer loop
      vertex 5.80104 46.201 21.7
      vertex 5.71745 46.2743 14.7
      vertex 5.80104 46.201 14.7
    endloop
  endfacet
  facet normal 0.751863 -0.659319 0
    outer loop
      vertex 4.52565 46.1174 21.7
      vertex 4.59896 46.201 14.7
      vertex 4.59896 46.201 21.7
    endloop
  endfacet
  facet normal 0.751863 -0.659319 0
    outer loop
      vertex 4.59896 46.201 14.7
      vertex 4.52565 46.1174 21.7
      vertex 4.52565 46.1174 14.7
    endloop
  endfacet
  facet normal 0.442459 -0.896789 0
    outer loop
      vertex 4.775 46.3361 14.7
      vertex 4.87472 46.3853 21.7
      vertex 4.775 46.3361 21.7
    endloop
  endfacet
  facet normal 0.442459 -0.896789 0
    outer loop
      vertex 4.87472 46.3853 21.7
      vertex 4.775 46.3361 14.7
      vertex 4.87472 46.3853 14.7
    endloop
  endfacet
  facet normal -0.896825 -0.442386 0
    outer loop
      vertex 5.9853 45.9253 14.7
      vertex 5.93612 46.025 21.7
      vertex 5.93612 46.025 14.7
    endloop
  endfacet
  facet normal -0.896825 -0.442386 0
    outer loop
      vertex 5.93612 46.025 21.7
      vertex 5.9853 45.9253 14.7
      vertex 5.9853 45.9253 21.7
    endloop
  endfacet
  facet normal -0.831344 -0.555759 0
    outer loop
      vertex 5.93612 46.025 14.7
      vertex 5.87435 46.1174 21.7
      vertex 5.87435 46.1174 14.7
    endloop
  endfacet
  facet normal -0.831344 -0.555759 0
    outer loop
      vertex 5.87435 46.1174 21.7
      vertex 5.93612 46.025 14.7
      vertex 5.93612 46.025 21.7
    endloop
  endfacet
  facet normal -0.321135 -0.947033 0
    outer loop
      vertex 5.42 46.421 14.7
      vertex 5.52528 46.3853 21.7
      vertex 5.42 46.421 21.7
    endloop
  endfacet
  facet normal -0.321135 -0.947033 -0
    outer loop
      vertex 5.52528 46.3853 21.7
      vertex 5.42 46.421 14.7
      vertex 5.52528 46.3853 14.7
    endloop
  endfacet
  facet normal -0.195165 -0.98077 0
    outer loop
      vertex 5.31095 46.4427 14.7
      vertex 5.42 46.421 21.7
      vertex 5.31095 46.4427 21.7
    endloop
  endfacet
  facet normal -0.195165 -0.98077 -0
    outer loop
      vertex 5.42 46.421 21.7
      vertex 5.31095 46.4427 14.7
      vertex 5.42 46.421 14.7
    endloop
  endfacet
  facet normal -0.442459 -0.896789 0
    outer loop
      vertex 5.52528 46.3853 14.7
      vertex 5.625 46.3361 21.7
      vertex 5.52528 46.3853 21.7
    endloop
  endfacet
  facet normal -0.442459 -0.896789 -0
    outer loop
      vertex 5.625 46.3361 21.7
      vertex 5.52528 46.3853 14.7
      vertex 5.625 46.3361 14.7
    endloop
  endfacet
  facet normal 0.896825 -0.442386 0
    outer loop
      vertex 4.4147 45.9253 21.7
      vertex 4.46388 46.025 14.7
      vertex 4.46388 46.025 21.7
    endloop
  endfacet
  facet normal 0.896825 -0.442386 0
    outer loop
      vertex 4.46388 46.025 14.7
      vertex 4.4147 45.9253 21.7
      vertex 4.4147 45.9253 14.7
    endloop
  endfacet
  facet normal 0.831344 -0.555759 0
    outer loop
      vertex 4.46388 46.025 21.7
      vertex 4.52565 46.1174 14.7
      vertex 4.52565 46.1174 21.7
    endloop
  endfacet
  facet normal 0.831344 -0.555759 0
    outer loop
      vertex 4.52565 46.1174 14.7
      vertex 4.46388 46.025 21.7
      vertex 4.46388 46.025 14.7
    endloop
  endfacet
  facet normal 0.555737 -0.831358 0
    outer loop
      vertex 4.68255 46.2743 14.7
      vertex 4.775 46.3361 21.7
      vertex 4.68255 46.2743 21.7
    endloop
  endfacet
  facet normal 0.555737 -0.831358 0
    outer loop
      vertex 4.775 46.3361 21.7
      vertex 4.68255 46.2743 14.7
      vertex 4.775 46.3361 14.7
    endloop
  endfacet
  facet normal 0.321135 -0.947033 0
    outer loop
      vertex 4.87472 46.3853 14.7
      vertex 4.98 46.421 21.7
      vertex 4.87472 46.3853 21.7
    endloop
  endfacet
  facet normal 0.321135 -0.947033 0
    outer loop
      vertex 4.98 46.421 21.7
      vertex 4.87472 46.3853 14.7
      vertex 4.98 46.421 14.7
    endloop
  endfacet
  facet normal 0 0 1
    outer loop
      vertex 6.04273 45.7109 14.7
      vertex 6.04273 45.4891 14.7
      vertex 6.05 45.6 14.7
    endloop
  endfacet
  facet normal 0 0 1
    outer loop
      vertex 6.02104 45.82 14.7
      vertex 6.04273 45.4891 14.7
      vertex 6.04273 45.7109 14.7
    endloop
  endfacet
  facet normal 0 0 1
    outer loop
      vertex 6.02104 45.82 14.7
      vertex 6.02104 45.38 14.7
      vertex 6.04273 45.4891 14.7
    endloop
  endfacet
  facet normal 0 0 1
    outer loop
      vertex 5.9853 45.9253 14.7
      vertex 6.02104 45.38 14.7
      vertex 6.02104 45.82 14.7
    endloop
  endfacet
  facet normal 0 0 1
    outer loop
      vertex 5.9853 45.9253 14.7
      vertex 5.9853 45.2747 14.7
      vertex 6.02104 45.38 14.7
    endloop
  endfacet
  facet normal 0 0 1
    outer loop
      vertex 5.93612 46.025 14.7
      vertex 5.9853 45.2747 14.7
      vertex 5.9853 45.9253 14.7
    endloop
  endfacet
  facet normal 0 0 1
    outer loop
      vertex 5.93612 46.025 14.7
      vertex 5.93612 45.175 14.7
      vertex 5.9853 45.2747 14.7
    endloop
  endfacet
  facet normal 0 0 1
    outer loop
      vertex 5.87435 46.1174 14.7
      vertex 5.93612 45.175 14.7
      vertex 5.93612 46.025 14.7
    endloop
  endfacet
  facet normal 0 0 1
    outer loop
      vertex 5.87435 46.1174 14.7
      vertex 5.87435 45.0826 14.7
      vertex 5.93612 45.175 14.7
    endloop
  endfacet
  facet normal 0 0 1
    outer loop
      vertex 5.80104 46.201 14.7
      vertex 5.87435 45.0826 14.7
      vertex 5.87435 46.1174 14.7
    endloop
  endfacet
  facet normal 0 0 1
    outer loop
      vertex 5.80104 46.201 14.7
      vertex 5.80104 44.999 14.7
      vertex 5.87435 45.0826 14.7
    endloop
  endfacet
  facet normal 0 0 1
    outer loop
      vertex 5.71745 46.2743 14.7
      vertex 5.80104 44.999 14.7
      vertex 5.80104 46.201 14.7
    endloop
  endfacet
  facet normal 0 0 1
    outer loop
      vertex 5.71745 46.2743 14.7
      vertex 5.71745 44.9257 14.7
      vertex 5.80104 44.999 14.7
    endloop
  endfacet
  facet normal 0 0 1
    outer loop
      vertex 5.625 46.3361 14.7
      vertex 5.71745 44.9257 14.7
      vertex 5.71745 46.2743 14.7
    endloop
  endfacet
  facet normal 0 0 1
    outer loop
      vertex 5.625 46.3361 14.7
      vertex 5.625 44.8639 14.7
      vertex 5.71745 44.9257 14.7
    endloop
  endfacet
  facet normal 0 0 1
    outer loop
      vertex 5.52528 46.3853 14.7
      vertex 5.625 44.8639 14.7
      vertex 5.625 46.3361 14.7
    endloop
  endfacet
  facet normal 0 0 1
    outer loop
      vertex 5.52528 46.3853 14.7
      vertex 5.52528 44.8147 14.7
      vertex 5.625 44.8639 14.7
    endloop
  endfacet
  facet normal 0 0 1
    outer loop
      vertex 5.42 46.421 14.7
      vertex 5.52528 44.8147 14.7
      vertex 5.52528 46.3853 14.7
    endloop
  endfacet
  facet normal 0 0 1
    outer loop
      vertex 5.42 46.421 14.7
      vertex 5.42 44.779 14.7
      vertex 5.52528 44.8147 14.7
    endloop
  endfacet
  facet normal 0 0 1
    outer loop
      vertex 5.31095 46.4427 14.7
      vertex 5.42 44.779 14.7
      vertex 5.42 46.421 14.7
    endloop
  endfacet
  facet normal 0 0 1
    outer loop
      vertex 5.31095 46.4427 14.7
      vertex 5.31095 44.7573 14.7
      vertex 5.42 44.779 14.7
    endloop
  endfacet
  facet normal 0 0 1
    outer loop
      vertex 5.2 46.45 14.7
      vertex 5.31095 44.7573 14.7
      vertex 5.31095 46.4427 14.7
    endloop
  endfacet
  facet normal 0 0 1
    outer loop
      vertex 5.2 46.45 14.7
      vertex 5.2 44.75 14.7
      vertex 5.31095 44.7573 14.7
    endloop
  endfacet
  facet normal -0 0 1
    outer loop
      vertex 5.08905 46.4427 14.7
      vertex 5.2 44.75 14.7
      vertex 5.2 46.45 14.7
    endloop
  endfacet
  facet normal 0 0 1
    outer loop
      vertex 5.08905 46.4427 14.7
      vertex 5.08905 44.7573 14.7
      vertex 5.2 44.75 14.7
    endloop
  endfacet
  facet normal -0 0 1
    outer loop
      vertex 4.98 46.421 14.7
      vertex 5.08905 44.7573 14.7
      vertex 5.08905 46.4427 14.7
    endloop
  endfacet
  facet normal 0 0 1
    outer loop
      vertex 4.98 46.421 14.7
      vertex 4.98 44.779 14.7
      vertex 5.08905 44.7573 14.7
    endloop
  endfacet
  facet normal -0 0 1
    outer loop
      vertex 4.87472 46.3853 14.7
      vertex 4.98 44.779 14.7
      vertex 4.98 46.421 14.7
    endloop
  endfacet
  facet normal 0 0 1
    outer loop
      vertex 4.87472 46.3853 14.7
      vertex 4.87472 44.8147 14.7
      vertex 4.98 44.779 14.7
    endloop
  endfacet
  facet normal -0 0 1
    outer loop
      vertex 4.775 46.3361 14.7
      vertex 4.87472 44.8147 14.7
      vertex 4.87472 46.3853 14.7
    endloop
  endfacet
  facet normal 0 0 1
    outer loop
      vertex 4.775 46.3361 14.7
      vertex 4.775 44.8639 14.7
      vertex 4.87472 44.8147 14.7
    endloop
  endfacet
  facet normal -0 0 1
    outer loop
      vertex 4.68255 46.2743 14.7
      vertex 4.775 44.8639 14.7
      vertex 4.775 46.3361 14.7
    endloop
  endfacet
  facet normal 0 0 1
    outer loop
      vertex 4.68255 46.2743 14.7
      vertex 4.68255 44.9257 14.7
      vertex 4.775 44.8639 14.7
    endloop
  endfacet
  facet normal -0 0 1
    outer loop
      vertex 4.59896 46.201 14.7
      vertex 4.68255 44.9257 14.7
      vertex 4.68255 46.2743 14.7
    endloop
  endfacet
  facet normal 0 0 1
    outer loop
      vertex 4.59896 46.201 14.7
      vertex 4.59896 44.999 14.7
      vertex 4.68255 44.9257 14.7
    endloop
  endfacet
  facet normal -0 0 1
    outer loop
      vertex 4.52565 46.1174 14.7
      vertex 4.59896 44.999 14.7
      vertex 4.59896 46.201 14.7
    endloop
  endfacet
  facet normal 0 0 1
    outer loop
      vertex 4.52565 46.1174 14.7
      vertex 4.52565 45.0826 14.7
      vertex 4.59896 44.999 14.7
    endloop
  endfacet
  facet normal -0 0 1
    outer loop
      vertex 4.46388 46.025 14.7
      vertex 4.52565 45.0826 14.7
      vertex 4.52565 46.1174 14.7
    endloop
  endfacet
  facet normal 0 0 1
    outer loop
      vertex 4.46388 46.025 14.7
      vertex 4.46388 45.175 14.7
      vertex 4.52565 45.0826 14.7
    endloop
  endfacet
  facet normal -0 0 1
    outer loop
      vertex 4.4147 45.9253 14.7
      vertex 4.46388 45.175 14.7
      vertex 4.46388 46.025 14.7
    endloop
  endfacet
  facet normal 0 0 1
    outer loop
      vertex 4.4147 45.9253 14.7
      vertex 4.4147 45.2747 14.7
      vertex 4.46388 45.175 14.7
    endloop
  endfacet
  facet normal -0 0 1
    outer loop
      vertex 4.37896 45.82 14.7
      vertex 4.4147 45.2747 14.7
      vertex 4.4147 45.9253 14.7
    endloop
  endfacet
  facet normal 0 0 1
    outer loop
      vertex 4.37896 45.82 14.7
      vertex 4.37896 45.38 14.7
      vertex 4.4147 45.2747 14.7
    endloop
  endfacet
  facet normal -0 0 1
    outer loop
      vertex 4.35727 45.7109 14.7
      vertex 4.37896 45.38 14.7
      vertex 4.37896 45.82 14.7
    endloop
  endfacet
  facet normal 0 0 1
    outer loop
      vertex 4.35727 45.7109 14.7
      vertex 4.35727 45.4891 14.7
      vertex 4.37896 45.38 14.7
    endloop
  endfacet
  facet normal 0 -0 1
    outer loop
      vertex 4.35727 45.4891 14.7
      vertex 4.35727 45.7109 14.7
      vertex 4.35 45.6 14.7
    endloop
  endfacet
  facet normal -0.195165 0.98077 0
    outer loop
      vertex 5.42 44.779 14.7
      vertex 5.31095 44.7573 21.7
      vertex 5.42 44.779 21.7
    endloop
  endfacet
  facet normal -0.195165 0.98077 0
    outer loop
      vertex 5.31095 44.7573 21.7
      vertex 5.42 44.779 14.7
      vertex 5.31095 44.7573 14.7
    endloop
  endfacet
  facet normal -0.946943 -0.321403 0
    outer loop
      vertex 6.02104 45.82 14.7
      vertex 5.9853 45.9253 21.7
      vertex 5.9853 45.9253 14.7
    endloop
  endfacet
  facet normal -0.946943 -0.321403 0
    outer loop
      vertex 5.9853 45.9253 21.7
      vertex 6.02104 45.82 14.7
      vertex 6.02104 45.82 21.7
    endloop
  endfacet
  facet normal -0.980805 -0.194992 0
    outer loop
      vertex 6.04273 45.7109 14.7
      vertex 6.02104 45.82 21.7
      vertex 6.02104 45.82 14.7
    endloop
  endfacet
  facet normal -0.980805 -0.194992 0
    outer loop
      vertex 6.02104 45.82 21.7
      vertex 6.04273 45.7109 14.7
      vertex 6.04273 45.7109 21.7
    endloop
  endfacet
  facet normal -0.751863 -0.659319 0
    outer loop
      vertex 5.87435 46.1174 14.7
      vertex 5.80104 46.201 21.7
      vertex 5.80104 46.201 14.7
    endloop
  endfacet
  facet normal -0.751863 -0.659319 0
    outer loop
      vertex 5.80104 46.201 21.7
      vertex 5.87435 46.1174 14.7
      vertex 5.87435 46.1174 21.7
    endloop
  endfacet
  facet normal -0.0656534 -0.997842 0
    outer loop
      vertex 5.2 46.45 14.7
      vertex 5.31095 46.4427 21.7
      vertex 5.2 46.45 21.7
    endloop
  endfacet
  facet normal -0.0656534 -0.997842 -0
    outer loop
      vertex 5.31095 46.4427 21.7
      vertex 5.2 46.45 14.7
      vertex 5.31095 46.4427 14.7
    endloop
  endfacet
  facet normal -0.555737 -0.831358 0
    outer loop
      vertex 5.625 46.3361 14.7
      vertex 5.71745 46.2743 21.7
      vertex 5.625 46.3361 21.7
    endloop
  endfacet
  facet normal -0.555737 -0.831358 -0
    outer loop
      vertex 5.71745 46.2743 21.7
      vertex 5.625 46.3361 14.7
      vertex 5.71745 46.2743 14.7
    endloop
  endfacet
  facet normal 0.946943 -0.321403 0
    outer loop
      vertex 4.37896 45.82 21.7
      vertex 4.4147 45.9253 14.7
      vertex 4.4147 45.9253 21.7
    endloop
  endfacet
  facet normal 0.946943 -0.321403 0
    outer loop
      vertex 4.4147 45.9253 14.7
      vertex 4.37896 45.82 21.7
      vertex 4.37896 45.82 14.7
    endloop
  endfacet
  facet normal 0.980805 -0.194992 0
    outer loop
      vertex 4.35727 45.7109 21.7
      vertex 4.37896 45.82 14.7
      vertex 4.37896 45.82 21.7
    endloop
  endfacet
  facet normal 0.980805 -0.194992 0
    outer loop
      vertex 4.37896 45.82 14.7
      vertex 4.35727 45.7109 21.7
      vertex 4.35727 45.7109 14.7
    endloop
  endfacet
  facet normal 0.195165 -0.98077 0
    outer loop
      vertex 4.98 46.421 14.7
      vertex 5.08905 46.4427 21.7
      vertex 4.98 46.421 21.7
    endloop
  endfacet
  facet normal 0.195165 -0.98077 0
    outer loop
      vertex 5.08905 46.4427 21.7
      vertex 4.98 46.421 14.7
      vertex 5.08905 46.4427 14.7
    endloop
  endfacet
  facet normal -0.946943 0.321403 0
    outer loop
      vertex 5.9853 45.2747 14.7
      vertex 6.02104 45.38 21.7
      vertex 6.02104 45.38 14.7
    endloop
  endfacet
  facet normal -0.946943 0.321403 0
    outer loop
      vertex 6.02104 45.38 21.7
      vertex 5.9853 45.2747 14.7
      vertex 5.9853 45.2747 21.7
    endloop
  endfacet
  facet normal -0.980805 0.194992 0
    outer loop
      vertex 6.02104 45.38 14.7
      vertex 6.04273 45.4891 21.7
      vertex 6.04273 45.4891 14.7
    endloop
  endfacet
  facet normal -0.980805 0.194992 0
    outer loop
      vertex 6.04273 45.4891 21.7
      vertex 6.02104 45.38 14.7
      vertex 6.02104 45.38 21.7
    endloop
  endfacet
  facet normal -0.555737 0.831358 0
    outer loop
      vertex 5.71745 44.9257 14.7
      vertex 5.625 44.8639 21.7
      vertex 5.71745 44.9257 21.7
    endloop
  endfacet
  facet normal -0.555737 0.831358 0
    outer loop
      vertex 5.625 44.8639 21.7
      vertex 5.71745 44.9257 14.7
      vertex 5.625 44.8639 14.7
    endloop
  endfacet
  facet normal -0.442459 0.896789 0
    outer loop
      vertex 5.625 44.8639 14.7
      vertex 5.52528 44.8147 21.7
      vertex 5.625 44.8639 21.7
    endloop
  endfacet
  facet normal -0.442459 0.896789 0
    outer loop
      vertex 5.52528 44.8147 21.7
      vertex 5.625 44.8639 14.7
      vertex 5.52528 44.8147 14.7
    endloop
  endfacet
  facet normal 0.659313 -0.751869 0
    outer loop
      vertex 4.59896 46.201 14.7
      vertex 4.68255 46.2743 21.7
      vertex 4.59896 46.201 21.7
    endloop
  endfacet
  facet normal 0.659313 -0.751869 0
    outer loop
      vertex 4.68255 46.2743 21.7
      vertex 4.59896 46.201 14.7
      vertex 4.68255 46.2743 14.7
    endloop
  endfacet
  facet normal -0.997858 0.0654141 0
    outer loop
      vertex 6.04273 45.4891 14.7
      vertex 6.05 45.6 21.7
      vertex 6.05 45.6 14.7
    endloop
  endfacet
  facet normal -0.997858 0.0654141 0
    outer loop
      vertex 6.05 45.6 21.7
      vertex 6.04273 45.4891 14.7
      vertex 6.04273 45.4891 21.7
    endloop
  endfacet
  facet normal 0.321135 0.947033 -0
    outer loop
      vertex 4.98 44.779 14.7
      vertex 4.87472 44.8147 21.7
      vertex 4.98 44.779 21.7
    endloop
  endfacet
  facet normal 0.321135 0.947033 0
    outer loop
      vertex 4.87472 44.8147 21.7
      vertex 4.98 44.779 14.7
      vertex 4.87472 44.8147 14.7
    endloop
  endfacet
  facet normal 0.751863 0.659319 0
    outer loop
      vertex 4.59896 44.999 21.7
      vertex 4.52565 45.0826 14.7
      vertex 4.52565 45.0826 21.7
    endloop
  endfacet
  facet normal 0.751863 0.659319 0
    outer loop
      vertex 4.52565 45.0826 14.7
      vertex 4.59896 44.999 21.7
      vertex 4.59896 44.999 14.7
    endloop
  endfacet
  facet normal 0.997858 0.0654141 0
    outer loop
      vertex 4.35727 45.4891 21.7
      vertex 4.35 45.6 14.7
      vertex 4.35 45.6 21.7
    endloop
  endfacet
  facet normal 0.997858 0.0654141 0
    outer loop
      vertex 4.35 45.6 14.7
      vertex 4.35727 45.4891 21.7
      vertex 4.35727 45.4891 14.7
    endloop
  endfacet
  facet normal 0.980805 0.194992 0
    outer loop
      vertex 4.37896 45.38 21.7
      vertex 4.35727 45.4891 14.7
      vertex 4.35727 45.4891 21.7
    endloop
  endfacet
  facet normal 0.980805 0.194992 0
    outer loop
      vertex 4.35727 45.4891 14.7
      vertex 4.37896 45.38 21.7
      vertex 4.37896 45.38 14.7
    endloop
  endfacet
  facet normal 0.946943 0.321403 0
    outer loop
      vertex 4.4147 45.2747 21.7
      vertex 4.37896 45.38 14.7
      vertex 4.37896 45.38 21.7
    endloop
  endfacet
  facet normal 0.946943 0.321403 0
    outer loop
      vertex 4.37896 45.38 14.7
      vertex 4.4147 45.2747 21.7
      vertex 4.4147 45.2747 14.7
    endloop
  endfacet
  facet normal -0.659313 0.751869 0
    outer loop
      vertex 5.80104 44.999 14.7
      vertex 5.71745 44.9257 21.7
      vertex 5.80104 44.999 21.7
    endloop
  endfacet
  facet normal -0.659313 0.751869 0
    outer loop
      vertex 5.71745 44.9257 21.7
      vertex 5.80104 44.999 14.7
      vertex 5.71745 44.9257 14.7
    endloop
  endfacet
  facet normal -0.321135 0.947033 0
    outer loop
      vertex 5.52528 44.8147 14.7
      vertex 5.42 44.779 21.7
      vertex 5.52528 44.8147 21.7
    endloop
  endfacet
  facet normal -0.321135 0.947033 0
    outer loop
      vertex 5.42 44.779 21.7
      vertex 5.52528 44.8147 14.7
      vertex 5.42 44.779 14.7
    endloop
  endfacet
  facet normal -0.896825 0.442386 0
    outer loop
      vertex 5.93612 45.175 14.7
      vertex 5.9853 45.2747 21.7
      vertex 5.9853 45.2747 14.7
    endloop
  endfacet
  facet normal -0.896825 0.442386 0
    outer loop
      vertex 5.9853 45.2747 21.7
      vertex 5.93612 45.175 14.7
      vertex 5.93612 45.175 21.7
    endloop
  endfacet
  facet normal -0.831344 0.555759 0
    outer loop
      vertex 5.87435 45.0826 14.7
      vertex 5.93612 45.175 21.7
      vertex 5.93612 45.175 14.7
    endloop
  endfacet
  facet normal -0.831344 0.555759 0
    outer loop
      vertex 5.93612 45.175 21.7
      vertex 5.87435 45.0826 14.7
      vertex 5.87435 45.0826 21.7
    endloop
  endfacet
  facet normal 0.555737 0.831358 -0
    outer loop
      vertex 4.775 44.8639 14.7
      vertex 4.68255 44.9257 21.7
      vertex 4.775 44.8639 21.7
    endloop
  endfacet
  facet normal 0.555737 0.831358 0
    outer loop
      vertex 4.68255 44.9257 21.7
      vertex 4.775 44.8639 14.7
      vertex 4.68255 44.9257 14.7
    endloop
  endfacet
  facet normal 0.195165 0.98077 -0
    outer loop
      vertex 5.08905 44.7573 14.7
      vertex 4.98 44.779 21.7
      vertex 5.08905 44.7573 21.7
    endloop
  endfacet
  facet normal 0.195165 0.98077 0
    outer loop
      vertex 4.98 44.779 21.7
      vertex 5.08905 44.7573 14.7
      vertex 4.98 44.779 14.7
    endloop
  endfacet
  facet normal 0.659313 0.751869 -0
    outer loop
      vertex 4.68255 44.9257 14.7
      vertex 4.59896 44.999 21.7
      vertex 4.68255 44.9257 21.7
    endloop
  endfacet
  facet normal 0.659313 0.751869 0
    outer loop
      vertex 4.59896 44.999 21.7
      vertex 4.68255 44.9257 14.7
      vertex 4.59896 44.999 14.7
    endloop
  endfacet
  facet normal 0.831344 0.555759 0
    outer loop
      vertex 4.52565 45.0826 21.7
      vertex 4.46388 45.175 14.7
      vertex 4.46388 45.175 21.7
    endloop
  endfacet
  facet normal 0.831344 0.555759 0
    outer loop
      vertex 4.46388 45.175 14.7
      vertex 4.52565 45.0826 21.7
      vertex 4.52565 45.0826 14.7
    endloop
  endfacet
  facet normal 0.896825 0.442386 0
    outer loop
      vertex 4.46388 45.175 21.7
      vertex 4.4147 45.2747 14.7
      vertex 4.4147 45.2747 21.7
    endloop
  endfacet
  facet normal 0.896825 0.442386 0
    outer loop
      vertex 4.4147 45.2747 14.7
      vertex 4.46388 45.175 21.7
      vertex 4.46388 45.175 14.7
    endloop
  endfacet
  facet normal 0.442459 0.896789 -0
    outer loop
      vertex 4.87472 44.8147 14.7
      vertex 4.775 44.8639 21.7
      vertex 4.87472 44.8147 21.7
    endloop
  endfacet
  facet normal 0.442459 0.896789 0
    outer loop
      vertex 4.775 44.8639 21.7
      vertex 4.87472 44.8147 14.7
      vertex 4.775 44.8639 14.7
    endloop
  endfacet
  facet normal 0.0656534 0.997842 -0
    outer loop
      vertex 5.2 44.75 14.7
      vertex 5.08905 44.7573 21.7
      vertex 5.2 44.75 21.7
    endloop
  endfacet
  facet normal 0.0656534 0.997842 0
    outer loop
      vertex 5.08905 44.7573 21.7
      vertex 5.2 44.75 14.7
      vertex 5.08905 44.7573 14.7
    endloop
  endfacet
  facet normal 0.997866 0.0652929 0
    outer loop
      vertex 78 45.6 11.6
      vertex 77.9795 45.9133 1.6
      vertex 77.9795 45.9133 11.6
    endloop
  endfacet
  facet normal 0.997866 0.0652929 0
    outer loop
      vertex 77.9795 45.9133 1.6
      vertex 78 45.6 11.6
      vertex 78 45.6 1.6
    endloop
  endfacet
  facet normal 0.997866 0.0652929 0
    outer loop
      vertex 78 45.6 21.7
      vertex 77.9795 45.9133 13.1
      vertex 77.9795 45.9133 21.7
    endloop
  endfacet
  facet normal 0.997866 0.0652929 0
    outer loop
      vertex 77.9795 45.9133 13.1
      vertex 78 45.6 21.7
      vertex 78 45.6 13.1
    endloop
  endfacet
  facet normal -0.997866 0.0652929 0
    outer loop
      vertex 73.2 45.6 1.6
      vertex 73.2205 45.9133 11.6
      vertex 73.2205 45.9133 1.6
    endloop
  endfacet
  facet normal -0.997866 0.0652929 0
    outer loop
      vertex 73.2205 45.9133 11.6
      vertex 73.2 45.6 1.6
      vertex 73.2 45.6 11.6
    endloop
  endfacet
  facet normal -0.997866 0.0652929 0
    outer loop
      vertex 73.2 45.6 13.1
      vertex 73.2205 45.9133 21.7
      vertex 73.2205 45.9133 13.1
    endloop
  endfacet
  facet normal -0.997866 0.0652929 0
    outer loop
      vertex 73.2205 45.9133 21.7
      vertex 73.2 45.6 13.1
      vertex 73.2 45.6 21.7
    endloop
  endfacet
  facet normal 0.0652929 0.997866 -0
    outer loop
      vertex 75.9133 47.9795 1.6
      vertex 75.6 48 11.6
      vertex 75.9133 47.9795 11.6
    endloop
  endfacet
  facet normal 0.0652929 0.997866 0
    outer loop
      vertex 75.6 48 11.6
      vertex 75.9133 47.9795 1.6
      vertex 75.6 48 1.6
    endloop
  endfacet
  facet normal 0.0652929 0.997866 -0
    outer loop
      vertex 75.9133 47.9795 13.1
      vertex 75.6 48 21.7
      vertex 75.9133 47.9795 21.7
    endloop
  endfacet
  facet normal 0.0652929 0.997866 0
    outer loop
      vertex 75.6 48 21.7
      vertex 75.9133 47.9795 13.1
      vertex 75.6 48 13.1
    endloop
  endfacet
  facet normal -0.0652929 -0.997866 0
    outer loop
      vertex 75.2867 43.2205 1.6
      vertex 75.6 43.2 11.6
      vertex 75.2867 43.2205 11.6
    endloop
  endfacet
  facet normal -0.0652929 -0.997866 -0
    outer loop
      vertex 75.6 43.2 11.6
      vertex 75.2867 43.2205 1.6
      vertex 75.6 43.2 1.6
    endloop
  endfacet
  facet normal -0.0652929 -0.997866 0
    outer loop
      vertex 75.2867 43.2205 13.1
      vertex 75.6 43.2 21.7
      vertex 75.2867 43.2205 21.7
    endloop
  endfacet
  facet normal -0.0652929 -0.997866 -0
    outer loop
      vertex 75.6 43.2 21.7
      vertex 75.2867 43.2205 13.1
      vertex 75.6 43.2 13.1
    endloop
  endfacet
  facet normal 0.659068 0.752083 -0
    outer loop
      vertex 77.2971 47.2971 1.6
      vertex 77.061 47.504 11.6
      vertex 77.2971 47.2971 11.6
    endloop
  endfacet
  facet normal 0.659068 0.752083 0
    outer loop
      vertex 77.061 47.504 11.6
      vertex 77.2971 47.2971 1.6
      vertex 77.061 47.504 1.6
    endloop
  endfacet
  facet normal 0.659068 0.752083 -0
    outer loop
      vertex 77.2971 47.2971 13.1
      vertex 77.061 47.504 21.7
      vertex 77.2971 47.2971 21.7
    endloop
  endfacet
  facet normal 0.659068 0.752083 0
    outer loop
      vertex 77.061 47.504 21.7
      vertex 77.2971 47.2971 13.1
      vertex 77.061 47.504 13.1
    endloop
  endfacet
  facet normal -0.659068 0.752083 0
    outer loop
      vertex 74.139 47.504 1.6
      vertex 73.9029 47.2971 11.6
      vertex 74.139 47.504 11.6
    endloop
  endfacet
  facet normal -0.659068 0.752083 0
    outer loop
      vertex 73.9029 47.2971 11.6
      vertex 74.139 47.504 1.6
      vertex 73.9029 47.2971 1.6
    endloop
  endfacet
  facet normal -0.659068 0.752083 0
    outer loop
      vertex 74.139 47.504 13.1
      vertex 73.9029 47.2971 21.7
      vertex 74.139 47.504 21.7
    endloop
  endfacet
  facet normal -0.659068 0.752083 0
    outer loop
      vertex 73.9029 47.2971 21.7
      vertex 74.139 47.504 13.1
      vertex 73.9029 47.2971 13.1
    endloop
  endfacet
  facet normal -0.32148 0.946916 0
    outer loop
      vertex 74.9788 47.9182 1.6
      vertex 74.6816 47.8173 11.6
      vertex 74.9788 47.9182 11.6
    endloop
  endfacet
  facet normal -0.32148 0.946916 0
    outer loop
      vertex 74.6816 47.8173 11.6
      vertex 74.9788 47.9182 1.6
      vertex 74.6816 47.8173 1.6
    endloop
  endfacet
  facet normal -0.32148 0.946916 0
    outer loop
      vertex 74.9788 47.9182 13.1
      vertex 74.6816 47.8173 21.7
      vertex 74.9788 47.9182 21.7
    endloop
  endfacet
  facet normal -0.32148 0.946916 0
    outer loop
      vertex 74.6816 47.8173 21.7
      vertex 74.9788 47.9182 13.1
      vertex 74.6816 47.8173 13.1
    endloop
  endfacet
  facet normal 0.896961 0.44211 0
    outer loop
      vertex 77.8173 46.5184 11.6
      vertex 77.6785 46.8 1.6
      vertex 77.6785 46.8 11.6
    endloop
  endfacet
  facet normal 0.896961 0.44211 0
    outer loop
      vertex 77.6785 46.8 1.6
      vertex 77.8173 46.5184 11.6
      vertex 77.8173 46.5184 1.6
    endloop
  endfacet
  facet normal 0.896961 0.44211 0
    outer loop
      vertex 77.8173 46.5184 21.7
      vertex 77.6785 46.8 13.1
      vertex 77.6785 46.8 21.7
    endloop
  endfacet
  facet normal 0.896961 0.44211 0
    outer loop
      vertex 77.6785 46.8 13.1
      vertex 77.8173 46.5184 21.7
      vertex 77.8173 46.5184 13.1
    endloop
  endfacet
  facet normal 0.980752 0.195258 0
    outer loop
      vertex 77.9795 45.9133 11.6
      vertex 77.9182 46.2212 1.6
      vertex 77.9182 46.2212 11.6
    endloop
  endfacet
  facet normal 0.980752 0.195258 0
    outer loop
      vertex 77.9182 46.2212 1.6
      vertex 77.9795 45.9133 11.6
      vertex 77.9795 45.9133 1.6
    endloop
  endfacet
  facet normal 0.980752 0.195258 0
    outer loop
      vertex 77.9795 45.9133 21.7
      vertex 77.9182 46.2212 13.1
      vertex 77.9182 46.2212 21.7
    endloop
  endfacet
  facet normal 0.980752 0.195258 0
    outer loop
      vertex 77.9182 46.2212 13.1
      vertex 77.9795 45.9133 21.7
      vertex 77.9795 45.9133 13.1
    endloop
  endfacet
  facet normal 0.831462 0.555582 0
    outer loop
      vertex 77.6785 46.8 11.6
      vertex 77.5041 47.061 1.6
      vertex 77.5041 47.061 11.6
    endloop
  endfacet
  facet normal 0.831462 0.555582 0
    outer loop
      vertex 77.5041 47.061 1.6
      vertex 77.6785 46.8 11.6
      vertex 77.6785 46.8 1.6
    endloop
  endfacet
  facet normal 0.831462 0.555582 0
    outer loop
      vertex 77.6785 46.8 21.7
      vertex 77.5041 47.061 13.1
      vertex 77.5041 47.061 21.7
    endloop
  endfacet
  facet normal 0.831462 0.555582 0
    outer loop
      vertex 77.5041 47.061 13.1
      vertex 77.6785 46.8 21.7
      vertex 77.6785 46.8 13.1
    endloop
  endfacet
  facet normal 0.32148 0.946916 -0
    outer loop
      vertex 76.5184 47.8173 1.6
      vertex 76.2212 47.9182 11.6
      vertex 76.5184 47.8173 11.6
    endloop
  endfacet
  facet normal 0.32148 0.946916 0
    outer loop
      vertex 76.2212 47.9182 11.6
      vertex 76.5184 47.8173 1.6
      vertex 76.2212 47.9182 1.6
    endloop
  endfacet
  facet normal 0.32148 0.946916 -0
    outer loop
      vertex 76.5184 47.8173 13.1
      vertex 76.2212 47.9182 21.7
      vertex 76.5184 47.8173 21.7
    endloop
  endfacet
  facet normal 0.32148 0.946916 0
    outer loop
      vertex 76.2212 47.9182 21.7
      vertex 76.5184 47.8173 13.1
      vertex 76.2212 47.9182 13.1
    endloop
  endfacet
  facet normal 0.195258 0.980752 -0
    outer loop
      vertex 76.2212 47.9182 1.6
      vertex 75.9133 47.9795 11.6
      vertex 76.2212 47.9182 11.6
    endloop
  endfacet
  facet normal 0.195258 0.980752 0
    outer loop
      vertex 75.9133 47.9795 11.6
      vertex 76.2212 47.9182 1.6
      vertex 75.9133 47.9795 1.6
    endloop
  endfacet
  facet normal 0.195258 0.980752 -0
    outer loop
      vertex 76.2212 47.9182 13.1
      vertex 75.9133 47.9795 21.7
      vertex 76.2212 47.9182 21.7
    endloop
  endfacet
  facet normal 0.195258 0.980752 0
    outer loop
      vertex 75.9133 47.9795 21.7
      vertex 76.2212 47.9182 13.1
      vertex 75.9133 47.9795 13.1
    endloop
  endfacet
  facet normal 0.555802 0.831315 -0
    outer loop
      vertex 77.061 47.504 1.6
      vertex 76.8 47.6785 11.6
      vertex 77.061 47.504 11.6
    endloop
  endfacet
  facet normal 0.555802 0.831315 0
    outer loop
      vertex 76.8 47.6785 11.6
      vertex 77.061 47.504 1.6
      vertex 76.8 47.6785 1.6
    endloop
  endfacet
  facet normal 0.555802 0.831315 -0
    outer loop
      vertex 77.061 47.504 13.1
      vertex 76.8 47.6785 21.7
      vertex 77.061 47.504 21.7
    endloop
  endfacet
  facet normal 0.555802 0.831315 0
    outer loop
      vertex 76.8 47.6785 21.7
      vertex 77.061 47.504 13.1
      vertex 76.8 47.6785 13.1
    endloop
  endfacet
  facet normal -0.831315 0.555802 0
    outer loop
      vertex 73.5215 46.8 1.6
      vertex 73.696 47.061 11.6
      vertex 73.696 47.061 1.6
    endloop
  endfacet
  facet normal -0.831315 0.555802 0
    outer loop
      vertex 73.696 47.061 11.6
      vertex 73.5215 46.8 1.6
      vertex 73.5215 46.8 11.6
    endloop
  endfacet
  facet normal -0.831315 0.555802 0
    outer loop
      vertex 73.5215 46.8 13.1
      vertex 73.696 47.061 21.7
      vertex 73.696 47.061 13.1
    endloop
  endfacet
  facet normal -0.831315 0.555802 0
    outer loop
      vertex 73.696 47.061 21.7
      vertex 73.5215 46.8 13.1
      vertex 73.5215 46.8 21.7
    endloop
  endfacet
  facet normal -0.752083 0.659068 0
    outer loop
      vertex 73.696 47.061 1.6
      vertex 73.9029 47.2971 11.6
      vertex 73.9029 47.2971 1.6
    endloop
  endfacet
  facet normal -0.752083 0.659068 0
    outer loop
      vertex 73.9029 47.2971 11.6
      vertex 73.696 47.061 1.6
      vertex 73.696 47.061 11.6
    endloop
  endfacet
  facet normal -0.752083 0.659068 0
    outer loop
      vertex 73.696 47.061 13.1
      vertex 73.9029 47.2971 21.7
      vertex 73.9029 47.2971 13.1
    endloop
  endfacet
  facet normal -0.752083 0.659068 0
    outer loop
      vertex 73.9029 47.2971 21.7
      vertex 73.696 47.061 13.1
      vertex 73.696 47.061 21.7
    endloop
  endfacet
  facet normal -0.946916 0.32148 0
    outer loop
      vertex 73.2818 46.2212 1.6
      vertex 73.3827 46.5184 11.6
      vertex 73.3827 46.5184 1.6
    endloop
  endfacet
  facet normal -0.946916 0.32148 0
    outer loop
      vertex 73.3827 46.5184 11.6
      vertex 73.2818 46.2212 1.6
      vertex 73.2818 46.2212 11.6
    endloop
  endfacet
  facet normal -0.946916 0.32148 0
    outer loop
      vertex 73.2818 46.2212 13.1
      vertex 73.3827 46.5184 21.7
      vertex 73.3827 46.5184 13.1
    endloop
  endfacet
  facet normal -0.946916 0.32148 0
    outer loop
      vertex 73.3827 46.5184 21.7
      vertex 73.2818 46.2212 13.1
      vertex 73.2818 46.2212 21.7
    endloop
  endfacet
  facet normal -0.555802 0.831315 0
    outer loop
      vertex 74.4 47.6785 1.6
      vertex 74.139 47.504 11.6
      vertex 74.4 47.6785 11.6
    endloop
  endfacet
  facet normal -0.555802 0.831315 0
    outer loop
      vertex 74.139 47.504 11.6
      vertex 74.4 47.6785 1.6
      vertex 74.139 47.504 1.6
    endloop
  endfacet
  facet normal -0.555802 0.831315 0
    outer loop
      vertex 74.4 47.6785 13.1
      vertex 74.139 47.504 21.7
      vertex 74.4 47.6785 21.7
    endloop
  endfacet
  facet normal -0.555802 0.831315 0
    outer loop
      vertex 74.139 47.504 21.7
      vertex 74.4 47.6785 13.1
      vertex 74.139 47.504 13.1
    endloop
  endfacet
  facet normal -0.195258 0.980752 0
    outer loop
      vertex 75.2867 47.9795 1.6
      vertex 74.9788 47.9182 11.6
      vertex 75.2867 47.9795 11.6
    endloop
  endfacet
  facet normal -0.195258 0.980752 0
    outer loop
      vertex 74.9788 47.9182 11.6
      vertex 75.2867 47.9795 1.6
      vertex 74.9788 47.9182 1.6
    endloop
  endfacet
  facet normal -0.195258 0.980752 0
    outer loop
      vertex 75.2867 47.9795 13.1
      vertex 74.9788 47.9182 21.7
      vertex 75.2867 47.9795 21.7
    endloop
  endfacet
  facet normal -0.195258 0.980752 0
    outer loop
      vertex 74.9788 47.9182 21.7
      vertex 75.2867 47.9795 13.1
      vertex 74.9788 47.9182 13.1
    endloop
  endfacet
  facet normal 0.946916 -0.32148 0
    outer loop
      vertex 77.8173 44.6816 11.6
      vertex 77.9182 44.9788 1.6
      vertex 77.9182 44.9788 11.6
    endloop
  endfacet
  facet normal 0.946916 -0.32148 0
    outer loop
      vertex 77.9182 44.9788 1.6
      vertex 77.8173 44.6816 11.6
      vertex 77.8173 44.6816 1.6
    endloop
  endfacet
  facet normal 0.946916 -0.32148 0
    outer loop
      vertex 77.8173 44.6816 21.7
      vertex 77.9182 44.9788 13.1
      vertex 77.9182 44.9788 21.7
    endloop
  endfacet
  facet normal 0.946916 -0.32148 0
    outer loop
      vertex 77.9182 44.9788 13.1
      vertex 77.8173 44.6816 21.7
      vertex 77.8173 44.6816 13.1
    endloop
  endfacet
  facet normal 0.32148 -0.946916 0
    outer loop
      vertex 76.2212 43.2818 1.6
      vertex 76.5184 43.3827 11.6
      vertex 76.2212 43.2818 11.6
    endloop
  endfacet
  facet normal 0.32148 -0.946916 0
    outer loop
      vertex 76.5184 43.3827 11.6
      vertex 76.2212 43.2818 1.6
      vertex 76.5184 43.3827 1.6
    endloop
  endfacet
  facet normal 0.32148 -0.946916 0
    outer loop
      vertex 76.2212 43.2818 13.1
      vertex 76.5184 43.3827 21.7
      vertex 76.2212 43.2818 21.7
    endloop
  endfacet
  facet normal 0.32148 -0.946916 0
    outer loop
      vertex 76.5184 43.3827 21.7
      vertex 76.2212 43.2818 13.1
      vertex 76.5184 43.3827 13.1
    endloop
  endfacet
  facet normal 0.751925 -0.659248 0
    outer loop
      vertex 77.2971 43.9029 11.6
      vertex 77.5041 44.139 1.6
      vertex 77.5041 44.139 11.6
    endloop
  endfacet
  facet normal 0.751925 -0.659248 0
    outer loop
      vertex 77.5041 44.139 1.6
      vertex 77.2971 43.9029 11.6
      vertex 77.2971 43.9029 1.6
    endloop
  endfacet
  facet normal 0.751925 -0.659248 0
    outer loop
      vertex 77.2971 43.9029 21.7
      vertex 77.5041 44.139 13.1
      vertex 77.5041 44.139 21.7
    endloop
  endfacet
  facet normal 0.751925 -0.659248 0
    outer loop
      vertex 77.5041 44.139 13.1
      vertex 77.2971 43.9029 21.7
      vertex 77.2971 43.9029 13.1
    endloop
  endfacet
  facet normal 0.555802 -0.831315 0
    outer loop
      vertex 76.8 43.5215 1.6
      vertex 77.061 43.696 11.6
      vertex 76.8 43.5215 11.6
    endloop
  endfacet
  facet normal 0.555802 -0.831315 0
    outer loop
      vertex 77.061 43.696 11.6
      vertex 76.8 43.5215 1.6
      vertex 77.061 43.696 1.6
    endloop
  endfacet
  facet normal 0.555802 -0.831315 0
    outer loop
      vertex 76.8 43.5215 13.1
      vertex 77.061 43.696 21.7
      vertex 76.8 43.5215 21.7
    endloop
  endfacet
  facet normal 0.555802 -0.831315 0
    outer loop
      vertex 77.061 43.696 21.7
      vertex 76.8 43.5215 13.1
      vertex 77.061 43.696 13.1
    endloop
  endfacet
  facet normal -0.659068 -0.752083 0
    outer loop
      vertex 73.9029 43.9029 1.6
      vertex 74.139 43.696 11.6
      vertex 73.9029 43.9029 11.6
    endloop
  endfacet
  facet normal -0.659068 -0.752083 -0
    outer loop
      vertex 74.139 43.696 11.6
      vertex 73.9029 43.9029 1.6
      vertex 74.139 43.696 1.6
    endloop
  endfacet
  facet normal -0.659068 -0.752083 0
    outer loop
      vertex 73.9029 43.9029 13.1
      vertex 74.139 43.696 21.7
      vertex 73.9029 43.9029 21.7
    endloop
  endfacet
  facet normal -0.659068 -0.752083 -0
    outer loop
      vertex 74.139 43.696 21.7
      vertex 73.9029 43.9029 13.1
      vertex 74.139 43.696 13.1
    endloop
  endfacet
  facet normal -0.32148 -0.946916 0
    outer loop
      vertex 74.6816 43.3827 13.1
      vertex 74.9788 43.2818 21.7
      vertex 74.6816 43.3827 21.7
    endloop
  endfacet
  facet normal -0.32148 -0.946916 -0
    outer loop
      vertex 74.9788 43.2818 21.7
      vertex 74.6816 43.3827 13.1
      vertex 74.9788 43.2818 13.1
    endloop
  endfacet
  facet normal -0.32148 -0.946916 0
    outer loop
      vertex 74.6816 43.3827 1.6
      vertex 74.9788 43.2818 11.6
      vertex 74.6816 43.3827 11.6
    endloop
  endfacet
  facet normal -0.32148 -0.946916 -0
    outer loop
      vertex 74.9788 43.2818 11.6
      vertex 74.6816 43.3827 1.6
      vertex 74.9788 43.2818 1.6
    endloop
  endfacet
  facet normal -0.752083 -0.659068 0
    outer loop
      vertex 73.9029 43.9029 1.6
      vertex 73.696 44.139 11.6
      vertex 73.696 44.139 1.6
    endloop
  endfacet
  facet normal -0.752083 -0.659068 0
    outer loop
      vertex 73.696 44.139 11.6
      vertex 73.9029 43.9029 1.6
      vertex 73.9029 43.9029 11.6
    endloop
  endfacet
  facet normal -0.752083 -0.659068 0
    outer loop
      vertex 73.9029 43.9029 13.1
      vertex 73.696 44.139 21.7
      vertex 73.696 44.139 13.1
    endloop
  endfacet
  facet normal -0.752083 -0.659068 0
    outer loop
      vertex 73.696 44.139 21.7
      vertex 73.9029 43.9029 13.1
      vertex 73.9029 43.9029 21.7
    endloop
  endfacet
  facet normal 0 0 -1
    outer loop
      vertex 77.9795 45.2867 1.6
      vertex 77.9795 45.9133 1.6
      vertex 78 45.6 1.6
    endloop
  endfacet
  facet normal 0 0 -1
    outer loop
      vertex 77.9182 44.9788 1.6
      vertex 77.9795 45.9133 1.6
      vertex 77.9795 45.2867 1.6
    endloop
  endfacet
  facet normal 0 0 -1
    outer loop
      vertex 77.9182 44.9788 1.6
      vertex 77.9182 46.2212 1.6
      vertex 77.9795 45.9133 1.6
    endloop
  endfacet
  facet normal 0 0 -1
    outer loop
      vertex 77.8173 44.6816 1.6
      vertex 77.9182 46.2212 1.6
      vertex 77.9182 44.9788 1.6
    endloop
  endfacet
  facet normal 0 0 -1
    outer loop
      vertex 77.8173 44.6816 1.6
      vertex 77.8173 46.5184 1.6
      vertex 77.9182 46.2212 1.6
    endloop
  endfacet
  facet normal 0 0 -1
    outer loop
      vertex 77.6785 44.4 1.6
      vertex 77.8173 46.5184 1.6
      vertex 77.8173 44.6816 1.6
    endloop
  endfacet
  facet normal 0 0 -1
    outer loop
      vertex 77.6785 44.4 1.6
      vertex 77.6785 46.8 1.6
      vertex 77.8173 46.5184 1.6
    endloop
  endfacet
  facet normal 0 0 -1
    outer loop
      vertex 77.5041 44.139 1.6
      vertex 77.6785 46.8 1.6
      vertex 77.6785 44.4 1.6
    endloop
  endfacet
  facet normal 0 0 -1
    outer loop
      vertex 77.5041 44.139 1.6
      vertex 77.5041 47.061 1.6
      vertex 77.6785 46.8 1.6
    endloop
  endfacet
  facet normal 0 0 -1
    outer loop
      vertex 77.2971 43.9029 1.6
      vertex 77.5041 47.061 1.6
      vertex 77.5041 44.139 1.6
    endloop
  endfacet
  facet normal 0 0 -1
    outer loop
      vertex 77.2971 43.9029 1.6
      vertex 77.2971 47.2971 1.6
      vertex 77.5041 47.061 1.6
    endloop
  endfacet
  facet normal 0 0 -1
    outer loop
      vertex 77.061 43.696 1.6
      vertex 77.2971 47.2971 1.6
      vertex 77.2971 43.9029 1.6
    endloop
  endfacet
  facet normal 0 0 -1
    outer loop
      vertex 77.061 43.696 1.6
      vertex 77.061 47.504 1.6
      vertex 77.2971 47.2971 1.6
    endloop
  endfacet
  facet normal 0 0 -1
    outer loop
      vertex 76.8 43.5215 1.6
      vertex 77.061 47.504 1.6
      vertex 77.061 43.696 1.6
    endloop
  endfacet
  facet normal 0 0 -1
    outer loop
      vertex 76.8 43.5215 1.6
      vertex 76.8 47.6785 1.6
      vertex 77.061 47.504 1.6
    endloop
  endfacet
  facet normal 0 0 -1
    outer loop
      vertex 76.5184 43.3827 1.6
      vertex 76.8 47.6785 1.6
      vertex 76.8 43.5215 1.6
    endloop
  endfacet
  facet normal 0 0 -1
    outer loop
      vertex 76.5184 43.3827 1.6
      vertex 76.5184 47.8173 1.6
      vertex 76.8 47.6785 1.6
    endloop
  endfacet
  facet normal 0 0 -1
    outer loop
      vertex 76.2212 43.2818 1.6
      vertex 76.5184 47.8173 1.6
      vertex 76.5184 43.3827 1.6
    endloop
  endfacet
  facet normal 0 0 -1
    outer loop
      vertex 76.2212 43.2818 1.6
      vertex 76.2212 47.9182 1.6
      vertex 76.5184 47.8173 1.6
    endloop
  endfacet
  facet normal 0 0 -1
    outer loop
      vertex 75.9133 43.2205 1.6
      vertex 76.2212 47.9182 1.6
      vertex 76.2212 43.2818 1.6
    endloop
  endfacet
  facet normal 0 0 -1
    outer loop
      vertex 75.9133 43.2205 1.6
      vertex 75.9133 47.9795 1.6
      vertex 76.2212 47.9182 1.6
    endloop
  endfacet
  facet normal 0 0 -1
    outer loop
      vertex 75.6 43.2 1.6
      vertex 75.9133 47.9795 1.6
      vertex 75.9133 43.2205 1.6
    endloop
  endfacet
  facet normal 0 0 -1
    outer loop
      vertex 75.6 43.2 1.6
      vertex 75.6 48 1.6
      vertex 75.9133 47.9795 1.6
    endloop
  endfacet
  facet normal 0 0 -1
    outer loop
      vertex 75.2867 43.2205 1.6
      vertex 75.6 48 1.6
      vertex 75.6 43.2 1.6
    endloop
  endfacet
  facet normal 0 0 -1
    outer loop
      vertex 75.2867 43.2205 1.6
      vertex 75.2867 47.9795 1.6
      vertex 75.6 48 1.6
    endloop
  endfacet
  facet normal 0 0 -1
    outer loop
      vertex 74.9788 43.2818 1.6
      vertex 75.2867 47.9795 1.6
      vertex 75.2867 43.2205 1.6
    endloop
  endfacet
  facet normal 0 0 -1
    outer loop
      vertex 74.9788 43.2818 1.6
      vertex 74.9788 47.9182 1.6
      vertex 75.2867 47.9795 1.6
    endloop
  endfacet
  facet normal 0 0 -1
    outer loop
      vertex 74.6816 43.3827 1.6
      vertex 74.9788 47.9182 1.6
      vertex 74.9788 43.2818 1.6
    endloop
  endfacet
  facet normal 0 0 -1
    outer loop
      vertex 74.6816 43.3827 1.6
      vertex 74.6816 47.8173 1.6
      vertex 74.9788 47.9182 1.6
    endloop
  endfacet
  facet normal 0 0 -1
    outer loop
      vertex 74.4 43.5215 1.6
      vertex 74.6816 47.8173 1.6
      vertex 74.6816 43.3827 1.6
    endloop
  endfacet
  facet normal 0 0 -1
    outer loop
      vertex 74.4 43.5215 1.6
      vertex 74.4 47.6785 1.6
      vertex 74.6816 47.8173 1.6
    endloop
  endfacet
  facet normal 0 0 -1
    outer loop
      vertex 74.139 43.696 1.6
      vertex 74.4 47.6785 1.6
      vertex 74.4 43.5215 1.6
    endloop
  endfacet
  facet normal 0 0 -1
    outer loop
      vertex 74.139 43.696 1.6
      vertex 74.139 47.504 1.6
      vertex 74.4 47.6785 1.6
    endloop
  endfacet
  facet normal 0 0 -1
    outer loop
      vertex 73.9029 43.9029 1.6
      vertex 74.139 47.504 1.6
      vertex 74.139 43.696 1.6
    endloop
  endfacet
  facet normal 0 0 -1
    outer loop
      vertex 73.9029 43.9029 1.6
      vertex 73.9029 47.2971 1.6
      vertex 74.139 47.504 1.6
    endloop
  endfacet
  facet normal 0 0 -1
    outer loop
      vertex 73.696 44.139 1.6
      vertex 73.9029 47.2971 1.6
      vertex 73.9029 43.9029 1.6
    endloop
  endfacet
  facet normal 0 0 -1
    outer loop
      vertex 73.696 44.139 1.6
      vertex 73.696 47.061 1.6
      vertex 73.9029 47.2971 1.6
    endloop
  endfacet
  facet normal 0 0 -1
    outer loop
      vertex 73.5215 44.4 1.6
      vertex 73.696 47.061 1.6
      vertex 73.696 44.139 1.6
    endloop
  endfacet
  facet normal 0 0 -1
    outer loop
      vertex 73.5215 44.4 1.6
      vertex 73.5215 46.8 1.6
      vertex 73.696 47.061 1.6
    endloop
  endfacet
  facet normal 0 0 -1
    outer loop
      vertex 73.3827 44.6816 1.6
      vertex 73.5215 46.8 1.6
      vertex 73.5215 44.4 1.6
    endloop
  endfacet
  facet normal 0 0 -1
    outer loop
      vertex 73.3827 44.6816 1.6
      vertex 73.3827 46.5184 1.6
      vertex 73.5215 46.8 1.6
    endloop
  endfacet
  facet normal 0 0 -1
    outer loop
      vertex 73.2818 44.9788 1.6
      vertex 73.3827 46.5184 1.6
      vertex 73.3827 44.6816 1.6
    endloop
  endfacet
  facet normal 0 0 -1
    outer loop
      vertex 73.2818 44.9788 1.6
      vertex 73.2818 46.2212 1.6
      vertex 73.3827 46.5184 1.6
    endloop
  endfacet
  facet normal 0 0 -1
    outer loop
      vertex 73.2205 45.2867 1.6
      vertex 73.2818 46.2212 1.6
      vertex 73.2818 44.9788 1.6
    endloop
  endfacet
  facet normal 0 0 -1
    outer loop
      vertex 73.2205 45.2867 1.6
      vertex 73.2205 45.9133 1.6
      vertex 73.2818 46.2212 1.6
    endloop
  endfacet
  facet normal 0 -0 -1
    outer loop
      vertex 73.2205 45.9133 1.6
      vertex 73.2205 45.2867 1.6
      vertex 73.2 45.6 1.6
    endloop
  endfacet
  facet normal 0.946916 0.32148 0
    outer loop
      vertex 77.9182 46.2212 21.7
      vertex 77.8173 46.5184 13.1
      vertex 77.8173 46.5184 21.7
    endloop
  endfacet
  facet normal 0.946916 0.32148 0
    outer loop
      vertex 77.8173 46.5184 13.1
      vertex 77.9182 46.2212 21.7
      vertex 77.9182 46.2212 13.1
    endloop
  endfacet
  facet normal 0.946916 0.32148 0
    outer loop
      vertex 77.9182 46.2212 11.6
      vertex 77.8173 46.5184 1.6
      vertex 77.8173 46.5184 11.6
    endloop
  endfacet
  facet normal 0.946916 0.32148 0
    outer loop
      vertex 77.8173 46.5184 1.6
      vertex 77.9182 46.2212 11.6
      vertex 77.9182 46.2212 1.6
    endloop
  endfacet
  facet normal -0.896961 0.44211 0
    outer loop
      vertex 73.3827 46.5184 1.6
      vertex 73.5215 46.8 11.6
      vertex 73.5215 46.8 1.6
    endloop
  endfacet
  facet normal -0.896961 0.44211 0
    outer loop
      vertex 73.5215 46.8 11.6
      vertex 73.3827 46.5184 1.6
      vertex 73.3827 46.5184 11.6
    endloop
  endfacet
  facet normal -0.896961 0.44211 0
    outer loop
      vertex 73.3827 46.5184 13.1
      vertex 73.5215 46.8 21.7
      vertex 73.5215 46.8 13.1
    endloop
  endfacet
  facet normal -0.896961 0.44211 0
    outer loop
      vertex 73.5215 46.8 21.7
      vertex 73.3827 46.5184 13.1
      vertex 73.3827 46.5184 21.7
    endloop
  endfacet
  facet normal -0.980752 0.195258 0
    outer loop
      vertex 73.2205 45.9133 1.6
      vertex 73.2818 46.2212 11.6
      vertex 73.2818 46.2212 1.6
    endloop
  endfacet
  facet normal -0.980752 0.195258 0
    outer loop
      vertex 73.2818 46.2212 11.6
      vertex 73.2205 45.9133 1.6
      vertex 73.2205 45.9133 11.6
    endloop
  endfacet
  facet normal -0.980752 0.195258 0
    outer loop
      vertex 73.2205 45.9133 13.1
      vertex 73.2818 46.2212 21.7
      vertex 73.2818 46.2212 13.1
    endloop
  endfacet
  facet normal -0.980752 0.195258 0
    outer loop
      vertex 73.2818 46.2212 21.7
      vertex 73.2205 45.9133 13.1
      vertex 73.2205 45.9133 21.7
    endloop
  endfacet
  facet normal 0 0 1
    outer loop
      vertex 76.45 45.6 21.7
      vertex 78 45.6 21.7
      vertex 77.9795 45.9133 21.7
    endloop
  endfacet
  facet normal 0 0 1
    outer loop
      vertex 76.4427 45.7109 21.7
      vertex 77.9795 45.9133 21.7
      vertex 77.9182 46.2212 21.7
    endloop
  endfacet
  facet normal 0 0 1
    outer loop
      vertex 78 45.6 21.7
      vertex 76.45 45.6 21.7
      vertex 77.9795 45.2867 21.7
    endloop
  endfacet
  facet normal 0 0 1
    outer loop
      vertex 76.421 45.82 21.7
      vertex 77.9182 46.2212 21.7
      vertex 77.8173 46.5184 21.7
    endloop
  endfacet
  facet normal -0 0 1
    outer loop
      vertex 76.4427 45.4891 21.7
      vertex 77.9795 45.2867 21.7
      vertex 76.45 45.6 21.7
    endloop
  endfacet
  facet normal 0 0 1
    outer loop
      vertex 76.3853 45.9253 21.7
      vertex 77.8173 46.5184 21.7
      vertex 77.6785 46.8 21.7
    endloop
  endfacet
  facet normal 0 0 1
    outer loop
      vertex 77.9795 45.2867 21.7
      vertex 76.4427 45.4891 21.7
      vertex 77.9182 44.9788 21.7
    endloop
  endfacet
  facet normal 0 0 1
    outer loop
      vertex 76.3361 46.025 21.7
      vertex 77.6785 46.8 21.7
      vertex 77.5041 47.061 21.7
    endloop
  endfacet
  facet normal -0 0 1
    outer loop
      vertex 76.421 45.38 21.7
      vertex 77.9182 44.9788 21.7
      vertex 76.4427 45.4891 21.7
    endloop
  endfacet
  facet normal 0 0 1
    outer loop
      vertex 76.2744 46.1174 21.7
      vertex 77.5041 47.061 21.7
      vertex 77.2971 47.2971 21.7
    endloop
  endfacet
  facet normal 0 0 1
    outer loop
      vertex 77.9182 44.9788 21.7
      vertex 76.421 45.38 21.7
      vertex 77.8173 44.6816 21.7
    endloop
  endfacet
  facet normal 0 0 1
    outer loop
      vertex 76.201 46.201 21.7
      vertex 77.2971 47.2971 21.7
      vertex 77.061 47.504 21.7
    endloop
  endfacet
  facet normal -0 0 1
    outer loop
      vertex 76.3853 45.2747 21.7
      vertex 77.8173 44.6816 21.7
      vertex 76.421 45.38 21.7
    endloop
  endfacet
  facet normal 0 0 1
    outer loop
      vertex 76.1174 46.2743 21.7
      vertex 77.061 47.504 21.7
      vertex 76.8 47.6785 21.7
    endloop
  endfacet
  facet normal 0 0 1
    outer loop
      vertex 77.8173 44.6816 21.7
      vertex 76.3853 45.2747 21.7
      vertex 77.6785 44.4 21.7
    endloop
  endfacet
  facet normal 0 0 1
    outer loop
      vertex 76.025 46.3361 21.7
      vertex 76.8 47.6785 21.7
      vertex 76.5184 47.8173 21.7
    endloop
  endfacet
  facet normal -0 0 1
    outer loop
      vertex 76.3361 45.175 21.7
      vertex 77.6785 44.4 21.7
      vertex 76.3853 45.2747 21.7
    endloop
  endfacet
  facet normal 0 0 1
    outer loop
      vertex 77.6785 44.4 21.7
      vertex 76.3361 45.175 21.7
      vertex 77.5041 44.139 21.7
    endloop
  endfacet
  facet normal 0 0 1
    outer loop
      vertex 77.9795 45.9133 21.7
      vertex 76.4427 45.7109 21.7
      vertex 76.45 45.6 21.7
    endloop
  endfacet
  facet normal 0 0 1
    outer loop
      vertex 77.9182 46.2212 21.7
      vertex 76.421 45.82 21.7
      vertex 76.4427 45.7109 21.7
    endloop
  endfacet
  facet normal 0 0 1
    outer loop
      vertex 77.8173 46.5184 21.7
      vertex 76.3853 45.9253 21.7
      vertex 76.421 45.82 21.7
    endloop
  endfacet
  facet normal 0 0 1
    outer loop
      vertex 77.6785 46.8 21.7
      vertex 76.3361 46.025 21.7
      vertex 76.3853 45.9253 21.7
    endloop
  endfacet
  facet normal 0 0 1
    outer loop
      vertex 77.5041 47.061 21.7
      vertex 76.2744 46.1174 21.7
      vertex 76.3361 46.025 21.7
    endloop
  endfacet
  facet normal 0 0 1
    outer loop
      vertex 75.9253 46.3853 21.7
      vertex 76.5184 47.8173 21.7
      vertex 76.2212 47.9182 21.7
    endloop
  endfacet
  facet normal 0 0 1
    outer loop
      vertex 77.2971 47.2971 21.7
      vertex 76.201 46.201 21.7
      vertex 76.2744 46.1174 21.7
    endloop
  endfacet
  facet normal 0 0 1
    outer loop
      vertex 77.061 47.504 21.7
      vertex 76.1174 46.2743 21.7
      vertex 76.201 46.201 21.7
    endloop
  endfacet
  facet normal 0 0 1
    outer loop
      vertex 76.8 47.6785 21.7
      vertex 76.025 46.3361 21.7
      vertex 76.1174 46.2743 21.7
    endloop
  endfacet
  facet normal 0 0 1
    outer loop
      vertex 76.5184 47.8173 21.7
      vertex 75.9253 46.3853 21.7
      vertex 76.025 46.3361 21.7
    endloop
  endfacet
  facet normal 0 0 1
    outer loop
      vertex 75.82 46.421 21.7
      vertex 76.2212 47.9182 21.7
      vertex 75.9133 47.9795 21.7
    endloop
  endfacet
  facet normal 0 0 1
    outer loop
      vertex 76.2212 47.9182 21.7
      vertex 75.82 46.421 21.7
      vertex 75.9253 46.3853 21.7
    endloop
  endfacet
  facet normal 0 0 1
    outer loop
      vertex 75.9133 47.9795 21.7
      vertex 75.7109 46.4427 21.7
      vertex 75.82 46.421 21.7
    endloop
  endfacet
  facet normal 0 0 1
    outer loop
      vertex 75.6 48 21.7
      vertex 75.7109 46.4427 21.7
      vertex 75.9133 47.9795 21.7
    endloop
  endfacet
  facet normal 0 0 1
    outer loop
      vertex 75.6 48 21.7
      vertex 75.6 46.45 21.7
      vertex 75.7109 46.4427 21.7
    endloop
  endfacet
  facet normal 0 0 1
    outer loop
      vertex 75.6 48 21.7
      vertex 75.4891 46.4427 21.7
      vertex 75.6 46.45 21.7
    endloop
  endfacet
  facet normal -0 0 1
    outer loop
      vertex 75.2867 47.9795 21.7
      vertex 75.4891 46.4427 21.7
      vertex 75.6 48 21.7
    endloop
  endfacet
  facet normal 0 0 1
    outer loop
      vertex 75.4891 46.4427 21.7
      vertex 75.2867 47.9795 21.7
      vertex 75.38 46.421 21.7
    endloop
  endfacet
  facet normal -0 0 1
    outer loop
      vertex 74.9788 47.9182 21.7
      vertex 75.38 46.421 21.7
      vertex 75.2867 47.9795 21.7
    endloop
  endfacet
  facet normal 0 0 1
    outer loop
      vertex 75.38 46.421 21.7
      vertex 74.9788 47.9182 21.7
      vertex 75.2747 46.3853 21.7
    endloop
  endfacet
  facet normal -0 0 1
    outer loop
      vertex 74.6816 47.8173 21.7
      vertex 75.2747 46.3853 21.7
      vertex 74.9788 47.9182 21.7
    endloop
  endfacet
  facet normal 0 0 1
    outer loop
      vertex 75.2747 46.3853 21.7
      vertex 74.6816 47.8173 21.7
      vertex 75.175 46.3361 21.7
    endloop
  endfacet
  facet normal -0 0 1
    outer loop
      vertex 74.4 47.6785 21.7
      vertex 75.175 46.3361 21.7
      vertex 74.6816 47.8173 21.7
    endloop
  endfacet
  facet normal 0 0 1
    outer loop
      vertex 75.175 46.3361 21.7
      vertex 74.4 47.6785 21.7
      vertex 75.0826 46.2743 21.7
    endloop
  endfacet
  facet normal -0 0 1
    outer loop
      vertex 74.139 47.504 21.7
      vertex 75.0826 46.2743 21.7
      vertex 74.4 47.6785 21.7
    endloop
  endfacet
  facet normal 0 0 1
    outer loop
      vertex 75.0826 46.2743 21.7
      vertex 74.139 47.504 21.7
      vertex 74.999 46.201 21.7
    endloop
  endfacet
  facet normal -0 0 1
    outer loop
      vertex 73.9029 47.2971 21.7
      vertex 74.999 46.201 21.7
      vertex 74.139 47.504 21.7
    endloop
  endfacet
  facet normal 0 0 1
    outer loop
      vertex 74.999 46.201 21.7
      vertex 73.9029 47.2971 21.7
      vertex 74.9257 46.1174 21.7
    endloop
  endfacet
  facet normal 0 0 1
    outer loop
      vertex 74.9257 46.1174 21.7
      vertex 73.696 47.061 21.7
      vertex 74.8639 46.025 21.7
    endloop
  endfacet
  facet normal -0 0 1
    outer loop
      vertex 73.696 47.061 21.7
      vertex 74.9257 46.1174 21.7
      vertex 73.9029 47.2971 21.7
    endloop
  endfacet
  facet normal -0 0 1
    outer loop
      vertex 76.2744 45.0826 21.7
      vertex 77.5041 44.139 21.7
      vertex 76.3361 45.175 21.7
    endloop
  endfacet
  facet normal 0 0 1
    outer loop
      vertex 77.5041 44.139 21.7
      vertex 76.2744 45.0826 21.7
      vertex 77.2971 43.9029 21.7
    endloop
  endfacet
  facet normal -0 0 1
    outer loop
      vertex 76.201 44.999 21.7
      vertex 77.2971 43.9029 21.7
      vertex 76.2744 45.0826 21.7
    endloop
  endfacet
  facet normal 0 0 1
    outer loop
      vertex 77.2971 43.9029 21.7
      vertex 76.201 44.999 21.7
      vertex 77.061 43.696 21.7
    endloop
  endfacet
  facet normal -0 0 1
    outer loop
      vertex 76.1174 44.9257 21.7
      vertex 77.061 43.696 21.7
      vertex 76.201 44.999 21.7
    endloop
  endfacet
  facet normal 0 0 1
    outer loop
      vertex 77.061 43.696 21.7
      vertex 76.1174 44.9257 21.7
      vertex 76.8 43.5215 21.7
    endloop
  endfacet
  facet normal -0 0 1
    outer loop
      vertex 76.025 44.8639 21.7
      vertex 76.8 43.5215 21.7
      vertex 76.1174 44.9257 21.7
    endloop
  endfacet
  facet normal 0 0 1
    outer loop
      vertex 76.8 43.5215 21.7
      vertex 76.025 44.8639 21.7
      vertex 76.5184 43.3827 21.7
    endloop
  endfacet
  facet normal -0 0 1
    outer loop
      vertex 75.9253 44.8147 21.7
      vertex 76.5184 43.3827 21.7
      vertex 76.025 44.8639 21.7
    endloop
  endfacet
  facet normal 0 0 1
    outer loop
      vertex 76.5184 43.3827 21.7
      vertex 75.9253 44.8147 21.7
      vertex 76.2212 43.2818 21.7
    endloop
  endfacet
  facet normal -0 0 1
    outer loop
      vertex 75.82 44.779 21.7
      vertex 76.2212 43.2818 21.7
      vertex 75.9253 44.8147 21.7
    endloop
  endfacet
  facet normal 0 0 1
    outer loop
      vertex 76.2212 43.2818 21.7
      vertex 75.82 44.779 21.7
      vertex 75.9133 43.2205 21.7
    endloop
  endfacet
  facet normal -0 0 1
    outer loop
      vertex 75.7109 44.7573 21.7
      vertex 75.9133 43.2205 21.7
      vertex 75.82 44.779 21.7
    endloop
  endfacet
  facet normal -0 0 1
    outer loop
      vertex 75.6 44.75 21.7
      vertex 75.9133 43.2205 21.7
      vertex 75.7109 44.7573 21.7
    endloop
  endfacet
  facet normal 0 0 1
    outer loop
      vertex 75.6 44.75 21.7
      vertex 75.6 43.2 21.7
      vertex 75.9133 43.2205 21.7
    endloop
  endfacet
  facet normal 0 0 1
    outer loop
      vertex 75.4891 44.7573 21.7
      vertex 75.6 43.2 21.7
      vertex 75.6 44.75 21.7
    endloop
  endfacet
  facet normal 0 0 1
    outer loop
      vertex 75.2867 43.2205 21.7
      vertex 75.4891 44.7573 21.7
      vertex 75.38 44.779 21.7
    endloop
  endfacet
  facet normal 0 0 1
    outer loop
      vertex 75.4891 44.7573 21.7
      vertex 75.2867 43.2205 21.7
      vertex 75.6 43.2 21.7
    endloop
  endfacet
  facet normal 0 0 1
    outer loop
      vertex 74.9788 43.2818 21.7
      vertex 75.38 44.779 21.7
      vertex 75.2747 44.8147 21.7
    endloop
  endfacet
  facet normal 0 0 1
    outer loop
      vertex 74.6816 43.3827 21.7
      vertex 75.2747 44.8147 21.7
      vertex 75.175 44.8639 21.7
    endloop
  endfacet
  facet normal 0 0 1
    outer loop
      vertex 74.4 43.5215 21.7
      vertex 75.175 44.8639 21.7
      vertex 75.0826 44.9257 21.7
    endloop
  endfacet
  facet normal 0 0 1
    outer loop
      vertex 74.139 43.696 21.7
      vertex 75.0826 44.9257 21.7
      vertex 74.999 44.999 21.7
    endloop
  endfacet
  facet normal 0 0 1
    outer loop
      vertex 75.38 44.779 21.7
      vertex 74.9788 43.2818 21.7
      vertex 75.2867 43.2205 21.7
    endloop
  endfacet
  facet normal 0 0 1
    outer loop
      vertex 73.9029 43.9029 21.7
      vertex 74.999 44.999 21.7
      vertex 74.9257 45.0826 21.7
    endloop
  endfacet
  facet normal 0 0 1
    outer loop
      vertex 73.696 44.139 21.7
      vertex 74.9257 45.0826 21.7
      vertex 74.8639 45.175 21.7
    endloop
  endfacet
  facet normal 0 0 1
    outer loop
      vertex 73.5215 44.4 21.7
      vertex 74.8639 45.175 21.7
      vertex 74.8147 45.2747 21.7
    endloop
  endfacet
  facet normal 0 0 1
    outer loop
      vertex 73.3827 44.6816 21.7
      vertex 74.8147 45.2747 21.7
      vertex 74.779 45.38 21.7
    endloop
  endfacet
  facet normal 0 0 1
    outer loop
      vertex 73.2818 44.9788 21.7
      vertex 74.779 45.38 21.7
      vertex 74.7573 45.4891 21.7
    endloop
  endfacet
  facet normal 0 0 1
    outer loop
      vertex 75.2747 44.8147 21.7
      vertex 74.6816 43.3827 21.7
      vertex 74.9788 43.2818 21.7
    endloop
  endfacet
  facet normal 0 0 1
    outer loop
      vertex 73.2205 45.2867 21.7
      vertex 74.7573 45.4891 21.7
      vertex 74.75 45.6 21.7
    endloop
  endfacet
  facet normal -0 0 1
    outer loop
      vertex 73.5215 46.8 21.7
      vertex 74.8639 46.025 21.7
      vertex 73.696 47.061 21.7
    endloop
  endfacet
  facet normal 0 0 1
    outer loop
      vertex 74.8639 46.025 21.7
      vertex 73.5215 46.8 21.7
      vertex 74.8147 45.9253 21.7
    endloop
  endfacet
  facet normal 0 0 1
    outer loop
      vertex 75.175 44.8639 21.7
      vertex 74.4 43.5215 21.7
      vertex 74.6816 43.3827 21.7
    endloop
  endfacet
  facet normal -0 0 1
    outer loop
      vertex 73.3827 46.5184 21.7
      vertex 74.8147 45.9253 21.7
      vertex 73.5215 46.8 21.7
    endloop
  endfacet
  facet normal 0 0 1
    outer loop
      vertex 75.0826 44.9257 21.7
      vertex 74.139 43.696 21.7
      vertex 74.4 43.5215 21.7
    endloop
  endfacet
  facet normal 0 0 1
    outer loop
      vertex 74.8147 45.9253 21.7
      vertex 73.3827 46.5184 21.7
      vertex 74.779 45.82 21.7
    endloop
  endfacet
  facet normal 0 0 1
    outer loop
      vertex 74.999 44.999 21.7
      vertex 73.9029 43.9029 21.7
      vertex 74.139 43.696 21.7
    endloop
  endfacet
  facet normal -0 0 1
    outer loop
      vertex 73.2818 46.2212 21.7
      vertex 74.779 45.82 21.7
      vertex 73.3827 46.5184 21.7
    endloop
  endfacet
  facet normal 0 0 1
    outer loop
      vertex 74.9257 45.0826 21.7
      vertex 73.696 44.139 21.7
      vertex 73.9029 43.9029 21.7
    endloop
  endfacet
  facet normal 0 0 1
    outer loop
      vertex 74.779 45.82 21.7
      vertex 73.2818 46.2212 21.7
      vertex 74.7573 45.7109 21.7
    endloop
  endfacet
  facet normal 0 0 1
    outer loop
      vertex 74.8639 45.175 21.7
      vertex 73.5215 44.4 21.7
      vertex 73.696 44.139 21.7
    endloop
  endfacet
  facet normal -0 0 1
    outer loop
      vertex 73.2205 45.9133 21.7
      vertex 74.7573 45.7109 21.7
      vertex 73.2818 46.2212 21.7
    endloop
  endfacet
  facet normal 0 0 1
    outer loop
      vertex 74.8147 45.2747 21.7
      vertex 73.3827 44.6816 21.7
      vertex 73.5215 44.4 21.7
    endloop
  endfacet
  facet normal 0 0 1
    outer loop
      vertex 74.7573 45.7109 21.7
      vertex 73.2205 45.9133 21.7
      vertex 74.75 45.6 21.7
    endloop
  endfacet
  facet normal 0 0 1
    outer loop
      vertex 74.779 45.38 21.7
      vertex 73.2818 44.9788 21.7
      vertex 73.3827 44.6816 21.7
    endloop
  endfacet
  facet normal 0 0 1
    outer loop
      vertex 73.2 45.6 21.7
      vertex 74.75 45.6 21.7
      vertex 73.2205 45.9133 21.7
    endloop
  endfacet
  facet normal 0 0 1
    outer loop
      vertex 74.7573 45.4891 21.7
      vertex 73.2205 45.2867 21.7
      vertex 73.2818 44.9788 21.7
    endloop
  endfacet
  facet normal 0 0 1
    outer loop
      vertex 74.75 45.6 21.7
      vertex 73.2 45.6 21.7
      vertex 73.2205 45.2867 21.7
    endloop
  endfacet
  facet normal -0.0652929 0.997866 0
    outer loop
      vertex 75.6 48 1.6
      vertex 75.2867 47.9795 11.6
      vertex 75.6 48 11.6
    endloop
  endfacet
  facet normal -0.0652929 0.997866 0
    outer loop
      vertex 75.2867 47.9795 11.6
      vertex 75.6 48 1.6
      vertex 75.2867 47.9795 1.6
    endloop
  endfacet
  facet normal -0.0652929 0.997866 0
    outer loop
      vertex 75.6 48 13.1
      vertex 75.2867 47.9795 21.7
      vertex 75.6 48 21.7
    endloop
  endfacet
  facet normal -0.0652929 0.997866 0
    outer loop
      vertex 75.2867 47.9795 21.7
      vertex 75.6 48 13.1
      vertex 75.2867 47.9795 13.1
    endloop
  endfacet
  facet normal 0.997866 -0.0652929 0
    outer loop
      vertex 77.9795 45.2867 11.6
      vertex 78 45.6 1.6
      vertex 78 45.6 11.6
    endloop
  endfacet
  facet normal 0.997866 -0.0652929 0
    outer loop
      vertex 78 45.6 1.6
      vertex 77.9795 45.2867 11.6
      vertex 77.9795 45.2867 1.6
    endloop
  endfacet
  facet normal 0.997866 -0.0652929 0
    outer loop
      vertex 77.9795 45.2867 21.7
      vertex 78 45.6 13.1
      vertex 78 45.6 21.7
    endloop
  endfacet
  facet normal 0.997866 -0.0652929 0
    outer loop
      vertex 78 45.6 13.1
      vertex 77.9795 45.2867 21.7
      vertex 77.9795 45.2867 13.1
    endloop
  endfacet
  facet normal 0.0652929 -0.997866 0
    outer loop
      vertex 75.6 43.2 1.6
      vertex 75.9133 43.2205 11.6
      vertex 75.6 43.2 11.6
    endloop
  endfacet
  facet normal 0.0652929 -0.997866 0
    outer loop
      vertex 75.9133 43.2205 11.6
      vertex 75.6 43.2 1.6
      vertex 75.9133 43.2205 1.6
    endloop
  endfacet
  facet normal 0.0652929 -0.997866 0
    outer loop
      vertex 75.6 43.2 13.1
      vertex 75.9133 43.2205 21.7
      vertex 75.6 43.2 21.7
    endloop
  endfacet
  facet normal 0.0652929 -0.997866 0
    outer loop
      vertex 75.9133 43.2205 21.7
      vertex 75.6 43.2 13.1
      vertex 75.9133 43.2205 13.1
    endloop
  endfacet
  facet normal 0.659068 -0.752083 0
    outer loop
      vertex 77.061 43.696 1.6
      vertex 77.2971 43.9029 11.6
      vertex 77.061 43.696 11.6
    endloop
  endfacet
  facet normal 0.659068 -0.752083 0
    outer loop
      vertex 77.2971 43.9029 11.6
      vertex 77.061 43.696 1.6
      vertex 77.2971 43.9029 1.6
    endloop
  endfacet
  facet normal 0.659068 -0.752083 0
    outer loop
      vertex 77.061 43.696 13.1
      vertex 77.2971 43.9029 21.7
      vertex 77.061 43.696 21.7
    endloop
  endfacet
  facet normal 0.659068 -0.752083 0
    outer loop
      vertex 77.2971 43.9029 21.7
      vertex 77.061 43.696 13.1
      vertex 77.2971 43.9029 13.1
    endloop
  endfacet
  facet normal 0.831462 -0.555582 0
    outer loop
      vertex 77.5041 44.139 11.6
      vertex 77.6785 44.4 1.6
      vertex 77.6785 44.4 11.6
    endloop
  endfacet
  facet normal 0.831462 -0.555582 0
    outer loop
      vertex 77.6785 44.4 1.6
      vertex 77.5041 44.139 11.6
      vertex 77.5041 44.139 1.6
    endloop
  endfacet
  facet normal 0.831462 -0.555582 0
    outer loop
      vertex 77.5041 44.139 21.7
      vertex 77.6785 44.4 13.1
      vertex 77.6785 44.4 21.7
    endloop
  endfacet
  facet normal 0.831462 -0.555582 0
    outer loop
      vertex 77.6785 44.4 13.1
      vertex 77.5041 44.139 21.7
      vertex 77.5041 44.139 13.1
    endloop
  endfacet
  facet normal 0.980752 -0.195258 0
    outer loop
      vertex 77.9182 44.9788 11.6
      vertex 77.9795 45.2867 1.6
      vertex 77.9795 45.2867 11.6
    endloop
  endfacet
  facet normal 0.980752 -0.195258 0
    outer loop
      vertex 77.9795 45.2867 1.6
      vertex 77.9182 44.9788 11.6
      vertex 77.9182 44.9788 1.6
    endloop
  endfacet
  facet normal 0.980752 -0.195258 0
    outer loop
      vertex 77.9182 44.9788 21.7
      vertex 77.9795 45.2867 13.1
      vertex 77.9795 45.2867 21.7
    endloop
  endfacet
  facet normal 0.980752 -0.195258 0
    outer loop
      vertex 77.9795 45.2867 13.1
      vertex 77.9182 44.9788 21.7
      vertex 77.9182 44.9788 13.1
    endloop
  endfacet
  facet normal -0.555802 -0.831315 0
    outer loop
      vertex 74.139 43.696 1.6
      vertex 74.4 43.5215 11.6
      vertex 74.139 43.696 11.6
    endloop
  endfacet
  facet normal -0.555802 -0.831315 -0
    outer loop
      vertex 74.4 43.5215 11.6
      vertex 74.139 43.696 1.6
      vertex 74.4 43.5215 1.6
    endloop
  endfacet
  facet normal -0.555802 -0.831315 0
    outer loop
      vertex 74.139 43.696 13.1
      vertex 74.4 43.5215 21.7
      vertex 74.139 43.696 21.7
    endloop
  endfacet
  facet normal -0.555802 -0.831315 -0
    outer loop
      vertex 74.4 43.5215 21.7
      vertex 74.139 43.696 13.1
      vertex 74.4 43.5215 13.1
    endloop
  endfacet
  facet normal -0.44211 -0.896961 0
    outer loop
      vertex 74.4 43.5215 13.1
      vertex 74.6816 43.3827 21.7
      vertex 74.4 43.5215 21.7
    endloop
  endfacet
  facet normal -0.44211 -0.896961 -0
    outer loop
      vertex 74.6816 43.3827 21.7
      vertex 74.4 43.5215 13.1
      vertex 74.6816 43.3827 13.1
    endloop
  endfacet
  facet normal -0.44211 -0.896961 0
    outer loop
      vertex 74.4 43.5215 1.6
      vertex 74.6816 43.3827 11.6
      vertex 74.4 43.5215 11.6
    endloop
  endfacet
  facet normal -0.44211 -0.896961 -0
    outer loop
      vertex 74.6816 43.3827 11.6
      vertex 74.4 43.5215 1.6
      vertex 74.6816 43.3827 1.6
    endloop
  endfacet
  facet normal -0.195258 -0.980752 0
    outer loop
      vertex 74.9788 43.2818 1.6
      vertex 75.2867 43.2205 11.6
      vertex 74.9788 43.2818 11.6
    endloop
  endfacet
  facet normal -0.195258 -0.980752 -0
    outer loop
      vertex 75.2867 43.2205 11.6
      vertex 74.9788 43.2818 1.6
      vertex 75.2867 43.2205 1.6
    endloop
  endfacet
  facet normal -0.195258 -0.980752 0
    outer loop
      vertex 74.9788 43.2818 13.1
      vertex 75.2867 43.2205 21.7
      vertex 74.9788 43.2818 21.7
    endloop
  endfacet
  facet normal -0.195258 -0.980752 -0
    outer loop
      vertex 75.2867 43.2205 21.7
      vertex 74.9788 43.2818 13.1
      vertex 75.2867 43.2205 13.1
    endloop
  endfacet
  facet normal -0.896961 -0.44211 0
    outer loop
      vertex 73.5215 44.4 13.1
      vertex 73.3827 44.6816 21.7
      vertex 73.3827 44.6816 13.1
    endloop
  endfacet
  facet normal -0.896961 -0.44211 0
    outer loop
      vertex 73.3827 44.6816 21.7
      vertex 73.5215 44.4 13.1
      vertex 73.5215 44.4 21.7
    endloop
  endfacet
  facet normal -0.896961 -0.44211 0
    outer loop
      vertex 73.5215 44.4 1.6
      vertex 73.3827 44.6816 11.6
      vertex 73.3827 44.6816 1.6
    endloop
  endfacet
  facet normal -0.896961 -0.44211 0
    outer loop
      vertex 73.3827 44.6816 11.6
      vertex 73.5215 44.4 1.6
      vertex 73.5215 44.4 11.6
    endloop
  endfacet
  facet normal -0.946916 -0.32148 0
    outer loop
      vertex 73.3827 44.6816 1.6
      vertex 73.2818 44.9788 11.6
      vertex 73.2818 44.9788 1.6
    endloop
  endfacet
  facet normal -0.946916 -0.32148 0
    outer loop
      vertex 73.2818 44.9788 11.6
      vertex 73.3827 44.6816 1.6
      vertex 73.3827 44.6816 11.6
    endloop
  endfacet
  facet normal -0.946916 -0.32148 0
    outer loop
      vertex 73.3827 44.6816 13.1
      vertex 73.2818 44.9788 21.7
      vertex 73.2818 44.9788 13.1
    endloop
  endfacet
  facet normal -0.946916 -0.32148 0
    outer loop
      vertex 73.2818 44.9788 21.7
      vertex 73.3827 44.6816 13.1
      vertex 73.3827 44.6816 21.7
    endloop
  endfacet
  facet normal -0.997866 -0.0652929 0
    outer loop
      vertex 73.2205 45.2867 1.6
      vertex 73.2 45.6 11.6
      vertex 73.2 45.6 1.6
    endloop
  endfacet
  facet normal -0.997866 -0.0652929 0
    outer loop
      vertex 73.2 45.6 11.6
      vertex 73.2205 45.2867 1.6
      vertex 73.2205 45.2867 11.6
    endloop
  endfacet
  facet normal -0.997866 -0.0652929 0
    outer loop
      vertex 73.2205 45.2867 13.1
      vertex 73.2 45.6 21.7
      vertex 73.2 45.6 13.1
    endloop
  endfacet
  facet normal -0.997866 -0.0652929 0
    outer loop
      vertex 73.2 45.6 21.7
      vertex 73.2205 45.2867 13.1
      vertex 73.2205 45.2867 21.7
    endloop
  endfacet
  facet normal 0.751925 0.659248 0
    outer loop
      vertex 77.5041 47.061 11.6
      vertex 77.2971 47.2971 1.6
      vertex 77.2971 47.2971 11.6
    endloop
  endfacet
  facet normal 0.751925 0.659248 0
    outer loop
      vertex 77.2971 47.2971 1.6
      vertex 77.5041 47.061 11.6
      vertex 77.5041 47.061 1.6
    endloop
  endfacet
  facet normal 0.751925 0.659248 0
    outer loop
      vertex 77.5041 47.061 21.7
      vertex 77.2971 47.2971 13.1
      vertex 77.2971 47.2971 21.7
    endloop
  endfacet
  facet normal 0.751925 0.659248 0
    outer loop
      vertex 77.2971 47.2971 13.1
      vertex 77.5041 47.061 21.7
      vertex 77.5041 47.061 13.1
    endloop
  endfacet
  facet normal 0.44211 0.896961 -0
    outer loop
      vertex 76.8 47.6785 1.6
      vertex 76.5184 47.8173 11.6
      vertex 76.8 47.6785 11.6
    endloop
  endfacet
  facet normal 0.44211 0.896961 0
    outer loop
      vertex 76.5184 47.8173 11.6
      vertex 76.8 47.6785 1.6
      vertex 76.5184 47.8173 1.6
    endloop
  endfacet
  facet normal 0.44211 0.896961 -0
    outer loop
      vertex 76.8 47.6785 13.1
      vertex 76.5184 47.8173 21.7
      vertex 76.8 47.6785 21.7
    endloop
  endfacet
  facet normal 0.44211 0.896961 0
    outer loop
      vertex 76.5184 47.8173 21.7
      vertex 76.8 47.6785 13.1
      vertex 76.5184 47.8173 13.1
    endloop
  endfacet
  facet normal -0.44211 0.896961 0
    outer loop
      vertex 74.6816 47.8173 1.6
      vertex 74.4 47.6785 11.6
      vertex 74.6816 47.8173 11.6
    endloop
  endfacet
  facet normal -0.44211 0.896961 0
    outer loop
      vertex 74.4 47.6785 11.6
      vertex 74.6816 47.8173 1.6
      vertex 74.4 47.6785 1.6
    endloop
  endfacet
  facet normal -0.44211 0.896961 0
    outer loop
      vertex 74.6816 47.8173 13.1
      vertex 74.4 47.6785 21.7
      vertex 74.6816 47.8173 21.7
    endloop
  endfacet
  facet normal -0.44211 0.896961 0
    outer loop
      vertex 74.4 47.6785 21.7
      vertex 74.6816 47.8173 13.1
      vertex 74.4 47.6785 13.1
    endloop
  endfacet
  facet normal 0.195258 -0.980752 0
    outer loop
      vertex 75.9133 43.2205 1.6
      vertex 76.2212 43.2818 11.6
      vertex 75.9133 43.2205 11.6
    endloop
  endfacet
  facet normal 0.195258 -0.980752 0
    outer loop
      vertex 76.2212 43.2818 11.6
      vertex 75.9133 43.2205 1.6
      vertex 76.2212 43.2818 1.6
    endloop
  endfacet
  facet normal 0.195258 -0.980752 0
    outer loop
      vertex 75.9133 43.2205 13.1
      vertex 76.2212 43.2818 21.7
      vertex 75.9133 43.2205 21.7
    endloop
  endfacet
  facet normal 0.195258 -0.980752 0
    outer loop
      vertex 76.2212 43.2818 21.7
      vertex 75.9133 43.2205 13.1
      vertex 76.2212 43.2818 13.1
    endloop
  endfacet
  facet normal 0.44211 -0.896961 0
    outer loop
      vertex 76.5184 43.3827 1.6
      vertex 76.8 43.5215 11.6
      vertex 76.5184 43.3827 11.6
    endloop
  endfacet
  facet normal 0.44211 -0.896961 0
    outer loop
      vertex 76.8 43.5215 11.6
      vertex 76.5184 43.3827 1.6
      vertex 76.8 43.5215 1.6
    endloop
  endfacet
  facet normal 0.44211 -0.896961 0
    outer loop
      vertex 76.5184 43.3827 13.1
      vertex 76.8 43.5215 21.7
      vertex 76.5184 43.3827 21.7
    endloop
  endfacet
  facet normal 0.44211 -0.896961 0
    outer loop
      vertex 76.8 43.5215 21.7
      vertex 76.5184 43.3827 13.1
      vertex 76.8 43.5215 13.1
    endloop
  endfacet
  facet normal 0.896961 -0.44211 0
    outer loop
      vertex 77.6785 44.4 11.6
      vertex 77.8173 44.6816 1.6
      vertex 77.8173 44.6816 11.6
    endloop
  endfacet
  facet normal 0.896961 -0.44211 0
    outer loop
      vertex 77.8173 44.6816 1.6
      vertex 77.6785 44.4 11.6
      vertex 77.6785 44.4 1.6
    endloop
  endfacet
  facet normal 0.896961 -0.44211 0
    outer loop
      vertex 77.6785 44.4 21.7
      vertex 77.8173 44.6816 13.1
      vertex 77.8173 44.6816 21.7
    endloop
  endfacet
  facet normal 0.896961 -0.44211 0
    outer loop
      vertex 77.8173 44.6816 13.1
      vertex 77.6785 44.4 21.7
      vertex 77.6785 44.4 13.1
    endloop
  endfacet
  facet normal -0.831315 -0.555802 0
    outer loop
      vertex 73.696 44.139 1.6
      vertex 73.5215 44.4 11.6
      vertex 73.5215 44.4 1.6
    endloop
  endfacet
  facet normal -0.831315 -0.555802 0
    outer loop
      vertex 73.5215 44.4 11.6
      vertex 73.696 44.139 1.6
      vertex 73.696 44.139 11.6
    endloop
  endfacet
  facet normal -0.831315 -0.555802 0
    outer loop
      vertex 73.696 44.139 13.1
      vertex 73.5215 44.4 21.7
      vertex 73.5215 44.4 13.1
    endloop
  endfacet
  facet normal -0.831315 -0.555802 0
    outer loop
      vertex 73.5215 44.4 21.7
      vertex 73.696 44.139 13.1
      vertex 73.696 44.139 21.7
    endloop
  endfacet
  facet normal -0.980752 -0.195258 0
    outer loop
      vertex 73.2818 44.9788 1.6
      vertex 73.2205 45.2867 11.6
      vertex 73.2205 45.2867 1.6
    endloop
  endfacet
  facet normal -0.980752 -0.195258 0
    outer loop
      vertex 73.2205 45.2867 11.6
      vertex 73.2818 44.9788 1.6
      vertex 73.2818 44.9788 11.6
    endloop
  endfacet
  facet normal -0.980752 -0.195258 0
    outer loop
      vertex 73.2818 44.9788 13.1
      vertex 73.2205 45.2867 21.7
      vertex 73.2205 45.2867 13.1
    endloop
  endfacet
  facet normal -0.980752 -0.195258 0
    outer loop
      vertex 73.2205 45.2867 21.7
      vertex 73.2818 44.9788 13.1
      vertex 73.2818 44.9788 21.7
    endloop
  endfacet
  facet normal -0.997841 -0.0656829 0
    outer loop
      vertex 76.45 45.6 14.7
      vertex 76.4427 45.7109 21.7
      vertex 76.4427 45.7109 14.7
    endloop
  endfacet
  facet normal -0.997841 -0.0656829 0
    outer loop
      vertex 76.4427 45.7109 21.7
      vertex 76.45 45.6 14.7
      vertex 76.45 45.6 21.7
    endloop
  endfacet
  facet normal 0.997841 -0.0656829 0
    outer loop
      vertex 74.75 45.6 21.7
      vertex 74.7573 45.7109 14.7
      vertex 74.7573 45.7109 21.7
    endloop
  endfacet
  facet normal 0.997841 -0.0656829 0
    outer loop
      vertex 74.7573 45.7109 14.7
      vertex 74.75 45.6 21.7
      vertex 74.75 45.6 14.7
    endloop
  endfacet
  facet normal 0.0656829 -0.997841 0
    outer loop
      vertex 75.4891 46.4427 14.7
      vertex 75.6 46.45 21.7
      vertex 75.4891 46.4427 21.7
    endloop
  endfacet
  facet normal 0.0656829 -0.997841 0
    outer loop
      vertex 75.6 46.45 21.7
      vertex 75.4891 46.4427 14.7
      vertex 75.6 46.45 14.7
    endloop
  endfacet
  facet normal -0.0656829 0.997841 0
    outer loop
      vertex 75.7109 44.7573 14.7
      vertex 75.6 44.75 21.7
      vertex 75.7109 44.7573 21.7
    endloop
  endfacet
  facet normal -0.0656829 0.997841 0
    outer loop
      vertex 75.6 44.75 21.7
      vertex 75.7109 44.7573 14.7
      vertex 75.6 44.75 14.7
    endloop
  endfacet
  facet normal -0.751462 0.659776 0
    outer loop
      vertex 76.201 44.999 14.7
      vertex 76.2744 45.0826 21.7
      vertex 76.2744 45.0826 14.7
    endloop
  endfacet
  facet normal -0.751462 0.659776 0
    outer loop
      vertex 76.2744 45.0826 21.7
      vertex 76.201 44.999 14.7
      vertex 76.201 44.999 21.7
    endloop
  endfacet
  facet normal -0.659268 -0.751908 0
    outer loop
      vertex 76.1174 46.2743 14.7
      vertex 76.201 46.201 21.7
      vertex 76.1174 46.2743 21.7
    endloop
  endfacet
  facet normal -0.659268 -0.751908 -0
    outer loop
      vertex 76.201 46.201 21.7
      vertex 76.1174 46.2743 14.7
      vertex 76.201 46.201 14.7
    endloop
  endfacet
  facet normal 0.751908 -0.659268 0
    outer loop
      vertex 74.9257 46.1174 21.7
      vertex 74.999 46.201 14.7
      vertex 74.999 46.201 21.7
    endloop
  endfacet
  facet normal 0.751908 -0.659268 0
    outer loop
      vertex 74.999 46.201 14.7
      vertex 74.9257 46.1174 21.7
      vertex 74.9257 46.1174 14.7
    endloop
  endfacet
  facet normal 0.44253 -0.896754 0
    outer loop
      vertex 75.175 46.3361 14.7
      vertex 75.2747 46.3853 21.7
      vertex 75.175 46.3361 21.7
    endloop
  endfacet
  facet normal 0.44253 -0.896754 0
    outer loop
      vertex 75.2747 46.3853 21.7
      vertex 75.175 46.3361 14.7
      vertex 75.2747 46.3853 14.7
    endloop
  endfacet
  facet normal -0.896754 -0.44253 0
    outer loop
      vertex 76.3853 45.9253 14.7
      vertex 76.3361 46.025 21.7
      vertex 76.3361 46.025 14.7
    endloop
  endfacet
  facet normal -0.896754 -0.44253 0
    outer loop
      vertex 76.3361 46.025 21.7
      vertex 76.3853 45.9253 14.7
      vertex 76.3853 45.9253 21.7
    endloop
  endfacet
  facet normal -0.831635 -0.555323 0
    outer loop
      vertex 76.3361 46.025 14.7
      vertex 76.2744 46.1174 21.7
      vertex 76.2744 46.1174 14.7
    endloop
  endfacet
  facet normal -0.831635 -0.555323 0
    outer loop
      vertex 76.2744 46.1174 21.7
      vertex 76.3361 46.025 14.7
      vertex 76.3361 46.025 21.7
    endloop
  endfacet
  facet normal -0.32108 -0.947052 0
    outer loop
      vertex 75.82 46.421 14.7
      vertex 75.9253 46.3853 21.7
      vertex 75.82 46.421 21.7
    endloop
  endfacet
  facet normal -0.32108 -0.947052 -0
    outer loop
      vertex 75.9253 46.3853 21.7
      vertex 75.82 46.421 14.7
      vertex 75.9253 46.3853 14.7
    endloop
  endfacet
  facet normal -0.195079 -0.980788 0
    outer loop
      vertex 75.7109 46.4427 14.7
      vertex 75.82 46.421 21.7
      vertex 75.7109 46.4427 21.7
    endloop
  endfacet
  facet normal -0.195079 -0.980788 -0
    outer loop
      vertex 75.82 46.421 21.7
      vertex 75.7109 46.4427 14.7
      vertex 75.82 46.421 14.7
    endloop
  endfacet
  facet normal -0.44253 -0.896754 0
    outer loop
      vertex 75.9253 46.3853 14.7
      vertex 76.025 46.3361 21.7
      vertex 75.9253 46.3853 21.7
    endloop
  endfacet
  facet normal -0.44253 -0.896754 -0
    outer loop
      vertex 76.025 46.3361 21.7
      vertex 75.9253 46.3853 14.7
      vertex 76.025 46.3361 14.7
    endloop
  endfacet
  facet normal 0.896754 -0.44253 0
    outer loop
      vertex 74.8147 45.9253 21.7
      vertex 74.8639 46.025 14.7
      vertex 74.8639 46.025 21.7
    endloop
  endfacet
  facet normal 0.896754 -0.44253 0
    outer loop
      vertex 74.8639 46.025 14.7
      vertex 74.8147 45.9253 21.7
      vertex 74.8147 45.9253 14.7
    endloop
  endfacet
  facet normal 0.831219 -0.555945 0
    outer loop
      vertex 74.8639 46.025 21.7
      vertex 74.9257 46.1174 14.7
      vertex 74.9257 46.1174 21.7
    endloop
  endfacet
  facet normal 0.831219 -0.555945 0
    outer loop
      vertex 74.9257 46.1174 14.7
      vertex 74.8639 46.025 21.7
      vertex 74.8639 46.025 14.7
    endloop
  endfacet
  facet normal 0.555945 -0.831219 0
    outer loop
      vertex 75.0826 46.2743 14.7
      vertex 75.175 46.3361 21.7
      vertex 75.0826 46.2743 21.7
    endloop
  endfacet
  facet normal 0.555945 -0.831219 0
    outer loop
      vertex 75.175 46.3361 21.7
      vertex 75.0826 46.2743 14.7
      vertex 75.175 46.3361 14.7
    endloop
  endfacet
  facet normal 0.32108 -0.947052 0
    outer loop
      vertex 75.2747 46.3853 14.7
      vertex 75.38 46.421 21.7
      vertex 75.2747 46.3853 21.7
    endloop
  endfacet
  facet normal 0.32108 -0.947052 0
    outer loop
      vertex 75.38 46.421 21.7
      vertex 75.2747 46.3853 14.7
      vertex 75.38 46.421 14.7
    endloop
  endfacet
  facet normal 0 0 1
    outer loop
      vertex 76.4427 45.7109 14.7
      vertex 76.4427 45.4891 14.7
      vertex 76.45 45.6 14.7
    endloop
  endfacet
  facet normal 0 0 1
    outer loop
      vertex 76.421 45.82 14.7
      vertex 76.4427 45.4891 14.7
      vertex 76.4427 45.7109 14.7
    endloop
  endfacet
  facet normal 0 0 1
    outer loop
      vertex 76.421 45.82 14.7
      vertex 76.421 45.38 14.7
      vertex 76.4427 45.4891 14.7
    endloop
  endfacet
  facet normal 0 0 1
    outer loop
      vertex 76.3853 45.9253 14.7
      vertex 76.421 45.38 14.7
      vertex 76.421 45.82 14.7
    endloop
  endfacet
  facet normal 0 0 1
    outer loop
      vertex 76.3853 45.9253 14.7
      vertex 76.3853 45.2747 14.7
      vertex 76.421 45.38 14.7
    endloop
  endfacet
  facet normal 0 0 1
    outer loop
      vertex 76.3361 46.025 14.7
      vertex 76.3853 45.2747 14.7
      vertex 76.3853 45.9253 14.7
    endloop
  endfacet
  facet normal 0 0 1
    outer loop
      vertex 76.3361 46.025 14.7
      vertex 76.3361 45.175 14.7
      vertex 76.3853 45.2747 14.7
    endloop
  endfacet
  facet normal 0 0 1
    outer loop
      vertex 76.2744 46.1174 14.7
      vertex 76.3361 45.175 14.7
      vertex 76.3361 46.025 14.7
    endloop
  endfacet
  facet normal 0 0 1
    outer loop
      vertex 76.2744 46.1174 14.7
      vertex 76.2744 45.0826 14.7
      vertex 76.3361 45.175 14.7
    endloop
  endfacet
  facet normal 0 0 1
    outer loop
      vertex 76.201 46.201 14.7
      vertex 76.2744 45.0826 14.7
      vertex 76.2744 46.1174 14.7
    endloop
  endfacet
  facet normal 0 0 1
    outer loop
      vertex 76.201 46.201 14.7
      vertex 76.201 44.999 14.7
      vertex 76.2744 45.0826 14.7
    endloop
  endfacet
  facet normal 0 0 1
    outer loop
      vertex 76.1174 46.2743 14.7
      vertex 76.201 44.999 14.7
      vertex 76.201 46.201 14.7
    endloop
  endfacet
  facet normal 0 0 1
    outer loop
      vertex 76.1174 46.2743 14.7
      vertex 76.1174 44.9257 14.7
      vertex 76.201 44.999 14.7
    endloop
  endfacet
  facet normal 0 0 1
    outer loop
      vertex 76.025 46.3361 14.7
      vertex 76.1174 44.9257 14.7
      vertex 76.1174 46.2743 14.7
    endloop
  endfacet
  facet normal 0 0 1
    outer loop
      vertex 76.025 46.3361 14.7
      vertex 76.025 44.8639 14.7
      vertex 76.1174 44.9257 14.7
    endloop
  endfacet
  facet normal 0 0 1
    outer loop
      vertex 75.9253 46.3853 14.7
      vertex 76.025 44.8639 14.7
      vertex 76.025 46.3361 14.7
    endloop
  endfacet
  facet normal 0 0 1
    outer loop
      vertex 75.9253 46.3853 14.7
      vertex 75.9253 44.8147 14.7
      vertex 76.025 44.8639 14.7
    endloop
  endfacet
  facet normal 0 0 1
    outer loop
      vertex 75.82 46.421 14.7
      vertex 75.9253 44.8147 14.7
      vertex 75.9253 46.3853 14.7
    endloop
  endfacet
  facet normal 0 0 1
    outer loop
      vertex 75.82 46.421 14.7
      vertex 75.82 44.779 14.7
      vertex 75.9253 44.8147 14.7
    endloop
  endfacet
  facet normal 0 0 1
    outer loop
      vertex 75.7109 46.4427 14.7
      vertex 75.82 44.779 14.7
      vertex 75.82 46.421 14.7
    endloop
  endfacet
  facet normal 0 0 1
    outer loop
      vertex 75.7109 46.4427 14.7
      vertex 75.7109 44.7573 14.7
      vertex 75.82 44.779 14.7
    endloop
  endfacet
  facet normal 0 0 1
    outer loop
      vertex 75.6 46.45 14.7
      vertex 75.7109 44.7573 14.7
      vertex 75.7109 46.4427 14.7
    endloop
  endfacet
  facet normal 0 0 1
    outer loop
      vertex 75.6 46.45 14.7
      vertex 75.6 44.75 14.7
      vertex 75.7109 44.7573 14.7
    endloop
  endfacet
  facet normal -0 0 1
    outer loop
      vertex 75.4891 46.4427 14.7
      vertex 75.6 44.75 14.7
      vertex 75.6 46.45 14.7
    endloop
  endfacet
  facet normal 0 0 1
    outer loop
      vertex 75.4891 46.4427 14.7
      vertex 75.4891 44.7573 14.7
      vertex 75.6 44.75 14.7
    endloop
  endfacet
  facet normal -0 0 1
    outer loop
      vertex 75.38 46.421 14.7
      vertex 75.4891 44.7573 14.7
      vertex 75.4891 46.4427 14.7
    endloop
  endfacet
  facet normal 0 0 1
    outer loop
      vertex 75.38 46.421 14.7
      vertex 75.38 44.779 14.7
      vertex 75.4891 44.7573 14.7
    endloop
  endfacet
  facet normal -0 0 1
    outer loop
      vertex 75.2747 46.3853 14.7
      vertex 75.38 44.779 14.7
      vertex 75.38 46.421 14.7
    endloop
  endfacet
  facet normal 0 0 1
    outer loop
      vertex 75.2747 46.3853 14.7
      vertex 75.2747 44.8147 14.7
      vertex 75.38 44.779 14.7
    endloop
  endfacet
  facet normal -0 0 1
    outer loop
      vertex 75.175 46.3361 14.7
      vertex 75.2747 44.8147 14.7
      vertex 75.2747 46.3853 14.7
    endloop
  endfacet
  facet normal 0 0 1
    outer loop
      vertex 75.175 46.3361 14.7
      vertex 75.175 44.8639 14.7
      vertex 75.2747 44.8147 14.7
    endloop
  endfacet
  facet normal -0 0 1
    outer loop
      vertex 75.0826 46.2743 14.7
      vertex 75.175 44.8639 14.7
      vertex 75.175 46.3361 14.7
    endloop
  endfacet
  facet normal 0 0 1
    outer loop
      vertex 75.0826 46.2743 14.7
      vertex 75.0826 44.9257 14.7
      vertex 75.175 44.8639 14.7
    endloop
  endfacet
  facet normal -0 0 1
    outer loop
      vertex 74.999 46.201 14.7
      vertex 75.0826 44.9257 14.7
      vertex 75.0826 46.2743 14.7
    endloop
  endfacet
  facet normal 0 0 1
    outer loop
      vertex 74.999 46.201 14.7
      vertex 74.999 44.999 14.7
      vertex 75.0826 44.9257 14.7
    endloop
  endfacet
  facet normal -0 0 1
    outer loop
      vertex 74.9257 46.1174 14.7
      vertex 74.999 44.999 14.7
      vertex 74.999 46.201 14.7
    endloop
  endfacet
  facet normal 0 0 1
    outer loop
      vertex 74.9257 46.1174 14.7
      vertex 74.9257 45.0826 14.7
      vertex 74.999 44.999 14.7
    endloop
  endfacet
  facet normal -0 0 1
    outer loop
      vertex 74.8639 46.025 14.7
      vertex 74.9257 45.0826 14.7
      vertex 74.9257 46.1174 14.7
    endloop
  endfacet
  facet normal 0 0 1
    outer loop
      vertex 74.8639 46.025 14.7
      vertex 74.8639 45.175 14.7
      vertex 74.9257 45.0826 14.7
    endloop
  endfacet
  facet normal -0 0 1
    outer loop
      vertex 74.8147 45.9253 14.7
      vertex 74.8639 45.175 14.7
      vertex 74.8639 46.025 14.7
    endloop
  endfacet
  facet normal 0 0 1
    outer loop
      vertex 74.8147 45.9253 14.7
      vertex 74.8147 45.2747 14.7
      vertex 74.8639 45.175 14.7
    endloop
  endfacet
  facet normal -0 0 1
    outer loop
      vertex 74.779 45.82 14.7
      vertex 74.8147 45.2747 14.7
      vertex 74.8147 45.9253 14.7
    endloop
  endfacet
  facet normal 0 0 1
    outer loop
      vertex 74.779 45.82 14.7
      vertex 74.779 45.38 14.7
      vertex 74.8147 45.2747 14.7
    endloop
  endfacet
  facet normal -0 0 1
    outer loop
      vertex 74.7573 45.7109 14.7
      vertex 74.779 45.38 14.7
      vertex 74.779 45.82 14.7
    endloop
  endfacet
  facet normal 0 0 1
    outer loop
      vertex 74.7573 45.7109 14.7
      vertex 74.7573 45.4891 14.7
      vertex 74.779 45.38 14.7
    endloop
  endfacet
  facet normal 0 -0 1
    outer loop
      vertex 74.7573 45.4891 14.7
      vertex 74.7573 45.7109 14.7
      vertex 74.75 45.6 14.7
    endloop
  endfacet
  facet normal -0.195079 0.980788 0
    outer loop
      vertex 75.82 44.779 14.7
      vertex 75.7109 44.7573 21.7
      vertex 75.82 44.779 21.7
    endloop
  endfacet
  facet normal -0.195079 0.980788 0
    outer loop
      vertex 75.7109 44.7573 21.7
      vertex 75.82 44.779 14.7
      vertex 75.7109 44.7573 14.7
    endloop
  endfacet
  facet normal -0.947052 -0.32108 0
    outer loop
      vertex 76.421 45.82 14.7
      vertex 76.3853 45.9253 21.7
      vertex 76.3853 45.9253 14.7
    endloop
  endfacet
  facet normal -0.947052 -0.32108 0
    outer loop
      vertex 76.3853 45.9253 21.7
      vertex 76.421 45.82 14.7
      vertex 76.421 45.82 21.7
    endloop
  endfacet
  facet normal -0.980788 -0.195079 0
    outer loop
      vertex 76.4427 45.7109 14.7
      vertex 76.421 45.82 21.7
      vertex 76.421 45.82 14.7
    endloop
  endfacet
  facet normal -0.980788 -0.195079 0
    outer loop
      vertex 76.421 45.82 21.7
      vertex 76.4427 45.7109 14.7
      vertex 76.4427 45.7109 21.7
    endloop
  endfacet
  facet normal -0.751462 -0.659776 0
    outer loop
      vertex 76.2744 46.1174 14.7
      vertex 76.201 46.201 21.7
      vertex 76.201 46.201 14.7
    endloop
  endfacet
  facet normal -0.751462 -0.659776 0
    outer loop
      vertex 76.201 46.201 21.7
      vertex 76.2744 46.1174 14.7
      vertex 76.2744 46.1174 21.7
    endloop
  endfacet
  facet normal -0.0656829 -0.997841 0
    outer loop
      vertex 75.6 46.45 14.7
      vertex 75.7109 46.4427 21.7
      vertex 75.6 46.45 21.7
    endloop
  endfacet
  facet normal -0.0656829 -0.997841 -0
    outer loop
      vertex 75.7109 46.4427 21.7
      vertex 75.6 46.45 14.7
      vertex 75.7109 46.4427 14.7
    endloop
  endfacet
  facet normal -0.555945 -0.831219 0
    outer loop
      vertex 76.025 46.3361 14.7
      vertex 76.1174 46.2743 21.7
      vertex 76.025 46.3361 21.7
    endloop
  endfacet
  facet normal -0.555945 -0.831219 -0
    outer loop
      vertex 76.1174 46.2743 21.7
      vertex 76.025 46.3361 14.7
      vertex 76.1174 46.2743 14.7
    endloop
  endfacet
  facet normal 0.947052 -0.32108 0
    outer loop
      vertex 74.779 45.82 21.7
      vertex 74.8147 45.9253 14.7
      vertex 74.8147 45.9253 21.7
    endloop
  endfacet
  facet normal 0.947052 -0.32108 0
    outer loop
      vertex 74.8147 45.9253 14.7
      vertex 74.779 45.82 21.7
      vertex 74.779 45.82 14.7
    endloop
  endfacet
  facet normal 0.980788 -0.195079 0
    outer loop
      vertex 74.7573 45.7109 21.7
      vertex 74.779 45.82 14.7
      vertex 74.779 45.82 21.7
    endloop
  endfacet
  facet normal 0.980788 -0.195079 0
    outer loop
      vertex 74.779 45.82 14.7
      vertex 74.7573 45.7109 21.7
      vertex 74.7573 45.7109 14.7
    endloop
  endfacet
  facet normal 0.195079 -0.980788 0
    outer loop
      vertex 75.38 46.421 14.7
      vertex 75.4891 46.4427 21.7
      vertex 75.38 46.421 21.7
    endloop
  endfacet
  facet normal 0.195079 -0.980788 0
    outer loop
      vertex 75.4891 46.4427 21.7
      vertex 75.38 46.421 14.7
      vertex 75.4891 46.4427 14.7
    endloop
  endfacet
  facet normal -0.947052 0.32108 0
    outer loop
      vertex 76.3853 45.2747 14.7
      vertex 76.421 45.38 21.7
      vertex 76.421 45.38 14.7
    endloop
  endfacet
  facet normal -0.947052 0.32108 0
    outer loop
      vertex 76.421 45.38 21.7
      vertex 76.3853 45.2747 14.7
      vertex 76.3853 45.2747 21.7
    endloop
  endfacet
  facet normal -0.980788 0.195079 0
    outer loop
      vertex 76.421 45.38 14.7
      vertex 76.4427 45.4891 21.7
      vertex 76.4427 45.4891 14.7
    endloop
  endfacet
  facet normal -0.980788 0.195079 0
    outer loop
      vertex 76.4427 45.4891 21.7
      vertex 76.421 45.38 14.7
      vertex 76.421 45.38 21.7
    endloop
  endfacet
  facet normal -0.555945 0.831219 0
    outer loop
      vertex 76.1174 44.9257 14.7
      vertex 76.025 44.8639 21.7
      vertex 76.1174 44.9257 21.7
    endloop
  endfacet
  facet normal -0.555945 0.831219 0
    outer loop
      vertex 76.025 44.8639 21.7
      vertex 76.1174 44.9257 14.7
      vertex 76.025 44.8639 14.7
    endloop
  endfacet
  facet normal -0.44253 0.896754 0
    outer loop
      vertex 76.025 44.8639 14.7
      vertex 75.9253 44.8147 21.7
      vertex 76.025 44.8639 21.7
    endloop
  endfacet
  facet normal -0.44253 0.896754 0
    outer loop
      vertex 75.9253 44.8147 21.7
      vertex 76.025 44.8639 14.7
      vertex 75.9253 44.8147 14.7
    endloop
  endfacet
  facet normal 0.659268 -0.751908 0
    outer loop
      vertex 74.999 46.201 14.7
      vertex 75.0826 46.2743 21.7
      vertex 74.999 46.201 21.7
    endloop
  endfacet
  facet normal 0.659268 -0.751908 0
    outer loop
      vertex 75.0826 46.2743 21.7
      vertex 74.999 46.201 14.7
      vertex 75.0826 46.2743 14.7
    endloop
  endfacet
  facet normal -0.997841 0.0656829 0
    outer loop
      vertex 76.4427 45.4891 14.7
      vertex 76.45 45.6 21.7
      vertex 76.45 45.6 14.7
    endloop
  endfacet
  facet normal -0.997841 0.0656829 0
    outer loop
      vertex 76.45 45.6 21.7
      vertex 76.4427 45.4891 14.7
      vertex 76.4427 45.4891 21.7
    endloop
  endfacet
  facet normal 0.32108 0.947052 -0
    outer loop
      vertex 75.38 44.779 14.7
      vertex 75.2747 44.8147 21.7
      vertex 75.38 44.779 21.7
    endloop
  endfacet
  facet normal 0.32108 0.947052 0
    outer loop
      vertex 75.2747 44.8147 21.7
      vertex 75.38 44.779 14.7
      vertex 75.2747 44.8147 14.7
    endloop
  endfacet
  facet normal 0.751908 0.659268 0
    outer loop
      vertex 74.999 44.999 21.7
      vertex 74.9257 45.0826 14.7
      vertex 74.9257 45.0826 21.7
    endloop
  endfacet
  facet normal 0.751908 0.659268 0
    outer loop
      vertex 74.9257 45.0826 14.7
      vertex 74.999 44.999 21.7
      vertex 74.999 44.999 14.7
    endloop
  endfacet
  facet normal 0.997841 0.0656829 0
    outer loop
      vertex 74.7573 45.4891 21.7
      vertex 74.75 45.6 14.7
      vertex 74.75 45.6 21.7
    endloop
  endfacet
  facet normal 0.997841 0.0656829 0
    outer loop
      vertex 74.75 45.6 14.7
      vertex 74.7573 45.4891 21.7
      vertex 74.7573 45.4891 14.7
    endloop
  endfacet
  facet normal 0.980788 0.195079 0
    outer loop
      vertex 74.779 45.38 21.7
      vertex 74.7573 45.4891 14.7
      vertex 74.7573 45.4891 21.7
    endloop
  endfacet
  facet normal 0.980788 0.195079 0
    outer loop
      vertex 74.7573 45.4891 14.7
      vertex 74.779 45.38 21.7
      vertex 74.779 45.38 14.7
    endloop
  endfacet
  facet normal 0.947052 0.32108 0
    outer loop
      vertex 74.8147 45.2747 21.7
      vertex 74.779 45.38 14.7
      vertex 74.779 45.38 21.7
    endloop
  endfacet
  facet normal 0.947052 0.32108 0
    outer loop
      vertex 74.779 45.38 14.7
      vertex 74.8147 45.2747 21.7
      vertex 74.8147 45.2747 14.7
    endloop
  endfacet
  facet normal -0.659268 0.751908 0
    outer loop
      vertex 76.201 44.999 14.7
      vertex 76.1174 44.9257 21.7
      vertex 76.201 44.999 21.7
    endloop
  endfacet
  facet normal -0.659268 0.751908 0
    outer loop
      vertex 76.1174 44.9257 21.7
      vertex 76.201 44.999 14.7
      vertex 76.1174 44.9257 14.7
    endloop
  endfacet
  facet normal -0.32108 0.947052 0
    outer loop
      vertex 75.9253 44.8147 14.7
      vertex 75.82 44.779 21.7
      vertex 75.9253 44.8147 21.7
    endloop
  endfacet
  facet normal -0.32108 0.947052 0
    outer loop
      vertex 75.82 44.779 21.7
      vertex 75.9253 44.8147 14.7
      vertex 75.82 44.779 14.7
    endloop
  endfacet
  facet normal -0.896754 0.44253 0
    outer loop
      vertex 76.3361 45.175 14.7
      vertex 76.3853 45.2747 21.7
      vertex 76.3853 45.2747 14.7
    endloop
  endfacet
  facet normal -0.896754 0.44253 0
    outer loop
      vertex 76.3853 45.2747 21.7
      vertex 76.3361 45.175 14.7
      vertex 76.3361 45.175 21.7
    endloop
  endfacet
  facet normal -0.831635 0.555323 0
    outer loop
      vertex 76.2744 45.0826 14.7
      vertex 76.3361 45.175 21.7
      vertex 76.3361 45.175 14.7
    endloop
  endfacet
  facet normal -0.831635 0.555323 0
    outer loop
      vertex 76.3361 45.175 21.7
      vertex 76.2744 45.0826 14.7
      vertex 76.2744 45.0826 21.7
    endloop
  endfacet
  facet normal 0.555945 0.831219 -0
    outer loop
      vertex 75.175 44.8639 14.7
      vertex 75.0826 44.9257 21.7
      vertex 75.175 44.8639 21.7
    endloop
  endfacet
  facet normal 0.555945 0.831219 0
    outer loop
      vertex 75.0826 44.9257 21.7
      vertex 75.175 44.8639 14.7
      vertex 75.0826 44.9257 14.7
    endloop
  endfacet
  facet normal 0.195079 0.980788 -0
    outer loop
      vertex 75.4891 44.7573 14.7
      vertex 75.38 44.779 21.7
      vertex 75.4891 44.7573 21.7
    endloop
  endfacet
  facet normal 0.195079 0.980788 0
    outer loop
      vertex 75.38 44.779 21.7
      vertex 75.4891 44.7573 14.7
      vertex 75.38 44.779 14.7
    endloop
  endfacet
  facet normal 0.659268 0.751908 -0
    outer loop
      vertex 75.0826 44.9257 14.7
      vertex 74.999 44.999 21.7
      vertex 75.0826 44.9257 21.7
    endloop
  endfacet
  facet normal 0.659268 0.751908 0
    outer loop
      vertex 74.999 44.999 21.7
      vertex 75.0826 44.9257 14.7
      vertex 74.999 44.999 14.7
    endloop
  endfacet
  facet normal 0.831219 0.555945 0
    outer loop
      vertex 74.9257 45.0826 21.7
      vertex 74.8639 45.175 14.7
      vertex 74.8639 45.175 21.7
    endloop
  endfacet
  facet normal 0.831219 0.555945 0
    outer loop
      vertex 74.8639 45.175 14.7
      vertex 74.9257 45.0826 21.7
      vertex 74.9257 45.0826 14.7
    endloop
  endfacet
  facet normal 0.896754 0.44253 0
    outer loop
      vertex 74.8639 45.175 21.7
      vertex 74.8147 45.2747 14.7
      vertex 74.8147 45.2747 21.7
    endloop
  endfacet
  facet normal 0.896754 0.44253 0
    outer loop
      vertex 74.8147 45.2747 14.7
      vertex 74.8639 45.175 21.7
      vertex 74.8639 45.175 14.7
    endloop
  endfacet
  facet normal 0.44253 0.896754 -0
    outer loop
      vertex 75.2747 44.8147 14.7
      vertex 75.175 44.8639 21.7
      vertex 75.2747 44.8147 21.7
    endloop
  endfacet
  facet normal 0.44253 0.896754 0
    outer loop
      vertex 75.175 44.8639 21.7
      vertex 75.2747 44.8147 14.7
      vertex 75.175 44.8639 14.7
    endloop
  endfacet
  facet normal 0.0656829 0.997841 -0
    outer loop
      vertex 75.6 44.75 14.7
      vertex 75.4891 44.7573 21.7
      vertex 75.6 44.75 21.7
    endloop
  endfacet
  facet normal 0.0656829 0.997841 0
    outer loop
      vertex 75.4891 44.7573 21.7
      vertex 75.6 44.75 14.7
      vertex 75.4891 44.7573 14.7
    endloop
  endfacet
  facet normal 0.997856 0.0654432 0
    outer loop
      vertex 71.9 10.9 13.1
      vertex 71.8786 11.2263 1.6
      vertex 71.8786 11.2263 13.1
    endloop
  endfacet
  facet normal 0.997856 0.0654432 0
    outer loop
      vertex 71.8786 11.2263 1.6
      vertex 71.9 10.9 13.1
      vertex 71.9 10.9 1.6
    endloop
  endfacet
  facet normal -0.997856 0.0654432 0
    outer loop
      vertex 66.9 10.9 1.6
      vertex 66.9214 11.2263 13.1
      vertex 66.9214 11.2263 1.6
    endloop
  endfacet
  facet normal -0.997856 0.0654432 0
    outer loop
      vertex 66.9214 11.2263 13.1
      vertex 66.9 10.9 1.6
      vertex 66.9 10.9 13.1
    endloop
  endfacet
  facet normal 0.0654432 0.997856 -0
    outer loop
      vertex 69.7263 13.3786 1.6
      vertex 69.4 13.4 13.1
      vertex 69.7263 13.3786 13.1
    endloop
  endfacet
  facet normal 0.0654432 0.997856 0
    outer loop
      vertex 69.4 13.4 13.1
      vertex 69.7263 13.3786 1.6
      vertex 69.4 13.4 1.6
    endloop
  endfacet
  facet normal 0.751913 0.659262 0
    outer loop
      vertex 71.3834 12.4219 13.1
      vertex 71.1678 12.6678 1.6
      vertex 71.1678 12.6678 13.1
    endloop
  endfacet
  facet normal 0.751913 0.659262 0
    outer loop
      vertex 71.1678 12.6678 1.6
      vertex 71.3834 12.4219 13.1
      vertex 71.3834 12.4219 1.6
    endloop
  endfacet
  facet normal -0.659262 0.751913 0
    outer loop
      vertex 67.8781 12.8834 1.6
      vertex 67.6322 12.6678 13.1
      vertex 67.8781 12.8834 13.1
    endloop
  endfacet
  facet normal -0.659262 0.751913 0
    outer loop
      vertex 67.6322 12.6678 13.1
      vertex 67.8781 12.8834 1.6
      vertex 67.6322 12.6678 1.6
    endloop
  endfacet
  facet normal -0.32136 0.946957 0
    outer loop
      vertex 68.753 13.3148 1.6
      vertex 68.4433 13.2097 13.1
      vertex 68.753 13.3148 13.1
    endloop
  endfacet
  facet normal -0.32136 0.946957 0
    outer loop
      vertex 68.4433 13.2097 13.1
      vertex 68.753 13.3148 1.6
      vertex 68.4433 13.2097 1.6
    endloop
  endfacet
  facet normal -0.98078 -0.195116 0
    outer loop
      vertex 66.9852 10.253 1.6
      vertex 66.9214 10.5737 13.1
      vertex 66.9214 10.5737 1.6
    endloop
  endfacet
  facet normal -0.98078 -0.195116 0
    outer loop
      vertex 66.9214 10.5737 13.1
      vertex 66.9852 10.253 1.6
      vertex 66.9852 10.253 13.1
    endloop
  endfacet
  facet normal 0 0 -1
    outer loop
      vertex 70.25 10.9 1.6
      vertex 71.9 10.9 1.6
      vertex 71.8786 10.5737 1.6
    endloop
  endfacet
  facet normal 0 0 -1
    outer loop
      vertex 70.2427 10.7891 1.6
      vertex 71.8786 10.5737 1.6
      vertex 71.8148 10.253 1.6
    endloop
  endfacet
  facet normal 0 0 -1
    outer loop
      vertex 71.9 10.9 1.6
      vertex 70.25 10.9 1.6
      vertex 71.8786 11.2263 1.6
    endloop
  endfacet
  facet normal 0 0 -1
    outer loop
      vertex 70.221 10.68 1.6
      vertex 71.8148 10.253 1.6
      vertex 71.7097 9.94329 1.6
    endloop
  endfacet
  facet normal 0 0 -1
    outer loop
      vertex 70.2427 11.0109 1.6
      vertex 71.8786 11.2263 1.6
      vertex 70.25 10.9 1.6
    endloop
  endfacet
  facet normal 0 0 -1
    outer loop
      vertex 70.1853 10.5747 1.6
      vertex 71.7097 9.94329 1.6
      vertex 71.5651 9.65 1.6
    endloop
  endfacet
  facet normal -0 0 -1
    outer loop
      vertex 71.8786 11.2263 1.6
      vertex 70.2427 11.0109 1.6
      vertex 71.8148 11.547 1.6
    endloop
  endfacet
  facet normal 0 0 -1
    outer loop
      vertex 70.1361 10.475 1.6
      vertex 71.5651 9.65 1.6
      vertex 71.3834 9.3781 1.6
    endloop
  endfacet
  facet normal 0 0 -1
    outer loop
      vertex 70.221 11.12 1.6
      vertex 71.8148 11.547 1.6
      vertex 70.2427 11.0109 1.6
    endloop
  endfacet
  facet normal 0 0 -1
    outer loop
      vertex 70.0743 10.3826 1.6
      vertex 71.3834 9.3781 1.6
      vertex 71.1678 9.13223 1.6
    endloop
  endfacet
  facet normal -0 0 -1
    outer loop
      vertex 71.8148 11.547 1.6
      vertex 70.221 11.12 1.6
      vertex 71.7097 11.8567 1.6
    endloop
  endfacet
  facet normal 0 0 -1
    outer loop
      vertex 70.001 10.299 1.6
      vertex 71.1678 9.13223 1.6
      vertex 70.9219 8.91662 1.6
    endloop
  endfacet
  facet normal 0 0 -1
    outer loop
      vertex 70.1853 11.2253 1.6
      vertex 71.7097 11.8567 1.6
      vertex 70.221 11.12 1.6
    endloop
  endfacet
  facet normal 0 0 -1
    outer loop
      vertex 69.9174 10.2256 1.6
      vertex 70.9219 8.91662 1.6
      vertex 70.65 8.73494 1.6
    endloop
  endfacet
  facet normal -0 0 -1
    outer loop
      vertex 71.7097 11.8567 1.6
      vertex 70.1853 11.2253 1.6
      vertex 71.5651 12.15 1.6
    endloop
  endfacet
  facet normal 0 0 -1
    outer loop
      vertex 69.825 10.1639 1.6
      vertex 70.65 8.73494 1.6
      vertex 70.3567 8.5903 1.6
    endloop
  endfacet
  facet normal 0 0 -1
    outer loop
      vertex 70.1361 11.325 1.6
      vertex 71.5651 12.15 1.6
      vertex 70.1853 11.2253 1.6
    endloop
  endfacet
  facet normal -0 0 -1
    outer loop
      vertex 71.5651 12.15 1.6
      vertex 70.1361 11.325 1.6
      vertex 71.3834 12.4219 1.6
    endloop
  endfacet
  facet normal 0 0 -1
    outer loop
      vertex 71.8786 10.5737 1.6
      vertex 70.2427 10.7891 1.6
      vertex 70.25 10.9 1.6
    endloop
  endfacet
  facet normal 0 0 -1
    outer loop
      vertex 71.8148 10.253 1.6
      vertex 70.221 10.68 1.6
      vertex 70.2427 10.7891 1.6
    endloop
  endfacet
  facet normal 0 0 -1
    outer loop
      vertex 71.7097 9.94329 1.6
      vertex 70.1853 10.5747 1.6
      vertex 70.221 10.68 1.6
    endloop
  endfacet
  facet normal 0 0 -1
    outer loop
      vertex 71.5651 9.65 1.6
      vertex 70.1361 10.475 1.6
      vertex 70.1853 10.5747 1.6
    endloop
  endfacet
  facet normal 0 0 -1
    outer loop
      vertex 71.3834 9.3781 1.6
      vertex 70.0743 10.3826 1.6
      vertex 70.1361 10.475 1.6
    endloop
  endfacet
  facet normal 0 0 -1
    outer loop
      vertex 69.7253 10.1147 1.6
      vertex 70.3567 8.5903 1.6
      vertex 70.0471 8.48519 1.6
    endloop
  endfacet
  facet normal 0 0 -1
    outer loop
      vertex 71.1678 9.13223 1.6
      vertex 70.001 10.299 1.6
      vertex 70.0743 10.3826 1.6
    endloop
  endfacet
  facet normal 0 0 -1
    outer loop
      vertex 70.9219 8.91662 1.6
      vertex 69.9174 10.2256 1.6
      vertex 70.001 10.299 1.6
    endloop
  endfacet
  facet normal 0 0 -1
    outer loop
      vertex 70.65 8.73494 1.6
      vertex 69.825 10.1639 1.6
      vertex 69.9174 10.2256 1.6
    endloop
  endfacet
  facet normal 0 0 -1
    outer loop
      vertex 69.62 10.079 1.6
      vertex 70.0471 8.48519 1.6
      vertex 69.7263 8.42139 1.6
    endloop
  endfacet
  facet normal 0 0 -1
    outer loop
      vertex 70.3567 8.5903 1.6
      vertex 69.7253 10.1147 1.6
      vertex 69.825 10.1639 1.6
    endloop
  endfacet
  facet normal 0 0 -1
    outer loop
      vertex 70.0471 8.48519 1.6
      vertex 69.62 10.079 1.6
      vertex 69.7253 10.1147 1.6
    endloop
  endfacet
  facet normal 0 0 -1
    outer loop
      vertex 69.7263 8.42139 1.6
      vertex 69.5109 10.0573 1.6
      vertex 69.62 10.079 1.6
    endloop
  endfacet
  facet normal 0 0 -1
    outer loop
      vertex 69.4 8.4 1.6
      vertex 69.5109 10.0573 1.6
      vertex 69.7263 8.42139 1.6
    endloop
  endfacet
  facet normal 0 0 -1
    outer loop
      vertex 69.4 8.4 1.6
      vertex 69.4 10.05 1.6
      vertex 69.5109 10.0573 1.6
    endloop
  endfacet
  facet normal 0 0 -1
    outer loop
      vertex 69.4 8.4 1.6
      vertex 69.2891 10.0573 1.6
      vertex 69.4 10.05 1.6
    endloop
  endfacet
  facet normal 0 0 -1
    outer loop
      vertex 69.0737 8.42139 1.6
      vertex 69.2891 10.0573 1.6
      vertex 69.4 8.4 1.6
    endloop
  endfacet
  facet normal -0 0 -1
    outer loop
      vertex 69.2891 10.0573 1.6
      vertex 69.0737 8.42139 1.6
      vertex 69.18 10.079 1.6
    endloop
  endfacet
  facet normal 0 0 -1
    outer loop
      vertex 68.753 8.48519 1.6
      vertex 69.18 10.079 1.6
      vertex 69.0737 8.42139 1.6
    endloop
  endfacet
  facet normal -0 0 -1
    outer loop
      vertex 69.18 10.079 1.6
      vertex 68.753 8.48519 1.6
      vertex 69.0747 10.1147 1.6
    endloop
  endfacet
  facet normal 0 0 -1
    outer loop
      vertex 68.4433 8.5903 1.6
      vertex 69.0747 10.1147 1.6
      vertex 68.753 8.48519 1.6
    endloop
  endfacet
  facet normal -0 0 -1
    outer loop
      vertex 69.0747 10.1147 1.6
      vertex 68.4433 8.5903 1.6
      vertex 68.975 10.1639 1.6
    endloop
  endfacet
  facet normal 0 0 -1
    outer loop
      vertex 68.15 8.73494 1.6
      vertex 68.975 10.1639 1.6
      vertex 68.4433 8.5903 1.6
    endloop
  endfacet
  facet normal -0 0 -1
    outer loop
      vertex 68.975 10.1639 1.6
      vertex 68.15 8.73494 1.6
      vertex 68.8826 10.2256 1.6
    endloop
  endfacet
  facet normal 0 0 -1
    outer loop
      vertex 67.8781 8.91662 1.6
      vertex 68.8826 10.2256 1.6
      vertex 68.15 8.73494 1.6
    endloop
  endfacet
  facet normal -0 0 -1
    outer loop
      vertex 68.8826 10.2256 1.6
      vertex 67.8781 8.91662 1.6
      vertex 68.799 10.299 1.6
    endloop
  endfacet
  facet normal 0 0 -1
    outer loop
      vertex 67.6322 9.13223 1.6
      vertex 68.799 10.299 1.6
      vertex 67.8781 8.91662 1.6
    endloop
  endfacet
  facet normal -0 0 -1
    outer loop
      vertex 68.799 10.299 1.6
      vertex 67.6322 9.13223 1.6
      vertex 68.7256 10.3826 1.6
    endloop
  endfacet
  facet normal -0 0 -1
    outer loop
      vertex 68.7256 10.3826 1.6
      vertex 67.4166 9.3781 1.6
      vertex 68.6639 10.475 1.6
    endloop
  endfacet
  facet normal 0 0 -1
    outer loop
      vertex 67.4166 9.3781 1.6
      vertex 68.7256 10.3826 1.6
      vertex 67.6322 9.13223 1.6
    endloop
  endfacet
  facet normal 0 0 -1
    outer loop
      vertex 70.0743 11.4174 1.6
      vertex 71.3834 12.4219 1.6
      vertex 70.1361 11.325 1.6
    endloop
  endfacet
  facet normal -0 0 -1
    outer loop
      vertex 71.3834 12.4219 1.6
      vertex 70.0743 11.4174 1.6
      vertex 71.1678 12.6678 1.6
    endloop
  endfacet
  facet normal 0 0 -1
    outer loop
      vertex 70.001 11.501 1.6
      vertex 71.1678 12.6678 1.6
      vertex 70.0743 11.4174 1.6
    endloop
  endfacet
  facet normal -0 0 -1
    outer loop
      vertex 71.1678 12.6678 1.6
      vertex 70.001 11.501 1.6
      vertex 70.9219 12.8834 1.6
    endloop
  endfacet
  facet normal 0 0 -1
    outer loop
      vertex 69.9174 11.5743 1.6
      vertex 70.9219 12.8834 1.6
      vertex 70.001 11.501 1.6
    endloop
  endfacet
  facet normal -0 0 -1
    outer loop
      vertex 70.9219 12.8834 1.6
      vertex 69.9174 11.5743 1.6
      vertex 70.65 13.0651 1.6
    endloop
  endfacet
  facet normal 0 0 -1
    outer loop
      vertex 69.825 11.6361 1.6
      vertex 70.65 13.0651 1.6
      vertex 69.9174 11.5743 1.6
    endloop
  endfacet
  facet normal -0 0 -1
    outer loop
      vertex 70.65 13.0651 1.6
      vertex 69.825 11.6361 1.6
      vertex 70.3567 13.2097 1.6
    endloop
  endfacet
  facet normal 0 0 -1
    outer loop
      vertex 69.7253 11.6853 1.6
      vertex 70.3567 13.2097 1.6
      vertex 69.825 11.6361 1.6
    endloop
  endfacet
  facet normal -0 0 -1
    outer loop
      vertex 70.3567 13.2097 1.6
      vertex 69.7253 11.6853 1.6
      vertex 70.0471 13.3148 1.6
    endloop
  endfacet
  facet normal 0 0 -1
    outer loop
      vertex 69.62 11.721 1.6
      vertex 70.0471 13.3148 1.6
      vertex 69.7253 11.6853 1.6
    endloop
  endfacet
  facet normal -0 0 -1
    outer loop
      vertex 70.0471 13.3148 1.6
      vertex 69.62 11.721 1.6
      vertex 69.7263 13.3786 1.6
    endloop
  endfacet
  facet normal 0 0 -1
    outer loop
      vertex 69.5109 11.7427 1.6
      vertex 69.7263 13.3786 1.6
      vertex 69.62 11.721 1.6
    endloop
  endfacet
  facet normal 0 0 -1
    outer loop
      vertex 69.4 11.75 1.6
      vertex 69.7263 13.3786 1.6
      vertex 69.5109 11.7427 1.6
    endloop
  endfacet
  facet normal 0 0 -1
    outer loop
      vertex 69.4 11.75 1.6
      vertex 69.4 13.4 1.6
      vertex 69.7263 13.3786 1.6
    endloop
  endfacet
  facet normal 0 0 -1
    outer loop
      vertex 69.2891 11.7427 1.6
      vertex 69.4 13.4 1.6
      vertex 69.4 11.75 1.6
    endloop
  endfacet
  facet normal 0 0 -1
    outer loop
      vertex 69.0737 13.3786 1.6
      vertex 69.2891 11.7427 1.6
      vertex 69.18 11.721 1.6
    endloop
  endfacet
  facet normal 0 0 -1
    outer loop
      vertex 68.753 13.3148 1.6
      vertex 69.18 11.721 1.6
      vertex 69.0747 11.6853 1.6
    endloop
  endfacet
  facet normal 0 0 -1
    outer loop
      vertex 69.2891 11.7427 1.6
      vertex 69.0737 13.3786 1.6
      vertex 69.4 13.4 1.6
    endloop
  endfacet
  facet normal 0 0 -1
    outer loop
      vertex 68.4433 13.2097 1.6
      vertex 69.0747 11.6853 1.6
      vertex 68.975 11.6361 1.6
    endloop
  endfacet
  facet normal 0 0 -1
    outer loop
      vertex 68.15 13.0651 1.6
      vertex 68.975 11.6361 1.6
      vertex 68.8826 11.5743 1.6
    endloop
  endfacet
  facet normal 0 0 -1
    outer loop
      vertex 67.8781 12.8834 1.6
      vertex 68.8826 11.5743 1.6
      vertex 68.799 11.501 1.6
    endloop
  endfacet
  facet normal 0 0 -1
    outer loop
      vertex 69.18 11.721 1.6
      vertex 68.753 13.3148 1.6
      vertex 69.0737 13.3786 1.6
    endloop
  endfacet
  facet normal 0 0 -1
    outer loop
      vertex 67.6322 12.6678 1.6
      vertex 68.799 11.501 1.6
      vertex 68.7256 11.4174 1.6
    endloop
  endfacet
  facet normal 0 0 -1
    outer loop
      vertex 67.4166 12.4219 1.6
      vertex 68.7256 11.4174 1.6
      vertex 68.6639 11.325 1.6
    endloop
  endfacet
  facet normal 0 0 -1
    outer loop
      vertex 67.2349 12.15 1.6
      vertex 68.6639 11.325 1.6
      vertex 68.6147 11.2253 1.6
    endloop
  endfacet
  facet normal 0 0 -1
    outer loop
      vertex 67.0903 11.8567 1.6
      vertex 68.6147 11.2253 1.6
      vertex 68.579 11.12 1.6
    endloop
  endfacet
  facet normal 0 0 -1
    outer loop
      vertex 66.9852 11.547 1.6
      vertex 68.579 11.12 1.6
      vertex 68.5573 11.0109 1.6
    endloop
  endfacet
  facet normal 0 0 -1
    outer loop
      vertex 69.0747 11.6853 1.6
      vertex 68.4433 13.2097 1.6
      vertex 68.753 13.3148 1.6
    endloop
  endfacet
  facet normal 0 0 -1
    outer loop
      vertex 66.9214 11.2263 1.6
      vertex 68.5573 11.0109 1.6
      vertex 68.55 10.9 1.6
    endloop
  endfacet
  facet normal 0 0 -1
    outer loop
      vertex 67.2349 9.65 1.6
      vertex 68.6639 10.475 1.6
      vertex 67.4166 9.3781 1.6
    endloop
  endfacet
  facet normal -0 0 -1
    outer loop
      vertex 68.6639 10.475 1.6
      vertex 67.2349 9.65 1.6
      vertex 68.6147 10.5747 1.6
    endloop
  endfacet
  facet normal 0 0 -1
    outer loop
      vertex 68.975 11.6361 1.6
      vertex 68.15 13.0651 1.6
      vertex 68.4433 13.2097 1.6
    endloop
  endfacet
  facet normal 0 0 -1
    outer loop
      vertex 67.0903 9.94329 1.6
      vertex 68.6147 10.5747 1.6
      vertex 67.2349 9.65 1.6
    endloop
  endfacet
  facet normal 0 0 -1
    outer loop
      vertex 68.8826 11.5743 1.6
      vertex 67.8781 12.8834 1.6
      vertex 68.15 13.0651 1.6
    endloop
  endfacet
  facet normal -0 0 -1
    outer loop
      vertex 68.6147 10.5747 1.6
      vertex 67.0903 9.94329 1.6
      vertex 68.579 10.68 1.6
    endloop
  endfacet
  facet normal 0 0 -1
    outer loop
      vertex 68.799 11.501 1.6
      vertex 67.6322 12.6678 1.6
      vertex 67.8781 12.8834 1.6
    endloop
  endfacet
  facet normal 0 0 -1
    outer loop
      vertex 66.9852 10.253 1.6
      vertex 68.579 10.68 1.6
      vertex 67.0903 9.94329 1.6
    endloop
  endfacet
  facet normal 0 0 -1
    outer loop
      vertex 68.7256 11.4174 1.6
      vertex 67.4166 12.4219 1.6
      vertex 67.6322 12.6678 1.6
    endloop
  endfacet
  facet normal -0 0 -1
    outer loop
      vertex 68.579 10.68 1.6
      vertex 66.9852 10.253 1.6
      vertex 68.5573 10.7891 1.6
    endloop
  endfacet
  facet normal 0 0 -1
    outer loop
      vertex 68.6639 11.325 1.6
      vertex 67.2349 12.15 1.6
      vertex 67.4166 12.4219 1.6
    endloop
  endfacet
  facet normal 0 0 -1
    outer loop
      vertex 66.9214 10.5737 1.6
      vertex 68.5573 10.7891 1.6
      vertex 66.9852 10.253 1.6
    endloop
  endfacet
  facet normal 0 0 -1
    outer loop
      vertex 68.6147 11.2253 1.6
      vertex 67.0903 11.8567 1.6
      vertex 67.2349 12.15 1.6
    endloop
  endfacet
  facet normal -0 0 -1
    outer loop
      vertex 68.5573 10.7891 1.6
      vertex 66.9214 10.5737 1.6
      vertex 68.55 10.9 1.6
    endloop
  endfacet
  facet normal 0 0 -1
    outer loop
      vertex 68.579 11.12 1.6
      vertex 66.9852 11.547 1.6
      vertex 67.0903 11.8567 1.6
    endloop
  endfacet
  facet normal 0 0 -1
    outer loop
      vertex 66.9 10.9 1.6
      vertex 68.55 10.9 1.6
      vertex 66.9214 10.5737 1.6
    endloop
  endfacet
  facet normal 0 0 -1
    outer loop
      vertex 68.5573 11.0109 1.6
      vertex 66.9214 11.2263 1.6
      vertex 66.9852 11.547 1.6
    endloop
  endfacet
  facet normal 0 0 -1
    outer loop
      vertex 68.55 10.9 1.6
      vertex 66.9 10.9 1.6
      vertex 66.9214 11.2263 1.6
    endloop
  endfacet
  facet normal 0.896921 0.442191 0
    outer loop
      vertex 71.7097 11.8567 13.1
      vertex 71.5651 12.15 1.6
      vertex 71.5651 12.15 13.1
    endloop
  endfacet
  facet normal 0.896921 0.442191 0
    outer loop
      vertex 71.5651 12.15 1.6
      vertex 71.7097 11.8567 13.1
      vertex 71.7097 11.8567 1.6
    endloop
  endfacet
  facet normal 0.98078 0.195116 0
    outer loop
      vertex 71.8786 11.2263 13.1
      vertex 71.8148 11.547 1.6
      vertex 71.8148 11.547 13.1
    endloop
  endfacet
  facet normal 0.98078 0.195116 0
    outer loop
      vertex 71.8148 11.547 1.6
      vertex 71.8786 11.2263 13.1
      vertex 71.8786 11.2263 1.6
    endloop
  endfacet
  facet normal 0.831438 0.555617 0
    outer loop
      vertex 71.5651 12.15 13.1
      vertex 71.3834 12.4219 1.6
      vertex 71.3834 12.4219 13.1
    endloop
  endfacet
  facet normal 0.831438 0.555617 0
    outer loop
      vertex 71.3834 12.4219 1.6
      vertex 71.5651 12.15 13.1
      vertex 71.5651 12.15 1.6
    endloop
  endfacet
  facet normal 0.442191 0.896921 -0
    outer loop
      vertex 70.65 13.0651 1.6
      vertex 70.3567 13.2097 13.1
      vertex 70.65 13.0651 13.1
    endloop
  endfacet
  facet normal 0.442191 0.896921 0
    outer loop
      vertex 70.3567 13.2097 13.1
      vertex 70.65 13.0651 1.6
      vertex 70.3567 13.2097 1.6
    endloop
  endfacet
  facet normal 0.555617 0.831438 -0
    outer loop
      vertex 70.9219 12.8834 1.6
      vertex 70.65 13.0651 13.1
      vertex 70.9219 12.8834 13.1
    endloop
  endfacet
  facet normal 0.555617 0.831438 0
    outer loop
      vertex 70.65 13.0651 13.1
      vertex 70.9219 12.8834 1.6
      vertex 70.65 13.0651 1.6
    endloop
  endfacet
  facet normal -0.896921 0.442191 0
    outer loop
      vertex 67.0903 11.8567 1.6
      vertex 67.2349 12.15 13.1
      vertex 67.2349 12.15 1.6
    endloop
  endfacet
  facet normal -0.896921 0.442191 0
    outer loop
      vertex 67.2349 12.15 13.1
      vertex 67.0903 11.8567 1.6
      vertex 67.0903 11.8567 13.1
    endloop
  endfacet
  facet normal -0.831438 0.555617 0
    outer loop
      vertex 67.2349 12.15 1.6
      vertex 67.4166 12.4219 13.1
      vertex 67.4166 12.4219 1.6
    endloop
  endfacet
  facet normal -0.831438 0.555617 0
    outer loop
      vertex 67.4166 12.4219 13.1
      vertex 67.2349 12.15 1.6
      vertex 67.2349 12.15 13.1
    endloop
  endfacet
  facet normal 0 0 1
    outer loop
      vertex 71.8786 11.2263 13.1
      vertex 71.8786 10.5737 13.1
      vertex 71.9 10.9 13.1
    endloop
  endfacet
  facet normal 0 0 1
    outer loop
      vertex 71.8148 11.547 13.1
      vertex 71.8786 10.5737 13.1
      vertex 71.8786 11.2263 13.1
    endloop
  endfacet
  facet normal 0 0 1
    outer loop
      vertex 71.8148 11.547 13.1
      vertex 71.8148 10.253 13.1
      vertex 71.8786 10.5737 13.1
    endloop
  endfacet
  facet normal 0 0 1
    outer loop
      vertex 71.7097 11.8567 13.1
      vertex 71.8148 10.253 13.1
      vertex 71.8148 11.547 13.1
    endloop
  endfacet
  facet normal 0 0 1
    outer loop
      vertex 71.7097 11.8567 13.1
      vertex 71.7097 9.94329 13.1
      vertex 71.8148 10.253 13.1
    endloop
  endfacet
  facet normal 0 0 1
    outer loop
      vertex 71.5651 12.15 13.1
      vertex 71.7097 9.94329 13.1
      vertex 71.7097 11.8567 13.1
    endloop
  endfacet
  facet normal 0 0 1
    outer loop
      vertex 71.5651 12.15 13.1
      vertex 71.5651 9.65 13.1
      vertex 71.7097 9.94329 13.1
    endloop
  endfacet
  facet normal 0 0 1
    outer loop
      vertex 71.3834 12.4219 13.1
      vertex 71.5651 9.65 13.1
      vertex 71.5651 12.15 13.1
    endloop
  endfacet
  facet normal 0 0 1
    outer loop
      vertex 71.3834 12.4219 13.1
      vertex 71.3834 9.3781 13.1
      vertex 71.5651 9.65 13.1
    endloop
  endfacet
  facet normal 0 0 1
    outer loop
      vertex 71.1678 12.6678 13.1
      vertex 71.3834 9.3781 13.1
      vertex 71.3834 12.4219 13.1
    endloop
  endfacet
  facet normal 0 0 1
    outer loop
      vertex 71.1678 12.6678 13.1
      vertex 71.1678 9.13223 13.1
      vertex 71.3834 9.3781 13.1
    endloop
  endfacet
  facet normal 0 0 1
    outer loop
      vertex 70.9219 12.8834 13.1
      vertex 71.1678 9.13223 13.1
      vertex 71.1678 12.6678 13.1
    endloop
  endfacet
  facet normal 0 0 1
    outer loop
      vertex 70.9219 12.8834 13.1
      vertex 70.9219 8.91662 13.1
      vertex 71.1678 9.13223 13.1
    endloop
  endfacet
  facet normal 0 0 1
    outer loop
      vertex 70.65 13.0651 13.1
      vertex 70.9219 8.91662 13.1
      vertex 70.9219 12.8834 13.1
    endloop
  endfacet
  facet normal 0 0 1
    outer loop
      vertex 70.65 13.0651 13.1
      vertex 70.65 8.73494 13.1
      vertex 70.9219 8.91662 13.1
    endloop
  endfacet
  facet normal 0 0 1
    outer loop
      vertex 70.3567 13.2097 13.1
      vertex 70.65 8.73494 13.1
      vertex 70.65 13.0651 13.1
    endloop
  endfacet
  facet normal 0 0 1
    outer loop
      vertex 70.3567 13.2097 13.1
      vertex 70.3567 8.5903 13.1
      vertex 70.65 8.73494 13.1
    endloop
  endfacet
  facet normal 0 0 1
    outer loop
      vertex 70.0471 13.3148 13.1
      vertex 70.3567 8.5903 13.1
      vertex 70.3567 13.2097 13.1
    endloop
  endfacet
  facet normal 0 0 1
    outer loop
      vertex 70.0471 13.3148 13.1
      vertex 70.0471 8.48519 13.1
      vertex 70.3567 8.5903 13.1
    endloop
  endfacet
  facet normal 0 0 1
    outer loop
      vertex 69.7263 13.3786 13.1
      vertex 70.0471 8.48519 13.1
      vertex 70.0471 13.3148 13.1
    endloop
  endfacet
  facet normal 0 0 1
    outer loop
      vertex 69.7263 13.3786 13.1
      vertex 69.7263 8.42139 13.1
      vertex 70.0471 8.48519 13.1
    endloop
  endfacet
  facet normal 0 0 1
    outer loop
      vertex 69.4 13.4 13.1
      vertex 69.7263 8.42139 13.1
      vertex 69.7263 13.3786 13.1
    endloop
  endfacet
  facet normal 0 0 1
    outer loop
      vertex 69.4 13.4 13.1
      vertex 69.4 8.4 13.1
      vertex 69.7263 8.42139 13.1
    endloop
  endfacet
  facet normal -0 0 1
    outer loop
      vertex 69.0737 13.3786 13.1
      vertex 69.4 8.4 13.1
      vertex 69.4 13.4 13.1
    endloop
  endfacet
  facet normal 0 0 1
    outer loop
      vertex 69.0737 13.3786 13.1
      vertex 69.0737 8.42139 13.1
      vertex 69.4 8.4 13.1
    endloop
  endfacet
  facet normal -0 0 1
    outer loop
      vertex 68.753 13.3148 13.1
      vertex 69.0737 8.42139 13.1
      vertex 69.0737 13.3786 13.1
    endloop
  endfacet
  facet normal 0 0 1
    outer loop
      vertex 68.753 13.3148 13.1
      vertex 68.753 8.48519 13.1
      vertex 69.0737 8.42139 13.1
    endloop
  endfacet
  facet normal -0 0 1
    outer loop
      vertex 68.4433 13.2097 13.1
      vertex 68.753 8.48519 13.1
      vertex 68.753 13.3148 13.1
    endloop
  endfacet
  facet normal 0 0 1
    outer loop
      vertex 68.4433 13.2097 13.1
      vertex 68.4433 8.5903 13.1
      vertex 68.753 8.48519 13.1
    endloop
  endfacet
  facet normal -0 0 1
    outer loop
      vertex 68.15 13.0651 13.1
      vertex 68.4433 8.5903 13.1
      vertex 68.4433 13.2097 13.1
    endloop
  endfacet
  facet normal 0 0 1
    outer loop
      vertex 68.15 13.0651 13.1
      vertex 68.15 8.73494 13.1
      vertex 68.4433 8.5903 13.1
    endloop
  endfacet
  facet normal -0 0 1
    outer loop
      vertex 67.8781 12.8834 13.1
      vertex 68.15 8.73494 13.1
      vertex 68.15 13.0651 13.1
    endloop
  endfacet
  facet normal 0 0 1
    outer loop
      vertex 67.8781 12.8834 13.1
      vertex 67.8781 8.91662 13.1
      vertex 68.15 8.73494 13.1
    endloop
  endfacet
  facet normal -0 0 1
    outer loop
      vertex 67.6322 12.6678 13.1
      vertex 67.8781 8.91662 13.1
      vertex 67.8781 12.8834 13.1
    endloop
  endfacet
  facet normal 0 0 1
    outer loop
      vertex 67.6322 12.6678 13.1
      vertex 67.6322 9.13223 13.1
      vertex 67.8781 8.91662 13.1
    endloop
  endfacet
  facet normal -0 0 1
    outer loop
      vertex 67.4166 12.4219 13.1
      vertex 67.6322 9.13223 13.1
      vertex 67.6322 12.6678 13.1
    endloop
  endfacet
  facet normal 0 0 1
    outer loop
      vertex 67.4166 12.4219 13.1
      vertex 67.4166 9.3781 13.1
      vertex 67.6322 9.13223 13.1
    endloop
  endfacet
  facet normal -0 0 1
    outer loop
      vertex 67.2349 12.15 13.1
      vertex 67.4166 9.3781 13.1
      vertex 67.4166 12.4219 13.1
    endloop
  endfacet
  facet normal 0 0 1
    outer loop
      vertex 67.2349 12.15 13.1
      vertex 67.2349 9.65 13.1
      vertex 67.4166 9.3781 13.1
    endloop
  endfacet
  facet normal -0 0 1
    outer loop
      vertex 67.0903 11.8567 13.1
      vertex 67.2349 9.65 13.1
      vertex 67.2349 12.15 13.1
    endloop
  endfacet
  facet normal 0 0 1
    outer loop
      vertex 67.0903 11.8567 13.1
      vertex 67.0903 9.94329 13.1
      vertex 67.2349 9.65 13.1
    endloop
  endfacet
  facet normal -0 0 1
    outer loop
      vertex 66.9852 11.547 13.1
      vertex 67.0903 9.94329 13.1
      vertex 67.0903 11.8567 13.1
    endloop
  endfacet
  facet normal 0 0 1
    outer loop
      vertex 66.9852 11.547 13.1
      vertex 66.9852 10.253 13.1
      vertex 67.0903 9.94329 13.1
    endloop
  endfacet
  facet normal -0 0 1
    outer loop
      vertex 66.9214 11.2263 13.1
      vertex 66.9852 10.253 13.1
      vertex 66.9852 11.547 13.1
    endloop
  endfacet
  facet normal 0 0 1
    outer loop
      vertex 66.9214 11.2263 13.1
      vertex 66.9214 10.5737 13.1
      vertex 66.9852 10.253 13.1
    endloop
  endfacet
  facet normal 0 -0 1
    outer loop
      vertex 66.9214 10.5737 13.1
      vertex 66.9214 11.2263 13.1
      vertex 66.9 10.9 13.1
    endloop
  endfacet
  facet normal -0.442191 0.896921 0
    outer loop
      vertex 68.4433 13.2097 1.6
      vertex 68.15 13.0651 13.1
      vertex 68.4433 13.2097 13.1
    endloop
  endfacet
  facet normal -0.442191 0.896921 0
    outer loop
      vertex 68.15 13.0651 13.1
      vertex 68.4433 13.2097 1.6
      vertex 68.15 13.0651 1.6
    endloop
  endfacet
  facet normal -0.0654432 0.997856 0
    outer loop
      vertex 69.4 13.4 1.6
      vertex 69.0737 13.3786 13.1
      vertex 69.4 13.4 13.1
    endloop
  endfacet
  facet normal -0.0654432 0.997856 0
    outer loop
      vertex 69.0737 13.3786 13.1
      vertex 69.4 13.4 1.6
      vertex 69.0737 13.3786 1.6
    endloop
  endfacet
  facet normal 0.195058 -0.980792 0
    outer loop
      vertex 69.7263 8.42139 1.6
      vertex 70.0471 8.48519 13.1
      vertex 69.7263 8.42139 13.1
    endloop
  endfacet
  facet normal 0.195058 -0.980792 0
    outer loop
      vertex 70.0471 8.48519 13.1
      vertex 69.7263 8.42139 1.6
      vertex 70.0471 8.48519 1.6
    endloop
  endfacet
  facet normal 0.0654128 -0.997858 0
    outer loop
      vertex 69.4 8.4 1.6
      vertex 69.7263 8.42139 13.1
      vertex 69.4 8.4 13.1
    endloop
  endfacet
  facet normal 0.0654128 -0.997858 0
    outer loop
      vertex 69.7263 8.42139 13.1
      vertex 69.4 8.4 1.6
      vertex 69.7263 8.42139 1.6
    endloop
  endfacet
  facet normal 0.659279 -0.751898 0
    outer loop
      vertex 70.9219 8.91662 1.6
      vertex 71.1678 9.13223 13.1
      vertex 70.9219 8.91662 13.1
    endloop
  endfacet
  facet normal 0.659279 -0.751898 0
    outer loop
      vertex 71.1678 9.13223 13.1
      vertex 70.9219 8.91662 1.6
      vertex 71.1678 9.13223 1.6
    endloop
  endfacet
  facet normal 0.44229 -0.896872 0
    outer loop
      vertex 70.3567 8.5903 1.6
      vertex 70.65 8.73494 13.1
      vertex 70.3567 8.5903 13.1
    endloop
  endfacet
  facet normal 0.44229 -0.896872 0
    outer loop
      vertex 70.65 8.73494 13.1
      vertex 70.3567 8.5903 1.6
      vertex 70.65 8.73494 1.6
    endloop
  endfacet
  facet normal -0.321387 -0.946948 0
    outer loop
      vertex 68.4433 8.5903 1.6
      vertex 68.753 8.48519 13.1
      vertex 68.4433 8.5903 13.1
    endloop
  endfacet
  facet normal -0.321387 -0.946948 -0
    outer loop
      vertex 68.753 8.48519 13.1
      vertex 68.4433 8.5903 1.6
      vertex 68.753 8.48519 1.6
    endloop
  endfacet
  facet normal -0.896915 -0.442204 0
    outer loop
      vertex 67.2349 9.65 1.6
      vertex 67.0903 9.94329 13.1
      vertex 67.0903 9.94329 1.6
    endloop
  endfacet
  facet normal -0.896915 -0.442204 0
    outer loop
      vertex 67.0903 9.94329 13.1
      vertex 67.2349 9.65 1.6
      vertex 67.2349 9.65 13.1
    endloop
  endfacet
  facet normal -0.831438 -0.555617 0
    outer loop
      vertex 67.4166 9.3781 1.6
      vertex 67.2349 9.65 13.1
      vertex 67.2349 9.65 1.6
    endloop
  endfacet
  facet normal -0.831438 -0.555617 0
    outer loop
      vertex 67.2349 9.65 13.1
      vertex 67.4166 9.3781 1.6
      vertex 67.4166 9.3781 13.1
    endloop
  endfacet
  facet normal -0.997856 -0.0654432 0
    outer loop
      vertex 66.9214 10.5737 1.6
      vertex 66.9 10.9 13.1
      vertex 66.9 10.9 1.6
    endloop
  endfacet
  facet normal -0.997856 -0.0654432 0
    outer loop
      vertex 66.9 10.9 13.1
      vertex 66.9214 10.5737 1.6
      vertex 66.9214 10.5737 13.1
    endloop
  endfacet
  facet normal 0.946957 0.32136 0
    outer loop
      vertex 71.8148 11.547 13.1
      vertex 71.7097 11.8567 1.6
      vertex 71.7097 11.8567 13.1
    endloop
  endfacet
  facet normal 0.946957 0.32136 0
    outer loop
      vertex 71.7097 11.8567 1.6
      vertex 71.8148 11.547 13.1
      vertex 71.8148 11.547 1.6
    endloop
  endfacet
  facet normal 0.195058 0.980792 -0
    outer loop
      vertex 70.0471 13.3148 1.6
      vertex 69.7263 13.3786 13.1
      vertex 70.0471 13.3148 13.1
    endloop
  endfacet
  facet normal 0.195058 0.980792 0
    outer loop
      vertex 69.7263 13.3786 13.1
      vertex 70.0471 13.3148 1.6
      vertex 69.7263 13.3786 1.6
    endloop
  endfacet
  facet normal 0.659262 0.751913 -0
    outer loop
      vertex 71.1678 12.6678 1.6
      vertex 70.9219 12.8834 13.1
      vertex 71.1678 12.6678 13.1
    endloop
  endfacet
  facet normal 0.659262 0.751913 0
    outer loop
      vertex 70.9219 12.8834 13.1
      vertex 71.1678 12.6678 1.6
      vertex 70.9219 12.8834 1.6
    endloop
  endfacet
  facet normal -0.98078 0.195116 0
    outer loop
      vertex 66.9214 11.2263 1.6
      vertex 66.9852 11.547 13.1
      vertex 66.9852 11.547 1.6
    endloop
  endfacet
  facet normal -0.98078 0.195116 0
    outer loop
      vertex 66.9852 11.547 13.1
      vertex 66.9214 11.2263 1.6
      vertex 66.9214 11.2263 13.1
    endloop
  endfacet
  facet normal 0.997856 -0.0654432 0
    outer loop
      vertex 71.8786 10.5737 13.1
      vertex 71.9 10.9 1.6
      vertex 71.9 10.9 13.1
    endloop
  endfacet
  facet normal 0.997856 -0.0654432 0
    outer loop
      vertex 71.9 10.9 1.6
      vertex 71.8786 10.5737 13.1
      vertex 71.8786 10.5737 1.6
    endloop
  endfacet
  facet normal 0.555575 -0.831466 0
    outer loop
      vertex 70.65 8.73494 1.6
      vertex 70.9219 8.91662 13.1
      vertex 70.65 8.73494 13.1
    endloop
  endfacet
  facet normal 0.555575 -0.831466 0
    outer loop
      vertex 70.9219 8.91662 13.1
      vertex 70.65 8.73494 1.6
      vertex 70.9219 8.91662 1.6
    endloop
  endfacet
  facet normal 0.831438 -0.555617 0
    outer loop
      vertex 71.3834 9.3781 13.1
      vertex 71.5651 9.65 1.6
      vertex 71.5651 9.65 13.1
    endloop
  endfacet
  facet normal 0.831438 -0.555617 0
    outer loop
      vertex 71.5651 9.65 1.6
      vertex 71.3834 9.3781 13.1
      vertex 71.3834 9.3781 1.6
    endloop
  endfacet
  facet normal 0.751873 -0.659307 0
    outer loop
      vertex 71.1678 9.13223 13.1
      vertex 71.3834 9.3781 1.6
      vertex 71.3834 9.3781 13.1
    endloop
  endfacet
  facet normal 0.751873 -0.659307 0
    outer loop
      vertex 71.3834 9.3781 1.6
      vertex 71.1678 9.13223 13.1
      vertex 71.1678 9.13223 1.6
    endloop
  endfacet
  facet normal -0.555575 -0.831466 0
    outer loop
      vertex 67.8781 8.91662 1.6
      vertex 68.15 8.73494 13.1
      vertex 67.8781 8.91662 13.1
    endloop
  endfacet
  facet normal -0.555575 -0.831466 -0
    outer loop
      vertex 68.15 8.73494 13.1
      vertex 67.8781 8.91662 1.6
      vertex 68.15 8.73494 1.6
    endloop
  endfacet
  facet normal -0.659279 -0.751898 0
    outer loop
      vertex 67.6322 9.13223 1.6
      vertex 67.8781 8.91662 13.1
      vertex 67.6322 9.13223 13.1
    endloop
  endfacet
  facet normal -0.659279 -0.751898 -0
    outer loop
      vertex 67.8781 8.91662 13.1
      vertex 67.6322 9.13223 1.6
      vertex 67.8781 8.91662 1.6
    endloop
  endfacet
  facet normal -0.44229 -0.896872 0
    outer loop
      vertex 68.15 8.73494 1.6
      vertex 68.4433 8.5903 13.1
      vertex 68.15 8.73494 13.1
    endloop
  endfacet
  facet normal -0.44229 -0.896872 -0
    outer loop
      vertex 68.4433 8.5903 13.1
      vertex 68.15 8.73494 1.6
      vertex 68.4433 8.5903 1.6
    endloop
  endfacet
  facet normal -0.0654128 -0.997858 0
    outer loop
      vertex 69.0737 8.42139 1.6
      vertex 69.4 8.4 13.1
      vertex 69.0737 8.42139 13.1
    endloop
  endfacet
  facet normal -0.0654128 -0.997858 -0
    outer loop
      vertex 69.4 8.4 13.1
      vertex 69.0737 8.42139 1.6
      vertex 69.4 8.4 1.6
    endloop
  endfacet
  facet normal -0.751873 -0.659307 0
    outer loop
      vertex 67.6322 9.13223 1.6
      vertex 67.4166 9.3781 13.1
      vertex 67.4166 9.3781 1.6
    endloop
  endfacet
  facet normal -0.751873 -0.659307 0
    outer loop
      vertex 67.4166 9.3781 13.1
      vertex 67.6322 9.13223 1.6
      vertex 67.6322 9.13223 13.1
    endloop
  endfacet
  facet normal -0.94696 -0.321351 0
    outer loop
      vertex 67.0903 9.94329 1.6
      vertex 66.9852 10.253 13.1
      vertex 66.9852 10.253 1.6
    endloop
  endfacet
  facet normal -0.94696 -0.321351 0
    outer loop
      vertex 66.9852 10.253 13.1
      vertex 67.0903 9.94329 1.6
      vertex 67.0903 9.94329 13.1
    endloop
  endfacet
  facet normal 0.321453 0.946926 -0
    outer loop
      vertex 70.3567 13.2097 1.6
      vertex 70.0471 13.3148 13.1
      vertex 70.3567 13.2097 13.1
    endloop
  endfacet
  facet normal 0.321453 0.946926 0
    outer loop
      vertex 70.0471 13.3148 13.1
      vertex 70.3567 13.2097 1.6
      vertex 70.0471 13.3148 1.6
    endloop
  endfacet
  facet normal -0.751913 0.659262 0
    outer loop
      vertex 67.4166 12.4219 1.6
      vertex 67.6322 12.6678 13.1
      vertex 67.6322 12.6678 1.6
    endloop
  endfacet
  facet normal -0.751913 0.659262 0
    outer loop
      vertex 67.6322 12.6678 13.1
      vertex 67.4166 12.4219 1.6
      vertex 67.4166 12.4219 13.1
    endloop
  endfacet
  facet normal -0.946957 0.32136 0
    outer loop
      vertex 66.9852 11.547 1.6
      vertex 67.0903 11.8567 13.1
      vertex 67.0903 11.8567 1.6
    endloop
  endfacet
  facet normal -0.946957 0.32136 0
    outer loop
      vertex 67.0903 11.8567 13.1
      vertex 66.9852 11.547 1.6
      vertex 66.9852 11.547 13.1
    endloop
  endfacet
  facet normal -0.555617 0.831438 0
    outer loop
      vertex 68.15 13.0651 1.6
      vertex 67.8781 12.8834 13.1
      vertex 68.15 13.0651 13.1
    endloop
  endfacet
  facet normal -0.555617 0.831438 0
    outer loop
      vertex 67.8781 12.8834 13.1
      vertex 68.15 13.0651 1.6
      vertex 67.8781 12.8834 1.6
    endloop
  endfacet
  facet normal -0.195116 0.98078 0
    outer loop
      vertex 69.0737 13.3786 1.6
      vertex 68.753 13.3148 13.1
      vertex 69.0737 13.3786 13.1
    endloop
  endfacet
  facet normal -0.195116 0.98078 0
    outer loop
      vertex 68.753 13.3148 13.1
      vertex 69.0737 13.3786 1.6
      vertex 68.753 13.3148 1.6
    endloop
  endfacet
  facet normal 0.32148 -0.946916 0
    outer loop
      vertex 70.0471 8.48519 1.6
      vertex 70.3567 8.5903 13.1
      vertex 70.0471 8.48519 13.1
    endloop
  endfacet
  facet normal 0.32148 -0.946916 0
    outer loop
      vertex 70.3567 8.5903 13.1
      vertex 70.0471 8.48519 1.6
      vertex 70.3567 8.5903 1.6
    endloop
  endfacet
  facet normal 0.896915 -0.442204 0
    outer loop
      vertex 71.5651 9.65 13.1
      vertex 71.7097 9.94329 1.6
      vertex 71.7097 9.94329 13.1
    endloop
  endfacet
  facet normal 0.896915 -0.442204 0
    outer loop
      vertex 71.7097 9.94329 1.6
      vertex 71.5651 9.65 13.1
      vertex 71.5651 9.65 1.6
    endloop
  endfacet
  facet normal 0.94696 -0.321351 0
    outer loop
      vertex 71.7097 9.94329 13.1
      vertex 71.8148 10.253 1.6
      vertex 71.8148 10.253 13.1
    endloop
  endfacet
  facet normal 0.94696 -0.321351 0
    outer loop
      vertex 71.8148 10.253 1.6
      vertex 71.7097 9.94329 13.1
      vertex 71.7097 9.94329 1.6
    endloop
  endfacet
  facet normal 0.98078 -0.195116 0
    outer loop
      vertex 71.8148 10.253 13.1
      vertex 71.8786 10.5737 1.6
      vertex 71.8786 10.5737 13.1
    endloop
  endfacet
  facet normal 0.98078 -0.195116 0
    outer loop
      vertex 71.8786 10.5737 1.6
      vertex 71.8148 10.253 13.1
      vertex 71.8148 10.253 1.6
    endloop
  endfacet
  facet normal -0.195116 -0.98078 0
    outer loop
      vertex 68.753 8.48519 1.6
      vertex 69.0737 8.42139 13.1
      vertex 68.753 8.48519 13.1
    endloop
  endfacet
  facet normal -0.195116 -0.98078 -0
    outer loop
      vertex 69.0737 8.42139 13.1
      vertex 68.753 8.48519 1.6
      vertex 69.0737 8.42139 1.6
    endloop
  endfacet
  facet normal -0.997841 -0.0656829 0
    outer loop
      vertex 70.25 10.9 1.6
      vertex 70.2427 11.0109 11.59
      vertex 70.2427 11.0109 1.6
    endloop
  endfacet
  facet normal -0.997841 -0.0656829 0
    outer loop
      vertex 70.2427 11.0109 11.59
      vertex 70.25 10.9 1.6
      vertex 70.25 10.9 11.59
    endloop
  endfacet
  facet normal 0.997841 -0.0656829 0
    outer loop
      vertex 68.55 10.9 11.59
      vertex 68.5573 11.0109 1.6
      vertex 68.5573 11.0109 11.59
    endloop
  endfacet
  facet normal 0.997841 -0.0656829 0
    outer loop
      vertex 68.5573 11.0109 1.6
      vertex 68.55 10.9 11.59
      vertex 68.55 10.9 1.6
    endloop
  endfacet
  facet normal 0.0656829 -0.997841 0
    outer loop
      vertex 69.2891 11.7427 1.6
      vertex 69.4 11.75 11.59
      vertex 69.2891 11.7427 11.59
    endloop
  endfacet
  facet normal 0.0656829 -0.997841 0
    outer loop
      vertex 69.4 11.75 11.59
      vertex 69.2891 11.7427 1.6
      vertex 69.4 11.75 1.6
    endloop
  endfacet
  facet normal -0.0656829 0.997841 0
    outer loop
      vertex 69.5109 10.0573 1.6
      vertex 69.4 10.05 11.59
      vertex 69.5109 10.0573 11.59
    endloop
  endfacet
  facet normal -0.0656829 0.997841 0
    outer loop
      vertex 69.4 10.05 11.59
      vertex 69.5109 10.0573 1.6
      vertex 69.4 10.05 1.6
    endloop
  endfacet
  facet normal -0.659268 -0.751908 0
    outer loop
      vertex 69.9174 11.5743 1.6
      vertex 70.001 11.501 11.59
      vertex 69.9174 11.5743 11.59
    endloop
  endfacet
  facet normal -0.659268 -0.751908 -0
    outer loop
      vertex 70.001 11.501 11.59
      vertex 69.9174 11.5743 1.6
      vertex 70.001 11.501 1.6
    endloop
  endfacet
  facet normal 0.751462 -0.659776 0
    outer loop
      vertex 68.7256 11.4174 11.59
      vertex 68.799 11.501 1.6
      vertex 68.799 11.501 11.59
    endloop
  endfacet
  facet normal 0.751462 -0.659776 0
    outer loop
      vertex 68.799 11.501 1.6
      vertex 68.7256 11.4174 11.59
      vertex 68.7256 11.4174 1.6
    endloop
  endfacet
  facet normal 0.44253 -0.896754 0
    outer loop
      vertex 68.975 11.6361 1.6
      vertex 69.0747 11.6853 11.59
      vertex 68.975 11.6361 11.59
    endloop
  endfacet
  facet normal 0.44253 -0.896754 0
    outer loop
      vertex 69.0747 11.6853 11.59
      vertex 68.975 11.6361 1.6
      vertex 69.0747 11.6853 1.6
    endloop
  endfacet
  facet normal -0.896754 -0.44253 0
    outer loop
      vertex 70.1853 11.2253 1.6
      vertex 70.1361 11.325 11.59
      vertex 70.1361 11.325 1.6
    endloop
  endfacet
  facet normal -0.896754 -0.44253 0
    outer loop
      vertex 70.1361 11.325 11.59
      vertex 70.1853 11.2253 1.6
      vertex 70.1853 11.2253 11.59
    endloop
  endfacet
  facet normal -0.831219 -0.555945 0
    outer loop
      vertex 70.1361 11.325 1.6
      vertex 70.0743 11.4174 11.59
      vertex 70.0743 11.4174 1.6
    endloop
  endfacet
  facet normal -0.831219 -0.555945 0
    outer loop
      vertex 70.0743 11.4174 11.59
      vertex 70.1361 11.325 1.6
      vertex 70.1361 11.325 11.59
    endloop
  endfacet
  facet normal -0.32108 -0.947052 0
    outer loop
      vertex 69.62 11.721 1.6
      vertex 69.7253 11.6853 11.59
      vertex 69.62 11.721 11.59
    endloop
  endfacet
  facet normal -0.32108 -0.947052 -0
    outer loop
      vertex 69.7253 11.6853 11.59
      vertex 69.62 11.721 1.6
      vertex 69.7253 11.6853 1.6
    endloop
  endfacet
  facet normal -0.195079 -0.980788 0
    outer loop
      vertex 69.5109 11.7427 1.6
      vertex 69.62 11.721 11.59
      vertex 69.5109 11.7427 11.59
    endloop
  endfacet
  facet normal -0.195079 -0.980788 -0
    outer loop
      vertex 69.62 11.721 11.59
      vertex 69.5109 11.7427 1.6
      vertex 69.62 11.721 1.6
    endloop
  endfacet
  facet normal -0.44253 -0.896754 0
    outer loop
      vertex 69.7253 11.6853 1.6
      vertex 69.825 11.6361 11.59
      vertex 69.7253 11.6853 11.59
    endloop
  endfacet
  facet normal -0.44253 -0.896754 -0
    outer loop
      vertex 69.825 11.6361 11.59
      vertex 69.7253 11.6853 1.6
      vertex 69.825 11.6361 1.6
    endloop
  endfacet
  facet normal 0.896754 -0.44253 0
    outer loop
      vertex 68.6147 11.2253 11.59
      vertex 68.6639 11.325 1.6
      vertex 68.6639 11.325 11.59
    endloop
  endfacet
  facet normal 0.896754 -0.44253 0
    outer loop
      vertex 68.6639 11.325 1.6
      vertex 68.6147 11.2253 11.59
      vertex 68.6147 11.2253 1.6
    endloop
  endfacet
  facet normal 0.831635 -0.555323 0
    outer loop
      vertex 68.6639 11.325 11.59
      vertex 68.7256 11.4174 1.6
      vertex 68.7256 11.4174 11.59
    endloop
  endfacet
  facet normal 0.831635 -0.555323 0
    outer loop
      vertex 68.7256 11.4174 1.6
      vertex 68.6639 11.325 11.59
      vertex 68.6639 11.325 1.6
    endloop
  endfacet
  facet normal 0 0 -1
    outer loop
      vertex 70.2427 10.7891 11.59
      vertex 70.2427 11.0109 11.59
      vertex 70.25 10.9 11.59
    endloop
  endfacet
  facet normal 0 0 -1
    outer loop
      vertex 70.221 10.68 11.59
      vertex 70.2427 11.0109 11.59
      vertex 70.2427 10.7891 11.59
    endloop
  endfacet
  facet normal 0 0 -1
    outer loop
      vertex 70.221 10.68 11.59
      vertex 70.221 11.12 11.59
      vertex 70.2427 11.0109 11.59
    endloop
  endfacet
  facet normal 0 0 -1
    outer loop
      vertex 70.1853 10.5747 11.59
      vertex 70.221 11.12 11.59
      vertex 70.221 10.68 11.59
    endloop
  endfacet
  facet normal 0 0 -1
    outer loop
      vertex 70.1853 10.5747 11.59
      vertex 70.1853 11.2253 11.59
      vertex 70.221 11.12 11.59
    endloop
  endfacet
  facet normal 0 0 -1
    outer loop
      vertex 70.1361 10.475 11.59
      vertex 70.1853 11.2253 11.59
      vertex 70.1853 10.5747 11.59
    endloop
  endfacet
  facet normal 0 0 -1
    outer loop
      vertex 70.1361 10.475 11.59
      vertex 70.1361 11.325 11.59
      vertex 70.1853 11.2253 11.59
    endloop
  endfacet
  facet normal 0 0 -1
    outer loop
      vertex 70.0743 10.3826 11.59
      vertex 70.1361 11.325 11.59
      vertex 70.1361 10.475 11.59
    endloop
  endfacet
  facet normal 0 0 -1
    outer loop
      vertex 70.0743 10.3826 11.59
      vertex 70.0743 11.4174 11.59
      vertex 70.1361 11.325 11.59
    endloop
  endfacet
  facet normal 0 0 -1
    outer loop
      vertex 70.001 10.299 11.59
      vertex 70.0743 11.4174 11.59
      vertex 70.0743 10.3826 11.59
    endloop
  endfacet
  facet normal 0 0 -1
    outer loop
      vertex 70.001 10.299 11.59
      vertex 70.001 11.501 11.59
      vertex 70.0743 11.4174 11.59
    endloop
  endfacet
  facet normal 0 0 -1
    outer loop
      vertex 69.9174 10.2256 11.59
      vertex 70.001 11.501 11.59
      vertex 70.001 10.299 11.59
    endloop
  endfacet
  facet normal 0 0 -1
    outer loop
      vertex 69.9174 10.2256 11.59
      vertex 69.9174 11.5743 11.59
      vertex 70.001 11.501 11.59
    endloop
  endfacet
  facet normal 0 0 -1
    outer loop
      vertex 69.825 10.1639 11.59
      vertex 69.9174 11.5743 11.59
      vertex 69.9174 10.2256 11.59
    endloop
  endfacet
  facet normal 0 0 -1
    outer loop
      vertex 69.825 10.1639 11.59
      vertex 69.825 11.6361 11.59
      vertex 69.9174 11.5743 11.59
    endloop
  endfacet
  facet normal 0 0 -1
    outer loop
      vertex 69.7253 10.1147 11.59
      vertex 69.825 11.6361 11.59
      vertex 69.825 10.1639 11.59
    endloop
  endfacet
  facet normal 0 0 -1
    outer loop
      vertex 69.7253 10.1147 11.59
      vertex 69.7253 11.6853 11.59
      vertex 69.825 11.6361 11.59
    endloop
  endfacet
  facet normal 0 0 -1
    outer loop
      vertex 69.62 10.079 11.59
      vertex 69.7253 11.6853 11.59
      vertex 69.7253 10.1147 11.59
    endloop
  endfacet
  facet normal 0 0 -1
    outer loop
      vertex 69.62 10.079 11.59
      vertex 69.62 11.721 11.59
      vertex 69.7253 11.6853 11.59
    endloop
  endfacet
  facet normal 0 0 -1
    outer loop
      vertex 69.5109 10.0573 11.59
      vertex 69.62 11.721 11.59
      vertex 69.62 10.079 11.59
    endloop
  endfacet
  facet normal 0 0 -1
    outer loop
      vertex 69.5109 10.0573 11.59
      vertex 69.5109 11.7427 11.59
      vertex 69.62 11.721 11.59
    endloop
  endfacet
  facet normal 0 0 -1
    outer loop
      vertex 69.4 10.05 11.59
      vertex 69.5109 11.7427 11.59
      vertex 69.5109 10.0573 11.59
    endloop
  endfacet
  facet normal 0 0 -1
    outer loop
      vertex 69.4 10.05 11.59
      vertex 69.4 11.75 11.59
      vertex 69.5109 11.7427 11.59
    endloop
  endfacet
  facet normal 0 0 -1
    outer loop
      vertex 69.2891 10.0573 11.59
      vertex 69.4 11.75 11.59
      vertex 69.4 10.05 11.59
    endloop
  endfacet
  facet normal 0 0 -1
    outer loop
      vertex 69.2891 10.0573 11.59
      vertex 69.2891 11.7427 11.59
      vertex 69.4 11.75 11.59
    endloop
  endfacet
  facet normal 0 0 -1
    outer loop
      vertex 69.18 10.079 11.59
      vertex 69.2891 11.7427 11.59
      vertex 69.2891 10.0573 11.59
    endloop
  endfacet
  facet normal 0 0 -1
    outer loop
      vertex 69.18 10.079 11.59
      vertex 69.18 11.721 11.59
      vertex 69.2891 11.7427 11.59
    endloop
  endfacet
  facet normal 0 0 -1
    outer loop
      vertex 69.0747 10.1147 11.59
      vertex 69.18 11.721 11.59
      vertex 69.18 10.079 11.59
    endloop
  endfacet
  facet normal 0 0 -1
    outer loop
      vertex 69.0747 10.1147 11.59
      vertex 69.0747 11.6853 11.59
      vertex 69.18 11.721 11.59
    endloop
  endfacet
  facet normal 0 0 -1
    outer loop
      vertex 68.975 10.1639 11.59
      vertex 69.0747 11.6853 11.59
      vertex 69.0747 10.1147 11.59
    endloop
  endfacet
  facet normal 0 0 -1
    outer loop
      vertex 68.975 10.1639 11.59
      vertex 68.975 11.6361 11.59
      vertex 69.0747 11.6853 11.59
    endloop
  endfacet
  facet normal 0 0 -1
    outer loop
      vertex 68.8826 10.2256 11.59
      vertex 68.975 11.6361 11.59
      vertex 68.975 10.1639 11.59
    endloop
  endfacet
  facet normal 0 0 -1
    outer loop
      vertex 68.8826 10.2256 11.59
      vertex 68.8826 11.5743 11.59
      vertex 68.975 11.6361 11.59
    endloop
  endfacet
  facet normal 0 0 -1
    outer loop
      vertex 68.799 10.299 11.59
      vertex 68.8826 11.5743 11.59
      vertex 68.8826 10.2256 11.59
    endloop
  endfacet
  facet normal 0 0 -1
    outer loop
      vertex 68.799 10.299 11.59
      vertex 68.799 11.501 11.59
      vertex 68.8826 11.5743 11.59
    endloop
  endfacet
  facet normal 0 0 -1
    outer loop
      vertex 68.7256 10.3826 11.59
      vertex 68.799 11.501 11.59
      vertex 68.799 10.299 11.59
    endloop
  endfacet
  facet normal 0 0 -1
    outer loop
      vertex 68.7256 10.3826 11.59
      vertex 68.7256 11.4174 11.59
      vertex 68.799 11.501 11.59
    endloop
  endfacet
  facet normal 0 0 -1
    outer loop
      vertex 68.6639 10.475 11.59
      vertex 68.7256 11.4174 11.59
      vertex 68.7256 10.3826 11.59
    endloop
  endfacet
  facet normal 0 0 -1
    outer loop
      vertex 68.6639 10.475 11.59
      vertex 68.6639 11.325 11.59
      vertex 68.7256 11.4174 11.59
    endloop
  endfacet
  facet normal 0 0 -1
    outer loop
      vertex 68.6147 10.5747 11.59
      vertex 68.6639 11.325 11.59
      vertex 68.6639 10.475 11.59
    endloop
  endfacet
  facet normal 0 0 -1
    outer loop
      vertex 68.6147 10.5747 11.59
      vertex 68.6147 11.2253 11.59
      vertex 68.6639 11.325 11.59
    endloop
  endfacet
  facet normal 0 0 -1
    outer loop
      vertex 68.579 10.68 11.59
      vertex 68.6147 11.2253 11.59
      vertex 68.6147 10.5747 11.59
    endloop
  endfacet
  facet normal 0 0 -1
    outer loop
      vertex 68.579 10.68 11.59
      vertex 68.579 11.12 11.59
      vertex 68.6147 11.2253 11.59
    endloop
  endfacet
  facet normal 0 0 -1
    outer loop
      vertex 68.5573 10.7891 11.59
      vertex 68.579 11.12 11.59
      vertex 68.579 10.68 11.59
    endloop
  endfacet
  facet normal 0 0 -1
    outer loop
      vertex 68.5573 10.7891 11.59
      vertex 68.5573 11.0109 11.59
      vertex 68.579 11.12 11.59
    endloop
  endfacet
  facet normal 0 -0 -1
    outer loop
      vertex 68.5573 11.0109 11.59
      vertex 68.5573 10.7891 11.59
      vertex 68.55 10.9 11.59
    endloop
  endfacet
  facet normal 0.555945 -0.831219 0
    outer loop
      vertex 68.8826 11.5743 1.6
      vertex 68.975 11.6361 11.59
      vertex 68.8826 11.5743 11.59
    endloop
  endfacet
  facet normal 0.555945 -0.831219 0
    outer loop
      vertex 68.975 11.6361 11.59
      vertex 68.8826 11.5743 1.6
      vertex 68.975 11.6361 1.6
    endloop
  endfacet
  facet normal 0.32108 -0.947052 0
    outer loop
      vertex 69.0747 11.6853 1.6
      vertex 69.18 11.721 11.59
      vertex 69.0747 11.6853 11.59
    endloop
  endfacet
  facet normal 0.32108 -0.947052 0
    outer loop
      vertex 69.18 11.721 11.59
      vertex 69.0747 11.6853 1.6
      vertex 69.18 11.721 1.6
    endloop
  endfacet
  facet normal -0.195079 0.980788 0
    outer loop
      vertex 69.62 10.079 1.6
      vertex 69.5109 10.0573 11.59
      vertex 69.62 10.079 11.59
    endloop
  endfacet
  facet normal -0.195079 0.980788 0
    outer loop
      vertex 69.5109 10.0573 11.59
      vertex 69.62 10.079 1.6
      vertex 69.5109 10.0573 1.6
    endloop
  endfacet
  facet normal -0.44253 0.896754 0
    outer loop
      vertex 69.825 10.1639 1.6
      vertex 69.7253 10.1147 11.59
      vertex 69.825 10.1639 11.59
    endloop
  endfacet
  facet normal -0.44253 0.896754 0
    outer loop
      vertex 69.7253 10.1147 11.59
      vertex 69.825 10.1639 1.6
      vertex 69.7253 10.1147 1.6
    endloop
  endfacet
  facet normal -0.947052 -0.32108 0
    outer loop
      vertex 70.221 11.12 1.6
      vertex 70.1853 11.2253 11.59
      vertex 70.1853 11.2253 1.6
    endloop
  endfacet
  facet normal -0.947052 -0.32108 0
    outer loop
      vertex 70.1853 11.2253 11.59
      vertex 70.221 11.12 1.6
      vertex 70.221 11.12 11.59
    endloop
  endfacet
  facet normal -0.980788 -0.195079 0
    outer loop
      vertex 70.2427 11.0109 1.6
      vertex 70.221 11.12 11.59
      vertex 70.221 11.12 1.6
    endloop
  endfacet
  facet normal -0.980788 -0.195079 0
    outer loop
      vertex 70.221 11.12 11.59
      vertex 70.2427 11.0109 1.6
      vertex 70.2427 11.0109 11.59
    endloop
  endfacet
  facet normal -0.751908 -0.659268 0
    outer loop
      vertex 70.0743 11.4174 1.6
      vertex 70.001 11.501 11.59
      vertex 70.001 11.501 1.6
    endloop
  endfacet
  facet normal -0.751908 -0.659268 0
    outer loop
      vertex 70.001 11.501 11.59
      vertex 70.0743 11.4174 1.6
      vertex 70.0743 11.4174 11.59
    endloop
  endfacet
  facet normal -0.0656829 -0.997841 0
    outer loop
      vertex 69.4 11.75 1.6
      vertex 69.5109 11.7427 11.59
      vertex 69.4 11.75 11.59
    endloop
  endfacet
  facet normal -0.0656829 -0.997841 -0
    outer loop
      vertex 69.5109 11.7427 11.59
      vertex 69.4 11.75 1.6
      vertex 69.5109 11.7427 1.6
    endloop
  endfacet
  facet normal -0.555945 -0.831219 0
    outer loop
      vertex 69.825 11.6361 1.6
      vertex 69.9174 11.5743 11.59
      vertex 69.825 11.6361 11.59
    endloop
  endfacet
  facet normal -0.555945 -0.831219 -0
    outer loop
      vertex 69.9174 11.5743 11.59
      vertex 69.825 11.6361 1.6
      vertex 69.9174 11.5743 1.6
    endloop
  endfacet
  facet normal 0.947052 -0.32108 0
    outer loop
      vertex 68.579 11.12 11.59
      vertex 68.6147 11.2253 1.6
      vertex 68.6147 11.2253 11.59
    endloop
  endfacet
  facet normal 0.947052 -0.32108 0
    outer loop
      vertex 68.6147 11.2253 1.6
      vertex 68.579 11.12 11.59
      vertex 68.579 11.12 1.6
    endloop
  endfacet
  facet normal 0.980788 -0.195079 0
    outer loop
      vertex 68.5573 11.0109 11.59
      vertex 68.579 11.12 1.6
      vertex 68.579 11.12 11.59
    endloop
  endfacet
  facet normal 0.980788 -0.195079 0
    outer loop
      vertex 68.579 11.12 1.6
      vertex 68.5573 11.0109 11.59
      vertex 68.5573 11.0109 1.6
    endloop
  endfacet
  facet normal 0.659268 -0.751908 0
    outer loop
      vertex 68.799 11.501 1.6
      vertex 68.8826 11.5743 11.59
      vertex 68.799 11.501 11.59
    endloop
  endfacet
  facet normal 0.659268 -0.751908 0
    outer loop
      vertex 68.8826 11.5743 11.59
      vertex 68.799 11.501 1.6
      vertex 68.8826 11.5743 1.6
    endloop
  endfacet
  facet normal 0.195079 -0.980788 0
    outer loop
      vertex 69.18 11.721 1.6
      vertex 69.2891 11.7427 11.59
      vertex 69.18 11.721 11.59
    endloop
  endfacet
  facet normal 0.195079 -0.980788 0
    outer loop
      vertex 69.2891 11.7427 11.59
      vertex 69.18 11.721 1.6
      vertex 69.2891 11.7427 1.6
    endloop
  endfacet
  facet normal -0.947052 0.32108 0
    outer loop
      vertex 70.1853 10.5747 1.6
      vertex 70.221 10.68 11.59
      vertex 70.221 10.68 1.6
    endloop
  endfacet
  facet normal -0.947052 0.32108 0
    outer loop
      vertex 70.221 10.68 11.59
      vertex 70.1853 10.5747 1.6
      vertex 70.1853 10.5747 11.59
    endloop
  endfacet
  facet normal -0.980788 0.195079 0
    outer loop
      vertex 70.221 10.68 1.6
      vertex 70.2427 10.7891 11.59
      vertex 70.2427 10.7891 1.6
    endloop
  endfacet
  facet normal -0.980788 0.195079 0
    outer loop
      vertex 70.2427 10.7891 11.59
      vertex 70.221 10.68 1.6
      vertex 70.221 10.68 11.59
    endloop
  endfacet
  facet normal 0.896754 0.44253 0
    outer loop
      vertex 68.6639 10.475 11.59
      vertex 68.6147 10.5747 1.6
      vertex 68.6147 10.5747 11.59
    endloop
  endfacet
  facet normal 0.896754 0.44253 0
    outer loop
      vertex 68.6147 10.5747 1.6
      vertex 68.6639 10.475 11.59
      vertex 68.6639 10.475 1.6
    endloop
  endfacet
  facet normal -0.555323 0.831635 0
    outer loop
      vertex 69.9174 10.2256 1.6
      vertex 69.825 10.1639 11.59
      vertex 69.9174 10.2256 11.59
    endloop
  endfacet
  facet normal -0.555323 0.831635 0
    outer loop
      vertex 69.825 10.1639 11.59
      vertex 69.9174 10.2256 1.6
      vertex 69.825 10.1639 1.6
    endloop
  endfacet
  facet normal -0.997841 0.0656829 0
    outer loop
      vertex 70.2427 10.7891 1.6
      vertex 70.25 10.9 11.59
      vertex 70.25 10.9 1.6
    endloop
  endfacet
  facet normal -0.997841 0.0656829 0
    outer loop
      vertex 70.25 10.9 11.59
      vertex 70.2427 10.7891 1.6
      vertex 70.2427 10.7891 11.59
    endloop
  endfacet
  facet normal 0.980788 0.195079 0
    outer loop
      vertex 68.579 10.68 11.59
      vertex 68.5573 10.7891 1.6
      vertex 68.5573 10.7891 11.59
    endloop
  endfacet
  facet normal 0.980788 0.195079 0
    outer loop
      vertex 68.5573 10.7891 1.6
      vertex 68.579 10.68 11.59
      vertex 68.579 10.68 1.6
    endloop
  endfacet
  facet normal 0.997841 0.0656829 0
    outer loop
      vertex 68.5573 10.7891 11.59
      vertex 68.55 10.9 1.6
      vertex 68.55 10.9 11.59
    endloop
  endfacet
  facet normal 0.997841 0.0656829 0
    outer loop
      vertex 68.55 10.9 1.6
      vertex 68.5573 10.7891 11.59
      vertex 68.5573 10.7891 1.6
    endloop
  endfacet
  facet normal 0.947052 0.32108 0
    outer loop
      vertex 68.6147 10.5747 11.59
      vertex 68.579 10.68 1.6
      vertex 68.579 10.68 11.59
    endloop
  endfacet
  facet normal 0.947052 0.32108 0
    outer loop
      vertex 68.579 10.68 1.6
      vertex 68.6147 10.5747 11.59
      vertex 68.6147 10.5747 1.6
    endloop
  endfacet
  facet normal -0.659776 0.751462 0
    outer loop
      vertex 70.001 10.299 1.6
      vertex 69.9174 10.2256 11.59
      vertex 70.001 10.299 11.59
    endloop
  endfacet
  facet normal -0.659776 0.751462 0
    outer loop
      vertex 69.9174 10.2256 11.59
      vertex 70.001 10.299 1.6
      vertex 69.9174 10.2256 1.6
    endloop
  endfacet
  facet normal -0.32108 0.947052 0
    outer loop
      vertex 69.7253 10.1147 1.6
      vertex 69.62 10.079 11.59
      vertex 69.7253 10.1147 11.59
    endloop
  endfacet
  facet normal -0.32108 0.947052 0
    outer loop
      vertex 69.62 10.079 11.59
      vertex 69.7253 10.1147 1.6
      vertex 69.62 10.079 1.6
    endloop
  endfacet
  facet normal -0.896754 0.44253 0
    outer loop
      vertex 70.1361 10.475 1.6
      vertex 70.1853 10.5747 11.59
      vertex 70.1853 10.5747 1.6
    endloop
  endfacet
  facet normal -0.896754 0.44253 0
    outer loop
      vertex 70.1853 10.5747 11.59
      vertex 70.1361 10.475 1.6
      vertex 70.1361 10.475 11.59
    endloop
  endfacet
  facet normal -0.831219 0.555945 0
    outer loop
      vertex 70.0743 10.3826 1.6
      vertex 70.1361 10.475 11.59
      vertex 70.1361 10.475 1.6
    endloop
  endfacet
  facet normal -0.831219 0.555945 0
    outer loop
      vertex 70.1361 10.475 11.59
      vertex 70.0743 10.3826 1.6
      vertex 70.0743 10.3826 11.59
    endloop
  endfacet
  facet normal 0.32108 0.947052 -0
    outer loop
      vertex 69.18 10.079 1.6
      vertex 69.0747 10.1147 11.59
      vertex 69.18 10.079 11.59
    endloop
  endfacet
  facet normal 0.32108 0.947052 0
    outer loop
      vertex 69.0747 10.1147 11.59
      vertex 69.18 10.079 1.6
      vertex 69.0747 10.1147 1.6
    endloop
  endfacet
  facet normal 0.195079 0.980788 -0
    outer loop
      vertex 69.2891 10.0573 1.6
      vertex 69.18 10.079 11.59
      vertex 69.2891 10.0573 11.59
    endloop
  endfacet
  facet normal 0.195079 0.980788 0
    outer loop
      vertex 69.18 10.079 11.59
      vertex 69.2891 10.0573 1.6
      vertex 69.18 10.079 1.6
    endloop
  endfacet
  facet normal 0.751462 0.659776 0
    outer loop
      vertex 68.799 10.299 11.59
      vertex 68.7256 10.3826 1.6
      vertex 68.7256 10.3826 11.59
    endloop
  endfacet
  facet normal 0.751462 0.659776 0
    outer loop
      vertex 68.7256 10.3826 1.6
      vertex 68.799 10.299 11.59
      vertex 68.799 10.299 1.6
    endloop
  endfacet
  facet normal 0.659776 0.751462 -0
    outer loop
      vertex 68.8826 10.2256 1.6
      vertex 68.799 10.299 11.59
      vertex 68.8826 10.2256 11.59
    endloop
  endfacet
  facet normal 0.659776 0.751462 0
    outer loop
      vertex 68.799 10.299 11.59
      vertex 68.8826 10.2256 1.6
      vertex 68.799 10.299 1.6
    endloop
  endfacet
  facet normal -0.751908 0.659268 0
    outer loop
      vertex 70.001 10.299 1.6
      vertex 70.0743 10.3826 11.59
      vertex 70.0743 10.3826 1.6
    endloop
  endfacet
  facet normal -0.751908 0.659268 0
    outer loop
      vertex 70.0743 10.3826 11.59
      vertex 70.001 10.299 1.6
      vertex 70.001 10.299 11.59
    endloop
  endfacet
  facet normal 0.0656829 0.997841 -0
    outer loop
      vertex 69.4 10.05 1.6
      vertex 69.2891 10.0573 11.59
      vertex 69.4 10.05 11.59
    endloop
  endfacet
  facet normal 0.0656829 0.997841 0
    outer loop
      vertex 69.2891 10.0573 11.59
      vertex 69.4 10.05 1.6
      vertex 69.2891 10.0573 1.6
    endloop
  endfacet
  facet normal 0.831635 0.555323 0
    outer loop
      vertex 68.7256 10.3826 11.59
      vertex 68.6639 10.475 1.6
      vertex 68.6639 10.475 11.59
    endloop
  endfacet
  facet normal 0.831635 0.555323 0
    outer loop
      vertex 68.6639 10.475 1.6
      vertex 68.7256 10.3826 11.59
      vertex 68.7256 10.3826 1.6
    endloop
  endfacet
  facet normal 0.44253 0.896754 -0
    outer loop
      vertex 69.0747 10.1147 1.6
      vertex 68.975 10.1639 11.59
      vertex 69.0747 10.1147 11.59
    endloop
  endfacet
  facet normal 0.44253 0.896754 0
    outer loop
      vertex 68.975 10.1639 11.59
      vertex 69.0747 10.1147 1.6
      vertex 68.975 10.1639 1.6
    endloop
  endfacet
  facet normal 0.555323 0.831635 -0
    outer loop
      vertex 68.975 10.1639 1.6
      vertex 68.8826 10.2256 11.59
      vertex 68.975 10.1639 11.59
    endloop
  endfacet
  facet normal 0.555323 0.831635 0
    outer loop
      vertex 68.8826 10.2256 11.59
      vertex 68.975 10.1639 1.6
      vertex 68.8826 10.2256 1.6
    endloop
  endfacet
  facet normal -1 0 0
    outer loop
      vertex 64.4 2.4 11.6
      vertex 64.4 8.4 13.1
      vertex 64.4 8.4 11.6
    endloop
  endfacet
  facet normal -1 -0 0
    outer loop
      vertex 64.4 8.4 13.1
      vertex 64.4 2.4 11.6
      vertex 64.4 2.4 13.1
    endloop
  endfacet
  facet normal 0 0 1
    outer loop
      vertex 78.4 46.4 13.1
      vertex 77.9182 44.9788 13.1
      vertex 78.4 4.4 13.1
    endloop
  endfacet
  facet normal 0 0 1
    outer loop
      vertex 78.4 4.4 13.1
      vertex 77.9795 5.51326 13.1
      vertex 78 5.2 13.1
    endloop
  endfacet
  facet normal -0 0 1
    outer loop
      vertex 77.9182 5.82117 13.1
      vertex 78.4 4.4 13.1
      vertex 77.9182 44.9788 13.1
    endloop
  endfacet
  facet normal 0 0 1
    outer loop
      vertex 78.4 4.4 13.1
      vertex 77.9182 5.82117 13.1
      vertex 77.9795 5.51326 13.1
    endloop
  endfacet
  facet normal -0 0 1
    outer loop
      vertex 77.8173 44.6816 13.1
      vertex 77.9182 5.82117 13.1
      vertex 77.9182 44.9788 13.1
    endloop
  endfacet
  facet normal 0 0 1
    outer loop
      vertex 77.8173 44.6816 13.1
      vertex 77.8173 6.11844 13.1
      vertex 77.9182 5.82117 13.1
    endloop
  endfacet
  facet normal -0 0 1
    outer loop
      vertex 77.6785 44.4 13.1
      vertex 77.8173 6.11844 13.1
      vertex 77.8173 44.6816 13.1
    endloop
  endfacet
  facet normal 0 0 1
    outer loop
      vertex 77.6785 44.4 13.1
      vertex 77.6785 6.4 13.1
      vertex 77.8173 6.11844 13.1
    endloop
  endfacet
  facet normal -0 0 1
    outer loop
      vertex 77.5041 44.139 13.1
      vertex 77.6785 6.4 13.1
      vertex 77.6785 44.4 13.1
    endloop
  endfacet
  facet normal 0 0 1
    outer loop
      vertex 77.5041 44.139 13.1
      vertex 77.5041 6.66103 13.1
      vertex 77.6785 6.4 13.1
    endloop
  endfacet
  facet normal -0 0 1
    outer loop
      vertex 77.2971 43.9029 13.1
      vertex 77.5041 6.66103 13.1
      vertex 77.5041 44.139 13.1
    endloop
  endfacet
  facet normal 0 0 1
    outer loop
      vertex 77.2971 43.9029 13.1
      vertex 77.2971 6.89706 13.1
      vertex 77.5041 6.66103 13.1
    endloop
  endfacet
  facet normal -0 0 1
    outer loop
      vertex 77.061 43.696 13.1
      vertex 77.2971 6.89706 13.1
      vertex 77.2971 43.9029 13.1
    endloop
  endfacet
  facet normal 0 0 1
    outer loop
      vertex 77.061 43.696 13.1
      vertex 77.061 7.10405 13.1
      vertex 77.2971 6.89706 13.1
    endloop
  endfacet
  facet normal -0 0 1
    outer loop
      vertex 76.8 43.5215 13.1
      vertex 77.061 7.10405 13.1
      vertex 77.061 43.696 13.1
    endloop
  endfacet
  facet normal 0 0 1
    outer loop
      vertex 76.8 43.5215 13.1
      vertex 76.8 7.27846 13.1
      vertex 77.061 7.10405 13.1
    endloop
  endfacet
  facet normal -0 0 1
    outer loop
      vertex 76.5184 43.3827 13.1
      vertex 76.8 7.27846 13.1
      vertex 76.8 43.5215 13.1
    endloop
  endfacet
  facet normal 0 0 1
    outer loop
      vertex 76.5184 43.3827 13.1
      vertex 76.5184 7.41731 13.1
      vertex 76.8 7.27846 13.1
    endloop
  endfacet
  facet normal -0 0 1
    outer loop
      vertex 76.2212 43.2818 13.1
      vertex 76.5184 7.41731 13.1
      vertex 76.5184 43.3827 13.1
    endloop
  endfacet
  facet normal 0 0 1
    outer loop
      vertex 76.2212 43.2818 13.1
      vertex 76.2212 7.51822 13.1
      vertex 76.5184 7.41731 13.1
    endloop
  endfacet
  facet normal -0 0 1
    outer loop
      vertex 75.9133 43.2205 13.1
      vertex 76.2212 7.51822 13.1
      vertex 76.2212 43.2818 13.1
    endloop
  endfacet
  facet normal 0 0 1
    outer loop
      vertex 75.9133 43.2205 13.1
      vertex 75.9133 7.57947 13.1
      vertex 76.2212 7.51822 13.1
    endloop
  endfacet
  facet normal 0 0 1
    outer loop
      vertex 72.4 42.4 13.1
      vertex 75.9133 43.2205 13.1
      vertex 75.6 43.2 13.1
    endloop
  endfacet
  facet normal 0 0 1
    outer loop
      vertex 75.9133 43.2205 13.1
      vertex 72.4 42.4 13.1
      vertex 75.9133 7.57947 13.1
    endloop
  endfacet
  facet normal 0 0 1
    outer loop
      vertex 72.4 42.4 13.1
      vertex 75.6 43.2 13.1
      vertex 75.2867 43.2205 13.1
    endloop
  endfacet
  facet normal -0 0 1
    outer loop
      vertex 72.4 8.4 13.1
      vertex 75.9133 7.57947 13.1
      vertex 72.4 42.4 13.1
    endloop
  endfacet
  facet normal 0 0 1
    outer loop
      vertex 72.4 42.4 13.1
      vertex 75.2867 43.2205 13.1
      vertex 74.9788 43.2818 13.1
    endloop
  endfacet
  facet normal 0 0 1
    outer loop
      vertex 75.9133 7.57947 13.1
      vertex 72.4 8.4 13.1
      vertex 75.6 7.6 13.1
    endloop
  endfacet
  facet normal 0 0 1
    outer loop
      vertex 72.4 42.4 13.1
      vertex 74.9788 43.2818 13.1
      vertex 74.6816 43.3827 13.1
    endloop
  endfacet
  facet normal 0 0 1
    outer loop
      vertex 75.6 7.6 13.1
      vertex 72.4 8.4 13.1
      vertex 75.2867 7.57947 13.1
    endloop
  endfacet
  facet normal 0 0 1
    outer loop
      vertex 72.4 42.4 13.1
      vertex 74.6816 43.3827 13.1
      vertex 74.4 43.5215 13.1
    endloop
  endfacet
  facet normal 0 0 1
    outer loop
      vertex 75.2867 7.57947 13.1
      vertex 72.4 8.4 13.1
      vertex 74.9788 7.51822 13.1
    endloop
  endfacet
  facet normal 0 0 1
    outer loop
      vertex 72.4 42.4 13.1
      vertex 74.4 43.5215 13.1
      vertex 74.139 43.696 13.1
    endloop
  endfacet
  facet normal 0 0 1
    outer loop
      vertex 74.9788 7.51822 13.1
      vertex 72.4 8.4 13.1
      vertex 74.6816 7.41731 13.1
    endloop
  endfacet
  facet normal 0 0 1
    outer loop
      vertex 72.4 42.4 13.1
      vertex 74.139 43.696 13.1
      vertex 73.9029 43.9029 13.1
    endloop
  endfacet
  facet normal 0 0 1
    outer loop
      vertex 74.6816 7.41731 13.1
      vertex 72.4 8.4 13.1
      vertex 74.4 7.27846 13.1
    endloop
  endfacet
  facet normal 0 0 1
    outer loop
      vertex 72.4 42.4 13.1
      vertex 73.9029 43.9029 13.1
      vertex 73.696 44.139 13.1
    endloop
  endfacet
  facet normal 0 0 1
    outer loop
      vertex 74.4 7.27846 13.1
      vertex 72.4 8.4 13.1
      vertex 74.139 7.10405 13.1
    endloop
  endfacet
  facet normal 0 0 1
    outer loop
      vertex 72.4 42.4 13.1
      vertex 73.696 44.139 13.1
      vertex 73.5215 44.4 13.1
    endloop
  endfacet
  facet normal 0 0 1
    outer loop
      vertex 74.139 7.10405 13.1
      vertex 72.4 8.4 13.1
      vertex 73.9029 6.89706 13.1
    endloop
  endfacet
  facet normal 0 0 1
    outer loop
      vertex 72.4 42.4 13.1
      vertex 73.5215 44.4 13.1
      vertex 73.3827 44.6816 13.1
    endloop
  endfacet
  facet normal 0 0 1
    outer loop
      vertex 73.9029 6.89706 13.1
      vertex 72.4 8.4 13.1
      vertex 73.696 6.66103 13.1
    endloop
  endfacet
  facet normal 0 0 1
    outer loop
      vertex 72.4 42.4 13.1
      vertex 73.3827 44.6816 13.1
      vertex 73.2818 44.9788 13.1
    endloop
  endfacet
  facet normal 0 0 1
    outer loop
      vertex 73.696 6.66103 13.1
      vertex 72.4 8.4 13.1
      vertex 73.5215 6.4 13.1
    endloop
  endfacet
  facet normal 0 0 1
    outer loop
      vertex 72.4 42.4 13.1
      vertex 73.2818 44.9788 13.1
      vertex 73.2205 45.2867 13.1
    endloop
  endfacet
  facet normal 0 0 1
    outer loop
      vertex 73.5215 6.4 13.1
      vertex 72.4 8.4 13.1
      vertex 73.3827 6.11844 13.1
    endloop
  endfacet
  facet normal 0 0 1
    outer loop
      vertex 72.4 42.4 13.1
      vertex 73.2205 45.2867 13.1
      vertex 73.2 45.6 13.1
    endloop
  endfacet
  facet normal 0 0 1
    outer loop
      vertex 73.3827 6.11844 13.1
      vertex 72.4 8.4 13.1
      vertex 73.2818 5.82117 13.1
    endloop
  endfacet
  facet normal -0 0 1
    outer loop
      vertex 77.8173 46.5184 13.1
      vertex 78.4 46.4 13.1
      vertex 78.3829 46.661 13.1
    endloop
  endfacet
  facet normal 0 0 1
    outer loop
      vertex 77.9795 45.2867 13.1
      vertex 78.4 46.4 13.1
      vertex 78 45.6 13.1
    endloop
  endfacet
  facet normal 0 0 1
    outer loop
      vertex 77.8173 46.5184 13.1
      vertex 78.3829 46.661 13.1
      vertex 78.3319 46.9176 13.1
    endloop
  endfacet
  facet normal 0 0 1
    outer loop
      vertex 77.9182 44.9788 13.1
      vertex 78.4 46.4 13.1
      vertex 77.9795 45.2867 13.1
    endloop
  endfacet
  facet normal 0 0 1
    outer loop
      vertex 77.6785 46.8 13.1
      vertex 78.3319 46.9176 13.1
      vertex 78.2478 47.1654 13.1
    endloop
  endfacet
  facet normal -0 0 1
    outer loop
      vertex 77.9795 4.88674 13.1
      vertex 78.4 4.4 13.1
      vertex 78 5.2 13.1
    endloop
  endfacet
  facet normal 0 0 1
    outer loop
      vertex 77.5041 47.061 13.1
      vertex 78.2478 47.1654 13.1
      vertex 78.1321 47.4 13.1
    endloop
  endfacet
  facet normal -0 0 1
    outer loop
      vertex 77.9182 4.57883 13.1
      vertex 78.4 4.4 13.1
      vertex 77.9795 4.88674 13.1
    endloop
  endfacet
  facet normal 0 0 1
    outer loop
      vertex 77.8173 4.28156 13.1
      vertex 78.4 4.4 13.1
      vertex 77.9182 4.57883 13.1
    endloop
  endfacet
  facet normal 0 0 1
    outer loop
      vertex 77.5041 47.061 13.1
      vertex 78.1321 47.4 13.1
      vertex 77.9867 47.6175 13.1
    endloop
  endfacet
  facet normal 0 0 1
    outer loop
      vertex 78.4 46.4 13.1
      vertex 77.9795 45.9133 13.1
      vertex 78 45.6 13.1
    endloop
  endfacet
  facet normal 0 0 1
    outer loop
      vertex 78.4 46.4 13.1
      vertex 77.9182 46.2212 13.1
      vertex 77.9795 45.9133 13.1
    endloop
  endfacet
  facet normal 0 0 1
    outer loop
      vertex 78.4 46.4 13.1
      vertex 77.8173 46.5184 13.1
      vertex 77.9182 46.2212 13.1
    endloop
  endfacet
  facet normal 0 0 1
    outer loop
      vertex 77.2971 47.2971 13.1
      vertex 77.9867 47.6175 13.1
      vertex 77.8142 47.8142 13.1
    endloop
  endfacet
  facet normal 0 0 1
    outer loop
      vertex 78.3319 46.9176 13.1
      vertex 77.6785 46.8 13.1
      vertex 77.8173 46.5184 13.1
    endloop
  endfacet
  facet normal 0 0 1
    outer loop
      vertex 77.2971 47.2971 13.1
      vertex 77.8142 47.8142 13.1
      vertex 77.6175 47.9867 13.1
    endloop
  endfacet
  facet normal 0 0 1
    outer loop
      vertex 78.2478 47.1654 13.1
      vertex 77.5041 47.061 13.1
      vertex 77.6785 46.8 13.1
    endloop
  endfacet
  facet normal 0 0 1
    outer loop
      vertex 77.061 47.504 13.1
      vertex 77.6175 47.9867 13.1
      vertex 77.4 48.1321 13.1
    endloop
  endfacet
  facet normal 0 0 1
    outer loop
      vertex 77.9867 47.6175 13.1
      vertex 77.2971 47.2971 13.1
      vertex 77.5041 47.061 13.1
    endloop
  endfacet
  facet normal 0 0 1
    outer loop
      vertex 77.061 47.504 13.1
      vertex 77.4 48.1321 13.1
      vertex 77.1654 48.2478 13.1
    endloop
  endfacet
  facet normal 0 0 1
    outer loop
      vertex 77.6175 47.9867 13.1
      vertex 77.061 47.504 13.1
      vertex 77.2971 47.2971 13.1
    endloop
  endfacet
  facet normal 0 0 1
    outer loop
      vertex 76.8 47.6785 13.1
      vertex 77.1654 48.2478 13.1
      vertex 76.9176 48.3319 13.1
    endloop
  endfacet
  facet normal 0 0 1
    outer loop
      vertex 77.1654 48.2478 13.1
      vertex 76.8 47.6785 13.1
      vertex 77.061 47.504 13.1
    endloop
  endfacet
  facet normal 0 0 1
    outer loop
      vertex 76.5184 47.8173 13.1
      vertex 76.9176 48.3319 13.1
      vertex 76.661 48.3829 13.1
    endloop
  endfacet
  facet normal 0 0 1
    outer loop
      vertex 76.9176 48.3319 13.1
      vertex 76.5184 47.8173 13.1
      vertex 76.8 47.6785 13.1
    endloop
  endfacet
  facet normal 0 0 1
    outer loop
      vertex 76.4 48.4 13.1
      vertex 76.5184 47.8173 13.1
      vertex 76.661 48.3829 13.1
    endloop
  endfacet
  facet normal 0 0 1
    outer loop
      vertex 76.4 48.4 13.1
      vertex 76.2212 47.9182 13.1
      vertex 76.5184 47.8173 13.1
    endloop
  endfacet
  facet normal 0 0 1
    outer loop
      vertex 76.4 48.4 13.1
      vertex 75.9133 47.9795 13.1
      vertex 76.2212 47.9182 13.1
    endloop
  endfacet
  facet normal 0 0 1
    outer loop
      vertex 76.4 48.4 13.1
      vertex 75.6 48 13.1
      vertex 75.9133 47.9795 13.1
    endloop
  endfacet
  facet normal 0 0 1
    outer loop
      vertex 76.4 48.4 13.1
      vertex 75.2867 47.9795 13.1
      vertex 75.6 48 13.1
    endloop
  endfacet
  facet normal 0 0 1
    outer loop
      vertex 76.4 48.4 13.1
      vertex 74.9788 47.9182 13.1
      vertex 75.2867 47.9795 13.1
    endloop
  endfacet
  facet normal 0 0 1
    outer loop
      vertex 73.2818 5.82117 13.1
      vertex 72.4 8.4 13.1
      vertex 73.2205 5.51326 13.1
    endloop
  endfacet
  facet normal 0 0 1
    outer loop
      vertex 64.4 48.4 13.1
      vertex 73.2 45.6 13.1
      vertex 73.2205 45.9133 13.1
    endloop
  endfacet
  facet normal 0 0 1
    outer loop
      vertex 64.4 48.4 13.1
      vertex 73.2205 45.9133 13.1
      vertex 73.2818 46.2212 13.1
    endloop
  endfacet
  facet normal -0 0 1
    outer loop
      vertex 64.4 48.4 13.1
      vertex 74.9788 47.9182 13.1
      vertex 76.4 48.4 13.1
    endloop
  endfacet
  facet normal 0 0 1
    outer loop
      vertex 64.4 48.4 13.1
      vertex 74.6816 47.8173 13.1
      vertex 74.9788 47.9182 13.1
    endloop
  endfacet
  facet normal 0 0 1
    outer loop
      vertex 64.4 48.4 13.1
      vertex 74.4 47.6785 13.1
      vertex 74.6816 47.8173 13.1
    endloop
  endfacet
  facet normal 0 0 1
    outer loop
      vertex 64.4 48.4 13.1
      vertex 74.139 47.504 13.1
      vertex 74.4 47.6785 13.1
    endloop
  endfacet
  facet normal 0 0 1
    outer loop
      vertex 64.4 48.4 13.1
      vertex 73.9029 47.2971 13.1
      vertex 74.139 47.504 13.1
    endloop
  endfacet
  facet normal 0 0 1
    outer loop
      vertex 64.4 48.4 13.1
      vertex 73.696 47.061 13.1
      vertex 73.9029 47.2971 13.1
    endloop
  endfacet
  facet normal 0 0 1
    outer loop
      vertex 64.4 48.4 13.1
      vertex 73.5215 46.8 13.1
      vertex 73.696 47.061 13.1
    endloop
  endfacet
  facet normal 0 0 1
    outer loop
      vertex 64.4 48.4 13.1
      vertex 73.3827 46.5184 13.1
      vertex 73.5215 46.8 13.1
    endloop
  endfacet
  facet normal 0 0 1
    outer loop
      vertex 64.4 48.4 13.1
      vertex 73.2818 46.2212 13.1
      vertex 73.3827 46.5184 13.1
    endloop
  endfacet
  facet normal 0 0 1
    outer loop
      vertex 73.2 45.6 13.1
      vertex 64.4 48.4 13.1
      vertex 64.4 42.4 13.1
    endloop
  endfacet
  facet normal 0 0 1
    outer loop
      vertex 73.2 45.6 13.1
      vertex 64.4 42.4 13.1
      vertex 72.4 42.4 13.1
    endloop
  endfacet
  facet normal 0 0 1
    outer loop
      vertex 78.4 4.4 13.1
      vertex 77.8173 4.28156 13.1
      vertex 78.3829 4.13895 13.1
    endloop
  endfacet
  facet normal 0 0 1
    outer loop
      vertex 78.3829 4.13895 13.1
      vertex 77.8173 4.28156 13.1
      vertex 78.3319 3.88236 13.1
    endloop
  endfacet
  facet normal -0 0 1
    outer loop
      vertex 77.6785 4 13.1
      vertex 78.3319 3.88236 13.1
      vertex 77.8173 4.28156 13.1
    endloop
  endfacet
  facet normal 0 0 1
    outer loop
      vertex 78.3319 3.88236 13.1
      vertex 77.6785 4 13.1
      vertex 78.2478 3.63463 13.1
    endloop
  endfacet
  facet normal -0 0 1
    outer loop
      vertex 77.5041 3.73897 13.1
      vertex 78.2478 3.63463 13.1
      vertex 77.6785 4 13.1
    endloop
  endfacet
  facet normal 0 0 1
    outer loop
      vertex 78.2478 3.63463 13.1
      vertex 77.5041 3.73897 13.1
      vertex 78.1321 3.4 13.1
    endloop
  endfacet
  facet normal 0 0 1
    outer loop
      vertex 78.1321 3.4 13.1
      vertex 77.5041 3.73897 13.1
      vertex 77.9867 3.18247 13.1
    endloop
  endfacet
  facet normal -0 0 1
    outer loop
      vertex 77.2971 3.50294 13.1
      vertex 77.9867 3.18247 13.1
      vertex 77.5041 3.73897 13.1
    endloop
  endfacet
  facet normal 0 0 1
    outer loop
      vertex 77.9867 3.18247 13.1
      vertex 77.2971 3.50294 13.1
      vertex 77.8142 2.98578 13.1
    endloop
  endfacet
  facet normal 0 0 1
    outer loop
      vertex 77.8142 2.98578 13.1
      vertex 77.2971 3.50294 13.1
      vertex 77.6175 2.8133 13.1
    endloop
  endfacet
  facet normal -0 0 1
    outer loop
      vertex 77.061 3.29595 13.1
      vertex 77.6175 2.8133 13.1
      vertex 77.2971 3.50294 13.1
    endloop
  endfacet
  facet normal 0 0 1
    outer loop
      vertex 77.6175 2.8133 13.1
      vertex 77.061 3.29595 13.1
      vertex 77.4 2.66794 13.1
    endloop
  endfacet
  facet normal 0 0 1
    outer loop
      vertex 77.4 2.66794 13.1
      vertex 77.061 3.29595 13.1
      vertex 77.1654 2.55224 13.1
    endloop
  endfacet
  facet normal -0 0 1
    outer loop
      vertex 76.8 3.12154 13.1
      vertex 77.1654 2.55224 13.1
      vertex 77.061 3.29595 13.1
    endloop
  endfacet
  facet normal 0 0 1
    outer loop
      vertex 77.1654 2.55224 13.1
      vertex 76.8 3.12154 13.1
      vertex 76.9176 2.46815 13.1
    endloop
  endfacet
  facet normal -0 0 1
    outer loop
      vertex 76.5184 2.98269 13.1
      vertex 76.9176 2.46815 13.1
      vertex 76.8 3.12154 13.1
    endloop
  endfacet
  facet normal 0 0 1
    outer loop
      vertex 76.9176 2.46815 13.1
      vertex 76.5184 2.98269 13.1
      vertex 76.661 2.4171 13.1
    endloop
  endfacet
  facet normal 0 0 1
    outer loop
      vertex 76.5184 2.98269 13.1
      vertex 76.4 2.4 13.1
      vertex 76.661 2.4171 13.1
    endloop
  endfacet
  facet normal -0 0 1
    outer loop
      vertex 76.2212 2.88178 13.1
      vertex 76.4 2.4 13.1
      vertex 76.5184 2.98269 13.1
    endloop
  endfacet
  facet normal -0 0 1
    outer loop
      vertex 75.9133 2.82053 13.1
      vertex 76.4 2.4 13.1
      vertex 76.2212 2.88178 13.1
    endloop
  endfacet
  facet normal -0 0 1
    outer loop
      vertex 75.6 2.8 13.1
      vertex 76.4 2.4 13.1
      vertex 75.9133 2.82053 13.1
    endloop
  endfacet
  facet normal 0 0 1
    outer loop
      vertex 75.2867 2.82053 13.1
      vertex 76.4 2.4 13.1
      vertex 75.6 2.8 13.1
    endloop
  endfacet
  facet normal 0 0 1
    outer loop
      vertex 74.9788 2.88178 13.1
      vertex 76.4 2.4 13.1
      vertex 75.2867 2.82053 13.1
    endloop
  endfacet
  facet normal 0 0 1
    outer loop
      vertex 73.2205 5.51326 13.1
      vertex 72.4 8.4 13.1
      vertex 73.2 5.2 13.1
    endloop
  endfacet
  facet normal -0 0 1
    outer loop
      vertex 64.4 8.4 13.1
      vertex 73.2 5.2 13.1
      vertex 72.4 8.4 13.1
    endloop
  endfacet
  facet normal 0 0 1
    outer loop
      vertex 64.4 2.4 13.1
      vertex 73.2 5.2 13.1
      vertex 64.4 8.4 13.1
    endloop
  endfacet
  facet normal 0 0 1
    outer loop
      vertex 73.2 5.2 13.1
      vertex 64.4 2.4 13.1
      vertex 73.2205 4.88674 13.1
    endloop
  endfacet
  facet normal 0 0 1
    outer loop
      vertex 73.2205 4.88674 13.1
      vertex 64.4 2.4 13.1
      vertex 73.2818 4.57883 13.1
    endloop
  endfacet
  facet normal 0 0 1
    outer loop
      vertex 73.2818 4.57883 13.1
      vertex 64.4 2.4 13.1
      vertex 73.3827 4.28156 13.1
    endloop
  endfacet
  facet normal 0 0 1
    outer loop
      vertex 73.3827 4.28156 13.1
      vertex 64.4 2.4 13.1
      vertex 73.5215 4 13.1
    endloop
  endfacet
  facet normal 0 0 1
    outer loop
      vertex 73.5215 4 13.1
      vertex 64.4 2.4 13.1
      vertex 73.696 3.73897 13.1
    endloop
  endfacet
  facet normal 0 0 1
    outer loop
      vertex 73.696 3.73897 13.1
      vertex 64.4 2.4 13.1
      vertex 73.9029 3.50294 13.1
    endloop
  endfacet
  facet normal 0 0 1
    outer loop
      vertex 73.9029 3.50294 13.1
      vertex 64.4 2.4 13.1
      vertex 74.139 3.29595 13.1
    endloop
  endfacet
  facet normal 0 0 1
    outer loop
      vertex 74.9788 2.88178 13.1
      vertex 64.4 2.4 13.1
      vertex 76.4 2.4 13.1
    endloop
  endfacet
  facet normal 0 0 1
    outer loop
      vertex 74.6816 2.98269 13.1
      vertex 64.4 2.4 13.1
      vertex 74.9788 2.88178 13.1
    endloop
  endfacet
  facet normal 0 0 1
    outer loop
      vertex 74.4 3.12154 13.1
      vertex 64.4 2.4 13.1
      vertex 74.6816 2.98269 13.1
    endloop
  endfacet
  facet normal 0 0 1
    outer loop
      vertex 74.139 3.29595 13.1
      vertex 64.4 2.4 13.1
      vertex 74.4 3.12154 13.1
    endloop
  endfacet
  facet normal 0 1 -0
    outer loop
      vertex 72.4 8.4 11.6
      vertex 64.4 8.4 13.1
      vertex 72.4 8.4 13.1
    endloop
  endfacet
  facet normal 0 1 0
    outer loop
      vertex 64.4 8.4 13.1
      vertex 72.4 8.4 11.6
      vertex 64.4 8.4 11.6
    endloop
  endfacet
  facet normal 0 0 -1
    outer loop
      vertex 78.4 4.4 11.6
      vertex 77.9182 5.82117 11.6
      vertex 78.4 46.4 11.6
    endloop
  endfacet
  facet normal 0 0 -1
    outer loop
      vertex 78.4 46.4 11.6
      vertex 77.9795 45.2867 11.6
      vertex 78 45.6 11.6
    endloop
  endfacet
  facet normal 0 0 -1
    outer loop
      vertex 77.9182 44.9788 11.6
      vertex 78.4 46.4 11.6
      vertex 77.9182 5.82117 11.6
    endloop
  endfacet
  facet normal 0 0 -1
    outer loop
      vertex 78.4 46.4 11.6
      vertex 77.9182 44.9788 11.6
      vertex 77.9795 45.2867 11.6
    endloop
  endfacet
  facet normal 0 0 -1
    outer loop
      vertex 77.8173 6.11844 11.6
      vertex 77.9182 44.9788 11.6
      vertex 77.9182 5.82117 11.6
    endloop
  endfacet
  facet normal 0 0 -1
    outer loop
      vertex 77.8173 6.11844 11.6
      vertex 77.8173 44.6816 11.6
      vertex 77.9182 44.9788 11.6
    endloop
  endfacet
  facet normal 0 0 -1
    outer loop
      vertex 77.6785 6.4 11.6
      vertex 77.8173 44.6816 11.6
      vertex 77.8173 6.11844 11.6
    endloop
  endfacet
  facet normal 0 0 -1
    outer loop
      vertex 77.6785 6.4 11.6
      vertex 77.6785 44.4 11.6
      vertex 77.8173 44.6816 11.6
    endloop
  endfacet
  facet normal 0 0 -1
    outer loop
      vertex 77.5041 6.66103 11.6
      vertex 77.6785 44.4 11.6
      vertex 77.6785 6.4 11.6
    endloop
  endfacet
  facet normal 0 0 -1
    outer loop
      vertex 77.5041 6.66103 11.6
      vertex 77.5041 44.139 11.6
      vertex 77.6785 44.4 11.6
    endloop
  endfacet
  facet normal 0 0 -1
    outer loop
      vertex 77.2971 6.89706 11.6
      vertex 77.5041 44.139 11.6
      vertex 77.5041 6.66103 11.6
    endloop
  endfacet
  facet normal 0 0 -1
    outer loop
      vertex 77.2971 6.89706 11.6
      vertex 77.2971 43.9029 11.6
      vertex 77.5041 44.139 11.6
    endloop
  endfacet
  facet normal 0 0 -1
    outer loop
      vertex 77.061 7.10405 11.6
      vertex 77.2971 43.9029 11.6
      vertex 77.2971 6.89706 11.6
    endloop
  endfacet
  facet normal 0 0 -1
    outer loop
      vertex 77.061 7.10405 11.6
      vertex 77.061 43.696 11.6
      vertex 77.2971 43.9029 11.6
    endloop
  endfacet
  facet normal 0 0 -1
    outer loop
      vertex 76.8 7.27846 11.6
      vertex 77.061 43.696 11.6
      vertex 77.061 7.10405 11.6
    endloop
  endfacet
  facet normal 0 0 -1
    outer loop
      vertex 76.8 7.27846 11.6
      vertex 76.8 43.5215 11.6
      vertex 77.061 43.696 11.6
    endloop
  endfacet
  facet normal 0 0 -1
    outer loop
      vertex 76.5184 7.41731 11.6
      vertex 76.8 43.5215 11.6
      vertex 76.8 7.27846 11.6
    endloop
  endfacet
  facet normal 0 0 -1
    outer loop
      vertex 76.5184 7.41731 11.6
      vertex 76.5184 43.3827 11.6
      vertex 76.8 43.5215 11.6
    endloop
  endfacet
  facet normal 0 0 -1
    outer loop
      vertex 76.2212 7.51822 11.6
      vertex 76.5184 43.3827 11.6
      vertex 76.5184 7.41731 11.6
    endloop
  endfacet
  facet normal 0 0 -1
    outer loop
      vertex 76.2212 7.51822 11.6
      vertex 76.2212 43.2818 11.6
      vertex 76.5184 43.3827 11.6
    endloop
  endfacet
  facet normal 0 0 -1
    outer loop
      vertex 75.9133 7.57947 11.6
      vertex 76.2212 43.2818 11.6
      vertex 76.2212 7.51822 11.6
    endloop
  endfacet
  facet normal 0 0 -1
    outer loop
      vertex 75.9133 7.57947 11.6
      vertex 75.9133 43.2205 11.6
      vertex 76.2212 43.2818 11.6
    endloop
  endfacet
  facet normal 0 0 -1
    outer loop
      vertex 72.4 8.4 11.6
      vertex 75.9133 7.57947 11.6
      vertex 75.6 7.6 11.6
    endloop
  endfacet
  facet normal 0 0 -1
    outer loop
      vertex 75.9133 7.57947 11.6
      vertex 72.4 8.4 11.6
      vertex 75.9133 43.2205 11.6
    endloop
  endfacet
  facet normal 0 0 -1
    outer loop
      vertex 72.4 8.4 11.6
      vertex 75.6 7.6 11.6
      vertex 75.2867 7.57947 11.6
    endloop
  endfacet
  facet normal 0 0 -1
    outer loop
      vertex 72.4 42.4 11.6
      vertex 75.9133 43.2205 11.6
      vertex 72.4 8.4 11.6
    endloop
  endfacet
  facet normal 0 0 -1
    outer loop
      vertex 72.4 8.4 11.6
      vertex 75.2867 7.57947 11.6
      vertex 74.9788 7.51822 11.6
    endloop
  endfacet
  facet normal 0 0 -1
    outer loop
      vertex 75.9133 43.2205 11.6
      vertex 72.4 42.4 11.6
      vertex 75.6 43.2 11.6
    endloop
  endfacet
  facet normal 0 0 -1
    outer loop
      vertex 72.4 8.4 11.6
      vertex 74.9788 7.51822 11.6
      vertex 74.6816 7.41731 11.6
    endloop
  endfacet
  facet normal -0 0 -1
    outer loop
      vertex 75.6 43.2 11.6
      vertex 72.4 42.4 11.6
      vertex 75.2867 43.2205 11.6
    endloop
  endfacet
  facet normal 0 0 -1
    outer loop
      vertex 72.4 8.4 11.6
      vertex 74.6816 7.41731 11.6
      vertex 74.4 7.27846 11.6
    endloop
  endfacet
  facet normal -0 0 -1
    outer loop
      vertex 75.2867 43.2205 11.6
      vertex 72.4 42.4 11.6
      vertex 74.9788 43.2818 11.6
    endloop
  endfacet
  facet normal 0 0 -1
    outer loop
      vertex 72.4 8.4 11.6
      vertex 74.4 7.27846 11.6
      vertex 74.139 7.10405 11.6
    endloop
  endfacet
  facet normal -0 0 -1
    outer loop
      vertex 74.9788 43.2818 11.6
      vertex 72.4 42.4 11.6
      vertex 74.6816 43.3827 11.6
    endloop
  endfacet
  facet normal 0 0 -1
    outer loop
      vertex 72.4 8.4 11.6
      vertex 74.139 7.10405 11.6
      vertex 73.9029 6.89706 11.6
    endloop
  endfacet
  facet normal -0 0 -1
    outer loop
      vertex 74.6816 43.3827 11.6
      vertex 72.4 42.4 11.6
      vertex 74.4 43.5215 11.6
    endloop
  endfacet
  facet normal 0 0 -1
    outer loop
      vertex 72.4 8.4 11.6
      vertex 73.9029 6.89706 11.6
      vertex 73.696 6.66103 11.6
    endloop
  endfacet
  facet normal -0 0 -1
    outer loop
      vertex 74.4 43.5215 11.6
      vertex 72.4 42.4 11.6
      vertex 74.139 43.696 11.6
    endloop
  endfacet
  facet normal 0 0 -1
    outer loop
      vertex 72.4 8.4 11.6
      vertex 73.696 6.66103 11.6
      vertex 73.5215 6.4 11.6
    endloop
  endfacet
  facet normal -0 0 -1
    outer loop
      vertex 74.139 43.696 11.6
      vertex 72.4 42.4 11.6
      vertex 73.9029 43.9029 11.6
    endloop
  endfacet
  facet normal 0 0 -1
    outer loop
      vertex 72.4 8.4 11.6
      vertex 73.5215 6.4 11.6
      vertex 73.3827 6.11844 11.6
    endloop
  endfacet
  facet normal -0 0 -1
    outer loop
      vertex 73.9029 43.9029 11.6
      vertex 72.4 42.4 11.6
      vertex 73.696 44.139 11.6
    endloop
  endfacet
  facet normal 0 0 -1
    outer loop
      vertex 72.4 8.4 11.6
      vertex 73.3827 6.11844 11.6
      vertex 73.2818 5.82117 11.6
    endloop
  endfacet
  facet normal -0 0 -1
    outer loop
      vertex 73.696 44.139 11.6
      vertex 72.4 42.4 11.6
      vertex 73.5215 44.4 11.6
    endloop
  endfacet
  facet normal 0 0 -1
    outer loop
      vertex 72.4 8.4 11.6
      vertex 73.2818 5.82117 11.6
      vertex 73.2205 5.51326 11.6
    endloop
  endfacet
  facet normal -0 0 -1
    outer loop
      vertex 73.5215 44.4 11.6
      vertex 72.4 42.4 11.6
      vertex 73.3827 44.6816 11.6
    endloop
  endfacet
  facet normal 0 0 -1
    outer loop
      vertex 72.4 8.4 11.6
      vertex 73.2205 5.51326 11.6
      vertex 73.2 5.2 11.6
    endloop
  endfacet
  facet normal -0 0 -1
    outer loop
      vertex 73.3827 44.6816 11.6
      vertex 72.4 42.4 11.6
      vertex 73.2818 44.9788 11.6
    endloop
  endfacet
  facet normal 0 0 -1
    outer loop
      vertex 77.8173 4.28156 11.6
      vertex 78.4 4.4 11.6
      vertex 78.3829 4.13895 11.6
    endloop
  endfacet
  facet normal 0 0 -1
    outer loop
      vertex 77.9795 5.51326 11.6
      vertex 78.4 4.4 11.6
      vertex 78 5.2 11.6
    endloop
  endfacet
  facet normal 0 0 -1
    outer loop
      vertex 77.8173 4.28156 11.6
      vertex 78.3829 4.13895 11.6
      vertex 78.3319 3.88236 11.6
    endloop
  endfacet
  facet normal 0 0 -1
    outer loop
      vertex 77.9182 5.82117 11.6
      vertex 78.4 4.4 11.6
      vertex 77.9795 5.51326 11.6
    endloop
  endfacet
  facet normal 0 0 -1
    outer loop
      vertex 77.6785 4 11.6
      vertex 78.3319 3.88236 11.6
      vertex 78.2478 3.63463 11.6
    endloop
  endfacet
  facet normal 0 0 -1
    outer loop
      vertex 77.9795 45.9133 11.6
      vertex 78.4 46.4 11.6
      vertex 78 45.6 11.6
    endloop
  endfacet
  facet normal 0 0 -1
    outer loop
      vertex 77.5041 3.73897 11.6
      vertex 78.2478 3.63463 11.6
      vertex 78.1321 3.4 11.6
    endloop
  endfacet
  facet normal 0 0 -1
    outer loop
      vertex 77.9182 46.2212 11.6
      vertex 78.4 46.4 11.6
      vertex 77.9795 45.9133 11.6
    endloop
  endfacet
  facet normal 0 0 -1
    outer loop
      vertex 77.8173 46.5184 11.6
      vertex 78.4 46.4 11.6
      vertex 77.9182 46.2212 11.6
    endloop
  endfacet
  facet normal 0 0 -1
    outer loop
      vertex 77.5041 3.73897 11.6
      vertex 78.1321 3.4 11.6
      vertex 77.9867 3.18247 11.6
    endloop
  endfacet
  facet normal 0 0 -1
    outer loop
      vertex 78.4 4.4 11.6
      vertex 77.9795 4.88674 11.6
      vertex 78 5.2 11.6
    endloop
  endfacet
  facet normal 0 0 -1
    outer loop
      vertex 78.4 4.4 11.6
      vertex 77.9182 4.57883 11.6
      vertex 77.9795 4.88674 11.6
    endloop
  endfacet
  facet normal -0 0 -1
    outer loop
      vertex 78.4 4.4 11.6
      vertex 77.8173 4.28156 11.6
      vertex 77.9182 4.57883 11.6
    endloop
  endfacet
  facet normal 0 0 -1
    outer loop
      vertex 77.2971 3.50294 11.6
      vertex 77.9867 3.18247 11.6
      vertex 77.8142 2.98578 11.6
    endloop
  endfacet
  facet normal 0 0 -1
    outer loop
      vertex 78.3319 3.88236 11.6
      vertex 77.6785 4 11.6
      vertex 77.8173 4.28156 11.6
    endloop
  endfacet
  facet normal 0 0 -1
    outer loop
      vertex 77.2971 3.50294 11.6
      vertex 77.8142 2.98578 11.6
      vertex 77.6175 2.8133 11.6
    endloop
  endfacet
  facet normal 0 0 -1
    outer loop
      vertex 78.2478 3.63463 11.6
      vertex 77.5041 3.73897 11.6
      vertex 77.6785 4 11.6
    endloop
  endfacet
  facet normal 0 0 -1
    outer loop
      vertex 77.061 3.29595 11.6
      vertex 77.6175 2.8133 11.6
      vertex 77.4 2.66794 11.6
    endloop
  endfacet
  facet normal 0 0 -1
    outer loop
      vertex 77.9867 3.18247 11.6
      vertex 77.2971 3.50294 11.6
      vertex 77.5041 3.73897 11.6
    endloop
  endfacet
  facet normal 0 0 -1
    outer loop
      vertex 77.061 3.29595 11.6
      vertex 77.4 2.66794 11.6
      vertex 77.1654 2.55224 11.6
    endloop
  endfacet
  facet normal 0 0 -1
    outer loop
      vertex 77.6175 2.8133 11.6
      vertex 77.061 3.29595 11.6
      vertex 77.2971 3.50294 11.6
    endloop
  endfacet
  facet normal 0 0 -1
    outer loop
      vertex 76.8 3.12154 11.6
      vertex 77.1654 2.55224 11.6
      vertex 76.9176 2.46815 11.6
    endloop
  endfacet
  facet normal 0 0 -1
    outer loop
      vertex 77.1654 2.55224 11.6
      vertex 76.8 3.12154 11.6
      vertex 77.061 3.29595 11.6
    endloop
  endfacet
  facet normal 0 0 -1
    outer loop
      vertex 76.5184 2.98269 11.6
      vertex 76.9176 2.46815 11.6
      vertex 76.661 2.4171 11.6
    endloop
  endfacet
  facet normal 0 0 -1
    outer loop
      vertex 76.9176 2.46815 11.6
      vertex 76.5184 2.98269 11.6
      vertex 76.8 3.12154 11.6
    endloop
  endfacet
  facet normal 0 0 -1
    outer loop
      vertex 76.4 2.4 11.6
      vertex 76.5184 2.98269 11.6
      vertex 76.661 2.4171 11.6
    endloop
  endfacet
  facet normal 0 0 -1
    outer loop
      vertex 76.4 2.4 11.6
      vertex 76.2212 2.88178 11.6
      vertex 76.5184 2.98269 11.6
    endloop
  endfacet
  facet normal 0 0 -1
    outer loop
      vertex 76.4 2.4 11.6
      vertex 75.9133 2.82053 11.6
      vertex 76.2212 2.88178 11.6
    endloop
  endfacet
  facet normal 0 0 -1
    outer loop
      vertex 76.4 2.4 11.6
      vertex 75.6 2.8 11.6
      vertex 75.9133 2.82053 11.6
    endloop
  endfacet
  facet normal 0 0 -1
    outer loop
      vertex 76.4 2.4 11.6
      vertex 75.2867 2.82053 11.6
      vertex 75.6 2.8 11.6
    endloop
  endfacet
  facet normal 0 0 -1
    outer loop
      vertex 76.4 2.4 11.6
      vertex 74.9788 2.88178 11.6
      vertex 75.2867 2.82053 11.6
    endloop
  endfacet
  facet normal -0 0 -1
    outer loop
      vertex 73.2818 44.9788 11.6
      vertex 72.4 42.4 11.6
      vertex 73.2205 45.2867 11.6
    endloop
  endfacet
  facet normal 0 0 -1
    outer loop
      vertex 64.4 2.4 11.6
      vertex 73.2 5.2 11.6
      vertex 73.2205 4.88674 11.6
    endloop
  endfacet
  facet normal 0 0 -1
    outer loop
      vertex 64.4 2.4 11.6
      vertex 73.2205 4.88674 11.6
      vertex 73.2818 4.57883 11.6
    endloop
  endfacet
  facet normal 0 0 -1
    outer loop
      vertex 64.4 2.4 11.6
      vertex 74.9788 2.88178 11.6
      vertex 76.4 2.4 11.6
    endloop
  endfacet
  facet normal 0 0 -1
    outer loop
      vertex 64.4 2.4 11.6
      vertex 74.6816 2.98269 11.6
      vertex 74.9788 2.88178 11.6
    endloop
  endfacet
  facet normal 0 0 -1
    outer loop
      vertex 64.4 2.4 11.6
      vertex 74.4 3.12154 11.6
      vertex 74.6816 2.98269 11.6
    endloop
  endfacet
  facet normal 0 0 -1
    outer loop
      vertex 64.4 2.4 11.6
      vertex 74.139 3.29595 11.6
      vertex 74.4 3.12154 11.6
    endloop
  endfacet
  facet normal 0 0 -1
    outer loop
      vertex 64.4 2.4 11.6
      vertex 73.9029 3.50294 11.6
      vertex 74.139 3.29595 11.6
    endloop
  endfacet
  facet normal 0 0 -1
    outer loop
      vertex 64.4 2.4 11.6
      vertex 73.696 3.73897 11.6
      vertex 73.9029 3.50294 11.6
    endloop
  endfacet
  facet normal 0 0 -1
    outer loop
      vertex 64.4 2.4 11.6
      vertex 73.5215 4 11.6
      vertex 73.696 3.73897 11.6
    endloop
  endfacet
  facet normal 0 0 -1
    outer loop
      vertex 64.4 2.4 11.6
      vertex 73.3827 4.28156 11.6
      vertex 73.5215 4 11.6
    endloop
  endfacet
  facet normal 0 0 -1
    outer loop
      vertex 64.4 2.4 11.6
      vertex 73.2818 4.57883 11.6
      vertex 73.3827 4.28156 11.6
    endloop
  endfacet
  facet normal -0 0 -1
    outer loop
      vertex 73.2 5.2 11.6
      vertex 64.4 2.4 11.6
      vertex 64.4 8.4 11.6
    endloop
  endfacet
  facet normal 0 0 -1
    outer loop
      vertex 73.2 5.2 11.6
      vertex 64.4 8.4 11.6
      vertex 72.4 8.4 11.6
    endloop
  endfacet
  facet normal 0 0 -1
    outer loop
      vertex 78.4 46.4 11.6
      vertex 77.8173 46.5184 11.6
      vertex 78.3829 46.661 11.6
    endloop
  endfacet
  facet normal -0 0 -1
    outer loop
      vertex 78.3829 46.661 11.6
      vertex 77.8173 46.5184 11.6
      vertex 78.3319 46.9176 11.6
    endloop
  endfacet
  facet normal 0 0 -1
    outer loop
      vertex 77.6785 46.8 11.6
      vertex 78.3319 46.9176 11.6
      vertex 77.8173 46.5184 11.6
    endloop
  endfacet
  facet normal -0 0 -1
    outer loop
      vertex 78.3319 46.9176 11.6
      vertex 77.6785 46.8 11.6
      vertex 78.2478 47.1654 11.6
    endloop
  endfacet
  facet normal 0 0 -1
    outer loop
      vertex 77.5041 47.061 11.6
      vertex 78.2478 47.1654 11.6
      vertex 77.6785 46.8 11.6
    endloop
  endfacet
  facet normal -0 0 -1
    outer loop
      vertex 78.2478 47.1654 11.6
      vertex 77.5041 47.061 11.6
      vertex 78.1321 47.4 11.6
    endloop
  endfacet
  facet normal -0 0 -1
    outer loop
      vertex 78.1321 47.4 11.6
      vertex 77.5041 47.061 11.6
      vertex 77.9867 47.6175 11.6
    endloop
  endfacet
  facet normal 0 0 -1
    outer loop
      vertex 77.2971 47.2971 11.6
      vertex 77.9867 47.6175 11.6
      vertex 77.5041 47.061 11.6
    endloop
  endfacet
  facet normal -0 0 -1
    outer loop
      vertex 77.9867 47.6175 11.6
      vertex 77.2971 47.2971 11.6
      vertex 77.8142 47.8142 11.6
    endloop
  endfacet
  facet normal -0 0 -1
    outer loop
      vertex 77.8142 47.8142 11.6
      vertex 77.2971 47.2971 11.6
      vertex 77.6175 47.9867 11.6
    endloop
  endfacet
  facet normal 0 0 -1
    outer loop
      vertex 77.061 47.504 11.6
      vertex 77.6175 47.9867 11.6
      vertex 77.2971 47.2971 11.6
    endloop
  endfacet
  facet normal -0 0 -1
    outer loop
      vertex 77.6175 47.9867 11.6
      vertex 77.061 47.504 11.6
      vertex 77.4 48.1321 11.6
    endloop
  endfacet
  facet normal -0 0 -1
    outer loop
      vertex 77.4 48.1321 11.6
      vertex 77.061 47.504 11.6
      vertex 77.1654 48.2478 11.6
    endloop
  endfacet
  facet normal 0 0 -1
    outer loop
      vertex 76.8 47.6785 11.6
      vertex 77.1654 48.2478 11.6
      vertex 77.061 47.504 11.6
    endloop
  endfacet
  facet normal -0 0 -1
    outer loop
      vertex 77.1654 48.2478 11.6
      vertex 76.8 47.6785 11.6
      vertex 76.9176 48.3319 11.6
    endloop
  endfacet
  facet normal 0 0 -1
    outer loop
      vertex 76.5184 47.8173 11.6
      vertex 76.9176 48.3319 11.6
      vertex 76.8 47.6785 11.6
    endloop
  endfacet
  facet normal -0 0 -1
    outer loop
      vertex 76.9176 48.3319 11.6
      vertex 76.5184 47.8173 11.6
      vertex 76.661 48.3829 11.6
    endloop
  endfacet
  facet normal 0 0 -1
    outer loop
      vertex 76.5184 47.8173 11.6
      vertex 76.4 48.4 11.6
      vertex 76.661 48.3829 11.6
    endloop
  endfacet
  facet normal 0 0 -1
    outer loop
      vertex 76.2212 47.9182 11.6
      vertex 76.4 48.4 11.6
      vertex 76.5184 47.8173 11.6
    endloop
  endfacet
  facet normal 0 0 -1
    outer loop
      vertex 75.9133 47.9795 11.6
      vertex 76.4 48.4 11.6
      vertex 76.2212 47.9182 11.6
    endloop
  endfacet
  facet normal 0 0 -1
    outer loop
      vertex 75.6 48 11.6
      vertex 76.4 48.4 11.6
      vertex 75.9133 47.9795 11.6
    endloop
  endfacet
  facet normal 0 0 -1
    outer loop
      vertex 75.2867 47.9795 11.6
      vertex 76.4 48.4 11.6
      vertex 75.6 48 11.6
    endloop
  endfacet
  facet normal 0 0 -1
    outer loop
      vertex 74.9788 47.9182 11.6
      vertex 76.4 48.4 11.6
      vertex 75.2867 47.9795 11.6
    endloop
  endfacet
  facet normal -0 0 -1
    outer loop
      vertex 73.2205 45.2867 11.6
      vertex 72.4 42.4 11.6
      vertex 73.2 45.6 11.6
    endloop
  endfacet
  facet normal 0 0 -1
    outer loop
      vertex 64.4 42.4 11.6
      vertex 73.2 45.6 11.6
      vertex 72.4 42.4 11.6
    endloop
  endfacet
  facet normal 0 0 -1
    outer loop
      vertex 64.4 48.4 11.6
      vertex 73.2 45.6 11.6
      vertex 64.4 42.4 11.6
    endloop
  endfacet
  facet normal 0 0 -1
    outer loop
      vertex 73.2 45.6 11.6
      vertex 64.4 48.4 11.6
      vertex 73.2205 45.9133 11.6
    endloop
  endfacet
  facet normal 0 0 -1
    outer loop
      vertex 73.2205 45.9133 11.6
      vertex 64.4 48.4 11.6
      vertex 73.2818 46.2212 11.6
    endloop
  endfacet
  facet normal 0 0 -1
    outer loop
      vertex 73.2818 46.2212 11.6
      vertex 64.4 48.4 11.6
      vertex 73.3827 46.5184 11.6
    endloop
  endfacet
  facet normal 0 0 -1
    outer loop
      vertex 73.3827 46.5184 11.6
      vertex 64.4 48.4 11.6
      vertex 73.5215 46.8 11.6
    endloop
  endfacet
  facet normal 0 0 -1
    outer loop
      vertex 73.5215 46.8 11.6
      vertex 64.4 48.4 11.6
      vertex 73.696 47.061 11.6
    endloop
  endfacet
  facet normal 0 0 -1
    outer loop
      vertex 73.696 47.061 11.6
      vertex 64.4 48.4 11.6
      vertex 73.9029 47.2971 11.6
    endloop
  endfacet
  facet normal 0 0 -1
    outer loop
      vertex 73.9029 47.2971 11.6
      vertex 64.4 48.4 11.6
      vertex 74.139 47.504 11.6
    endloop
  endfacet
  facet normal 0 0 -1
    outer loop
      vertex 74.9788 47.9182 11.6
      vertex 64.4 48.4 11.6
      vertex 76.4 48.4 11.6
    endloop
  endfacet
  facet normal 0 0 -1
    outer loop
      vertex 74.6816 47.8173 11.6
      vertex 64.4 48.4 11.6
      vertex 74.9788 47.9182 11.6
    endloop
  endfacet
  facet normal 0 0 -1
    outer loop
      vertex 74.4 47.6785 11.6
      vertex 64.4 48.4 11.6
      vertex 74.6816 47.8173 11.6
    endloop
  endfacet
  facet normal 0 0 -1
    outer loop
      vertex 74.139 47.504 11.6
      vertex 64.4 48.4 11.6
      vertex 74.4 47.6785 11.6
    endloop
  endfacet
  facet normal -0 0 1
    outer loop
      vertex 2.4 5.4 13.1
      vertex 2.8 5.2 13.1
      vertex 2.81311 5.4 13.1
    endloop
  endfacet
  facet normal 0 0 1
    outer loop
      vertex 2.8 5.2 13.1
      vertex 2.55224 3.63463 13.1
      vertex 2.66794 3.4 13.1
    endloop
  endfacet
  facet normal 0 0 1
    outer loop
      vertex 2.8 5.2 13.1
      vertex 2.46815 3.88236 13.1
      vertex 2.55224 3.63463 13.1
    endloop
  endfacet
  facet normal 0 0 1
    outer loop
      vertex 2.8 5.2 13.1
      vertex 2.4171 4.13895 13.1
      vertex 2.46815 3.88236 13.1
    endloop
  endfacet
  facet normal 0 0 1
    outer loop
      vertex 2.8 5.2 13.1
      vertex 2.4 5.4 13.1
      vertex 2.4 4.4 13.1
    endloop
  endfacet
  facet normal 0 0 1
    outer loop
      vertex 2.8 5.2 13.1
      vertex 2.4 4.4 13.1
      vertex 2.4171 4.13895 13.1
    endloop
  endfacet
  facet normal 0 0 1
    outer loop
      vertex 7.57947 4.88674 13.1
      vertex 14.4 5.4 13.1
      vertex 7.6 5.2 13.1
    endloop
  endfacet
  facet normal 0 -0 1
    outer loop
      vertex 7.6 5.2 13.1
      vertex 14.4 5.4 13.1
      vertex 7.58689 5.4 13.1
    endloop
  endfacet
  facet normal 0 0 1
    outer loop
      vertex 7.51822 4.57883 13.1
      vertex 14.4 5.4 13.1
      vertex 7.57947 4.88674 13.1
    endloop
  endfacet
  facet normal 0 0 1
    outer loop
      vertex 14.4 5.4 13.1
      vertex 7.51822 4.57883 13.1
      vertex 14.4 2.4 13.1
    endloop
  endfacet
  facet normal -0 0 1
    outer loop
      vertex 7.41731 4.28156 13.1
      vertex 14.4 2.4 13.1
      vertex 7.51822 4.57883 13.1
    endloop
  endfacet
  facet normal -0 0 1
    outer loop
      vertex 7.27846 4 13.1
      vertex 14.4 2.4 13.1
      vertex 7.41731 4.28156 13.1
    endloop
  endfacet
  facet normal -0 0 1
    outer loop
      vertex 7.10405 3.73897 13.1
      vertex 14.4 2.4 13.1
      vertex 7.27846 4 13.1
    endloop
  endfacet
  facet normal -0 0 1
    outer loop
      vertex 6.89706 3.50294 13.1
      vertex 14.4 2.4 13.1
      vertex 7.10405 3.73897 13.1
    endloop
  endfacet
  facet normal -0 0 1
    outer loop
      vertex 6.66103 3.29595 13.1
      vertex 14.4 2.4 13.1
      vertex 6.89706 3.50294 13.1
    endloop
  endfacet
  facet normal -0 0 1
    outer loop
      vertex 6.4 3.12154 13.1
      vertex 14.4 2.4 13.1
      vertex 6.66103 3.29595 13.1
    endloop
  endfacet
  facet normal -0 0 1
    outer loop
      vertex 6.11844 2.98269 13.1
      vertex 14.4 2.4 13.1
      vertex 6.4 3.12154 13.1
    endloop
  endfacet
  facet normal -0 0 1
    outer loop
      vertex 5.82117 2.88178 13.1
      vertex 14.4 2.4 13.1
      vertex 6.11844 2.98269 13.1
    endloop
  endfacet
  facet normal 0 0 1
    outer loop
      vertex 4.4 2.4 13.1
      vertex 5.82117 2.88178 13.1
      vertex 5.51326 2.82053 13.1
    endloop
  endfacet
  facet normal 0 0 1
    outer loop
      vertex 4.4 2.4 13.1
      vertex 5.51326 2.82053 13.1
      vertex 5.2 2.8 13.1
    endloop
  endfacet
  facet normal 0 0 1
    outer loop
      vertex 5.82117 2.88178 13.1
      vertex 4.4 2.4 13.1
      vertex 14.4 2.4 13.1
    endloop
  endfacet
  facet normal 0 0 1
    outer loop
      vertex 4.88674 2.82053 13.1
      vertex 4.4 2.4 13.1
      vertex 5.2 2.8 13.1
    endloop
  endfacet
  facet normal 0 0 1
    outer loop
      vertex 4.57883 2.88178 13.1
      vertex 4.4 2.4 13.1
      vertex 4.88674 2.82053 13.1
    endloop
  endfacet
  facet normal 0 0 1
    outer loop
      vertex 4.28156 2.98269 13.1
      vertex 4.4 2.4 13.1
      vertex 4.57883 2.88178 13.1
    endloop
  endfacet
  facet normal 0 0 1
    outer loop
      vertex 4.28156 2.98269 13.1
      vertex 4.13895 2.4171 13.1
      vertex 4.4 2.4 13.1
    endloop
  endfacet
  facet normal 0 0 1
    outer loop
      vertex 3.88236 2.46815 13.1
      vertex 4.28156 2.98269 13.1
      vertex 4 3.12154 13.1
    endloop
  endfacet
  facet normal 0 0 1
    outer loop
      vertex 4.28156 2.98269 13.1
      vertex 3.88236 2.46815 13.1
      vertex 4.13895 2.4171 13.1
    endloop
  endfacet
  facet normal 0 0 1
    outer loop
      vertex 3.63463 2.55224 13.1
      vertex 4 3.12154 13.1
      vertex 3.73897 3.29595 13.1
    endloop
  endfacet
  facet normal 0 0 1
    outer loop
      vertex 4 3.12154 13.1
      vertex 3.63463 2.55224 13.1
      vertex 3.88236 2.46815 13.1
    endloop
  endfacet
  facet normal 0 0 1
    outer loop
      vertex 3.18247 2.8133 13.1
      vertex 3.73897 3.29595 13.1
      vertex 3.50294 3.50294 13.1
    endloop
  endfacet
  facet normal 0 0 1
    outer loop
      vertex 3.73897 3.29595 13.1
      vertex 3.4 2.66794 13.1
      vertex 3.63463 2.55224 13.1
    endloop
  endfacet
  facet normal 0 0 1
    outer loop
      vertex 2.8133 3.18247 13.1
      vertex 3.50294 3.50294 13.1
      vertex 3.29595 3.73897 13.1
    endloop
  endfacet
  facet normal 0 0 1
    outer loop
      vertex 3.73897 3.29595 13.1
      vertex 3.18247 2.8133 13.1
      vertex 3.4 2.66794 13.1
    endloop
  endfacet
  facet normal 0 0 1
    outer loop
      vertex 2.66794 3.4 13.1
      vertex 3.29595 3.73897 13.1
      vertex 3.12154 4 13.1
    endloop
  endfacet
  facet normal 0 0 1
    outer loop
      vertex 3.50294 3.50294 13.1
      vertex 2.98578 2.98578 13.1
      vertex 3.18247 2.8133 13.1
    endloop
  endfacet
  facet normal 0 0 1
    outer loop
      vertex 2.66794 3.4 13.1
      vertex 3.12154 4 13.1
      vertex 2.98269 4.28156 13.1
    endloop
  endfacet
  facet normal 0 0 1
    outer loop
      vertex 2.66794 3.4 13.1
      vertex 2.98269 4.28156 13.1
      vertex 2.88178 4.57883 13.1
    endloop
  endfacet
  facet normal 0 0 1
    outer loop
      vertex 2.66794 3.4 13.1
      vertex 2.88178 4.57883 13.1
      vertex 2.82053 4.88674 13.1
    endloop
  endfacet
  facet normal 0 0 1
    outer loop
      vertex 3.50294 3.50294 13.1
      vertex 2.8133 3.18247 13.1
      vertex 2.98578 2.98578 13.1
    endloop
  endfacet
  facet normal 0 0 1
    outer loop
      vertex 2.66794 3.4 13.1
      vertex 2.82053 4.88674 13.1
      vertex 2.8 5.2 13.1
    endloop
  endfacet
  facet normal 0 0 1
    outer loop
      vertex 3.29595 3.73897 13.1
      vertex 2.66794 3.4 13.1
      vertex 2.8133 3.18247 13.1
    endloop
  endfacet
  facet normal 1 -0 0
    outer loop
      vertex 14.4 2.4 13.1
      vertex 14.4 5.4 11.6
      vertex 14.4 5.4 13.1
    endloop
  endfacet
  facet normal 1 0 0
    outer loop
      vertex 14.4 5.4 11.6
      vertex 14.4 2.4 13.1
      vertex 14.4 2.4 11.6
    endloop
  endfacet
  facet normal 0 1 -0
    outer loop
      vertex 14.4 5.4 11.6
      vertex 7.58689 5.4 13.1
      vertex 14.4 5.4 13.1
    endloop
  endfacet
  facet normal 0 1 0
    outer loop
      vertex 7.58689 5.4 13.1
      vertex 14.4 5.4 11.6
      vertex 7.58689 5.4 11.6
    endloop
  endfacet
  facet normal 0 1 -0
    outer loop
      vertex 2.81311 5.4 11.6
      vertex 2.4 5.4 13.1
      vertex 2.81311 5.4 13.1
    endloop
  endfacet
  facet normal 0 1 0
    outer loop
      vertex 2.4 5.4 13.1
      vertex 2.81311 5.4 11.6
      vertex 2.4 5.4 11.6
    endloop
  endfacet
  facet normal 0 0 -1
    outer loop
      vertex 7.51822 4.57883 11.6
      vertex 14.4 5.4 11.6
      vertex 14.4 2.4 11.6
    endloop
  endfacet
  facet normal 0 0 -1
    outer loop
      vertex 14.4 5.4 11.6
      vertex 7.57947 4.88674 11.6
      vertex 7.6 5.2 11.6
    endloop
  endfacet
  facet normal 0 0 -1
    outer loop
      vertex 14.4 5.4 11.6
      vertex 7.51822 4.57883 11.6
      vertex 7.57947 4.88674 11.6
    endloop
  endfacet
  facet normal 0 0 -1
    outer loop
      vertex 14.4 2.4 11.6
      vertex 7.41731 4.28156 11.6
      vertex 7.51822 4.57883 11.6
    endloop
  endfacet
  facet normal 0 0 -1
    outer loop
      vertex 14.4 2.4 11.6
      vertex 7.27846 4 11.6
      vertex 7.41731 4.28156 11.6
    endloop
  endfacet
  facet normal 0 0 -1
    outer loop
      vertex 14.4 2.4 11.6
      vertex 7.10405 3.73897 11.6
      vertex 7.27846 4 11.6
    endloop
  endfacet
  facet normal 0 0 -1
    outer loop
      vertex 14.4 2.4 11.6
      vertex 6.89706 3.50294 11.6
      vertex 7.10405 3.73897 11.6
    endloop
  endfacet
  facet normal 0 0 -1
    outer loop
      vertex 14.4 2.4 11.6
      vertex 6.66103 3.29595 11.6
      vertex 6.89706 3.50294 11.6
    endloop
  endfacet
  facet normal 0 0 -1
    outer loop
      vertex 14.4 2.4 11.6
      vertex 6.4 3.12154 11.6
      vertex 6.66103 3.29595 11.6
    endloop
  endfacet
  facet normal 0 0 -1
    outer loop
      vertex 14.4 2.4 11.6
      vertex 6.11844 2.98269 11.6
      vertex 6.4 3.12154 11.6
    endloop
  endfacet
  facet normal 0 0 -1
    outer loop
      vertex 14.4 2.4 11.6
      vertex 5.82117 2.88178 11.6
      vertex 6.11844 2.98269 11.6
    endloop
  endfacet
  facet normal 0 0 -1
    outer loop
      vertex 4.4 2.4 11.6
      vertex 5.82117 2.88178 11.6
      vertex 14.4 2.4 11.6
    endloop
  endfacet
  facet normal 0 0 -1
    outer loop
      vertex 5.82117 2.88178 11.6
      vertex 4.4 2.4 11.6
      vertex 5.51326 2.82053 11.6
    endloop
  endfacet
  facet normal 0 0 -1
    outer loop
      vertex 5.51326 2.82053 11.6
      vertex 4.4 2.4 11.6
      vertex 5.2 2.8 11.6
    endloop
  endfacet
  facet normal 0 0 -1
    outer loop
      vertex 4.4 2.4 11.6
      vertex 4.88674 2.82053 11.6
      vertex 5.2 2.8 11.6
    endloop
  endfacet
  facet normal 0 0 -1
    outer loop
      vertex 4.4 2.4 11.6
      vertex 4.57883 2.88178 11.6
      vertex 4.88674 2.82053 11.6
    endloop
  endfacet
  facet normal 0 0 -1
    outer loop
      vertex 4.4 2.4 11.6
      vertex 4.28156 2.98269 11.6
      vertex 4.57883 2.88178 11.6
    endloop
  endfacet
  facet normal 0 0 -1
    outer loop
      vertex 4.13895 2.4171 11.6
      vertex 4.28156 2.98269 11.6
      vertex 4.4 2.4 11.6
    endloop
  endfacet
  facet normal 0 0 -1
    outer loop
      vertex 3.88236 2.46815 11.6
      vertex 4.28156 2.98269 11.6
      vertex 4.13895 2.4171 11.6
    endloop
  endfacet
  facet normal -0 0 -1
    outer loop
      vertex 4.28156 2.98269 11.6
      vertex 3.88236 2.46815 11.6
      vertex 4 3.12154 11.6
    endloop
  endfacet
  facet normal 0 0 -1
    outer loop
      vertex 3.63463 2.55224 11.6
      vertex 4 3.12154 11.6
      vertex 3.88236 2.46815 11.6
    endloop
  endfacet
  facet normal -0 0 -1
    outer loop
      vertex 4 3.12154 11.6
      vertex 3.63463 2.55224 11.6
      vertex 3.73897 3.29595 11.6
    endloop
  endfacet
  facet normal 0 0 -1
    outer loop
      vertex 3.4 2.66794 11.6
      vertex 3.73897 3.29595 11.6
      vertex 3.63463 2.55224 11.6
    endloop
  endfacet
  facet normal 0 0 -1
    outer loop
      vertex 3.18247 2.8133 11.6
      vertex 3.73897 3.29595 11.6
      vertex 3.4 2.66794 11.6
    endloop
  endfacet
  facet normal -0 0 -1
    outer loop
      vertex 3.73897 3.29595 11.6
      vertex 3.18247 2.8133 11.6
      vertex 3.50294 3.50294 11.6
    endloop
  endfacet
  facet normal 0 0 -1
    outer loop
      vertex 2.98578 2.98578 11.6
      vertex 3.50294 3.50294 11.6
      vertex 3.18247 2.8133 11.6
    endloop
  endfacet
  facet normal 0 0 -1
    outer loop
      vertex 2.8133 3.18247 11.6
      vertex 3.50294 3.50294 11.6
      vertex 2.98578 2.98578 11.6
    endloop
  endfacet
  facet normal -0 0 -1
    outer loop
      vertex 3.50294 3.50294 11.6
      vertex 2.8133 3.18247 11.6
      vertex 3.29595 3.73897 11.6
    endloop
  endfacet
  facet normal 0 0 -1
    outer loop
      vertex 2.66794 3.4 11.6
      vertex 3.29595 3.73897 11.6
      vertex 2.8133 3.18247 11.6
    endloop
  endfacet
  facet normal 0 0 -1
    outer loop
      vertex 2.55224 3.63463 11.6
      vertex 3.29595 3.73897 11.6
      vertex 2.66794 3.4 11.6
    endloop
  endfacet
  facet normal -0 0 -1
    outer loop
      vertex 3.29595 3.73897 11.6
      vertex 2.55224 3.63463 11.6
      vertex 3.12154 4 11.6
    endloop
  endfacet
  facet normal 0 0 -1
    outer loop
      vertex 2.46815 3.88236 11.6
      vertex 3.12154 4 11.6
      vertex 2.55224 3.63463 11.6
    endloop
  endfacet
  facet normal -0 0 -1
    outer loop
      vertex 3.12154 4 11.6
      vertex 2.46815 3.88236 11.6
      vertex 2.98269 4.28156 11.6
    endloop
  endfacet
  facet normal 0 0 -1
    outer loop
      vertex 2.4171 4.13895 11.6
      vertex 2.98269 4.28156 11.6
      vertex 2.46815 3.88236 11.6
    endloop
  endfacet
  facet normal -0 0 -1
    outer loop
      vertex 14.4 5.4 11.6
      vertex 7.6 5.2 11.6
      vertex 7.58689 5.4 11.6
    endloop
  endfacet
  facet normal 0 0 -1
    outer loop
      vertex 2.4 4.4 11.6
      vertex 2.98269 4.28156 11.6
      vertex 2.4171 4.13895 11.6
    endloop
  endfacet
  facet normal 0 0 -1
    outer loop
      vertex 2.98269 4.28156 11.6
      vertex 2.4 4.4 11.6
      vertex 2.88178 4.57883 11.6
    endloop
  endfacet
  facet normal -0 0 -1
    outer loop
      vertex 2.88178 4.57883 11.6
      vertex 2.4 4.4 11.6
      vertex 2.82053 4.88674 11.6
    endloop
  endfacet
  facet normal 0 0 -1
    outer loop
      vertex 2.4 5.4 11.6
      vertex 2.82053 4.88674 11.6
      vertex 2.4 4.4 11.6
    endloop
  endfacet
  facet normal 0 0 -1
    outer loop
      vertex 2.82053 4.88674 11.6
      vertex 2.4 5.4 11.6
      vertex 2.8 5.2 11.6
    endloop
  endfacet
  facet normal 0 0 -1
    outer loop
      vertex 2.8 5.2 11.6
      vertex 2.4 5.4 11.6
      vertex 2.81311 5.4 11.6
    endloop
  endfacet
  facet normal -1 0 0
    outer loop
      vertex 64.4 42.4 11.6
      vertex 64.4 48.4 13.1
      vertex 64.4 48.4 11.6
    endloop
  endfacet
  facet normal -1 -0 0
    outer loop
      vertex 64.4 48.4 13.1
      vertex 64.4 42.4 11.6
      vertex 64.4 42.4 13.1
    endloop
  endfacet
  facet normal 0 -1 0
    outer loop
      vertex 64.4 42.4 11.6
      vertex 72.4 42.4 13.1
      vertex 64.4 42.4 13.1
    endloop
  endfacet
  facet normal 0 -1 -0
    outer loop
      vertex 72.4 42.4 13.1
      vertex 64.4 42.4 11.6
      vertex 72.4 42.4 11.6
    endloop
  endfacet
  facet normal -0 0 1
    outer loop
      vertex 7.51822 46.2212 13.1
      vertex 14.4 45.4 13.1
      vertex 14.4 48.4 13.1
    endloop
  endfacet
  facet normal 0 0 1
    outer loop
      vertex 14.4 45.4 13.1
      vertex 7.57947 45.9133 13.1
      vertex 7.6 45.6 13.1
    endloop
  endfacet
  facet normal 0 0 1
    outer loop
      vertex 14.4 45.4 13.1
      vertex 7.51822 46.2212 13.1
      vertex 7.57947 45.9133 13.1
    endloop
  endfacet
  facet normal 0 0 1
    outer loop
      vertex 14.4 48.4 13.1
      vertex 7.41731 46.5184 13.1
      vertex 7.51822 46.2212 13.1
    endloop
  endfacet
  facet normal 0 0 1
    outer loop
      vertex 14.4 48.4 13.1
      vertex 7.27846 46.8 13.1
      vertex 7.41731 46.5184 13.1
    endloop
  endfacet
  facet normal 0 0 1
    outer loop
      vertex 14.4 48.4 13.1
      vertex 7.10405 47.061 13.1
      vertex 7.27846 46.8 13.1
    endloop
  endfacet
  facet normal 0 0 1
    outer loop
      vertex 14.4 48.4 13.1
      vertex 6.89706 47.2971 13.1
      vertex 7.10405 47.061 13.1
    endloop
  endfacet
  facet normal 0 0 1
    outer loop
      vertex 14.4 48.4 13.1
      vertex 6.66103 47.504 13.1
      vertex 6.89706 47.2971 13.1
    endloop
  endfacet
  facet normal 0 0 1
    outer loop
      vertex 14.4 48.4 13.1
      vertex 6.4 47.6785 13.1
      vertex 6.66103 47.504 13.1
    endloop
  endfacet
  facet normal 0 0 1
    outer loop
      vertex 14.4 48.4 13.1
      vertex 6.11844 47.8173 13.1
      vertex 6.4 47.6785 13.1
    endloop
  endfacet
  facet normal 0 0 1
    outer loop
      vertex 14.4 48.4 13.1
      vertex 5.82117 47.9182 13.1
      vertex 6.11844 47.8173 13.1
    endloop
  endfacet
  facet normal -0 0 1
    outer loop
      vertex 4.4 48.4 13.1
      vertex 5.82117 47.9182 13.1
      vertex 14.4 48.4 13.1
    endloop
  endfacet
  facet normal 0 0 1
    outer loop
      vertex 5.82117 47.9182 13.1
      vertex 4.4 48.4 13.1
      vertex 5.51326 47.9795 13.1
    endloop
  endfacet
  facet normal 0 0 1
    outer loop
      vertex 5.51326 47.9795 13.1
      vertex 4.4 48.4 13.1
      vertex 5.2 48 13.1
    endloop
  endfacet
  facet normal 0 0 1
    outer loop
      vertex 4.4 48.4 13.1
      vertex 4.88674 47.9795 13.1
      vertex 5.2 48 13.1
    endloop
  endfacet
  facet normal 0 0 1
    outer loop
      vertex 4.4 48.4 13.1
      vertex 4.57883 47.9182 13.1
      vertex 4.88674 47.9795 13.1
    endloop
  endfacet
  facet normal 0 0 1
    outer loop
      vertex 4.4 48.4 13.1
      vertex 4.28156 47.8173 13.1
      vertex 4.57883 47.9182 13.1
    endloop
  endfacet
  facet normal -0 0 1
    outer loop
      vertex 4.13895 48.3829 13.1
      vertex 4.28156 47.8173 13.1
      vertex 4.4 48.4 13.1
    endloop
  endfacet
  facet normal -0 0 1
    outer loop
      vertex 3.88236 48.3319 13.1
      vertex 4.28156 47.8173 13.1
      vertex 4.13895 48.3829 13.1
    endloop
  endfacet
  facet normal 0 0 1
    outer loop
      vertex 4.28156 47.8173 13.1
      vertex 3.88236 48.3319 13.1
      vertex 4 47.6785 13.1
    endloop
  endfacet
  facet normal -0 0 1
    outer loop
      vertex 3.63463 48.2478 13.1
      vertex 4 47.6785 13.1
      vertex 3.88236 48.3319 13.1
    endloop
  endfacet
  facet normal 0 0 1
    outer loop
      vertex 4 47.6785 13.1
      vertex 3.63463 48.2478 13.1
      vertex 3.73897 47.504 13.1
    endloop
  endfacet
  facet normal -0 0 1
    outer loop
      vertex 3.4 48.1321 13.1
      vertex 3.73897 47.504 13.1
      vertex 3.63463 48.2478 13.1
    endloop
  endfacet
  facet normal -0 0 1
    outer loop
      vertex 3.18247 47.9867 13.1
      vertex 3.73897 47.504 13.1
      vertex 3.4 48.1321 13.1
    endloop
  endfacet
  facet normal 0 0 1
    outer loop
      vertex 3.73897 47.504 13.1
      vertex 3.18247 47.9867 13.1
      vertex 3.50294 47.2971 13.1
    endloop
  endfacet
  facet normal -0 0 1
    outer loop
      vertex 2.98578 47.8142 13.1
      vertex 3.50294 47.2971 13.1
      vertex 3.18247 47.9867 13.1
    endloop
  endfacet
  facet normal -0 0 1
    outer loop
      vertex 2.8133 47.6175 13.1
      vertex 3.50294 47.2971 13.1
      vertex 2.98578 47.8142 13.1
    endloop
  endfacet
  facet normal 0 0 1
    outer loop
      vertex 3.50294 47.2971 13.1
      vertex 2.8133 47.6175 13.1
      vertex 3.29595 47.061 13.1
    endloop
  endfacet
  facet normal -0 0 1
    outer loop
      vertex 2.66794 47.4 13.1
      vertex 3.29595 47.061 13.1
      vertex 2.8133 47.6175 13.1
    endloop
  endfacet
  facet normal -0 0 1
    outer loop
      vertex 2.55224 47.1654 13.1
      vertex 3.29595 47.061 13.1
      vertex 2.66794 47.4 13.1
    endloop
  endfacet
  facet normal 0 0 1
    outer loop
      vertex 3.29595 47.061 13.1
      vertex 2.55224 47.1654 13.1
      vertex 3.12154 46.8 13.1
    endloop
  endfacet
  facet normal -0 0 1
    outer loop
      vertex 2.46815 46.9176 13.1
      vertex 3.12154 46.8 13.1
      vertex 2.55224 47.1654 13.1
    endloop
  endfacet
  facet normal 0 0 1
    outer loop
      vertex 3.12154 46.8 13.1
      vertex 2.46815 46.9176 13.1
      vertex 2.98269 46.5184 13.1
    endloop
  endfacet
  facet normal -0 0 1
    outer loop
      vertex 2.4171 46.661 13.1
      vertex 2.98269 46.5184 13.1
      vertex 2.46815 46.9176 13.1
    endloop
  endfacet
  facet normal 0 0 1
    outer loop
      vertex 14.4 45.4 13.1
      vertex 7.6 45.6 13.1
      vertex 7.58689 45.4 13.1
    endloop
  endfacet
  facet normal 0 0 1
    outer loop
      vertex 2.4 46.4 13.1
      vertex 2.98269 46.5184 13.1
      vertex 2.4171 46.661 13.1
    endloop
  endfacet
  facet normal 0 0 1
    outer loop
      vertex 2.98269 46.5184 13.1
      vertex 2.4 46.4 13.1
      vertex 2.88178 46.2212 13.1
    endloop
  endfacet
  facet normal 0 0 1
    outer loop
      vertex 2.88178 46.2212 13.1
      vertex 2.4 46.4 13.1
      vertex 2.82053 45.9133 13.1
    endloop
  endfacet
  facet normal 0 0 1
    outer loop
      vertex 2.4 45.4 13.1
      vertex 2.82053 45.9133 13.1
      vertex 2.4 46.4 13.1
    endloop
  endfacet
  facet normal 0 0 1
    outer loop
      vertex 2.82053 45.9133 13.1
      vertex 2.4 45.4 13.1
      vertex 2.8 45.6 13.1
    endloop
  endfacet
  facet normal 0 0 1
    outer loop
      vertex 2.8 45.6 13.1
      vertex 2.4 45.4 13.1
      vertex 2.81311 45.4 13.1
    endloop
  endfacet
  facet normal 1 -0 0
    outer loop
      vertex 14.4 45.4 13.1
      vertex 14.4 48.4 11.6
      vertex 14.4 48.4 13.1
    endloop
  endfacet
  facet normal 1 0 0
    outer loop
      vertex 14.4 48.4 11.6
      vertex 14.4 45.4 13.1
      vertex 14.4 45.4 11.6
    endloop
  endfacet
  facet normal 0 0 -1
    outer loop
      vertex 2.4 45.4 11.6
      vertex 2.8 45.6 11.6
      vertex 2.81311 45.4 11.6
    endloop
  endfacet
  facet normal 0 0 -1
    outer loop
      vertex 2.8 45.6 11.6
      vertex 2.55224 47.1654 11.6
      vertex 2.66794 47.4 11.6
    endloop
  endfacet
  facet normal 0 0 -1
    outer loop
      vertex 2.8 45.6 11.6
      vertex 2.46815 46.9176 11.6
      vertex 2.55224 47.1654 11.6
    endloop
  endfacet
  facet normal 0 0 -1
    outer loop
      vertex 2.8 45.6 11.6
      vertex 2.4171 46.661 11.6
      vertex 2.46815 46.9176 11.6
    endloop
  endfacet
  facet normal -0 0 -1
    outer loop
      vertex 2.8 45.6 11.6
      vertex 2.4 45.4 11.6
      vertex 2.4 46.4 11.6
    endloop
  endfacet
  facet normal 0 0 -1
    outer loop
      vertex 2.8 45.6 11.6
      vertex 2.4 46.4 11.6
      vertex 2.4171 46.661 11.6
    endloop
  endfacet
  facet normal 0 0 -1
    outer loop
      vertex 7.57947 45.9133 11.6
      vertex 14.4 45.4 11.6
      vertex 7.6 45.6 11.6
    endloop
  endfacet
  facet normal 0 -0 -1
    outer loop
      vertex 7.6 45.6 11.6
      vertex 14.4 45.4 11.6
      vertex 7.58689 45.4 11.6
    endloop
  endfacet
  facet normal 0 0 -1
    outer loop
      vertex 7.51822 46.2212 11.6
      vertex 14.4 45.4 11.6
      vertex 7.57947 45.9133 11.6
    endloop
  endfacet
  facet normal 0 0 -1
    outer loop
      vertex 14.4 45.4 11.6
      vertex 7.51822 46.2212 11.6
      vertex 14.4 48.4 11.6
    endloop
  endfacet
  facet normal 0 0 -1
    outer loop
      vertex 7.41731 46.5184 11.6
      vertex 14.4 48.4 11.6
      vertex 7.51822 46.2212 11.6
    endloop
  endfacet
  facet normal 0 0 -1
    outer loop
      vertex 7.27846 46.8 11.6
      vertex 14.4 48.4 11.6
      vertex 7.41731 46.5184 11.6
    endloop
  endfacet
  facet normal 0 0 -1
    outer loop
      vertex 7.10405 47.061 11.6
      vertex 14.4 48.4 11.6
      vertex 7.27846 46.8 11.6
    endloop
  endfacet
  facet normal 0 0 -1
    outer loop
      vertex 6.89706 47.2971 11.6
      vertex 14.4 48.4 11.6
      vertex 7.10405 47.061 11.6
    endloop
  endfacet
  facet normal 0 0 -1
    outer loop
      vertex 6.66103 47.504 11.6
      vertex 14.4 48.4 11.6
      vertex 6.89706 47.2971 11.6
    endloop
  endfacet
  facet normal 0 0 -1
    outer loop
      vertex 6.4 47.6785 11.6
      vertex 14.4 48.4 11.6
      vertex 6.66103 47.504 11.6
    endloop
  endfacet
  facet normal 0 0 -1
    outer loop
      vertex 6.11844 47.8173 11.6
      vertex 14.4 48.4 11.6
      vertex 6.4 47.6785 11.6
    endloop
  endfacet
  facet normal 0 0 -1
    outer loop
      vertex 5.82117 47.9182 11.6
      vertex 14.4 48.4 11.6
      vertex 6.11844 47.8173 11.6
    endloop
  endfacet
  facet normal 0 0 -1
    outer loop
      vertex 4.4 48.4 11.6
      vertex 5.82117 47.9182 11.6
      vertex 5.51326 47.9795 11.6
    endloop
  endfacet
  facet normal 0 0 -1
    outer loop
      vertex 4.4 48.4 11.6
      vertex 5.51326 47.9795 11.6
      vertex 5.2 48 11.6
    endloop
  endfacet
  facet normal 0 0 -1
    outer loop
      vertex 5.82117 47.9182 11.6
      vertex 4.4 48.4 11.6
      vertex 14.4 48.4 11.6
    endloop
  endfacet
  facet normal 0 0 -1
    outer loop
      vertex 4.88674 47.9795 11.6
      vertex 4.4 48.4 11.6
      vertex 5.2 48 11.6
    endloop
  endfacet
  facet normal 0 0 -1
    outer loop
      vertex 4.57883 47.9182 11.6
      vertex 4.4 48.4 11.6
      vertex 4.88674 47.9795 11.6
    endloop
  endfacet
  facet normal 0 0 -1
    outer loop
      vertex 4.28156 47.8173 11.6
      vertex 4.4 48.4 11.6
      vertex 4.57883 47.9182 11.6
    endloop
  endfacet
  facet normal 0 0 -1
    outer loop
      vertex 4.28156 47.8173 11.6
      vertex 4.13895 48.3829 11.6
      vertex 4.4 48.4 11.6
    endloop
  endfacet
  facet normal 0 0 -1
    outer loop
      vertex 3.88236 48.3319 11.6
      vertex 4.28156 47.8173 11.6
      vertex 4 47.6785 11.6
    endloop
  endfacet
  facet normal 0 0 -1
    outer loop
      vertex 4.28156 47.8173 11.6
      vertex 3.88236 48.3319 11.6
      vertex 4.13895 48.3829 11.6
    endloop
  endfacet
  facet normal 0 0 -1
    outer loop
      vertex 3.63463 48.2478 11.6
      vertex 4 47.6785 11.6
      vertex 3.73897 47.504 11.6
    endloop
  endfacet
  facet normal 0 0 -1
    outer loop
      vertex 4 47.6785 11.6
      vertex 3.63463 48.2478 11.6
      vertex 3.88236 48.3319 11.6
    endloop
  endfacet
  facet normal 0 0 -1
    outer loop
      vertex 3.18247 47.9867 11.6
      vertex 3.73897 47.504 11.6
      vertex 3.50294 47.2971 11.6
    endloop
  endfacet
  facet normal 0 0 -1
    outer loop
      vertex 3.73897 47.504 11.6
      vertex 3.4 48.1321 11.6
      vertex 3.63463 48.2478 11.6
    endloop
  endfacet
  facet normal 0 0 -1
    outer loop
      vertex 2.8133 47.6175 11.6
      vertex 3.50294 47.2971 11.6
      vertex 3.29595 47.061 11.6
    endloop
  endfacet
  facet normal 0 0 -1
    outer loop
      vertex 3.73897 47.504 11.6
      vertex 3.18247 47.9867 11.6
      vertex 3.4 48.1321 11.6
    endloop
  endfacet
  facet normal 0 0 -1
    outer loop
      vertex 2.66794 47.4 11.6
      vertex 3.29595 47.061 11.6
      vertex 3.12154 46.8 11.6
    endloop
  endfacet
  facet normal 0 0 -1
    outer loop
      vertex 3.50294 47.2971 11.6
      vertex 2.98578 47.8142 11.6
      vertex 3.18247 47.9867 11.6
    endloop
  endfacet
  facet normal 0 0 -1
    outer loop
      vertex 2.66794 47.4 11.6
      vertex 3.12154 46.8 11.6
      vertex 2.98269 46.5184 11.6
    endloop
  endfacet
  facet normal 0 0 -1
    outer loop
      vertex 2.66794 47.4 11.6
      vertex 2.98269 46.5184 11.6
      vertex 2.88178 46.2212 11.6
    endloop
  endfacet
  facet normal 0 0 -1
    outer loop
      vertex 2.66794 47.4 11.6
      vertex 2.88178 46.2212 11.6
      vertex 2.82053 45.9133 11.6
    endloop
  endfacet
  facet normal 0 0 -1
    outer loop
      vertex 3.50294 47.2971 11.6
      vertex 2.8133 47.6175 11.6
      vertex 2.98578 47.8142 11.6
    endloop
  endfacet
  facet normal 0 0 -1
    outer loop
      vertex 2.66794 47.4 11.6
      vertex 2.82053 45.9133 11.6
      vertex 2.8 45.6 11.6
    endloop
  endfacet
  facet normal 0 0 -1
    outer loop
      vertex 3.29595 47.061 11.6
      vertex 2.66794 47.4 11.6
      vertex 2.8133 47.6175 11.6
    endloop
  endfacet
  facet normal 0 -1 0
    outer loop
      vertex 7.58689 45.4 11.6
      vertex 14.4 45.4 13.1
      vertex 7.58689 45.4 13.1
    endloop
  endfacet
  facet normal 0 -1 -0
    outer loop
      vertex 14.4 45.4 13.1
      vertex 7.58689 45.4 11.6
      vertex 14.4 45.4 11.6
    endloop
  endfacet
  facet normal 0 -1 0
    outer loop
      vertex 2.4 45.4 11.6
      vertex 2.81311 45.4 13.1
      vertex 2.4 45.4 13.1
    endloop
  endfacet
  facet normal 0 -1 -0
    outer loop
      vertex 2.81311 45.4 13.1
      vertex 2.4 45.4 11.6
      vertex 2.81311 45.4 11.6
    endloop
  endfacet
  facet normal -1 0 0
    outer loop
      vertex 8.4 9.5732 1
      vertex 8.4 9.22679 1
      vertex 8.4 9.5732 1.6
    endloop
  endfacet
  facet normal -1 0 0
    outer loop
      vertex 8.4 19.3172 1
      vertex 8.4 18.9708 1
      vertex 8.4 19.3172 1.6
    endloop
  endfacet
  facet normal -1 0 0
    outer loop
      vertex 8.4 45.9 1.6
      vertex 8.4 44.7 2.8
      vertex 8.4 45.9 5.59
    endloop
  endfacet
  facet normal -1 0 0
    outer loop
      vertex 8.4 19.3172 1.6
      vertex 8.4 44.7 2.8
      vertex 8.4 45.9 1.6
    endloop
  endfacet
  facet normal -1 0 0
    outer loop
      vertex 8.4 18.9708 1.6
      vertex 8.4 19.3172 1.6
      vertex 8.4 18.9708 1
    endloop
  endfacet
  facet normal -1 0 0
    outer loop
      vertex 8.4 6.1 2.8
      vertex 8.4 19.3172 1.6
      vertex 8.4 18.9708 1.6
    endloop
  endfacet
  facet normal -1 0 0
    outer loop
      vertex 8.4 6.1 2.8
      vertex 8.4 18.9708 1.6
      vertex 8.4 9.5732 1.6
    endloop
  endfacet
  facet normal -1 0 0
    outer loop
      vertex 8.4 9.22679 1.6
      vertex 8.4 9.5732 1.6
      vertex 8.4 9.22679 1
    endloop
  endfacet
  facet normal -1 0 0
    outer loop
      vertex 8.4 6.1 2.8
      vertex 8.4 9.5732 1.6
      vertex 8.4 9.22679 1.6
    endloop
  endfacet
  facet normal -1 0 0
    outer loop
      vertex 8.4 19.3172 1.6
      vertex 8.4 6.1 2.8
      vertex 8.4 44.7 2.8
    endloop
  endfacet
  facet normal -1 0 0
    outer loop
      vertex 8.4 4.9 1.6
      vertex 8.4 6.1 2.8
      vertex 8.4 9.22679 1.6
    endloop
  endfacet
  facet normal -1 0 0
    outer loop
      vertex 8.4 4.9 5.59
      vertex 8.4 6.1 2.8
      vertex 8.4 4.9 1.6
    endloop
  endfacet
  facet normal -1 0 0
    outer loop
      vertex 8.4 6.1 2.8
      vertex 8.4 4.9 5.59
      vertex 8.4 6.1 5.59
    endloop
  endfacet
  facet normal -1 -0 0
    outer loop
      vertex 8.4 45.9 5.59
      vertex 8.4 44.7 2.8
      vertex 8.4 44.7 5.59
    endloop
  endfacet
  facet normal -0 0 1
    outer loop
      vertex 8.4 44.7 2.8
      vertex 10 6.1 2.8
      vertex 10 44.7 2.8
    endloop
  endfacet
  facet normal 0 0 1
    outer loop
      vertex 10 6.1 2.8
      vertex 8.4 44.7 2.8
      vertex 8.4 6.1 2.8
    endloop
  endfacet
  facet normal 1 0 0
    outer loop
      vertex 10 44.7 2.8
      vertex 10 20.9627 1.6
      vertex 10 44.7 1.6
    endloop
  endfacet
  facet normal 1 0 0
    outer loop
      vertex 10 20.9627 1.6
      vertex 10 17.3253 1.6
      vertex 10 20.9627 1
    endloop
  endfacet
  facet normal 1 -0 0
    outer loop
      vertex 10 6.1 2.8
      vertex 10 20.9627 1.6
      vertex 10 44.7 2.8
    endloop
  endfacet
  facet normal 1 0 0
    outer loop
      vertex 10 20.9627 1.6
      vertex 10 6.1 2.8
      vertex 10 17.3253 1.6
    endloop
  endfacet
  facet normal 1 0 0
    outer loop
      vertex 10 11.2187 1.6
      vertex 10 7.58135 1.6
      vertex 10 11.2187 1
    endloop
  endfacet
  facet normal 1 0 0
    outer loop
      vertex 10 17.3253 1.6
      vertex 10 6.1 2.8
      vertex 10 11.2187 1.6
    endloop
  endfacet
  facet normal 1 0 0
    outer loop
      vertex 10 11.2187 1.6
      vertex 10 6.1 2.8
      vertex 10 7.58135 1.6
    endloop
  endfacet
  facet normal 1 0 0
    outer loop
      vertex 10 7.58135 1.6
      vertex 10 6.1 2.8
      vertex 10 6.1 1.6
    endloop
  endfacet
  facet normal 1 0 0
    outer loop
      vertex 10 20.9627 1
      vertex 10 17.3253 1.6
      vertex 10 17.3253 1
    endloop
  endfacet
  facet normal 1 0 0
    outer loop
      vertex 10 11.2187 1
      vertex 10 7.58135 1.6
      vertex 10 7.58135 1
    endloop
  endfacet
  facet normal 0 -1 0
    outer loop
      vertex 46 44.7 1.6
      vertex 56.4 44.7 2.8
      vertex 46 44.7 2.8
    endloop
  endfacet
  facet normal 0 -1 -0
    outer loop
      vertex 56.4 44.7 2.8
      vertex 46 44.7 1.6
      vertex 56.4 44.7 1.6
    endloop
  endfacet
  facet normal 0 -1 0
    outer loop
      vertex 34 44.7 1.6
      vertex 44.4 44.7 2.8
      vertex 34 44.7 2.8
    endloop
  endfacet
  facet normal 0 -1 -0
    outer loop
      vertex 44.4 44.7 2.8
      vertex 34 44.7 1.6
      vertex 44.4 44.7 1.6
    endloop
  endfacet
  facet normal 0 -1 0
    outer loop
      vertex 22 44.7 1.6
      vertex 32.4 44.7 2.8
      vertex 22 44.7 2.8
    endloop
  endfacet
  facet normal 0 -1 -0
    outer loop
      vertex 32.4 44.7 2.8
      vertex 22 44.7 1.6
      vertex 32.4 44.7 1.6
    endloop
  endfacet
  facet normal 0 -1 0
    outer loop
      vertex 10 44.7 1.6
      vertex 20.4 44.7 2.8
      vertex 10 44.7 2.8
    endloop
  endfacet
  facet normal 0 -1 -0
    outer loop
      vertex 20.4 44.7 2.8
      vertex 10 44.7 1.6
      vertex 20.4 44.7 1.6
    endloop
  endfacet
  facet normal 0 -1 0
    outer loop
      vertex 10 44.7 2.8
      vertex 8.4 44.7 5.59
      vertex 8.4 44.7 2.8
    endloop
  endfacet
  facet normal 0 -1 0
    outer loop
      vertex 20.4 44.7 2.8
      vertex 8.4 44.7 5.59
      vertex 10 44.7 2.8
    endloop
  endfacet
  facet normal 0 -1 0
    outer loop
      vertex 22 44.7 2.8
      vertex 8.4 44.7 5.59
      vertex 20.4 44.7 2.8
    endloop
  endfacet
  facet normal 0 -1 0
    outer loop
      vertex 32.4 44.7 2.8
      vertex 8.4 44.7 5.59
      vertex 22 44.7 2.8
    endloop
  endfacet
  facet normal 0 -1 0
    outer loop
      vertex 34 44.7 2.8
      vertex 8.4 44.7 5.59
      vertex 32.4 44.7 2.8
    endloop
  endfacet
  facet normal 0 -1 0
    outer loop
      vertex 8.4 44.7 5.59
      vertex 34 44.7 2.8
      vertex 63 44.7 5.59
    endloop
  endfacet
  facet normal 0 -1 0
    outer loop
      vertex 44.4 44.7 2.8
      vertex 63 44.7 5.59
      vertex 34 44.7 2.8
    endloop
  endfacet
  facet normal 0 -1 0
    outer loop
      vertex 46 44.7 2.8
      vertex 63 44.7 5.59
      vertex 44.4 44.7 2.8
    endloop
  endfacet
  facet normal 0 -1 0
    outer loop
      vertex 56.4 44.7 2.8
      vertex 63 44.7 5.59
      vertex 46 44.7 2.8
    endloop
  endfacet
  facet normal 0 -1 0
    outer loop
      vertex 58 44.7 2.8
      vertex 63 44.7 5.59
      vertex 56.4 44.7 2.8
    endloop
  endfacet
  facet normal 0 -1 0
    outer loop
      vertex 63 44.7 1.6
      vertex 58 44.7 2.8
      vertex 58 44.7 1.6
    endloop
  endfacet
  facet normal 0 -1 0
    outer loop
      vertex 58 44.7 2.8
      vertex 63 44.7 1.6
      vertex 63 44.7 5.59
    endloop
  endfacet
  facet normal 0 0 -1
    outer loop
      vertex 8.4 18.9708 1
      vertex 10 17.3253 1
      vertex 9.35 17.3253 1
    endloop
  endfacet
  facet normal 0 0 -1
    outer loop
      vertex 10 17.3253 1
      vertex 8.4 18.9708 1
      vertex 10 20.9627 1
    endloop
  endfacet
  facet normal 0 0 -1
    outer loop
      vertex 8.4 19.3172 1
      vertex 10 20.9627 1
      vertex 8.4 18.9708 1
    endloop
  endfacet
  facet normal -0 0 -1
    outer loop
      vertex 10 20.9627 1
      vertex 8.4 19.3172 1
      vertex 9.35 20.9627 1
    endloop
  endfacet
  facet normal 0 0 -1
    outer loop
      vertex 8.4 9.22679 1
      vertex 10 7.58135 1
      vertex 9.35 7.58135 1
    endloop
  endfacet
  facet normal 0 0 -1
    outer loop
      vertex 10 7.58135 1
      vertex 8.4 9.22679 1
      vertex 10 11.2187 1
    endloop
  endfacet
  facet normal 0 0 -1
    outer loop
      vertex 8.4 9.5732 1
      vertex 10 11.2187 1
      vertex 8.4 9.22679 1
    endloop
  endfacet
  facet normal -0 0 -1
    outer loop
      vertex 10 11.2187 1
      vertex 8.4 9.5732 1
      vertex 9.35 11.2187 1
    endloop
  endfacet
  facet normal 0 1 -0
    outer loop
      vertex 20.4 6.1 1.6
      vertex 10 6.1 2.8
      vertex 20.4 6.1 2.8
    endloop
  endfacet
  facet normal 0 1 0
    outer loop
      vertex 10 6.1 2.8
      vertex 20.4 6.1 1.6
      vertex 10 6.1 1.6
    endloop
  endfacet
  facet normal 0 1 -0
    outer loop
      vertex 32.4 6.1 1.6
      vertex 22 6.1 2.8
      vertex 32.4 6.1 2.8
    endloop
  endfacet
  facet normal 0 1 0
    outer loop
      vertex 22 6.1 2.8
      vertex 32.4 6.1 1.6
      vertex 22 6.1 1.6
    endloop
  endfacet
  facet normal 0 1 -0
    outer loop
      vertex 44.4 6.1 1.6
      vertex 34 6.1 2.8
      vertex 44.4 6.1 2.8
    endloop
  endfacet
  facet normal 0 1 0
    outer loop
      vertex 34 6.1 2.8
      vertex 44.4 6.1 1.6
      vertex 34 6.1 1.6
    endloop
  endfacet
  facet normal 0 1 -0
    outer loop
      vertex 56.4 6.1 1.6
      vertex 46 6.1 2.8
      vertex 56.4 6.1 2.8
    endloop
  endfacet
  facet normal 0 1 0
    outer loop
      vertex 46 6.1 2.8
      vertex 56.4 6.1 1.6
      vertex 46 6.1 1.6
    endloop
  endfacet
  facet normal 0 1 0
    outer loop
      vertex 56.4 6.1 2.8
      vertex 63 6.1 5.59
      vertex 58 6.1 2.8
    endloop
  endfacet
  facet normal 0 1 -0
    outer loop
      vertex 63 6.1 1.6
      vertex 58 6.1 2.8
      vertex 63 6.1 5.59
    endloop
  endfacet
  facet normal 0 1 0
    outer loop
      vertex 58 6.1 2.8
      vertex 63 6.1 1.6
      vertex 58 6.1 1.6
    endloop
  endfacet
  facet normal 0 1 0
    outer loop
      vertex 46 6.1 2.8
      vertex 63 6.1 5.59
      vertex 56.4 6.1 2.8
    endloop
  endfacet
  facet normal 0 1 0
    outer loop
      vertex 44.4 6.1 2.8
      vertex 63 6.1 5.59
      vertex 46 6.1 2.8
    endloop
  endfacet
  facet normal 0 1 0
    outer loop
      vertex 34 6.1 2.8
      vertex 63 6.1 5.59
      vertex 44.4 6.1 2.8
    endloop
  endfacet
  facet normal 0 1 0
    outer loop
      vertex 63 6.1 5.59
      vertex 34 6.1 2.8
      vertex 8.4 6.1 5.59
    endloop
  endfacet
  facet normal 0 1 -0
    outer loop
      vertex 32.4 6.1 2.8
      vertex 8.4 6.1 5.59
      vertex 34 6.1 2.8
    endloop
  endfacet
  facet normal 0 1 -0
    outer loop
      vertex 22 6.1 2.8
      vertex 8.4 6.1 5.59
      vertex 32.4 6.1 2.8
    endloop
  endfacet
  facet normal 0 1 -0
    outer loop
      vertex 20.4 6.1 2.8
      vertex 8.4 6.1 5.59
      vertex 22 6.1 2.8
    endloop
  endfacet
  facet normal 0 1 -0
    outer loop
      vertex 10 6.1 2.8
      vertex 8.4 6.1 5.59
      vertex 20.4 6.1 2.8
    endloop
  endfacet
  facet normal 0 1 0
    outer loop
      vertex 8.4 6.1 5.59
      vertex 10 6.1 2.8
      vertex 8.4 6.1 2.8
    endloop
  endfacet
  facet normal -1 0 0
    outer loop
      vertex 20.4 15.138 1
      vertex 20.4 13.406 1
      vertex 20.4 15.138 1.6
    endloop
  endfacet
  facet normal -1 0 0
    outer loop
      vertex 20.4 15.138 1.6
      vertex 20.4 44.7 2.8
      vertex 20.4 44.7 1.6
    endloop
  endfacet
  facet normal -1 0 0
    outer loop
      vertex 20.4 13.406 1.6
      vertex 20.4 15.138 1.6
      vertex 20.4 13.406 1
    endloop
  endfacet
  facet normal -1 0 0
    outer loop
      vertex 20.4 6.1 2.8
      vertex 20.4 15.138 1.6
      vertex 20.4 13.406 1.6
    endloop
  endfacet
  facet normal -1 0 0
    outer loop
      vertex 20.4 6.1 2.8
      vertex 20.4 13.406 1.6
      vertex 20.4 6.1 1.6
    endloop
  endfacet
  facet normal -1 0 0
    outer loop
      vertex 20.4 15.138 1.6
      vertex 20.4 6.1 2.8
      vertex 20.4 44.7 2.8
    endloop
  endfacet
  facet normal -0 0 1
    outer loop
      vertex 20.4 44.7 2.8
      vertex 22 6.1 2.8
      vertex 22 44.7 2.8
    endloop
  endfacet
  facet normal 0 0 1
    outer loop
      vertex 22 6.1 2.8
      vertex 20.4 44.7 2.8
      vertex 20.4 6.1 2.8
    endloop
  endfacet
  facet normal 1 -0 0
    outer loop
      vertex 22 6.1 2.8
      vertex 22 44.7 1.6
      vertex 22 44.7 2.8
    endloop
  endfacet
  facet normal 1 0 0
    outer loop
      vertex 22 44.7 1.6
      vertex 22 6.1 2.8
      vertex 22 6.1 1.6
    endloop
  endfacet
  facet normal -0 0 -1
    outer loop
      vertex 20.9 14.272 1
      vertex 20.4 13.406 1
      vertex 20.4 15.138 1
    endloop
  endfacet
  facet normal -1 0 0
    outer loop
      vertex 32.4 6.1 1.6
      vertex 32.4 44.7 2.8
      vertex 32.4 44.7 1.6
    endloop
  endfacet
  facet normal -1 -0 0
    outer loop
      vertex 32.4 44.7 2.8
      vertex 32.4 6.1 1.6
      vertex 32.4 6.1 2.8
    endloop
  endfacet
  facet normal -0 0 1
    outer loop
      vertex 32.4 44.7 2.8
      vertex 34 6.1 2.8
      vertex 34 44.7 2.8
    endloop
  endfacet
  facet normal 0 0 1
    outer loop
      vertex 34 6.1 2.8
      vertex 32.4 44.7 2.8
      vertex 32.4 6.1 2.8
    endloop
  endfacet
  facet normal 1 -0 0
    outer loop
      vertex 34 6.1 2.8
      vertex 34 44.7 1.6
      vertex 34 44.7 2.8
    endloop
  endfacet
  facet normal 1 0 0
    outer loop
      vertex 34 44.7 1.6
      vertex 34 6.1 2.8
      vertex 34 6.1 1.6
    endloop
  endfacet
  facet normal -1 0 0
    outer loop
      vertex 44.4 6.1 1.6
      vertex 44.4 44.7 2.8
      vertex 44.4 44.7 1.6
    endloop
  endfacet
  facet normal -1 -0 0
    outer loop
      vertex 44.4 44.7 2.8
      vertex 44.4 6.1 1.6
      vertex 44.4 6.1 2.8
    endloop
  endfacet
  facet normal -0 0 1
    outer loop
      vertex 44.4 44.7 2.8
      vertex 46 6.1 2.8
      vertex 46 44.7 2.8
    endloop
  endfacet
  facet normal 0 0 1
    outer loop
      vertex 46 6.1 2.8
      vertex 44.4 44.7 2.8
      vertex 44.4 6.1 2.8
    endloop
  endfacet
  facet normal 1 -0 0
    outer loop
      vertex 46 6.1 2.8
      vertex 46 44.7 1.6
      vertex 46 44.7 2.8
    endloop
  endfacet
  facet normal 1 0 0
    outer loop
      vertex 46 44.7 1.6
      vertex 46 6.1 2.8
      vertex 46 6.1 1.6
    endloop
  endfacet
  facet normal -1 0 0
    outer loop
      vertex 56.4 18.0907 1
      vertex 56.4 14.4533 1
      vertex 56.4 18.0907 1.6
    endloop
  endfacet
  facet normal -1 0 0
    outer loop
      vertex 56.4 27.8347 1
      vertex 56.4 24.1973 1
      vertex 56.4 27.8347 1.6
    endloop
  endfacet
  facet normal -1 0 0
    outer loop
      vertex 56.4 37.5787 1
      vertex 56.4 33.9413 1
      vertex 56.4 37.5787 1.6
    endloop
  endfacet
  facet normal -1 0 0
    outer loop
      vertex 56.4 37.5787 1.6
      vertex 56.4 44.7 2.8
      vertex 56.4 44.7 1.6
    endloop
  endfacet
  facet normal -1 0 0
    outer loop
      vertex 56.4 33.9413 1.6
      vertex 56.4 37.5787 1.6
      vertex 56.4 33.9413 1
    endloop
  endfacet
  facet normal -1 0 0
    outer loop
      vertex 56.4 37.5787 1.6
      vertex 56.4 33.9413 1.6
      vertex 56.4 44.7 2.8
    endloop
  endfacet
  facet normal -1 0 0
    outer loop
      vertex 56.4 27.8347 1.6
      vertex 56.4 44.7 2.8
      vertex 56.4 33.9413 1.6
    endloop
  endfacet
  facet normal -1 0 0
    outer loop
      vertex 56.4 24.1973 1.6
      vertex 56.4 27.8347 1.6
      vertex 56.4 24.1973 1
    endloop
  endfacet
  facet normal -1 0 0
    outer loop
      vertex 56.4 24.1973 1.6
      vertex 56.4 44.7 2.8
      vertex 56.4 27.8347 1.6
    endloop
  endfacet
  facet normal -1 0 0
    outer loop
      vertex 56.4 6.1 2.8
      vertex 56.4 24.1973 1.6
      vertex 56.4 18.0907 1.6
    endloop
  endfacet
  facet normal -1 0 0
    outer loop
      vertex 56.4 14.4533 1.6
      vertex 56.4 18.0907 1.6
      vertex 56.4 14.4533 1
    endloop
  endfacet
  facet normal -1 0 0
    outer loop
      vertex 56.4 6.1 2.8
      vertex 56.4 18.0907 1.6
      vertex 56.4 14.4533 1.6
    endloop
  endfacet
  facet normal -1 0 0
    outer loop
      vertex 56.4 6.1 2.8
      vertex 56.4 14.4533 1.6
      vertex 56.4 6.1 1.6
    endloop
  endfacet
  facet normal -1 0 0
    outer loop
      vertex 56.4 24.1973 1.6
      vertex 56.4 6.1 2.8
      vertex 56.4 44.7 2.8
    endloop
  endfacet
  facet normal -0 0 1
    outer loop
      vertex 56.4 44.7 2.8
      vertex 58 6.1 2.8
      vertex 58 44.7 2.8
    endloop
  endfacet
  facet normal 0 0 1
    outer loop
      vertex 58 6.1 2.8
      vertex 56.4 44.7 2.8
      vertex 56.4 6.1 2.8
    endloop
  endfacet
  facet normal 1 0 0
    outer loop
      vertex 58 44.7 2.8
      vertex 58 42.4507 1.6
      vertex 58 44.7 1.6
    endloop
  endfacet
  facet normal 1 0 0
    outer loop
      vertex 58 42.4507 1.6
      vertex 58 38.8133 1.6
      vertex 58 42.4507 1
    endloop
  endfacet
  facet normal 1 0 0
    outer loop
      vertex 58 44.7 2.8
      vertex 58 38.8133 1.6
      vertex 58 42.4507 1.6
    endloop
  endfacet
  facet normal 1 0 0
    outer loop
      vertex 58 44.7 2.8
      vertex 58 36.2796 1.6
      vertex 58 38.8133 1.6
    endloop
  endfacet
  facet normal 1 0 0
    outer loop
      vertex 58 36.2796 1.6
      vertex 58 35.2404 1.6
      vertex 58 36.2796 1
    endloop
  endfacet
  facet normal 1 0 0
    outer loop
      vertex 58 44.7 2.8
      vertex 58 35.2404 1.6
      vertex 58 36.2796 1.6
    endloop
  endfacet
  facet normal 1 0 0
    outer loop
      vertex 58 44.7 2.8
      vertex 58 32.7067 1.6
      vertex 58 35.2404 1.6
    endloop
  endfacet
  facet normal 1 0 0
    outer loop
      vertex 58 32.7067 1.6
      vertex 58 29.0693 1.6
      vertex 58 32.7067 1
    endloop
  endfacet
  facet normal 1 0 0
    outer loop
      vertex 58 44.7 2.8
      vertex 58 29.0693 1.6
      vertex 58 32.7067 1.6
    endloop
  endfacet
  facet normal 1 0 0
    outer loop
      vertex 58 44.7 2.8
      vertex 58 26.5356 1.6
      vertex 58 29.0693 1.6
    endloop
  endfacet
  facet normal 1 0 0
    outer loop
      vertex 58 26.5356 1.6
      vertex 58 25.4964 1.6
      vertex 58 26.5356 1
    endloop
  endfacet
  facet normal 1 0 0
    outer loop
      vertex 58 44.7 2.8
      vertex 58 25.4964 1.6
      vertex 58 26.5356 1.6
    endloop
  endfacet
  facet normal 1 0 0
    outer loop
      vertex 58 44.7 2.8
      vertex 58 22.9627 1.6
      vertex 58 25.4964 1.6
    endloop
  endfacet
  facet normal 1 0 0
    outer loop
      vertex 58 22.9627 1.6
      vertex 58 19.3253 1.6
      vertex 58 22.9627 1
    endloop
  endfacet
  facet normal 1 -0 0
    outer loop
      vertex 58 6.1 2.8
      vertex 58 22.9627 1.6
      vertex 58 44.7 2.8
    endloop
  endfacet
  facet normal 1 0 0
    outer loop
      vertex 58 22.9627 1.6
      vertex 58 6.1 2.8
      vertex 58 19.3253 1.6
    endloop
  endfacet
  facet normal 1 0 0
    outer loop
      vertex 58 16.7916 1.6
      vertex 58 15.7524 1.6
      vertex 58 16.7916 1
    endloop
  endfacet
  facet normal 1 0 0
    outer loop
      vertex 58 19.3253 1.6
      vertex 58 6.1 2.8
      vertex 58 16.7916 1.6
    endloop
  endfacet
  facet normal 1 0 0
    outer loop
      vertex 58 16.7916 1.6
      vertex 58 6.1 2.8
      vertex 58 15.7524 1.6
    endloop
  endfacet
  facet normal 1 0 0
    outer loop
      vertex 58 13.2187 1.6
      vertex 58 9.58135 1.6
      vertex 58 13.2187 1
    endloop
  endfacet
  facet normal 1 0 0
    outer loop
      vertex 58 15.7524 1.6
      vertex 58 6.1 2.8
      vertex 58 13.2187 1.6
    endloop
  endfacet
  facet normal 1 0 0
    outer loop
      vertex 58 13.2187 1.6
      vertex 58 6.1 2.8
      vertex 58 9.58135 1.6
    endloop
  endfacet
  facet normal 1 0 0
    outer loop
      vertex 58 9.58135 1.6
      vertex 58 6.1 2.8
      vertex 58 6.1 1.6
    endloop
  endfacet
  facet normal 1 0 0
    outer loop
      vertex 58 42.4507 1
      vertex 58 38.8133 1.6
      vertex 58 38.8133 1
    endloop
  endfacet
  facet normal 1 0 0
    outer loop
      vertex 58 36.2796 1
      vertex 58 35.2404 1.6
      vertex 58 35.2404 1
    endloop
  endfacet
  facet normal 1 0 0
    outer loop
      vertex 58 32.7067 1
      vertex 58 29.0693 1.6
      vertex 58 29.0693 1
    endloop
  endfacet
  facet normal 1 0 0
    outer loop
      vertex 58 26.5356 1
      vertex 58 25.4964 1.6
      vertex 58 25.4964 1
    endloop
  endfacet
  facet normal 1 0 0
    outer loop
      vertex 58 22.9627 1
      vertex 58 19.3253 1.6
      vertex 58 19.3253 1
    endloop
  endfacet
  facet normal 1 0 0
    outer loop
      vertex 58 16.7916 1
      vertex 58 15.7524 1.6
      vertex 58 15.7524 1
    endloop
  endfacet
  facet normal 1 0 0
    outer loop
      vertex 58 13.2187 1
      vertex 58 9.58135 1.6
      vertex 58 9.58135 1
    endloop
  endfacet
  facet normal 0 0 -1
    outer loop
      vertex 56.9 30.888 1
      vertex 58 29.0693 1
      vertex 57.95 29.0693 1
    endloop
  endfacet
  facet normal 0 0 -1
    outer loop
      vertex 58 29.0693 1
      vertex 56.9 30.888 1
      vertex 58 32.7067 1
    endloop
  endfacet
  facet normal -0 0 -1
    outer loop
      vertex 58 32.7067 1
      vertex 56.9 30.888 1
      vertex 57.95 32.7067 1
    endloop
  endfacet
  facet normal 0 0 -1
    outer loop
      vertex 56.9 21.144 1
      vertex 58 19.3253 1
      vertex 57.95 19.3253 1
    endloop
  endfacet
  facet normal 0 0 -1
    outer loop
      vertex 58 19.3253 1
      vertex 56.9 21.144 1
      vertex 58 22.9627 1
    endloop
  endfacet
  facet normal -0 0 -1
    outer loop
      vertex 58 22.9627 1
      vertex 56.9 21.144 1
      vertex 57.95 22.9627 1
    endloop
  endfacet
  facet normal 0 0 -1
    outer loop
      vertex 56.9 40.632 1
      vertex 58 38.8133 1
      vertex 57.95 38.8133 1
    endloop
  endfacet
  facet normal 0 0 -1
    outer loop
      vertex 58 38.8133 1
      vertex 56.9 40.632 1
      vertex 58 42.4507 1
    endloop
  endfacet
  facet normal -0 0 -1
    outer loop
      vertex 58 42.4507 1
      vertex 56.9 40.632 1
      vertex 57.95 42.4507 1
    endloop
  endfacet
  facet normal 0 0 -1
    outer loop
      vertex 56.9 11.4 1
      vertex 58 9.58135 1
      vertex 57.95 9.58135 1
    endloop
  endfacet
  facet normal 0 0 -1
    outer loop
      vertex 58 9.58135 1
      vertex 56.9 11.4 1
      vertex 58 13.2187 1
    endloop
  endfacet
  facet normal -0 0 -1
    outer loop
      vertex 58 13.2187 1
      vertex 56.9 11.4 1
      vertex 57.95 13.2187 1
    endloop
  endfacet
  facet normal 0 0 -1
    outer loop
      vertex 56.4 24.1973 1
      vertex 58 25.4964 1
      vertex 57.25 24.1973 1
    endloop
  endfacet
  facet normal -0 0 -1
    outer loop
      vertex 58 25.4964 1
      vertex 56.4 24.1973 1
      vertex 58 26.5356 1
    endloop
  endfacet
  facet normal 0 0 -1
    outer loop
      vertex 56.4 27.8347 1
      vertex 58 26.5356 1
      vertex 56.4 24.1973 1
    endloop
  endfacet
  facet normal 0 0 -1
    outer loop
      vertex 58 26.5356 1
      vertex 56.4 27.8347 1
      vertex 57.25 27.8347 1
    endloop
  endfacet
  facet normal 0 0 -1
    outer loop
      vertex 56.4 14.4533 1
      vertex 58 15.7524 1
      vertex 57.25 14.4533 1
    endloop
  endfacet
  facet normal -0 0 -1
    outer loop
      vertex 58 15.7524 1
      vertex 56.4 14.4533 1
      vertex 58 16.7916 1
    endloop
  endfacet
  facet normal 0 0 -1
    outer loop
      vertex 56.4 18.0907 1
      vertex 58 16.7916 1
      vertex 56.4 14.4533 1
    endloop
  endfacet
  facet normal 0 0 -1
    outer loop
      vertex 58 16.7916 1
      vertex 56.4 18.0907 1
      vertex 57.25 18.0907 1
    endloop
  endfacet
  facet normal 0 0 -1
    outer loop
      vertex 56.4 33.9413 1
      vertex 58 35.2404 1
      vertex 57.25 33.9413 1
    endloop
  endfacet
  facet normal -0 0 -1
    outer loop
      vertex 58 35.2404 1
      vertex 56.4 33.9413 1
      vertex 58 36.2796 1
    endloop
  endfacet
  facet normal 0 0 -1
    outer loop
      vertex 56.4 37.5787 1
      vertex 58 36.2796 1
      vertex 56.4 33.9413 1
    endloop
  endfacet
  facet normal 0 0 -1
    outer loop
      vertex 58 36.2796 1
      vertex 56.4 37.5787 1
      vertex 57.25 37.5787 1
    endloop
  endfacet
  facet normal 0 0 1
    outer loop
      vertex 64.2 45.9 5.59
      vertex 63 44.7 5.59
      vertex 64.2 4.9 5.59
    endloop
  endfacet
  facet normal -0 0 1
    outer loop
      vertex 8.4 45.9 5.59
      vertex 63 44.7 5.59
      vertex 64.2 45.9 5.59
    endloop
  endfacet
  facet normal 0 0 1
    outer loop
      vertex 63 44.7 5.59
      vertex 8.4 45.9 5.59
      vertex 8.4 44.7 5.59
    endloop
  endfacet
  facet normal -0 0 1
    outer loop
      vertex 63 6.1 5.59
      vertex 64.2 4.9 5.59
      vertex 63 44.7 5.59
    endloop
  endfacet
  facet normal 0 0 1
    outer loop
      vertex 8.4 4.9 5.59
      vertex 63 6.1 5.59
      vertex 8.4 6.1 5.59
    endloop
  endfacet
  facet normal 0 0 1
    outer loop
      vertex 63 6.1 5.59
      vertex 8.4 4.9 5.59
      vertex 64.2 4.9 5.59
    endloop
  endfacet
  facet normal -1 0 0
    outer loop
      vertex 63 12.266 1.59
      vertex 63 10.534 1.59
      vertex 63 12.266 1.6
    endloop
  endfacet
  facet normal -1 0 0
    outer loop
      vertex 63 12.266 1.6
      vertex 63 44.7 5.59
      vertex 63 44.7 1.6
    endloop
  endfacet
  facet normal -1 0 0
    outer loop
      vertex 63 10.534 1.6
      vertex 63 12.266 1.6
      vertex 63 10.534 1.59
    endloop
  endfacet
  facet normal -1 0 0
    outer loop
      vertex 63 6.1 5.59
      vertex 63 12.266 1.6
      vertex 63 10.534 1.6
    endloop
  endfacet
  facet normal -1 0 0
    outer loop
      vertex 63 6.1 5.59
      vertex 63 10.534 1.6
      vertex 63 6.1 1.6
    endloop
  endfacet
  facet normal -1 0 0
    outer loop
      vertex 63 12.266 1.6
      vertex 63 6.1 5.59
      vertex 63 44.7 5.59
    endloop
  endfacet
  facet normal 0 0 -1
    outer loop
      vertex 63 10.534 1.59
      vertex 64.2 9.58135 1.59
      vertex 63.55 9.58135 1.59
    endloop
  endfacet
  facet normal 0 0 -1
    outer loop
      vertex 64.2 9.58135 1.59
      vertex 63 10.534 1.59
      vertex 64.2 13.2187 1.59
    endloop
  endfacet
  facet normal 0 0 -1
    outer loop
      vertex 63 12.266 1.59
      vertex 64.2 13.2187 1.59
      vertex 63 10.534 1.59
    endloop
  endfacet
  facet normal -0 0 -1
    outer loop
      vertex 64.2 13.2187 1.59
      vertex 63 12.266 1.59
      vertex 63.55 13.2187 1.59
    endloop
  endfacet
  facet normal 0 -1 0
    outer loop
      vertex 8.4 4.9 1.6
      vertex 64.2 4.9 5.59
      vertex 8.4 4.9 5.59
    endloop
  endfacet
  facet normal 0 -1 -0
    outer loop
      vertex 64.2 4.9 5.59
      vertex 8.4 4.9 1.6
      vertex 64.2 4.9 1.6
    endloop
  endfacet
  facet normal 0 1 -0
    outer loop
      vertex 64.2 45.9 1.6
      vertex 8.4 45.9 5.59
      vertex 64.2 45.9 5.59
    endloop
  endfacet
  facet normal 0 1 0
    outer loop
      vertex 8.4 45.9 5.59
      vertex 64.2 45.9 1.6
      vertex 8.4 45.9 1.6
    endloop
  endfacet
  facet normal -1 0 0
    outer loop
      vertex 72.4 8.4 11.6
      vertex 72.4 42.4 13.1
      vertex 72.4 42.4 11.6
    endloop
  endfacet
  facet normal -1 -0 0
    outer loop
      vertex 72.4 42.4 13.1
      vertex 72.4 8.4 11.6
      vertex 72.4 8.4 13.1
    endloop
  endfacet
  facet normal 1 0 0
    outer loop
      vertex 64.2 45.9 5.59
      vertex 64.2 13.2187 1.6
      vertex 64.2 45.9 1.6
    endloop
  endfacet
  facet normal 1 0 0
    outer loop
      vertex 64.2 13.2187 1.6
      vertex 64.2 9.58135 1.6
      vertex 64.2 13.2187 1.59
    endloop
  endfacet
  facet normal 1 -0 0
    outer loop
      vertex 64.2 4.9 5.59
      vertex 64.2 13.2187 1.6
      vertex 64.2 45.9 5.59
    endloop
  endfacet
  facet normal 1 0 0
    outer loop
      vertex 64.2 13.2187 1.6
      vertex 64.2 4.9 5.59
      vertex 64.2 9.58135 1.6
    endloop
  endfacet
  facet normal 1 0 0
    outer loop
      vertex 64.2 9.58135 1.6
      vertex 64.2 4.9 5.59
      vertex 64.2 4.9 1.6
    endloop
  endfacet
  facet normal 1 0 0
    outer loop
      vertex 64.2 13.2187 1.59
      vertex 64.2 9.58135 1.6
      vertex 64.2 9.58135 1.59
    endloop
  endfacet
endsolid OpenSCAD_Model
