solid OpenSCAD_Model
  facet normal 0.321493 -0.946912 0
    outer loop
      vertex 77.8353 0.136292 0
      vertex 78.3307 0.304489 11.8
      vertex 77.8353 0.136292 11.8
    endloop
  endfacet
  facet normal 0.321493 -0.946912 0
    outer loop
      vertex 78.3307 0.304489 11.8
      vertex 77.8353 0.136292 0
      vertex 78.3307 0.304489 0
    endloop
  endfacet
  facet normal 0.195062 -0.980791 0
    outer loop
      vertex 77.3221 0.0342255 0
      vertex 77.8353 0.136292 11.8
      vertex 77.3221 0.0342255 11.8
    endloop
  endfacet
  facet normal 0.195062 -0.980791 0
    outer loop
      vertex 77.8353 0.136292 11.8
      vertex 77.3221 0.0342255 0
      vertex 77.8353 0.136292 0
    endloop
  endfacet
  facet normal -1 0 0
    outer loop
      vertex 0 4 0
      vertex 0 52.8 11.8
      vertex 0 52.8 0
    endloop
  endfacet
  facet normal -1 -0 0
    outer loop
      vertex 0 52.8 11.8
      vertex 0 4 0
      vertex 0 4 11.8
    endloop
  endfacet
  facet normal 0.0654131 -0.997858 0
    outer loop
      vertex 76.8 0 0
      vertex 77.3221 0.0342255 11.8
      vertex 76.8 0 11.8
    endloop
  endfacet
  facet normal 0.0654131 -0.997858 0
    outer loop
      vertex 77.3221 0.0342255 11.8
      vertex 76.8 0 0
      vertex 77.3221 0.0342255 0
    endloop
  endfacet
  facet normal 0 -1 0
    outer loop
      vertex 22 0 0.6
      vertex 58.8 0 8.6
      vertex 22 0 8.6
    endloop
  endfacet
  facet normal 0 -1 -0
    outer loop
      vertex 58.8 0 8.6
      vertex 22 0 0.6
      vertex 58.8 0 0.6
    endloop
  endfacet
  facet normal 0 -1 0
    outer loop
      vertex 22 0 8.6
      vertex 4 0 11.8
      vertex 12 0 8.6
    endloop
  endfacet
  facet normal 0 -1 0
    outer loop
      vertex 4 0 0
      vertex 12 0 8.6
      vertex 4 0 11.8
    endloop
  endfacet
  facet normal 0 -1 0
    outer loop
      vertex 4 0 0
      vertex 22 0 0.6
      vertex 12 0 0.6
    endloop
  endfacet
  facet normal 0 -1 -0
    outer loop
      vertex 22 0 0.6
      vertex 4 0 0
      vertex 58.8 0 0.6
    endloop
  endfacet
  facet normal 0 -1 0
    outer loop
      vertex 76.8 0 0
      vertex 58.8 0 0.6
      vertex 4 0 0
    endloop
  endfacet
  facet normal 0 -1 -0
    outer loop
      vertex 12 0 8.6
      vertex 4 0 0
      vertex 12 0 0.6
    endloop
  endfacet
  facet normal 0 -1 0
    outer loop
      vertex 4 0 11.8
      vertex 22 0 8.6
      vertex 76.8 0 11.8
    endloop
  endfacet
  facet normal 0 -1 0
    outer loop
      vertex 58.8 0 8.6
      vertex 76.8 0 11.8
      vertex 22 0 8.6
    endloop
  endfacet
  facet normal 0 -1 0
    outer loop
      vertex 68.8 0 8.6
      vertex 76.8 0 11.8
      vertex 58.8 0 8.6
    endloop
  endfacet
  facet normal 0 -1 0
    outer loop
      vertex 76.8 0 0
      vertex 68.8 0 8.6
      vertex 68.8 0 0.6
    endloop
  endfacet
  facet normal 0 -1 0
    outer loop
      vertex 68.8 0 8.6
      vertex 76.8 0 0
      vertex 76.8 0 11.8
    endloop
  endfacet
  facet normal 0 -1 0
    outer loop
      vertex 58.8 0 0.6
      vertex 76.8 0 0
      vertex 68.8 0 0.6
    endloop
  endfacet
  facet normal -0.0653634 0.997862 0
    outer loop
      vertex 4 56.8 0
      vertex 3.47789 56.7658 11.8
      vertex 4 56.8 11.8
    endloop
  endfacet
  facet normal -0.0653634 0.997862 0
    outer loop
      vertex 3.47789 56.7658 11.8
      vertex 4 56.8 0
      vertex 3.47789 56.7658 0
    endloop
  endfacet
  facet normal 0 0 1
    outer loop
      vertex 6.21627 51.1791 11.8
      vertex 29.4 54.4 11.8
      vertex 6.26252 51.3153 11.8
    endloop
  endfacet
  facet normal 0 0 1
    outer loop
      vertex 29.4 2.4 11.8
      vertex 6.29059 5.34358 11.8
      vertex 6.3 5.2 11.8
    endloop
  endfacet
  facet normal 0 0 1
    outer loop
      vertex 6.15263 51.05 11.8
      vertex 29.4 54.4 11.8
      vertex 6.21627 51.1791 11.8
    endloop
  endfacet
  facet normal 0 0 1
    outer loop
      vertex 29.4 2.4 11.8
      vertex 6.26252 5.4847 11.8
      vertex 6.29059 5.34358 11.8
    endloop
  endfacet
  facet normal 0 0 1
    outer loop
      vertex 6.07269 50.9304 11.8
      vertex 29.4 54.4 11.8
      vertex 6.15263 51.05 11.8
    endloop
  endfacet
  facet normal 0 0 1
    outer loop
      vertex 29.4 2.4 11.8
      vertex 6.21627 5.62095 11.8
      vertex 6.26252 5.4847 11.8
    endloop
  endfacet
  facet normal 0 0 1
    outer loop
      vertex 5.97782 50.8222 11.8
      vertex 29.4 54.4 11.8
      vertex 6.07269 50.9304 11.8
    endloop
  endfacet
  facet normal 0 0 1
    outer loop
      vertex 29.4 2.4 11.8
      vertex 6.15263 5.75 11.8
      vertex 6.21627 5.62095 11.8
    endloop
  endfacet
  facet normal 0 0 1
    outer loop
      vertex 5.86964 50.7273 11.8
      vertex 29.4 54.4 11.8
      vertex 5.97782 50.8222 11.8
    endloop
  endfacet
  facet normal 0 0 1
    outer loop
      vertex 29.4 2.4 11.8
      vertex 6.07269 5.86964 11.8
      vertex 6.15263 5.75 11.8
    endloop
  endfacet
  facet normal 0 0 1
    outer loop
      vertex 29.4 54.4 11.8
      vertex 5.86964 50.7273 11.8
      vertex 29.4 2.4 11.8
    endloop
  endfacet
  facet normal 0 0 1
    outer loop
      vertex 29.4 2.4 11.8
      vertex 5.97782 5.97782 11.8
      vertex 6.07269 5.86964 11.8
    endloop
  endfacet
  facet normal -0 0 1
    outer loop
      vertex 5.86964 6.07269 11.8
      vertex 29.4 2.4 11.8
      vertex 5.86964 50.7273 11.8
    endloop
  endfacet
  facet normal 0 0 1
    outer loop
      vertex 29.4 2.4 11.8
      vertex 5.86964 6.07269 11.8
      vertex 5.97782 5.97782 11.8
    endloop
  endfacet
  facet normal -0 0 1
    outer loop
      vertex 5.75 50.6474 11.8
      vertex 5.86964 6.07269 11.8
      vertex 5.86964 50.7273 11.8
    endloop
  endfacet
  facet normal 0 0 1
    outer loop
      vertex 5.75 50.6474 11.8
      vertex 5.75 6.15263 11.8
      vertex 5.86964 6.07269 11.8
    endloop
  endfacet
  facet normal -0 0 1
    outer loop
      vertex 5.62095 50.5837 11.8
      vertex 5.75 6.15263 11.8
      vertex 5.75 50.6474 11.8
    endloop
  endfacet
  facet normal 0 0 1
    outer loop
      vertex 5.62095 50.5837 11.8
      vertex 5.62095 6.21627 11.8
      vertex 5.75 6.15263 11.8
    endloop
  endfacet
  facet normal -0 0 1
    outer loop
      vertex 5.4847 50.5375 11.8
      vertex 5.62095 6.21627 11.8
      vertex 5.62095 50.5837 11.8
    endloop
  endfacet
  facet normal 0 0 1
    outer loop
      vertex 5.4847 50.5375 11.8
      vertex 5.4847 6.26252 11.8
      vertex 5.62095 6.21627 11.8
    endloop
  endfacet
  facet normal -0 0 1
    outer loop
      vertex 5.34358 50.5094 11.8
      vertex 5.4847 6.26252 11.8
      vertex 5.4847 50.5375 11.8
    endloop
  endfacet
  facet normal 0 0 1
    outer loop
      vertex 5.34358 50.5094 11.8
      vertex 5.34358 6.29059 11.8
      vertex 5.4847 6.26252 11.8
    endloop
  endfacet
  facet normal -0 0 1
    outer loop
      vertex 5.2 50.5 11.8
      vertex 5.34358 6.29059 11.8
      vertex 5.34358 50.5094 11.8
    endloop
  endfacet
  facet normal 0 0 1
    outer loop
      vertex 5.2 50.5 11.8
      vertex 5.2 6.3 11.8
      vertex 5.34358 6.29059 11.8
    endloop
  endfacet
  facet normal 0 0 1
    outer loop
      vertex 5.05642 50.5094 11.8
      vertex 5.2 6.3 11.8
      vertex 5.2 50.5 11.8
    endloop
  endfacet
  facet normal 0 0 1
    outer loop
      vertex 5.05642 50.5094 11.8
      vertex 5.05642 6.29059 11.8
      vertex 5.2 6.3 11.8
    endloop
  endfacet
  facet normal 0 0 1
    outer loop
      vertex 4.9153 50.5375 11.8
      vertex 5.05642 6.29059 11.8
      vertex 5.05642 50.5094 11.8
    endloop
  endfacet
  facet normal 0 0 1
    outer loop
      vertex 4.9153 50.5375 11.8
      vertex 4.9153 6.26252 11.8
      vertex 5.05642 6.29059 11.8
    endloop
  endfacet
  facet normal 0 0 1
    outer loop
      vertex 4.77905 50.5837 11.8
      vertex 4.9153 6.26252 11.8
      vertex 4.9153 50.5375 11.8
    endloop
  endfacet
  facet normal 0 0 1
    outer loop
      vertex 4.77905 50.5837 11.8
      vertex 4.77905 6.21627 11.8
      vertex 4.9153 6.26252 11.8
    endloop
  endfacet
  facet normal 0 0 1
    outer loop
      vertex 4.65 50.6474 11.8
      vertex 4.77905 6.21627 11.8
      vertex 4.77905 50.5837 11.8
    endloop
  endfacet
  facet normal 0 0 1
    outer loop
      vertex 4.65 50.6474 11.8
      vertex 4.65 6.15263 11.8
      vertex 4.77905 6.21627 11.8
    endloop
  endfacet
  facet normal 0 0 1
    outer loop
      vertex 4.53036 50.7273 11.8
      vertex 4.65 6.15263 11.8
      vertex 4.65 50.6474 11.8
    endloop
  endfacet
  facet normal 0 0 1
    outer loop
      vertex 4.53036 50.7273 11.8
      vertex 4.53036 6.07269 11.8
      vertex 4.65 6.15263 11.8
    endloop
  endfacet
  facet normal 0 0 1
    outer loop
      vertex 4.42218 50.8222 11.8
      vertex 4.53036 6.07269 11.8
      vertex 4.53036 50.7273 11.8
    endloop
  endfacet
  facet normal 0 0 1
    outer loop
      vertex 4.42218 50.8222 11.8
      vertex 4.42218 5.97782 11.8
      vertex 4.53036 6.07269 11.8
    endloop
  endfacet
  facet normal 0 0 1
    outer loop
      vertex 4.32731 50.9304 11.8
      vertex 4.42218 5.97782 11.8
      vertex 4.42218 50.8222 11.8
    endloop
  endfacet
  facet normal 0 0 1
    outer loop
      vertex 4.32731 50.9304 11.8
      vertex 4.32731 5.86964 11.8
      vertex 4.42218 5.97782 11.8
    endloop
  endfacet
  facet normal 0 0 1
    outer loop
      vertex 4.24737 51.05 11.8
      vertex 4.32731 5.86964 11.8
      vertex 4.32731 50.9304 11.8
    endloop
  endfacet
  facet normal 0 0 1
    outer loop
      vertex 4.24737 51.05 11.8
      vertex 4.24737 5.75 11.8
      vertex 4.32731 5.86964 11.8
    endloop
  endfacet
  facet normal 0 0 1
    outer loop
      vertex 4.18373 51.1791 11.8
      vertex 4.24737 5.75 11.8
      vertex 4.24737 51.05 11.8
    endloop
  endfacet
  facet normal 0 0 1
    outer loop
      vertex 4.18373 51.1791 11.8
      vertex 4.18373 5.62095 11.8
      vertex 4.24737 5.75 11.8
    endloop
  endfacet
  facet normal 0 0 1
    outer loop
      vertex 2.4 54.4 11.8
      vertex 4.18373 51.1791 11.8
      vertex 4.13748 51.3153 11.8
    endloop
  endfacet
  facet normal 0 0 1
    outer loop
      vertex 4.18373 51.1791 11.8
      vertex 2.4 54.4 11.8
      vertex 4.18373 5.62095 11.8
    endloop
  endfacet
  facet normal 0 0 1
    outer loop
      vertex 2.4 54.4 11.8
      vertex 4.13748 51.3153 11.8
      vertex 4.10941 51.4564 11.8
    endloop
  endfacet
  facet normal 0 0 1
    outer loop
      vertex 2.4 2.4 11.8
      vertex 4.18373 5.62095 11.8
      vertex 2.4 54.4 11.8
    endloop
  endfacet
  facet normal 0 0 1
    outer loop
      vertex 2.4 54.4 11.8
      vertex 4.10941 51.4564 11.8
      vertex 4.1 51.6 11.8
    endloop
  endfacet
  facet normal 0 0 1
    outer loop
      vertex 4.18373 5.62095 11.8
      vertex 2.4 2.4 11.8
      vertex 4.13748 5.4847 11.8
    endloop
  endfacet
  facet normal 0 0 1
    outer loop
      vertex 6.29059 51.4564 11.8
      vertex 29.4 54.4 11.8
      vertex 6.3 51.6 11.8
    endloop
  endfacet
  facet normal 0 0 1
    outer loop
      vertex 29.4 54.4 11.8
      vertex 6.29059 51.7436 11.8
      vertex 6.3 51.6 11.8
    endloop
  endfacet
  facet normal 0 0 1
    outer loop
      vertex 29.4 54.4 11.8
      vertex 6.26252 51.8847 11.8
      vertex 6.29059 51.7436 11.8
    endloop
  endfacet
  facet normal 0 0 1
    outer loop
      vertex 29.4 54.4 11.8
      vertex 6.21627 52.021 11.8
      vertex 6.26252 51.8847 11.8
    endloop
  endfacet
  facet normal 0 0 1
    outer loop
      vertex 29.4 54.4 11.8
      vertex 6.15263 52.15 11.8
      vertex 6.21627 52.021 11.8
    endloop
  endfacet
  facet normal 0 0 1
    outer loop
      vertex 29.4 54.4 11.8
      vertex 6.07269 52.2696 11.8
      vertex 6.15263 52.15 11.8
    endloop
  endfacet
  facet normal 0 0 1
    outer loop
      vertex 29.4 54.4 11.8
      vertex 5.97782 52.3778 11.8
      vertex 6.07269 52.2696 11.8
    endloop
  endfacet
  facet normal 0 0 1
    outer loop
      vertex 29.4 54.4 11.8
      vertex 5.86964 52.4727 11.8
      vertex 5.97782 52.3778 11.8
    endloop
  endfacet
  facet normal 0 0 1
    outer loop
      vertex 29.4 54.4 11.8
      vertex 5.75 52.5526 11.8
      vertex 5.86964 52.4727 11.8
    endloop
  endfacet
  facet normal 0 0 1
    outer loop
      vertex 29.4 54.4 11.8
      vertex 5.62095 52.6163 11.8
      vertex 5.75 52.5526 11.8
    endloop
  endfacet
  facet normal -0 0 1
    outer loop
      vertex 2.4 54.4 11.8
      vertex 5.62095 52.6163 11.8
      vertex 29.4 54.4 11.8
    endloop
  endfacet
  facet normal 0 0 1
    outer loop
      vertex 5.62095 52.6163 11.8
      vertex 2.4 54.4 11.8
      vertex 5.4847 52.6625 11.8
    endloop
  endfacet
  facet normal 0 0 1
    outer loop
      vertex 5.4847 52.6625 11.8
      vertex 2.4 54.4 11.8
      vertex 5.34358 52.6906 11.8
    endloop
  endfacet
  facet normal 0 0 1
    outer loop
      vertex 5.34358 52.6906 11.8
      vertex 2.4 54.4 11.8
      vertex 5.2 52.7 11.8
    endloop
  endfacet
  facet normal 0 0 1
    outer loop
      vertex 4.13748 5.4847 11.8
      vertex 2.4 2.4 11.8
      vertex 4.10941 5.34358 11.8
    endloop
  endfacet
  facet normal 0 0 1
    outer loop
      vertex 4.10941 51.7436 11.8
      vertex 2.4 54.4 11.8
      vertex 4.1 51.6 11.8
    endloop
  endfacet
  facet normal 0 0 1
    outer loop
      vertex 4.13748 51.8847 11.8
      vertex 2.4 54.4 11.8
      vertex 4.10941 51.7436 11.8
    endloop
  endfacet
  facet normal 0 0 1
    outer loop
      vertex 4.18373 52.021 11.8
      vertex 2.4 54.4 11.8
      vertex 4.13748 51.8847 11.8
    endloop
  endfacet
  facet normal 0 0 1
    outer loop
      vertex 4.24737 52.15 11.8
      vertex 2.4 54.4 11.8
      vertex 4.18373 52.021 11.8
    endloop
  endfacet
  facet normal 0 0 1
    outer loop
      vertex 4.32731 52.2696 11.8
      vertex 2.4 54.4 11.8
      vertex 4.24737 52.15 11.8
    endloop
  endfacet
  facet normal 0 0 1
    outer loop
      vertex 4.42218 52.3778 11.8
      vertex 2.4 54.4 11.8
      vertex 4.32731 52.2696 11.8
    endloop
  endfacet
  facet normal 0 0 1
    outer loop
      vertex 4.53036 52.4727 11.8
      vertex 2.4 54.4 11.8
      vertex 4.42218 52.3778 11.8
    endloop
  endfacet
  facet normal 0 0 1
    outer loop
      vertex 4.65 52.5526 11.8
      vertex 2.4 54.4 11.8
      vertex 4.53036 52.4727 11.8
    endloop
  endfacet
  facet normal 0 0 1
    outer loop
      vertex 4.77905 52.6163 11.8
      vertex 2.4 54.4 11.8
      vertex 4.65 52.5526 11.8
    endloop
  endfacet
  facet normal 0 0 1
    outer loop
      vertex 4.9153 52.6625 11.8
      vertex 2.4 54.4 11.8
      vertex 4.77905 52.6163 11.8
    endloop
  endfacet
  facet normal 0 0 1
    outer loop
      vertex 5.05642 52.6906 11.8
      vertex 2.4 54.4 11.8
      vertex 4.9153 52.6625 11.8
    endloop
  endfacet
  facet normal 0 0 1
    outer loop
      vertex 5.2 52.7 11.8
      vertex 2.4 54.4 11.8
      vertex 5.05642 52.6906 11.8
    endloop
  endfacet
  facet normal 0 0 1
    outer loop
      vertex 76.8 56.8 11.8
      vertex 51.4 55.3 11.8
      vertex 76.4 55.3 11.8
    endloop
  endfacet
  facet normal 0 0 1
    outer loop
      vertex 29.4 54.4 11.8
      vertex 51.4 54.4 11.8
      vertex 51.4 55.3 11.8
    endloop
  endfacet
  facet normal 0 0 1
    outer loop
      vertex 51.4 54.4 11.8
      vertex 29.4 54.4 11.8
      vertex 51.4 2.4 11.8
    endloop
  endfacet
  facet normal 0 0 1
    outer loop
      vertex 29.4 54.4 11.8
      vertex 51.4 55.3 11.8
      vertex 29.4 55.3 11.8
    endloop
  endfacet
  facet normal 0 0 1
    outer loop
      vertex 76.8 56.8 11.8
      vertex 29.4 55.3 11.8
      vertex 51.4 55.3 11.8
    endloop
  endfacet
  facet normal -0 0 1
    outer loop
      vertex 4 56.8 11.8
      vertex 29.4 55.3 11.8
      vertex 76.8 56.8 11.8
    endloop
  endfacet
  facet normal 0 0 1
    outer loop
      vertex 29.4 55.3 11.8
      vertex 4 56.8 11.8
      vertex 4.10001 55.3 11.8
    endloop
  endfacet
  facet normal 0 0 1
    outer loop
      vertex 4 56.8 11.8
      vertex 3.76064 55.2777 11.8
      vertex 4.10001 55.3 11.8
    endloop
  endfacet
  facet normal -0 0 1
    outer loop
      vertex 3.47789 56.7658 11.8
      vertex 3.76064 55.2777 11.8
      vertex 4 56.8 11.8
    endloop
  endfacet
  facet normal 0 0 1
    outer loop
      vertex 3.47789 56.7658 11.8
      vertex 3.42708 55.2114 11.8
      vertex 3.76064 55.2777 11.8
    endloop
  endfacet
  facet normal -0 0 1
    outer loop
      vertex 2.96472 56.6637 11.8
      vertex 3.42708 55.2114 11.8
      vertex 3.47789 56.7658 11.8
    endloop
  endfacet
  facet normal 0 0 1
    outer loop
      vertex 3.42708 55.2114 11.8
      vertex 2.96472 56.6637 11.8
      vertex 3.10503 55.1021 11.8
    endloop
  endfacet
  facet normal -0 0 1
    outer loop
      vertex 2.46927 56.4955 11.8
      vertex 3.10503 55.1021 11.8
      vertex 2.96472 56.6637 11.8
    endloop
  endfacet
  facet normal 0 0 1
    outer loop
      vertex 3.10503 55.1021 11.8
      vertex 2.46927 56.4955 11.8
      vertex 2.8 54.9516 11.8
    endloop
  endfacet
  facet normal -0 0 1
    outer loop
      vertex 2 56.2641 11.8
      vertex 2.8 54.9516 11.8
      vertex 2.46927 56.4955 11.8
    endloop
  endfacet
  facet normal 0 0 1
    outer loop
      vertex 2.8 54.9516 11.8
      vertex 2 56.2641 11.8
      vertex 2.51723 54.7627 11.8
    endloop
  endfacet
  facet normal -0 0 1
    outer loop
      vertex 1.56496 55.9734 11.8
      vertex 2.51723 54.7627 11.8
      vertex 2 56.2641 11.8
    endloop
  endfacet
  facet normal 0 0 1
    outer loop
      vertex 2.51723 54.7627 11.8
      vertex 1.56496 55.9734 11.8
      vertex 2.26154 54.5385 11.8
    endloop
  endfacet
  facet normal -0 0 1
    outer loop
      vertex 1.17157 55.6284 11.8
      vertex 2.26154 54.5385 11.8
      vertex 1.56496 55.9734 11.8
    endloop
  endfacet
  facet normal -0 0 1
    outer loop
      vertex 0.826584 55.235 11.8
      vertex 2.26154 54.5385 11.8
      vertex 1.17157 55.6284 11.8
    endloop
  endfacet
  facet normal 0 0 1
    outer loop
      vertex 2.26154 54.5385 11.8
      vertex 0.826584 55.235 11.8
      vertex 2.03729 54.2828 11.8
    endloop
  endfacet
  facet normal -0 0 1
    outer loop
      vertex 0.535904 54.8 11.8
      vertex 2.03729 54.2828 11.8
      vertex 0.826584 55.235 11.8
    endloop
  endfacet
  facet normal 0 0 1
    outer loop
      vertex 2.03729 54.2828 11.8
      vertex 0.535904 54.8 11.8
      vertex 1.84834 54 11.8
    endloop
  endfacet
  facet normal -0 0 1
    outer loop
      vertex 0.304489 54.3307 11.8
      vertex 1.84834 54 11.8
      vertex 0.535904 54.8 11.8
    endloop
  endfacet
  facet normal -0 0 1
    outer loop
      vertex 0.136292 53.8353 11.8
      vertex 1.69792 53.695 11.8
      vertex 0.304489 54.3307 11.8
    endloop
  endfacet
  facet normal 0 0 1
    outer loop
      vertex 1.84834 54 11.8
      vertex 0.304489 54.3307 11.8
      vertex 1.69792 53.695 11.8
    endloop
  endfacet
  facet normal 0 0 1
    outer loop
      vertex 78.3307 56.4955 11.8
      vertex 78.4 54.4 11.8
      vertex 78.4 56.4613 11.8
    endloop
  endfacet
  facet normal 0 0 1
    outer loop
      vertex 77.8353 56.6637 11.8
      vertex 78.4 54.4 11.8
      vertex 78.3307 56.4955 11.8
    endloop
  endfacet
  facet normal 0 0 1
    outer loop
      vertex 76.4 55.3 11.8
      vertex 77.8353 56.6637 11.8
      vertex 77.3221 56.7658 11.8
    endloop
  endfacet
  facet normal 0 0 1
    outer loop
      vertex 76.4 55.3 11.8
      vertex 77.3221 56.7658 11.8
      vertex 76.8 56.8 11.8
    endloop
  endfacet
  facet normal 0 0 1
    outer loop
      vertex 77.8353 56.6637 11.8
      vertex 76.4 55.3 11.8
      vertex 78.4 54.4 11.8
    endloop
  endfacet
  facet normal 0 0 1
    outer loop
      vertex 78.4 54.4 11.8
      vertex 76.4 55.3 11.8
      vertex 76.4 54.4 11.8
    endloop
  endfacet
  facet normal -0 0 1
    outer loop
      vertex 51.4 54.4 11.8
      vertex 70.4 2.4 11.8
      vertex 70.4 54.4 11.8
    endloop
  endfacet
  facet normal 0 0 1
    outer loop
      vertex 70.4 2.4 11.8
      vertex 51.4 54.4 11.8
      vertex 51.4 2.4 11.8
    endloop
  endfacet
  facet normal 0 0 1
    outer loop
      vertex 78.4 2.4 11.8
      vertex 78.3307 0.304489 11.8
      vertex 78.4 0.338654 11.8
    endloop
  endfacet
  facet normal 0 0 1
    outer loop
      vertex 78.4 2.4 11.8
      vertex 77.8353 0.136292 11.8
      vertex 78.3307 0.304489 11.8
    endloop
  endfacet
  facet normal -0 0 1
    outer loop
      vertex 76.4 1.5 11.8
      vertex 77.8353 0.136292 11.8
      vertex 78.4 2.4 11.8
    endloop
  endfacet
  facet normal 0 0 1
    outer loop
      vertex 77.8353 0.136292 11.8
      vertex 76.4 1.5 11.8
      vertex 77.3221 0.0342255 11.8
    endloop
  endfacet
  facet normal 0 0 1
    outer loop
      vertex 76.4 1.5 11.8
      vertex 78.4 2.4 11.8
      vertex 76.4 2.4 11.8
    endloop
  endfacet
  facet normal 0 0 1
    outer loop
      vertex 77.3221 0.0342255 11.8
      vertex 76.4 1.5 11.8
      vertex 76.8 0 11.8
    endloop
  endfacet
  facet normal -0 0 1
    outer loop
      vertex 51.4 1.5 11.8
      vertex 76.8 0 11.8
      vertex 76.4 1.5 11.8
    endloop
  endfacet
  facet normal 0 0 1
    outer loop
      vertex 29.4 2.4 11.8
      vertex 51.4 2.4 11.8
      vertex 29.4 54.4 11.8
    endloop
  endfacet
  facet normal 0 0 1
    outer loop
      vertex 51.4 2.4 11.8
      vertex 29.4 2.4 11.8
      vertex 51.4 1.5 11.8
    endloop
  endfacet
  facet normal 0 0 1
    outer loop
      vertex 29.4 1.5 11.8
      vertex 51.4 1.5 11.8
      vertex 29.4 2.4 11.8
    endloop
  endfacet
  facet normal 0 0 1
    outer loop
      vertex 51.4 1.5 11.8
      vertex 29.4 1.5 11.8
      vertex 76.8 0 11.8
    endloop
  endfacet
  facet normal 0 0 1
    outer loop
      vertex 4 0 11.8
      vertex 29.4 1.5 11.8
      vertex 4.10001 1.5 11.8
    endloop
  endfacet
  facet normal 0 0 1
    outer loop
      vertex 29.4 1.5 11.8
      vertex 4 0 11.8
      vertex 76.8 0 11.8
    endloop
  endfacet
  facet normal 0 0 1
    outer loop
      vertex 3.76064 1.52225 11.8
      vertex 4 0 11.8
      vertex 4.10001 1.5 11.8
    endloop
  endfacet
  facet normal 0 0 1
    outer loop
      vertex 3.76064 1.52225 11.8
      vertex 3.47789 0.0342255 11.8
      vertex 4 0 11.8
    endloop
  endfacet
  facet normal 0 0 1
    outer loop
      vertex 3.42708 1.58859 11.8
      vertex 3.47789 0.0342255 11.8
      vertex 3.76064 1.52225 11.8
    endloop
  endfacet
  facet normal 0 0 1
    outer loop
      vertex 2.96472 0.136292 11.8
      vertex 3.42708 1.58859 11.8
      vertex 3.10503 1.69792 11.8
    endloop
  endfacet
  facet normal 0 0 1
    outer loop
      vertex 3.42708 1.58859 11.8
      vertex 2.96472 0.136292 11.8
      vertex 3.47789 0.0342255 11.8
    endloop
  endfacet
  facet normal 0 0 1
    outer loop
      vertex 2.46927 0.304489 11.8
      vertex 3.10503 1.69792 11.8
      vertex 2.8 1.84834 11.8
    endloop
  endfacet
  facet normal 0 0 1
    outer loop
      vertex 2 0.535904 11.8
      vertex 2.8 1.84834 11.8
      vertex 2.51723 2.03729 11.8
    endloop
  endfacet
  facet normal 0 0 1
    outer loop
      vertex 3.10503 1.69792 11.8
      vertex 2.46927 0.304489 11.8
      vertex 2.96472 0.136292 11.8
    endloop
  endfacet
  facet normal 0 0 1
    outer loop
      vertex 1.56496 0.826584 11.8
      vertex 2.51723 2.03729 11.8
      vertex 2.26154 2.26154 11.8
    endloop
  endfacet
  facet normal 0 0 1
    outer loop
      vertex 0.826584 1.56496 11.8
      vertex 2.26154 2.26154 11.8
      vertex 2.03729 2.51723 11.8
    endloop
  endfacet
  facet normal 0 0 1
    outer loop
      vertex 2.8 1.84834 11.8
      vertex 2 0.535904 11.8
      vertex 2.46927 0.304489 11.8
    endloop
  endfacet
  facet normal 0 0 1
    outer loop
      vertex 0.535904 2 11.8
      vertex 2.03729 2.51723 11.8
      vertex 1.84834 2.8 11.8
    endloop
  endfacet
  facet normal 0 0 1
    outer loop
      vertex 0.304489 2.46927 11.8
      vertex 1.84834 2.8 11.8
      vertex 1.69792 3.10503 11.8
    endloop
  endfacet
  facet normal 0 0 1
    outer loop
      vertex 0.136292 2.96472 11.8
      vertex 1.69792 3.10503 11.8
      vertex 1.58859 3.42708 11.8
    endloop
  endfacet
  facet normal 0 0 1
    outer loop
      vertex 2.51723 2.03729 11.8
      vertex 1.56496 0.826584 11.8
      vertex 2 0.535904 11.8
    endloop
  endfacet
  facet normal -0 0 1
    outer loop
      vertex 0.0342255 3.47789 11.8
      vertex 1.58859 3.42708 11.8
      vertex 1.52225 3.76064 11.8
    endloop
  endfacet
  facet normal -0 0 1
    outer loop
      vertex 0 4 11.8
      vertex 1.52225 3.76064 11.8
      vertex 1.5 4.10001 11.8
    endloop
  endfacet
  facet normal 0 0 1
    outer loop
      vertex 2.26154 2.26154 11.8
      vertex 1.17157 1.17157 11.8
      vertex 1.56496 0.826584 11.8
    endloop
  endfacet
  facet normal 0 0 1
    outer loop
      vertex 1.5 52.7 11.8
      vertex 0 52.8 11.8
      vertex 1.5 4.10001 11.8
    endloop
  endfacet
  facet normal 0 0 1
    outer loop
      vertex 1.69792 53.695 11.8
      vertex 0.136292 53.8353 11.8
      vertex 1.58859 53.3729 11.8
    endloop
  endfacet
  facet normal 0 0 1
    outer loop
      vertex 0 4 11.8
      vertex 1.5 4.10001 11.8
      vertex 0 52.8 11.8
    endloop
  endfacet
  facet normal 0 0 1
    outer loop
      vertex 0.0342255 53.3221 11.8
      vertex 1.58859 53.3729 11.8
      vertex 0.136292 53.8353 11.8
    endloop
  endfacet
  facet normal 0 0 1
    outer loop
      vertex 1.52225 3.76064 11.8
      vertex 0 4 11.8
      vertex 0.0342255 3.47789 11.8
    endloop
  endfacet
  facet normal 0 0 1
    outer loop
      vertex 1.58859 53.3729 11.8
      vertex 0.0342255 53.3221 11.8
      vertex 1.52225 53.0394 11.8
    endloop
  endfacet
  facet normal 0 0 1
    outer loop
      vertex 2.26154 2.26154 11.8
      vertex 0.826584 1.56496 11.8
      vertex 1.17157 1.17157 11.8
    endloop
  endfacet
  facet normal 0 0 1
    outer loop
      vertex 0 52.8 11.8
      vertex 1.52225 53.0394 11.8
      vertex 0.0342255 53.3221 11.8
    endloop
  endfacet
  facet normal 0 0 1
    outer loop
      vertex 2.03729 2.51723 11.8
      vertex 0.535904 2 11.8
      vertex 0.826584 1.56496 11.8
    endloop
  endfacet
  facet normal 0 0 1
    outer loop
      vertex 1.52225 53.0394 11.8
      vertex 0 52.8 11.8
      vertex 1.5 52.7 11.8
    endloop
  endfacet
  facet normal 0 0 1
    outer loop
      vertex 1.84834 2.8 11.8
      vertex 0.304489 2.46927 11.8
      vertex 0.535904 2 11.8
    endloop
  endfacet
  facet normal 0 0 1
    outer loop
      vertex 1.69792 3.10503 11.8
      vertex 0.136292 2.96472 11.8
      vertex 0.304489 2.46927 11.8
    endloop
  endfacet
  facet normal 0 0 1
    outer loop
      vertex 1.58859 3.42708 11.8
      vertex 0.0342255 3.47789 11.8
      vertex 0.136292 2.96472 11.8
    endloop
  endfacet
  facet normal 0 0 1
    outer loop
      vertex 6.26252 51.3153 11.8
      vertex 29.4 54.4 11.8
      vertex 6.29059 51.4564 11.8
    endloop
  endfacet
  facet normal -0 0 1
    outer loop
      vertex 6.29059 5.05642 11.8
      vertex 29.4 2.4 11.8
      vertex 6.3 5.2 11.8
    endloop
  endfacet
  facet normal -0 0 1
    outer loop
      vertex 6.26252 4.9153 11.8
      vertex 29.4 2.4 11.8
      vertex 6.29059 5.05642 11.8
    endloop
  endfacet
  facet normal -0 0 1
    outer loop
      vertex 6.21627 4.77905 11.8
      vertex 29.4 2.4 11.8
      vertex 6.26252 4.9153 11.8
    endloop
  endfacet
  facet normal -0 0 1
    outer loop
      vertex 6.15263 4.65 11.8
      vertex 29.4 2.4 11.8
      vertex 6.21627 4.77905 11.8
    endloop
  endfacet
  facet normal -0 0 1
    outer loop
      vertex 6.07269 4.53036 11.8
      vertex 29.4 2.4 11.8
      vertex 6.15263 4.65 11.8
    endloop
  endfacet
  facet normal -0 0 1
    outer loop
      vertex 5.97782 4.42218 11.8
      vertex 29.4 2.4 11.8
      vertex 6.07269 4.53036 11.8
    endloop
  endfacet
  facet normal -0 0 1
    outer loop
      vertex 5.86964 4.32731 11.8
      vertex 29.4 2.4 11.8
      vertex 5.97782 4.42218 11.8
    endloop
  endfacet
  facet normal -0 0 1
    outer loop
      vertex 5.75 4.24737 11.8
      vertex 29.4 2.4 11.8
      vertex 5.86964 4.32731 11.8
    endloop
  endfacet
  facet normal -0 0 1
    outer loop
      vertex 5.62095 4.18373 11.8
      vertex 29.4 2.4 11.8
      vertex 5.75 4.24737 11.8
    endloop
  endfacet
  facet normal 0 0 1
    outer loop
      vertex 2.4 2.4 11.8
      vertex 5.62095 4.18373 11.8
      vertex 5.4847 4.13748 11.8
    endloop
  endfacet
  facet normal 0 0 1
    outer loop
      vertex 2.4 2.4 11.8
      vertex 5.4847 4.13748 11.8
      vertex 5.34358 4.10941 11.8
    endloop
  endfacet
  facet normal 0 0 1
    outer loop
      vertex 2.4 2.4 11.8
      vertex 5.34358 4.10941 11.8
      vertex 5.2 4.1 11.8
    endloop
  endfacet
  facet normal 0 0 1
    outer loop
      vertex 2.4 2.4 11.8
      vertex 5.2 4.1 11.8
      vertex 5.05642 4.10941 11.8
    endloop
  endfacet
  facet normal 0 0 1
    outer loop
      vertex 5.62095 4.18373 11.8
      vertex 2.4 2.4 11.8
      vertex 29.4 2.4 11.8
    endloop
  endfacet
  facet normal 0 0 1
    outer loop
      vertex 4.9153 4.13748 11.8
      vertex 2.4 2.4 11.8
      vertex 5.05642 4.10941 11.8
    endloop
  endfacet
  facet normal 0 0 1
    outer loop
      vertex 4.77905 4.18373 11.8
      vertex 2.4 2.4 11.8
      vertex 4.9153 4.13748 11.8
    endloop
  endfacet
  facet normal 0 0 1
    outer loop
      vertex 4.65 4.24737 11.8
      vertex 2.4 2.4 11.8
      vertex 4.77905 4.18373 11.8
    endloop
  endfacet
  facet normal 0 0 1
    outer loop
      vertex 4.53036 4.32731 11.8
      vertex 2.4 2.4 11.8
      vertex 4.65 4.24737 11.8
    endloop
  endfacet
  facet normal 0 0 1
    outer loop
      vertex 4.42218 4.42218 11.8
      vertex 2.4 2.4 11.8
      vertex 4.53036 4.32731 11.8
    endloop
  endfacet
  facet normal 0 0 1
    outer loop
      vertex 4.32731 4.53036 11.8
      vertex 2.4 2.4 11.8
      vertex 4.42218 4.42218 11.8
    endloop
  endfacet
  facet normal 0 0 1
    outer loop
      vertex 4.24737 4.65 11.8
      vertex 2.4 2.4 11.8
      vertex 4.32731 4.53036 11.8
    endloop
  endfacet
  facet normal 0 0 1
    outer loop
      vertex 4.18373 4.77905 11.8
      vertex 2.4 2.4 11.8
      vertex 4.24737 4.65 11.8
    endloop
  endfacet
  facet normal 0 0 1
    outer loop
      vertex 4.13748 4.9153 11.8
      vertex 2.4 2.4 11.8
      vertex 4.18373 4.77905 11.8
    endloop
  endfacet
  facet normal 0 0 1
    outer loop
      vertex 4.10941 5.05642 11.8
      vertex 2.4 2.4 11.8
      vertex 4.13748 4.9153 11.8
    endloop
  endfacet
  facet normal 0 0 1
    outer loop
      vertex 4.1 5.2 11.8
      vertex 2.4 2.4 11.8
      vertex 4.10941 5.05642 11.8
    endloop
  endfacet
  facet normal 0 0 1
    outer loop
      vertex 4.10941 5.34358 11.8
      vertex 2.4 2.4 11.8
      vertex 4.1 5.2 11.8
    endloop
  endfacet
  facet normal -0.555564 -0.831474 0
    outer loop
      vertex 1.56496 0.826584 0
      vertex 2 0.535904 11.8
      vertex 1.56496 0.826584 11.8
    endloop
  endfacet
  facet normal -0.555564 -0.831474 -0
    outer loop
      vertex 2 0.535904 11.8
      vertex 1.56496 0.826584 0
      vertex 2 0.535904 0
    endloop
  endfacet
  facet normal -0.195073 -0.980789 0
    outer loop
      vertex 2.96472 0.136292 0
      vertex 3.47789 0.0342255 11.8
      vertex 2.96472 0.136292 11.8
    endloop
  endfacet
  facet normal -0.195073 -0.980789 -0
    outer loop
      vertex 3.47789 0.0342255 11.8
      vertex 2.96472 0.136292 0
      vertex 3.47789 0.0342255 0
    endloop
  endfacet
  facet normal -0.195135 0.980776 0
    outer loop
      vertex 3.47789 56.7658 0
      vertex 2.96472 56.6637 11.8
      vertex 3.47789 56.7658 11.8
    endloop
  endfacet
  facet normal -0.195135 0.980776 0
    outer loop
      vertex 2.96472 56.6637 11.8
      vertex 3.47789 56.7658 0
      vertex 2.96472 56.6637 0
    endloop
  endfacet
  facet normal 0.321498 0.94691 -0
    outer loop
      vertex 78.3307 56.4955 0
      vertex 77.8353 56.6637 11.8
      vertex 78.3307 56.4955 11.8
    endloop
  endfacet
  facet normal 0.321498 0.94691 0
    outer loop
      vertex 77.8353 56.6637 11.8
      vertex 78.3307 56.4955 0
      vertex 77.8353 56.6637 0
    endloop
  endfacet
  facet normal 0.0653646 0.997861 -0
    outer loop
      vertex 77.3221 56.7658 0
      vertex 76.8 56.8 11.8
      vertex 77.3221 56.7658 11.8
    endloop
  endfacet
  facet normal 0.0653646 0.997861 0
    outer loop
      vertex 76.8 56.8 11.8
      vertex 77.3221 56.7658 0
      vertex 76.8 56.8 0
    endloop
  endfacet
  facet normal 0.195124 0.980779 -0
    outer loop
      vertex 77.8353 56.6637 0
      vertex 77.3221 56.7658 11.8
      vertex 77.8353 56.6637 11.8
    endloop
  endfacet
  facet normal 0.195124 0.980779 0
    outer loop
      vertex 77.3221 56.7658 11.8
      vertex 77.8353 56.6637 0
      vertex 77.3221 56.7658 0
    endloop
  endfacet
  facet normal 0 1 -0
    outer loop
      vertex 58.8 56.8 0.6
      vertex 22 56.8 8.6
      vertex 58.8 56.8 8.6
    endloop
  endfacet
  facet normal 0 1 0
    outer loop
      vertex 22 56.8 8.6
      vertex 58.8 56.8 0.6
      vertex 22 56.8 0.6
    endloop
  endfacet
  facet normal 0 1 0
    outer loop
      vertex 58.8 56.8 8.6
      vertex 76.8 56.8 11.8
      vertex 68.8 56.8 8.6
    endloop
  endfacet
  facet normal 0 1 -0
    outer loop
      vertex 76.8 56.8 0
      vertex 68.8 56.8 8.6
      vertex 76.8 56.8 11.8
    endloop
  endfacet
  facet normal 0 1 0
    outer loop
      vertex 76.8 56.8 0
      vertex 58.8 56.8 0.6
      vertex 68.8 56.8 0.6
    endloop
  endfacet
  facet normal 0 1 0
    outer loop
      vertex 58.8 56.8 0.6
      vertex 76.8 56.8 0
      vertex 22 56.8 0.6
    endloop
  endfacet
  facet normal 0 1 0
    outer loop
      vertex 4 56.8 0
      vertex 22 56.8 0.6
      vertex 76.8 56.8 0
    endloop
  endfacet
  facet normal 0 1 0
    outer loop
      vertex 68.8 56.8 8.6
      vertex 76.8 56.8 0
      vertex 68.8 56.8 0.6
    endloop
  endfacet
  facet normal 0 1 0
    outer loop
      vertex 76.8 56.8 11.8
      vertex 58.8 56.8 8.6
      vertex 4 56.8 11.8
    endloop
  endfacet
  facet normal 0 1 -0
    outer loop
      vertex 22 56.8 8.6
      vertex 4 56.8 11.8
      vertex 58.8 56.8 8.6
    endloop
  endfacet
  facet normal 0 1 -0
    outer loop
      vertex 12 56.8 8.6
      vertex 4 56.8 11.8
      vertex 22 56.8 8.6
    endloop
  endfacet
  facet normal 0 1 0
    outer loop
      vertex 4 56.8 0
      vertex 12 56.8 8.6
      vertex 12 56.8 0.6
    endloop
  endfacet
  facet normal 0 1 0
    outer loop
      vertex 12 56.8 8.6
      vertex 4 56.8 0
      vertex 4 56.8 11.8
    endloop
  endfacet
  facet normal 0 1 0
    outer loop
      vertex 22 56.8 0.6
      vertex 4 56.8 0
      vertex 12 56.8 0.6
    endloop
  endfacet
  facet normal -0.659353 0.751834 0
    outer loop
      vertex 1.56496 55.9734 0
      vertex 1.17157 55.6284 11.8
      vertex 1.56496 55.9734 11.8
    endloop
  endfacet
  facet normal -0.659353 0.751834 0
    outer loop
      vertex 1.17157 55.6284 11.8
      vertex 1.56496 55.9734 0
      vertex 1.17157 55.6284 0
    endloop
  endfacet
  facet normal -0.659337 -0.751847 0
    outer loop
      vertex 1.17157 1.17157 0
      vertex 1.56496 0.826584 11.8
      vertex 1.17157 1.17157 11.8
    endloop
  endfacet
  facet normal -0.659337 -0.751847 -0
    outer loop
      vertex 1.56496 0.826584 11.8
      vertex 1.17157 1.17157 0
      vertex 1.56496 0.826584 0
    endloop
  endfacet
  facet normal 0 0 -1
    outer loop
      vertex 73.4751 6.08017 0
      vertex 7.32492 6.08017 0
      vertex 73.6081 6.35 0
    endloop
  endfacet
  facet normal 0 0 -1
    outer loop
      vertex 73.6081 50.45 0
      vertex 7.48032 51.2998 0
      vertex 7.5 51.6 0
    endloop
  endfacet
  facet normal 0 0 -1
    outer loop
      vertex 7.19186 6.35 0
      vertex 73.6081 6.35 0
      vertex 7.32492 6.08017 0
    endloop
  endfacet
  facet normal 0 0 -1
    outer loop
      vertex 73.6081 50.45 0
      vertex 7.42163 51.0047 0
      vertex 7.48032 51.2998 0
    endloop
  endfacet
  facet normal 0 0 -1
    outer loop
      vertex 73.6081 6.35 0
      vertex 7.19186 6.35 0
      vertex 73.6081 50.45 0
    endloop
  endfacet
  facet normal 0 0 -1
    outer loop
      vertex 73.6081 50.45 0
      vertex 7.32492 50.7198 0
      vertex 7.42163 51.0047 0
    endloop
  endfacet
  facet normal 0 0 -1
    outer loop
      vertex 7.19186 50.45 0
      vertex 73.6081 50.45 0
      vertex 7.19186 6.35 0
    endloop
  endfacet
  facet normal 0 0 -1
    outer loop
      vertex 73.6081 50.45 0
      vertex 7.19186 50.45 0
      vertex 7.32492 50.7198 0
    endloop
  endfacet
  facet normal 0 0 -1
    outer loop
      vertex 7.02471 6.60015 0
      vertex 7.19186 50.45 0
      vertex 7.19186 6.35 0
    endloop
  endfacet
  facet normal 0 0 -1
    outer loop
      vertex 7.02471 6.60015 0
      vertex 7.02471 50.1998 0
      vertex 7.19186 50.45 0
    endloop
  endfacet
  facet normal 0 0 -1
    outer loop
      vertex 6.82634 6.82634 0
      vertex 7.02471 50.1998 0
      vertex 7.02471 6.60015 0
    endloop
  endfacet
  facet normal 0 0 -1
    outer loop
      vertex 6.82634 6.82634 0
      vertex 6.82634 49.9737 0
      vertex 7.02471 50.1998 0
    endloop
  endfacet
  facet normal 0 0 -1
    outer loop
      vertex 6.60015 7.02471 0
      vertex 6.82634 49.9737 0
      vertex 6.82634 6.82634 0
    endloop
  endfacet
  facet normal 0 0 -1
    outer loop
      vertex 6.60015 7.02471 0
      vertex 6.60015 49.7753 0
      vertex 6.82634 49.9737 0
    endloop
  endfacet
  facet normal 0 0 -1
    outer loop
      vertex 6.35 7.19186 0
      vertex 6.60015 49.7753 0
      vertex 6.60015 7.02471 0
    endloop
  endfacet
  facet normal 0 0 -1
    outer loop
      vertex 6.35 7.19186 0
      vertex 6.35 49.6081 0
      vertex 6.60015 49.7753 0
    endloop
  endfacet
  facet normal 0 0 -1
    outer loop
      vertex 6.08017 7.32492 0
      vertex 6.35 49.6081 0
      vertex 6.35 7.19186 0
    endloop
  endfacet
  facet normal 0 0 -1
    outer loop
      vertex 6.08017 7.32492 0
      vertex 6.08017 49.4751 0
      vertex 6.35 49.6081 0
    endloop
  endfacet
  facet normal 0 0 -1
    outer loop
      vertex 5.79528 7.42163 0
      vertex 6.08017 49.4751 0
      vertex 6.08017 7.32492 0
    endloop
  endfacet
  facet normal 0 0 -1
    outer loop
      vertex 5.79528 7.42163 0
      vertex 5.79528 49.3784 0
      vertex 6.08017 49.4751 0
    endloop
  endfacet
  facet normal 0 0 -1
    outer loop
      vertex 5.50021 7.48032 0
      vertex 5.79528 49.3784 0
      vertex 5.79528 7.42163 0
    endloop
  endfacet
  facet normal 0 0 -1
    outer loop
      vertex 5.50021 7.48032 0
      vertex 5.50021 49.3197 0
      vertex 5.79528 49.3784 0
    endloop
  endfacet
  facet normal 0 0 -1
    outer loop
      vertex 5.2 7.5 0
      vertex 5.50021 49.3197 0
      vertex 5.50021 7.48032 0
    endloop
  endfacet
  facet normal 0 0 -1
    outer loop
      vertex 5.2 7.5 0
      vertex 5.2 49.3 0
      vertex 5.50021 49.3197 0
    endloop
  endfacet
  facet normal 0 0 -1
    outer loop
      vertex 4.89979 7.48032 0
      vertex 5.2 49.3 0
      vertex 5.2 7.5 0
    endloop
  endfacet
  facet normal 0 0 -1
    outer loop
      vertex 4.89979 7.48032 0
      vertex 4.89979 49.3197 0
      vertex 5.2 49.3 0
    endloop
  endfacet
  facet normal 0 0 -1
    outer loop
      vertex 4.60472 7.42163 0
      vertex 4.89979 49.3197 0
      vertex 4.89979 7.48032 0
    endloop
  endfacet
  facet normal 0 0 -1
    outer loop
      vertex 4.60472 7.42163 0
      vertex 4.60472 49.3784 0
      vertex 4.89979 49.3197 0
    endloop
  endfacet
  facet normal 0 0 -1
    outer loop
      vertex 4.31983 7.32492 0
      vertex 4.60472 49.3784 0
      vertex 4.60472 7.42163 0
    endloop
  endfacet
  facet normal 0 0 -1
    outer loop
      vertex 4.31983 7.32492 0
      vertex 4.31983 49.4751 0
      vertex 4.60472 49.3784 0
    endloop
  endfacet
  facet normal 0 0 -1
    outer loop
      vertex 4.05 7.19186 0
      vertex 4.31983 49.4751 0
      vertex 4.31983 7.32492 0
    endloop
  endfacet
  facet normal 0 0 -1
    outer loop
      vertex 4.05 7.19186 0
      vertex 4.05 49.6081 0
      vertex 4.31983 49.4751 0
    endloop
  endfacet
  facet normal 0 0 -1
    outer loop
      vertex 3.79985 7.02471 0
      vertex 4.05 49.6081 0
      vertex 4.05 7.19186 0
    endloop
  endfacet
  facet normal 0 0 -1
    outer loop
      vertex 3.79985 7.02471 0
      vertex 3.79985 49.7753 0
      vertex 4.05 49.6081 0
    endloop
  endfacet
  facet normal 0 0 -1
    outer loop
      vertex 3.57366 6.82634 0
      vertex 3.79985 49.7753 0
      vertex 3.79985 7.02471 0
    endloop
  endfacet
  facet normal 0 0 -1
    outer loop
      vertex 3.57366 6.82634 0
      vertex 3.57366 49.9737 0
      vertex 3.79985 49.7753 0
    endloop
  endfacet
  facet normal 0 0 -1
    outer loop
      vertex 0 4 0
      vertex 3.57366 6.82634 0
      vertex 3.37529 6.60015 0
    endloop
  endfacet
  facet normal -0 0 -1
    outer loop
      vertex 3.57366 6.82634 0
      vertex 0 4 0
      vertex 3.57366 49.9737 0
    endloop
  endfacet
  facet normal 0 0 -1
    outer loop
      vertex 0 4 0
      vertex 3.37529 6.60015 0
      vertex 3.20814 6.35 0
    endloop
  endfacet
  facet normal 0 0 -1
    outer loop
      vertex 0 52.8 0
      vertex 3.57366 49.9737 0
      vertex 0 4 0
    endloop
  endfacet
  facet normal 0 0 -1
    outer loop
      vertex 0 4 0
      vertex 3.20814 6.35 0
      vertex 3.07508 6.08017 0
    endloop
  endfacet
  facet normal 0 0 -1
    outer loop
      vertex 3.57366 49.9737 0
      vertex 0 52.8 0
      vertex 3.37529 50.1998 0
    endloop
  endfacet
  facet normal 0 0 -1
    outer loop
      vertex 0 4 0
      vertex 3.07508 6.08017 0
      vertex 2.97837 5.79528 0
    endloop
  endfacet
  facet normal 0 0 -1
    outer loop
      vertex 3.37529 50.1998 0
      vertex 0 52.8 0
      vertex 3.20814 50.45 0
    endloop
  endfacet
  facet normal 0 0 -1
    outer loop
      vertex 0 4 0
      vertex 2.97837 5.79528 0
      vertex 2.91968 5.50021 0
    endloop
  endfacet
  facet normal 0 0 -1
    outer loop
      vertex 3.20814 50.45 0
      vertex 0 52.8 0
      vertex 3.07508 50.7198 0
    endloop
  endfacet
  facet normal 0 0 -1
    outer loop
      vertex 0 4 0
      vertex 2.91968 5.50021 0
      vertex 2.9 5.2 0
    endloop
  endfacet
  facet normal 0 0 -1
    outer loop
      vertex 3.07508 50.7198 0
      vertex 0 52.8 0
      vertex 2.97837 51.0047 0
    endloop
  endfacet
  facet normal 0 0 -1
    outer loop
      vertex 77.8803 51.2998 0
      vertex 78.4 56.4613 0
      vertex 77.8803 5.50021 0
    endloop
  endfacet
  facet normal 0 0 -1
    outer loop
      vertex 78.4 56.4613 0
      vertex 77.8803 51.2998 0
      vertex 77.9 51.6 0
    endloop
  endfacet
  facet normal 0 0 -1
    outer loop
      vertex 77.8216 5.79528 0
      vertex 77.8803 51.2998 0
      vertex 77.8803 5.50021 0
    endloop
  endfacet
  facet normal 0 0 -1
    outer loop
      vertex 77.8216 5.79528 0
      vertex 77.8216 51.0047 0
      vertex 77.8803 51.2998 0
    endloop
  endfacet
  facet normal 0 0 -1
    outer loop
      vertex 77.7249 6.08017 0
      vertex 77.8216 51.0047 0
      vertex 77.8216 5.79528 0
    endloop
  endfacet
  facet normal 0 0 -1
    outer loop
      vertex 77.7249 6.08017 0
      vertex 77.7249 50.7198 0
      vertex 77.8216 51.0047 0
    endloop
  endfacet
  facet normal 0 0 -1
    outer loop
      vertex 77.5919 6.35 0
      vertex 77.7249 50.7198 0
      vertex 77.7249 6.08017 0
    endloop
  endfacet
  facet normal 0 0 -1
    outer loop
      vertex 77.5919 6.35 0
      vertex 77.5919 50.45 0
      vertex 77.7249 50.7198 0
    endloop
  endfacet
  facet normal 0 0 -1
    outer loop
      vertex 77.4247 6.60015 0
      vertex 77.5919 50.45 0
      vertex 77.5919 6.35 0
    endloop
  endfacet
  facet normal 0 0 -1
    outer loop
      vertex 77.4247 6.60015 0
      vertex 77.4247 50.1998 0
      vertex 77.5919 50.45 0
    endloop
  endfacet
  facet normal 0 0 -1
    outer loop
      vertex 77.2263 6.82634 0
      vertex 77.4247 50.1998 0
      vertex 77.4247 6.60015 0
    endloop
  endfacet
  facet normal 0 0 -1
    outer loop
      vertex 77.2263 6.82634 0
      vertex 77.2263 49.9737 0
      vertex 77.4247 50.1998 0
    endloop
  endfacet
  facet normal 0 0 -1
    outer loop
      vertex 77.0002 7.02471 0
      vertex 77.2263 49.9737 0
      vertex 77.2263 6.82634 0
    endloop
  endfacet
  facet normal 0 0 -1
    outer loop
      vertex 77.0002 7.02471 0
      vertex 77.0002 49.7753 0
      vertex 77.2263 49.9737 0
    endloop
  endfacet
  facet normal 0 0 -1
    outer loop
      vertex 76.75 7.19186 0
      vertex 77.0002 49.7753 0
      vertex 77.0002 7.02471 0
    endloop
  endfacet
  facet normal 0 0 -1
    outer loop
      vertex 76.75 7.19186 0
      vertex 76.75 49.6081 0
      vertex 77.0002 49.7753 0
    endloop
  endfacet
  facet normal 0 0 -1
    outer loop
      vertex 76.4802 7.32492 0
      vertex 76.75 49.6081 0
      vertex 76.75 7.19186 0
    endloop
  endfacet
  facet normal 0 0 -1
    outer loop
      vertex 76.4802 7.32492 0
      vertex 76.4802 49.4751 0
      vertex 76.75 49.6081 0
    endloop
  endfacet
  facet normal 0 0 -1
    outer loop
      vertex 76.1953 7.42163 0
      vertex 76.4802 49.4751 0
      vertex 76.4802 7.32492 0
    endloop
  endfacet
  facet normal 0 0 -1
    outer loop
      vertex 76.1953 7.42163 0
      vertex 76.1953 49.3784 0
      vertex 76.4802 49.4751 0
    endloop
  endfacet
  facet normal 0 0 -1
    outer loop
      vertex 75.9002 7.48032 0
      vertex 76.1953 49.3784 0
      vertex 76.1953 7.42163 0
    endloop
  endfacet
  facet normal 0 0 -1
    outer loop
      vertex 75.9002 7.48032 0
      vertex 75.9002 49.3197 0
      vertex 76.1953 49.3784 0
    endloop
  endfacet
  facet normal 0 0 -1
    outer loop
      vertex 75.6 7.5 0
      vertex 75.9002 49.3197 0
      vertex 75.9002 7.48032 0
    endloop
  endfacet
  facet normal 0 0 -1
    outer loop
      vertex 75.6 7.5 0
      vertex 75.6 49.3 0
      vertex 75.9002 49.3197 0
    endloop
  endfacet
  facet normal 0 0 -1
    outer loop
      vertex 75.2998 7.48032 0
      vertex 75.6 49.3 0
      vertex 75.6 7.5 0
    endloop
  endfacet
  facet normal 0 0 -1
    outer loop
      vertex 75.2998 7.48032 0
      vertex 75.2998 49.3197 0
      vertex 75.6 49.3 0
    endloop
  endfacet
  facet normal 0 0 -1
    outer loop
      vertex 75.0047 7.42163 0
      vertex 75.2998 49.3197 0
      vertex 75.2998 7.48032 0
    endloop
  endfacet
  facet normal 0 0 -1
    outer loop
      vertex 75.0047 7.42163 0
      vertex 75.0047 49.3784 0
      vertex 75.2998 49.3197 0
    endloop
  endfacet
  facet normal 0 0 -1
    outer loop
      vertex 74.7198 7.32492 0
      vertex 75.0047 49.3784 0
      vertex 75.0047 7.42163 0
    endloop
  endfacet
  facet normal 0 0 -1
    outer loop
      vertex 74.7198 7.32492 0
      vertex 74.7198 49.4751 0
      vertex 75.0047 49.3784 0
    endloop
  endfacet
  facet normal 0 0 -1
    outer loop
      vertex 74.45 7.19186 0
      vertex 74.7198 49.4751 0
      vertex 74.7198 7.32492 0
    endloop
  endfacet
  facet normal 0 0 -1
    outer loop
      vertex 74.45 7.19186 0
      vertex 74.45 49.6081 0
      vertex 74.7198 49.4751 0
    endloop
  endfacet
  facet normal 0 0 -1
    outer loop
      vertex 74.1999 7.02471 0
      vertex 74.45 49.6081 0
      vertex 74.45 7.19186 0
    endloop
  endfacet
  facet normal 0 0 -1
    outer loop
      vertex 74.1999 7.02471 0
      vertex 74.1999 49.7753 0
      vertex 74.45 49.6081 0
    endloop
  endfacet
  facet normal 0 0 -1
    outer loop
      vertex 73.9737 6.82634 0
      vertex 74.1999 49.7753 0
      vertex 74.1999 7.02471 0
    endloop
  endfacet
  facet normal 0 0 -1
    outer loop
      vertex 73.9737 6.82634 0
      vertex 73.9737 49.9737 0
      vertex 74.1999 49.7753 0
    endloop
  endfacet
  facet normal 0 0 -1
    outer loop
      vertex 73.7753 6.60015 0
      vertex 73.9737 49.9737 0
      vertex 73.9737 6.82634 0
    endloop
  endfacet
  facet normal 0 0 -1
    outer loop
      vertex 73.7753 6.60015 0
      vertex 73.7753 50.1998 0
      vertex 73.9737 49.9737 0
    endloop
  endfacet
  facet normal 0 0 -1
    outer loop
      vertex 73.6081 6.35 0
      vertex 73.7753 50.1998 0
      vertex 73.7753 6.60015 0
    endloop
  endfacet
  facet normal 0 0 -1
    outer loop
      vertex 73.6081 6.35 0
      vertex 73.6081 50.45 0
      vertex 73.7753 50.1998 0
    endloop
  endfacet
  facet normal 0 0 -1
    outer loop
      vertex 7.42163 5.79528 0
      vertex 73.3784 5.79528 0
      vertex 7.48032 5.50021 0
    endloop
  endfacet
  facet normal 0 0 -1
    outer loop
      vertex 73.3784 5.79528 0
      vertex 7.42163 5.79528 0
      vertex 73.4751 6.08017 0
    endloop
  endfacet
  facet normal 0 0 -1
    outer loop
      vertex 73.3197 5.50021 0
      vertex 7.48032 5.50021 0
      vertex 73.3784 5.79528 0
    endloop
  endfacet
  facet normal 0 0 -1
    outer loop
      vertex 7.32492 6.08017 0
      vertex 73.4751 6.08017 0
      vertex 7.42163 5.79528 0
    endloop
  endfacet
  facet normal 0 0 -1
    outer loop
      vertex 7.48032 5.50021 0
      vertex 73.3197 5.50021 0
      vertex 7.5 5.2 0
    endloop
  endfacet
  facet normal 0 0 -1
    outer loop
      vertex 73.6081 50.45 0
      vertex 7.5 51.6 0
      vertex 73.4751 50.7198 0
    endloop
  endfacet
  facet normal 0 0 -1
    outer loop
      vertex 7.5 5.2 0
      vertex 73.3197 5.50021 0
      vertex 73.3 5.2 0
    endloop
  endfacet
  facet normal 0 0 -1
    outer loop
      vertex 73.4751 50.7198 0
      vertex 7.5 51.6 0
      vertex 73.3784 51.0047 0
    endloop
  endfacet
  facet normal 0 0 -1
    outer loop
      vertex 76.75 3.20814 0
      vertex 78.4 0.338654 0
      vertex 78.3307 0.304489 0
    endloop
  endfacet
  facet normal 0 0 -1
    outer loop
      vertex 77.8803 5.50021 0
      vertex 78.4 0.338654 0
      vertex 77.9 5.2 0
    endloop
  endfacet
  facet normal 0 0 -1
    outer loop
      vertex 78.4 0.338654 0
      vertex 77.8803 5.50021 0
      vertex 78.4 56.4613 0
    endloop
  endfacet
  facet normal 0 0 -1
    outer loop
      vertex 78.4 0.338654 0
      vertex 77.8803 4.89979 0
      vertex 77.9 5.2 0
    endloop
  endfacet
  facet normal 0 0 -1
    outer loop
      vertex 76.75 3.20814 0
      vertex 78.3307 0.304489 0
      vertex 77.8353 0.136292 0
    endloop
  endfacet
  facet normal 0 0 -1
    outer loop
      vertex 78.4 0.338654 0
      vertex 77.8216 4.60472 0
      vertex 77.8803 4.89979 0
    endloop
  endfacet
  facet normal 0 0 -1
    outer loop
      vertex 78.4 0.338654 0
      vertex 77.7249 4.31983 0
      vertex 77.8216 4.60472 0
    endloop
  endfacet
  facet normal 0 0 -1
    outer loop
      vertex 78.4 0.338654 0
      vertex 77.5919 4.05 0
      vertex 77.7249 4.31983 0
    endloop
  endfacet
  facet normal 0 0 -1
    outer loop
      vertex 78.4 0.338654 0
      vertex 77.4247 3.79985 0
      vertex 77.5919 4.05 0
    endloop
  endfacet
  facet normal 0 0 -1
    outer loop
      vertex 76.4802 3.07508 0
      vertex 77.8353 0.136292 0
      vertex 77.3221 0.0342255 0
    endloop
  endfacet
  facet normal 0 0 -1
    outer loop
      vertex 78.4 0.338654 0
      vertex 77.2263 3.57366 0
      vertex 77.4247 3.79985 0
    endloop
  endfacet
  facet normal 0 0 -1
    outer loop
      vertex 78.4 0.338654 0
      vertex 77.0002 3.37529 0
      vertex 77.2263 3.57366 0
    endloop
  endfacet
  facet normal 0 0 -1
    outer loop
      vertex 76.4802 3.07508 0
      vertex 77.3221 0.0342255 0
      vertex 76.8 0 0
    endloop
  endfacet
  facet normal 0 0 -1
    outer loop
      vertex 78.4 0.338654 0
      vertex 76.75 3.20814 0
      vertex 77.0002 3.37529 0
    endloop
  endfacet
  facet normal 0 0 -1
    outer loop
      vertex 77.8353 0.136292 0
      vertex 76.4802 3.07508 0
      vertex 76.75 3.20814 0
    endloop
  endfacet
  facet normal 0 0 -1
    outer loop
      vertex 76.8 0 0
      vertex 76.1953 2.97837 0
      vertex 76.4802 3.07508 0
    endloop
  endfacet
  facet normal 0 0 -1
    outer loop
      vertex 76.8 0 0
      vertex 75.9002 2.91968 0
      vertex 76.1953 2.97837 0
    endloop
  endfacet
  facet normal 0 0 -1
    outer loop
      vertex 76.8 0 0
      vertex 75.6 2.9 0
      vertex 75.9002 2.91968 0
    endloop
  endfacet
  facet normal 0 0 -1
    outer loop
      vertex 76.8 0 0
      vertex 75.2998 2.91968 0
      vertex 75.6 2.9 0
    endloop
  endfacet
  facet normal 0 0 -1
    outer loop
      vertex 76.8 0 0
      vertex 75.0047 2.97837 0
      vertex 75.2998 2.91968 0
    endloop
  endfacet
  facet normal 0 0 -1
    outer loop
      vertex 76.8 0 0
      vertex 74.7198 3.07508 0
      vertex 75.0047 2.97837 0
    endloop
  endfacet
  facet normal 0 0 -1
    outer loop
      vertex 76.8 0 0
      vertex 74.45 3.20814 0
      vertex 74.7198 3.07508 0
    endloop
  endfacet
  facet normal 0 0 -1
    outer loop
      vertex 76.8 0 0
      vertex 74.1999 3.37529 0
      vertex 74.45 3.20814 0
    endloop
  endfacet
  facet normal 0 0 -1
    outer loop
      vertex 76.8 0 0
      vertex 73.9737 3.57366 0
      vertex 74.1999 3.37529 0
    endloop
  endfacet
  facet normal 0 0 -1
    outer loop
      vertex 76.8 0 0
      vertex 73.7753 3.79985 0
      vertex 73.9737 3.57366 0
    endloop
  endfacet
  facet normal 0 0 -1
    outer loop
      vertex 73.3784 51.0047 0
      vertex 7.5 51.6 0
      vertex 73.3197 51.2998 0
    endloop
  endfacet
  facet normal 0 0 -1
    outer loop
      vertex 73.3197 4.89979 0
      vertex 7.5 5.2 0
      vertex 73.3 5.2 0
    endloop
  endfacet
  facet normal 0 0 -1
    outer loop
      vertex 7.48032 4.89979 0
      vertex 73.3197 4.89979 0
      vertex 73.3784 4.60472 0
    endloop
  endfacet
  facet normal 0 0 -1
    outer loop
      vertex 7.42163 4.60472 0
      vertex 73.3784 4.60472 0
      vertex 73.4751 4.31983 0
    endloop
  endfacet
  facet normal 0 0 -1
    outer loop
      vertex 7.32492 4.31983 0
      vertex 73.4751 4.31983 0
      vertex 73.6081 4.05 0
    endloop
  endfacet
  facet normal 0 0 -1
    outer loop
      vertex 7.19186 4.05 0
      vertex 73.6081 4.05 0
      vertex 73.7753 3.79985 0
    endloop
  endfacet
  facet normal 0 0 -1
    outer loop
      vertex 7.02471 3.79985 0
      vertex 73.7753 3.79985 0
      vertex 76.8 0 0
    endloop
  endfacet
  facet normal 0 0 -1
    outer loop
      vertex 73.3197 4.89979 0
      vertex 7.48032 4.89979 0
      vertex 7.5 5.2 0
    endloop
  endfacet
  facet normal 0 0 -1
    outer loop
      vertex 73.3784 4.60472 0
      vertex 7.42163 4.60472 0
      vertex 7.48032 4.89979 0
    endloop
  endfacet
  facet normal 0 0 -1
    outer loop
      vertex 73.4751 4.31983 0
      vertex 7.32492 4.31983 0
      vertex 7.42163 4.60472 0
    endloop
  endfacet
  facet normal 0 0 -1
    outer loop
      vertex 73.6081 4.05 0
      vertex 7.19186 4.05 0
      vertex 7.32492 4.31983 0
    endloop
  endfacet
  facet normal 0 0 -1
    outer loop
      vertex 73.7753 3.79985 0
      vertex 7.02471 3.79985 0
      vertex 7.19186 4.05 0
    endloop
  endfacet
  facet normal 0 0 -1
    outer loop
      vertex 76.8 0 0
      vertex 6.82634 3.57366 0
      vertex 7.02471 3.79985 0
    endloop
  endfacet
  facet normal 0 0 -1
    outer loop
      vertex 4 0 0
      vertex 6.82634 3.57366 0
      vertex 76.8 0 0
    endloop
  endfacet
  facet normal 0 0 -1
    outer loop
      vertex 6.82634 3.57366 0
      vertex 4 0 0
      vertex 6.60015 3.37529 0
    endloop
  endfacet
  facet normal 0 0 -1
    outer loop
      vertex 6.60015 3.37529 0
      vertex 4 0 0
      vertex 6.35 3.20814 0
    endloop
  endfacet
  facet normal 0 0 -1
    outer loop
      vertex 6.35 3.20814 0
      vertex 4 0 0
      vertex 6.08017 3.07508 0
    endloop
  endfacet
  facet normal 0 0 -1
    outer loop
      vertex 6.08017 3.07508 0
      vertex 4 0 0
      vertex 5.79528 2.97837 0
    endloop
  endfacet
  facet normal 0 0 -1
    outer loop
      vertex 5.79528 2.97837 0
      vertex 4 0 0
      vertex 5.50021 2.91968 0
    endloop
  endfacet
  facet normal 0 0 -1
    outer loop
      vertex 5.50021 2.91968 0
      vertex 4 0 0
      vertex 5.2 2.9 0
    endloop
  endfacet
  facet normal 0 0 -1
    outer loop
      vertex 4 0 0
      vertex 4.89979 2.91968 0
      vertex 5.2 2.9 0
    endloop
  endfacet
  facet normal 0 0 -1
    outer loop
      vertex 4 0 0
      vertex 4.60472 2.97837 0
      vertex 4.89979 2.91968 0
    endloop
  endfacet
  facet normal 0 0 -1
    outer loop
      vertex 4 0 0
      vertex 4.31983 3.07508 0
      vertex 4.60472 2.97837 0
    endloop
  endfacet
  facet normal 0 0 -1
    outer loop
      vertex 3.47789 0.0342255 0
      vertex 4.31983 3.07508 0
      vertex 4 0 0
    endloop
  endfacet
  facet normal 0 0 -1
    outer loop
      vertex 2.96472 0.136292 0
      vertex 4.31983 3.07508 0
      vertex 3.47789 0.0342255 0
    endloop
  endfacet
  facet normal -0 0 -1
    outer loop
      vertex 4.31983 3.07508 0
      vertex 2.96472 0.136292 0
      vertex 4.05 3.20814 0
    endloop
  endfacet
  facet normal 0 0 -1
    outer loop
      vertex 2.46927 0.304489 0
      vertex 4.05 3.20814 0
      vertex 2.96472 0.136292 0
    endloop
  endfacet
  facet normal -0 0 -1
    outer loop
      vertex 4.05 3.20814 0
      vertex 2.46927 0.304489 0
      vertex 3.79985 3.37529 0
    endloop
  endfacet
  facet normal 0 0 -1
    outer loop
      vertex 2 0.535904 0
      vertex 3.79985 3.37529 0
      vertex 2.46927 0.304489 0
    endloop
  endfacet
  facet normal 0 0 -1
    outer loop
      vertex 1.56496 0.826584 0
      vertex 3.79985 3.37529 0
      vertex 2 0.535904 0
    endloop
  endfacet
  facet normal -0 0 -1
    outer loop
      vertex 3.79985 3.37529 0
      vertex 1.56496 0.826584 0
      vertex 3.57366 3.57366 0
    endloop
  endfacet
  facet normal 0 0 -1
    outer loop
      vertex 1.17157 1.17157 0
      vertex 3.57366 3.57366 0
      vertex 1.56496 0.826584 0
    endloop
  endfacet
  facet normal 0 0 -1
    outer loop
      vertex 0.826584 1.56496 0
      vertex 3.57366 3.57366 0
      vertex 1.17157 1.17157 0
    endloop
  endfacet
  facet normal -0 0 -1
    outer loop
      vertex 3.57366 3.57366 0
      vertex 0.826584 1.56496 0
      vertex 3.37529 3.79985 0
    endloop
  endfacet
  facet normal 0 0 -1
    outer loop
      vertex 0.304489 2.46927 0
      vertex 3.37529 3.79985 0
      vertex 0.535904 2 0
    endloop
  endfacet
  facet normal 0 0 -1
    outer loop
      vertex 0.535904 2 0
      vertex 3.37529 3.79985 0
      vertex 0.826584 1.56496 0
    endloop
  endfacet
  facet normal 0 0 -1
    outer loop
      vertex 77.8803 51.9002 0
      vertex 78.4 56.4613 0
      vertex 77.9 51.6 0
    endloop
  endfacet
  facet normal 0 0 -1
    outer loop
      vertex 77.8216 52.1953 0
      vertex 78.4 56.4613 0
      vertex 77.8803 51.9002 0
    endloop
  endfacet
  facet normal 0 0 -1
    outer loop
      vertex 77.7249 52.4802 0
      vertex 78.4 56.4613 0
      vertex 77.8216 52.1953 0
    endloop
  endfacet
  facet normal 0 0 -1
    outer loop
      vertex 77.5919 52.75 0
      vertex 78.4 56.4613 0
      vertex 77.7249 52.4802 0
    endloop
  endfacet
  facet normal 0 0 -1
    outer loop
      vertex 77.4247 53.0002 0
      vertex 78.4 56.4613 0
      vertex 77.5919 52.75 0
    endloop
  endfacet
  facet normal 0 0 -1
    outer loop
      vertex 77.2263 53.2263 0
      vertex 78.4 56.4613 0
      vertex 77.4247 53.0002 0
    endloop
  endfacet
  facet normal 0 0 -1
    outer loop
      vertex 77.0002 53.4247 0
      vertex 78.4 56.4613 0
      vertex 77.2263 53.2263 0
    endloop
  endfacet
  facet normal 0 0 -1
    outer loop
      vertex 76.75 53.5919 0
      vertex 78.4 56.4613 0
      vertex 77.0002 53.4247 0
    endloop
  endfacet
  facet normal -0 0 -1
    outer loop
      vertex 78.4 56.4613 0
      vertex 76.75 53.5919 0
      vertex 78.3307 56.4955 0
    endloop
  endfacet
  facet normal -0 0 -1
    outer loop
      vertex 78.3307 56.4955 0
      vertex 76.75 53.5919 0
      vertex 77.8353 56.6637 0
    endloop
  endfacet
  facet normal 0 0 -1
    outer loop
      vertex 76.4802 53.7249 0
      vertex 77.8353 56.6637 0
      vertex 76.75 53.5919 0
    endloop
  endfacet
  facet normal -0 0 -1
    outer loop
      vertex 77.8353 56.6637 0
      vertex 76.4802 53.7249 0
      vertex 77.3221 56.7658 0
    endloop
  endfacet
  facet normal -0 0 -1
    outer loop
      vertex 77.3221 56.7658 0
      vertex 76.4802 53.7249 0
      vertex 76.8 56.8 0
    endloop
  endfacet
  facet normal 0 0 -1
    outer loop
      vertex 76.1953 53.8216 0
      vertex 76.8 56.8 0
      vertex 76.4802 53.7249 0
    endloop
  endfacet
  facet normal 0 0 -1
    outer loop
      vertex 75.9002 53.8803 0
      vertex 76.8 56.8 0
      vertex 76.1953 53.8216 0
    endloop
  endfacet
  facet normal 0 0 -1
    outer loop
      vertex 75.6 53.9 0
      vertex 76.8 56.8 0
      vertex 75.9002 53.8803 0
    endloop
  endfacet
  facet normal 0 0 -1
    outer loop
      vertex 75.2998 53.8803 0
      vertex 76.8 56.8 0
      vertex 75.6 53.9 0
    endloop
  endfacet
  facet normal 0 0 -1
    outer loop
      vertex 75.0047 53.8216 0
      vertex 76.8 56.8 0
      vertex 75.2998 53.8803 0
    endloop
  endfacet
  facet normal 0 0 -1
    outer loop
      vertex 74.7198 53.7249 0
      vertex 76.8 56.8 0
      vertex 75.0047 53.8216 0
    endloop
  endfacet
  facet normal 0 0 -1
    outer loop
      vertex 74.45 53.5919 0
      vertex 76.8 56.8 0
      vertex 74.7198 53.7249 0
    endloop
  endfacet
  facet normal 0 0 -1
    outer loop
      vertex 74.1999 53.4247 0
      vertex 76.8 56.8 0
      vertex 74.45 53.5919 0
    endloop
  endfacet
  facet normal 0 0 -1
    outer loop
      vertex 73.9737 53.2263 0
      vertex 76.8 56.8 0
      vertex 74.1999 53.4247 0
    endloop
  endfacet
  facet normal 0 0 -1
    outer loop
      vertex 73.7753 53.0002 0
      vertex 76.8 56.8 0
      vertex 73.9737 53.2263 0
    endloop
  endfacet
  facet normal 0 0 -1
    outer loop
      vertex 73.3197 51.2998 0
      vertex 7.5 51.6 0
      vertex 73.3 51.6 0
    endloop
  endfacet
  facet normal 0 0 -1
    outer loop
      vertex 73.3 51.6 0
      vertex 7.5 51.6 0
      vertex 73.3197 51.9002 0
    endloop
  endfacet
  facet normal 0 0 -1
    outer loop
      vertex 7.48032 51.9002 0
      vertex 73.3197 51.9002 0
      vertex 7.5 51.6 0
    endloop
  endfacet
  facet normal 0 0 -1
    outer loop
      vertex 73.3197 51.9002 0
      vertex 7.48032 51.9002 0
      vertex 73.3784 52.1953 0
    endloop
  endfacet
  facet normal 0 0 -1
    outer loop
      vertex 7.42163 52.1953 0
      vertex 73.3784 52.1953 0
      vertex 7.48032 51.9002 0
    endloop
  endfacet
  facet normal 0 0 -1
    outer loop
      vertex 73.3784 52.1953 0
      vertex 7.42163 52.1953 0
      vertex 73.4751 52.4802 0
    endloop
  endfacet
  facet normal 0 0 -1
    outer loop
      vertex 7.32492 52.4802 0
      vertex 73.4751 52.4802 0
      vertex 7.42163 52.1953 0
    endloop
  endfacet
  facet normal 0 0 -1
    outer loop
      vertex 73.4751 52.4802 0
      vertex 7.32492 52.4802 0
      vertex 73.6081 52.75 0
    endloop
  endfacet
  facet normal 0 0 -1
    outer loop
      vertex 7.19186 52.75 0
      vertex 73.6081 52.75 0
      vertex 7.32492 52.4802 0
    endloop
  endfacet
  facet normal 0 0 -1
    outer loop
      vertex 73.6081 52.75 0
      vertex 7.19186 52.75 0
      vertex 73.7753 53.0002 0
    endloop
  endfacet
  facet normal 0 0 -1
    outer loop
      vertex 7.02471 53.0002 0
      vertex 73.7753 53.0002 0
      vertex 7.19186 52.75 0
    endloop
  endfacet
  facet normal 0 0 -1
    outer loop
      vertex 73.7753 53.0002 0
      vertex 7.02471 53.0002 0
      vertex 76.8 56.8 0
    endloop
  endfacet
  facet normal 0 0 -1
    outer loop
      vertex 6.82634 53.2263 0
      vertex 76.8 56.8 0
      vertex 7.02471 53.0002 0
    endloop
  endfacet
  facet normal 0 0 -1
    outer loop
      vertex 4 56.8 0
      vertex 6.82634 53.2263 0
      vertex 6.60015 53.4247 0
    endloop
  endfacet
  facet normal 0 0 -1
    outer loop
      vertex 4 56.8 0
      vertex 6.60015 53.4247 0
      vertex 6.35 53.5919 0
    endloop
  endfacet
  facet normal 0 0 -1
    outer loop
      vertex 4 56.8 0
      vertex 6.35 53.5919 0
      vertex 6.08017 53.7249 0
    endloop
  endfacet
  facet normal 0 0 -1
    outer loop
      vertex 4 56.8 0
      vertex 6.08017 53.7249 0
      vertex 5.79528 53.8216 0
    endloop
  endfacet
  facet normal 0 0 -1
    outer loop
      vertex 4 56.8 0
      vertex 5.79528 53.8216 0
      vertex 5.50021 53.8803 0
    endloop
  endfacet
  facet normal 0 0 -1
    outer loop
      vertex 4 56.8 0
      vertex 5.50021 53.8803 0
      vertex 5.2 53.9 0
    endloop
  endfacet
  facet normal 0 0 -1
    outer loop
      vertex 6.82634 53.2263 0
      vertex 4 56.8 0
      vertex 76.8 56.8 0
    endloop
  endfacet
  facet normal 0 0 -1
    outer loop
      vertex 4.89979 53.8803 0
      vertex 4 56.8 0
      vertex 5.2 53.9 0
    endloop
  endfacet
  facet normal 0 0 -1
    outer loop
      vertex 4.60472 53.8216 0
      vertex 4 56.8 0
      vertex 4.89979 53.8803 0
    endloop
  endfacet
  facet normal 0 0 -1
    outer loop
      vertex 4.31983 53.7249 0
      vertex 4 56.8 0
      vertex 4.60472 53.8216 0
    endloop
  endfacet
  facet normal 0 0 -1
    outer loop
      vertex 2.96472 56.6637 0
      vertex 4.31983 53.7249 0
      vertex 4.05 53.5919 0
    endloop
  endfacet
  facet normal 0 0 -1
    outer loop
      vertex 2.46927 56.4955 0
      vertex 4.05 53.5919 0
      vertex 3.79985 53.4247 0
    endloop
  endfacet
  facet normal 0 0 -1
    outer loop
      vertex 1.56496 55.9734 0
      vertex 3.79985 53.4247 0
      vertex 3.57366 53.2263 0
    endloop
  endfacet
  facet normal 0 0 -1
    outer loop
      vertex 4.31983 53.7249 0
      vertex 3.47789 56.7658 0
      vertex 4 56.8 0
    endloop
  endfacet
  facet normal 0 0 -1
    outer loop
      vertex 0.826584 55.235 0
      vertex 3.57366 53.2263 0
      vertex 3.37529 53.0002 0
    endloop
  endfacet
  facet normal 0 0 -1
    outer loop
      vertex 0.304489 54.3307 0
      vertex 3.37529 53.0002 0
      vertex 3.20814 52.75 0
    endloop
  endfacet
  facet normal 0 0 -1
    outer loop
      vertex 0.136292 53.8353 0
      vertex 3.20814 52.75 0
      vertex 3.07508 52.4802 0
    endloop
  endfacet
  facet normal 0 0 -1
    outer loop
      vertex 0 52.8 0
      vertex 3.07508 52.4802 0
      vertex 2.97837 52.1953 0
    endloop
  endfacet
  facet normal 0 0 -1
    outer loop
      vertex 4.31983 53.7249 0
      vertex 2.96472 56.6637 0
      vertex 3.47789 56.7658 0
    endloop
  endfacet
  facet normal 0 0 -1
    outer loop
      vertex 0 52.8 0
      vertex 2.97837 52.1953 0
      vertex 2.91968 51.9002 0
    endloop
  endfacet
  facet normal 0 0 -1
    outer loop
      vertex 0 52.8 0
      vertex 2.91968 51.9002 0
      vertex 2.9 51.6 0
    endloop
  endfacet
  facet normal 0 0 -1
    outer loop
      vertex 4.05 53.5919 0
      vertex 2.46927 56.4955 0
      vertex 2.96472 56.6637 0
    endloop
  endfacet
  facet normal 0 0 -1
    outer loop
      vertex 2.97837 51.0047 0
      vertex 0 52.8 0
      vertex 2.91968 51.2998 0
    endloop
  endfacet
  facet normal -0 0 -1
    outer loop
      vertex 3.37529 3.79985 0
      vertex 0.304489 2.46927 0
      vertex 3.20814 4.05 0
    endloop
  endfacet
  facet normal 0 0 -1
    outer loop
      vertex 2.91968 51.2998 0
      vertex 0 52.8 0
      vertex 2.9 51.6 0
    endloop
  endfacet
  facet normal 0 0 -1
    outer loop
      vertex 0.136292 2.96472 0
      vertex 3.20814 4.05 0
      vertex 0.304489 2.46927 0
    endloop
  endfacet
  facet normal 0 0 -1
    outer loop
      vertex 3.07508 52.4802 0
      vertex 0 52.8 0
      vertex 0.0342255 53.3221 0
    endloop
  endfacet
  facet normal -0 0 -1
    outer loop
      vertex 3.20814 4.05 0
      vertex 0.136292 2.96472 0
      vertex 3.07508 4.31983 0
    endloop
  endfacet
  facet normal 0 0 -1
    outer loop
      vertex 3.79985 53.4247 0
      vertex 2 56.2641 0
      vertex 2.46927 56.4955 0
    endloop
  endfacet
  facet normal 0 0 -1
    outer loop
      vertex 0.0342255 3.47789 0
      vertex 3.07508 4.31983 0
      vertex 0.136292 2.96472 0
    endloop
  endfacet
  facet normal 0 0 -1
    outer loop
      vertex 3.79985 53.4247 0
      vertex 1.56496 55.9734 0
      vertex 2 56.2641 0
    endloop
  endfacet
  facet normal 0 0 -1
    outer loop
      vertex 0 4 0
      vertex 3.07508 4.31983 0
      vertex 0.0342255 3.47789 0
    endloop
  endfacet
  facet normal 0 0 -1
    outer loop
      vertex 3.57366 53.2263 0
      vertex 1.17157 55.6284 0
      vertex 1.56496 55.9734 0
    endloop
  endfacet
  facet normal -0 0 -1
    outer loop
      vertex 3.07508 4.31983 0
      vertex 0 4 0
      vertex 2.97837 4.60472 0
    endloop
  endfacet
  facet normal 0 0 -1
    outer loop
      vertex 3.57366 53.2263 0
      vertex 0.826584 55.235 0
      vertex 1.17157 55.6284 0
    endloop
  endfacet
  facet normal -0 0 -1
    outer loop
      vertex 2.97837 4.60472 0
      vertex 0 4 0
      vertex 2.91968 4.89979 0
    endloop
  endfacet
  facet normal 0 0 -1
    outer loop
      vertex 3.37529 53.0002 0
      vertex 0.535904 54.8 0
      vertex 0.826584 55.235 0
    endloop
  endfacet
  facet normal -0 0 -1
    outer loop
      vertex 2.91968 4.89979 0
      vertex 0 4 0
      vertex 2.9 5.2 0
    endloop
  endfacet
  facet normal 0 0 -1
    outer loop
      vertex 3.37529 53.0002 0
      vertex 0.304489 54.3307 0
      vertex 0.535904 54.8 0
    endloop
  endfacet
  facet normal 0 0 -1
    outer loop
      vertex 3.20814 52.75 0
      vertex 0.136292 53.8353 0
      vertex 0.304489 54.3307 0
    endloop
  endfacet
  facet normal 0 0 -1
    outer loop
      vertex 3.07508 52.4802 0
      vertex 0.0342255 53.3221 0
      vertex 0.136292 53.8353 0
    endloop
  endfacet
  facet normal -0.442284 -0.896875 0
    outer loop
      vertex 2 0.535904 0
      vertex 2.46927 0.304489 11.8
      vertex 2 0.535904 11.8
    endloop
  endfacet
  facet normal -0.442284 -0.896875 -0
    outer loop
      vertex 2.46927 0.304489 11.8
      vertex 2 0.535904 0
      vertex 2.46927 0.304489 0
    endloop
  endfacet
  facet normal -0.0654119 -0.997858 0
    outer loop
      vertex 3.47789 0.0342255 0
      vertex 4 0 11.8
      vertex 3.47789 0.0342255 11.8
    endloop
  endfacet
  facet normal -0.0654119 -0.997858 -0
    outer loop
      vertex 4 0 11.8
      vertex 3.47789 0.0342255 0
      vertex 4 0 0
    endloop
  endfacet
  facet normal 0.442549 0.896744 -0
    outer loop
      vertex 78.4 56.4613 0
      vertex 78.3307 56.4955 11.8
      vertex 78.4 56.4613 11.8
    endloop
  endfacet
  facet normal 0.442549 0.896744 0
    outer loop
      vertex 78.3307 56.4955 11.8
      vertex 78.4 56.4613 0
      vertex 78.3307 56.4955 0
    endloop
  endfacet
  facet normal 0.442185 -0.896924 0
    outer loop
      vertex 78.3307 0.304489 0
      vertex 78.4 0.338654 11.8
      vertex 78.3307 0.304489 11.8
    endloop
  endfacet
  facet normal 0.442185 -0.896924 0
    outer loop
      vertex 78.4 0.338654 11.8
      vertex 78.3307 0.304489 0
      vertex 78.4 0.338654 0
    endloop
  endfacet
  facet normal -0.751855 0.659328 0
    outer loop
      vertex 0.826584 55.235 0
      vertex 1.17157 55.6284 11.8
      vertex 1.17157 55.6284 0
    endloop
  endfacet
  facet normal -0.751855 0.659328 0
    outer loop
      vertex 1.17157 55.6284 11.8
      vertex 0.826584 55.235 0
      vertex 0.826584 55.235 11.8
    endloop
  endfacet
  facet normal -0.321469 0.94692 0
    outer loop
      vertex 2.96472 56.6637 0
      vertex 2.46927 56.4955 11.8
      vertex 2.96472 56.6637 11.8
    endloop
  endfacet
  facet normal -0.321469 0.94692 0
    outer loop
      vertex 2.46927 56.4955 11.8
      vertex 2.96472 56.6637 0
      vertex 2.46927 56.4955 0
    endloop
  endfacet
  facet normal -0.83145 0.5556 0
    outer loop
      vertex 0.535904 54.8 0
      vertex 0.826584 55.235 11.8
      vertex 0.826584 55.235 0
    endloop
  endfacet
  facet normal -0.83145 0.5556 0
    outer loop
      vertex 0.826584 55.235 11.8
      vertex 0.535904 54.8 0
      vertex 0.535904 54.8 11.8
    endloop
  endfacet
  facet normal -0.997858 0.0654131 0
    outer loop
      vertex 0 52.8 0
      vertex 0.0342255 53.3221 11.8
      vertex 0.0342255 53.3221 0
    endloop
  endfacet
  facet normal -0.997858 0.0654131 0
    outer loop
      vertex 0.0342255 53.3221 11.8
      vertex 0 52.8 0
      vertex 0 52.8 11.8
    endloop
  endfacet
  facet normal -0.980791 0.195062 0
    outer loop
      vertex 0.0342255 53.3221 0
      vertex 0.136292 53.8353 11.8
      vertex 0.136292 53.8353 0
    endloop
  endfacet
  facet normal -0.980791 0.195062 0
    outer loop
      vertex 0.136292 53.8353 11.8
      vertex 0.0342255 53.3221 0
      vertex 0.0342255 53.3221 11.8
    endloop
  endfacet
  facet normal -0.997858 -0.0654119 0
    outer loop
      vertex 0.0342255 3.47789 0
      vertex 0 4 11.8
      vertex 0 4 0
    endloop
  endfacet
  facet normal -0.997858 -0.0654119 0
    outer loop
      vertex 0 4 11.8
      vertex 0.0342255 3.47789 0
      vertex 0.0342255 3.47789 11.8
    endloop
  endfacet
  facet normal -0.831474 -0.555564 0
    outer loop
      vertex 0.826584 1.56496 0
      vertex 0.535904 2 11.8
      vertex 0.535904 2 0
    endloop
  endfacet
  facet normal -0.831474 -0.555564 0
    outer loop
      vertex 0.535904 2 11.8
      vertex 0.826584 1.56496 0
      vertex 0.826584 1.56496 11.8
    endloop
  endfacet
  facet normal -0.946922 -0.321464 0
    outer loop
      vertex 0.304489 2.46927 0
      vertex 0.136292 2.96472 11.8
      vertex 0.136292 2.96472 0
    endloop
  endfacet
  facet normal -0.946922 -0.321464 0
    outer loop
      vertex 0.136292 2.96472 11.8
      vertex 0.304489 2.46927 0
      vertex 0.304489 2.46927 11.8
    endloop
  endfacet
  facet normal -0.321464 -0.946922 0
    outer loop
      vertex 2.46927 0.304489 0
      vertex 2.96472 0.136292 11.8
      vertex 2.46927 0.304489 11.8
    endloop
  endfacet
  facet normal -0.321464 -0.946922 -0
    outer loop
      vertex 2.96472 0.136292 11.8
      vertex 2.46927 0.304489 0
      vertex 2.96472 0.136292 0
    endloop
  endfacet
  facet normal -0.555591 0.831456 0
    outer loop
      vertex 2 56.2641 0
      vertex 1.56496 55.9734 11.8
      vertex 2 56.2641 11.8
    endloop
  endfacet
  facet normal -0.555591 0.831456 0
    outer loop
      vertex 1.56496 55.9734 11.8
      vertex 2 56.2641 0
      vertex 1.56496 55.9734 0
    endloop
  endfacet
  facet normal -0.946912 0.321493 0
    outer loop
      vertex 0.136292 53.8353 0
      vertex 0.304489 54.3307 11.8
      vertex 0.304489 54.3307 0
    endloop
  endfacet
  facet normal -0.946912 0.321493 0
    outer loop
      vertex 0.304489 54.3307 11.8
      vertex 0.136292 53.8353 0
      vertex 0.136292 53.8353 11.8
    endloop
  endfacet
  facet normal -0.896886 0.442261 0
    outer loop
      vertex 0.304489 54.3307 0
      vertex 0.535904 54.8 11.8
      vertex 0.535904 54.8 0
    endloop
  endfacet
  facet normal -0.896886 0.442261 0
    outer loop
      vertex 0.535904 54.8 11.8
      vertex 0.304489 54.3307 0
      vertex 0.304489 54.3307 11.8
    endloop
  endfacet
  facet normal -0.751847 -0.659337 0
    outer loop
      vertex 1.17157 1.17157 0
      vertex 0.826584 1.56496 11.8
      vertex 0.826584 1.56496 0
    endloop
  endfacet
  facet normal -0.751847 -0.659337 0
    outer loop
      vertex 0.826584 1.56496 11.8
      vertex 1.17157 1.17157 0
      vertex 1.17157 1.17157 11.8
    endloop
  endfacet
  facet normal -0.980789 -0.195073 0
    outer loop
      vertex 0.136292 2.96472 0
      vertex 0.0342255 3.47789 11.8
      vertex 0.0342255 3.47789 0
    endloop
  endfacet
  facet normal -0.980789 -0.195073 0
    outer loop
      vertex 0.0342255 3.47789 11.8
      vertex 0.136292 2.96472 0
      vertex 0.136292 2.96472 11.8
    endloop
  endfacet
  facet normal -0.896875 -0.442284 0
    outer loop
      vertex 0.535904 2 0
      vertex 0.304489 2.46927 11.8
      vertex 0.304489 2.46927 0
    endloop
  endfacet
  facet normal -0.896875 -0.442284 0
    outer loop
      vertex 0.304489 2.46927 11.8
      vertex 0.535904 2 0
      vertex 0.535904 2 11.8
    endloop
  endfacet
  facet normal -0.44226 0.896887 0
    outer loop
      vertex 2.46927 56.4955 0
      vertex 2 56.2641 11.8
      vertex 2.46927 56.4955 11.8
    endloop
  endfacet
  facet normal -0.44226 0.896887 0
    outer loop
      vertex 2 56.2641 11.8
      vertex 2.46927 56.4955 0
      vertex 2 56.2641 0
    endloop
  endfacet
  facet normal 1 0 0
    outer loop
      vertex 78.4 7.6 11.8
      vertex 78.4 2.4 11.8
      vertex 78.4 7.6 1.6
    endloop
  endfacet
  facet normal 1 -0 0
    outer loop
      vertex 78.4 54.4 11.8
      vertex 78.4 56.4613 0
      vertex 78.4 56.4613 11.8
    endloop
  endfacet
  facet normal 1 0 0
    outer loop
      vertex 78.4 49.2 1.6
      vertex 78.4 54.4 11.8
      vertex 78.4 49.2 11.8
    endloop
  endfacet
  facet normal 1 0 0
    outer loop
      vertex 78.4 54.4 11.8
      vertex 78.4 49.2 1.6
      vertex 78.4 56.4613 0
    endloop
  endfacet
  facet normal 1 -0 0
    outer loop
      vertex 78.4 7.6 1.6
      vertex 78.4 56.4613 0
      vertex 78.4 49.2 1.6
    endloop
  endfacet
  facet normal 1 0 0
    outer loop
      vertex 78.4 0.338654 0
      vertex 78.4 2.4 11.8
      vertex 78.4 0.338654 11.8
    endloop
  endfacet
  facet normal 1 0 0
    outer loop
      vertex 78.4 7.6 1.6
      vertex 78.4 0.338654 0
      vertex 78.4 56.4613 0
    endloop
  endfacet
  facet normal 1 0 0
    outer loop
      vertex 78.4 2.4 11.8
      vertex 78.4 0.338654 0
      vertex 78.4 7.6 1.6
    endloop
  endfacet
  facet normal -1 0 0
    outer loop
      vertex 12 -2.59 0.6
      vertex 12 0 8.6
      vertex 12 0 0.6
    endloop
  endfacet
  facet normal -1 -0 0
    outer loop
      vertex 12 0 8.6
      vertex 12 -2.59 0.6
      vertex 12 -2.59 8.6
    endloop
  endfacet
  facet normal 1 -0 0
    outer loop
      vertex 22 -2.59 8.6
      vertex 22 0 0.6
      vertex 22 0 8.6
    endloop
  endfacet
  facet normal 1 0 0
    outer loop
      vertex 22 0 0.6
      vertex 22 -2.59 8.6
      vertex 22 -2.59 0.6
    endloop
  endfacet
  facet normal 0 -0.707107 0.707107
    outer loop
      vertex 13 -3.59 7.6
      vertex 14.3 -2.59 8.6
      vertex 12 -2.59 8.6
    endloop
  endfacet
  facet normal 0 -0.707107 0.707107
    outer loop
      vertex 14.3 -2.79 8.4
      vertex 13 -3.59 7.6
      vertex 19.7 -2.79 8.4
    endloop
  endfacet
  facet normal -2.41553e-15 -0.707107 0.707107
    outer loop
      vertex 14.3 -2.59 8.6
      vertex 13 -3.59 7.6
      vertex 14.3 -2.79 8.4
    endloop
  endfacet
  facet normal 2.41553e-15 -0.707107 0.707107
    outer loop
      vertex 21 -3.59 7.6
      vertex 19.7 -2.59 8.6
      vertex 19.7 -2.79 8.4
    endloop
  endfacet
  facet normal 0 -0.707107 0.707107
    outer loop
      vertex 21 -3.59 7.6
      vertex 19.7 -2.79 8.4
      vertex 13 -3.59 7.6
    endloop
  endfacet
  facet normal 0 -0.707107 0.707107
    outer loop
      vertex 19.7 -2.59 8.6
      vertex 21 -3.59 7.6
      vertex 22 -2.59 8.6
    endloop
  endfacet
  facet normal 0 0 -1
    outer loop
      vertex 21 -3.59 0.6
      vertex 14.3 -2.79 0.6
      vertex 19.7 -2.79 0.6
    endloop
  endfacet
  facet normal 0 0 -1
    outer loop
      vertex 12 -2.59 0.6
      vertex 14.3 -2.79 0.6
      vertex 13 -3.59 0.6
    endloop
  endfacet
  facet normal 0 0 -1
    outer loop
      vertex 13 -3.59 0.6
      vertex 14.3 -2.79 0.6
      vertex 21 -3.59 0.6
    endloop
  endfacet
  facet normal 0 0 -1
    outer loop
      vertex 19.7 -2.79 0.6
      vertex 22 -2.59 0.6
      vertex 21 -3.59 0.6
    endloop
  endfacet
  facet normal -0 0 -1
    outer loop
      vertex 22 -2.59 0.6
      vertex 19.7 -2.79 0.6
      vertex 19.7 -0.789999 0.6
    endloop
  endfacet
  facet normal 0 0 -1
    outer loop
      vertex 22 -2.59 0.6
      vertex 19.7 -0.789999 0.6
      vertex 22 0 0.6
    endloop
  endfacet
  facet normal 0 0 -1
    outer loop
      vertex 14.3 -0.789999 0.6
      vertex 22 0 0.6
      vertex 19.7 -0.789999 0.6
    endloop
  endfacet
  facet normal 0 0 -1
    outer loop
      vertex 14.3 -2.79 0.6
      vertex 12 -2.59 0.6
      vertex 14.3 -0.789999 0.6
    endloop
  endfacet
  facet normal 0 0 -1
    outer loop
      vertex 14.3 -0.789999 0.6
      vertex 12 0 0.6
      vertex 22 0 0.6
    endloop
  endfacet
  facet normal 0 0 -1
    outer loop
      vertex 12 0 0.6
      vertex 14.3 -0.789999 0.6
      vertex 12 -2.59 0.6
    endloop
  endfacet
  facet normal -0.707107 -0.707107 -0
    outer loop
      vertex 13 -3.59 7.6
      vertex 12 -2.59 0.6
      vertex 13 -3.59 0.6
    endloop
  endfacet
  facet normal -0.707107 -0.707107 0
    outer loop
      vertex 12 -2.59 0.6
      vertex 13 -3.59 7.6
      vertex 12 -2.59 8.6
    endloop
  endfacet
  facet normal 0 0 1
    outer loop
      vertex 22 0 8.6
      vertex 19.7 -0.789999 8.6
      vertex 22 -2.59 8.6
    endloop
  endfacet
  facet normal 0 0 1
    outer loop
      vertex 22 0 8.6
      vertex 14.3 -0.789999 8.6
      vertex 19.7 -0.789999 8.6
    endloop
  endfacet
  facet normal -0 0 1
    outer loop
      vertex 12 0 8.6
      vertex 14.3 -0.789999 8.6
      vertex 22 0 8.6
    endloop
  endfacet
  facet normal 0 0 1
    outer loop
      vertex 12 -2.59 8.6
      vertex 14.3 -0.789999 8.6
      vertex 12 0 8.6
    endloop
  endfacet
  facet normal 0 0 1
    outer loop
      vertex 14.3 -0.789999 8.6
      vertex 12 -2.59 8.6
      vertex 14.3 -2.59 8.6
    endloop
  endfacet
  facet normal 0 0 1
    outer loop
      vertex 22 -2.59 8.6
      vertex 19.7 -0.789999 8.6
      vertex 19.7 -2.59 8.6
    endloop
  endfacet
  facet normal 0.707107 -0.707107 0
    outer loop
      vertex 21 -3.59 7.6
      vertex 22 -2.59 0.6
      vertex 22 -2.59 8.6
    endloop
  endfacet
  facet normal 0.707107 -0.707107 0
    outer loop
      vertex 22 -2.59 0.6
      vertex 21 -3.59 7.6
      vertex 21 -3.59 0.6
    endloop
  endfacet
  facet normal 0 -1 0
    outer loop
      vertex 13 -3.59 0.6
      vertex 21 -3.59 7.6
      vertex 13 -3.59 7.6
    endloop
  endfacet
  facet normal 0 -1 -0
    outer loop
      vertex 21 -3.59 7.6
      vertex 13 -3.59 0.6
      vertex 21 -3.59 0.6
    endloop
  endfacet
  facet normal 1 0 0
    outer loop
      vertex 14.3 -2.79 8.4
      vertex 14.3 -0.789999 8.6
      vertex 14.3 -2.59 8.6
    endloop
  endfacet
  facet normal 1 0 0
    outer loop
      vertex 14.3 -0.789999 8.6
      vertex 14.3 -2.79 8.4
      vertex 14.3 -0.789999 0.6
    endloop
  endfacet
  facet normal 1 0 0
    outer loop
      vertex 14.3 -0.789999 0.6
      vertex 14.3 -2.79 8.4
      vertex 14.3 -2.79 0.6
    endloop
  endfacet
  facet normal -1 0 0
    outer loop
      vertex 19.7 -2.79 8.4
      vertex 19.7 -0.789999 8.6
      vertex 19.7 -0.789999 0.6
    endloop
  endfacet
  facet normal -1 0 0
    outer loop
      vertex 19.7 -2.79 8.4
      vertex 19.7 -0.789999 0.6
      vertex 19.7 -2.79 0.6
    endloop
  endfacet
  facet normal -1 -0 0
    outer loop
      vertex 19.7 -0.789999 8.6
      vertex 19.7 -2.79 8.4
      vertex 19.7 -2.59 8.6
    endloop
  endfacet
  facet normal 0 -1 0
    outer loop
      vertex 14.3 -0.789999 0.6
      vertex 19.7 -0.789999 8.6
      vertex 14.3 -0.789999 8.6
    endloop
  endfacet
  facet normal 0 -1 -0
    outer loop
      vertex 19.7 -0.789999 8.6
      vertex 14.3 -0.789999 0.6
      vertex 19.7 -0.789999 0.6
    endloop
  endfacet
  facet normal 0 1 -0
    outer loop
      vertex 19.7 -2.79 0.6
      vertex 14.3 -2.79 8.4
      vertex 19.7 -2.79 8.4
    endloop
  endfacet
  facet normal 0 1 0
    outer loop
      vertex 14.3 -2.79 8.4
      vertex 19.7 -2.79 0.6
      vertex 14.3 -2.79 0.6
    endloop
  endfacet
  facet normal -1 0 0
    outer loop
      vertex 58.8 -2.59 0.6
      vertex 58.8 0 8.6
      vertex 58.8 0 0.6
    endloop
  endfacet
  facet normal -1 -0 0
    outer loop
      vertex 58.8 0 8.6
      vertex 58.8 -2.59 0.6
      vertex 58.8 -2.59 8.6
    endloop
  endfacet
  facet normal 1 -0 0
    outer loop
      vertex 68.8 -2.59 8.6
      vertex 68.8 0 0.6
      vertex 68.8 0 8.6
    endloop
  endfacet
  facet normal 1 0 0
    outer loop
      vertex 68.8 0 0.6
      vertex 68.8 -2.59 8.6
      vertex 68.8 -2.59 0.6
    endloop
  endfacet
  facet normal 0 -0.707107 0.707107
    outer loop
      vertex 59.8 -3.59 7.6
      vertex 61.1 -2.59 8.6
      vertex 58.8 -2.59 8.6
    endloop
  endfacet
  facet normal 0 -0.707107 0.707107
    outer loop
      vertex 61.1 -2.79 8.4
      vertex 59.8 -3.59 7.6
      vertex 66.5 -2.79 8.4
    endloop
  endfacet
  facet normal -2.41553e-15 -0.707107 0.707107
    outer loop
      vertex 61.1 -2.59 8.6
      vertex 59.8 -3.59 7.6
      vertex 61.1 -2.79 8.4
    endloop
  endfacet
  facet normal 2.41553e-15 -0.707107 0.707107
    outer loop
      vertex 67.8 -3.59 7.6
      vertex 66.5 -2.59 8.6
      vertex 66.5 -2.79 8.4
    endloop
  endfacet
  facet normal 0 -0.707107 0.707107
    outer loop
      vertex 67.8 -3.59 7.6
      vertex 66.5 -2.79 8.4
      vertex 59.8 -3.59 7.6
    endloop
  endfacet
  facet normal 0 -0.707107 0.707107
    outer loop
      vertex 66.5 -2.59 8.6
      vertex 67.8 -3.59 7.6
      vertex 68.8 -2.59 8.6
    endloop
  endfacet
  facet normal 0 0 -1
    outer loop
      vertex 67.8 -3.59 0.6
      vertex 61.1 -2.79 0.6
      vertex 66.5 -2.79 0.6
    endloop
  endfacet
  facet normal 0 0 -1
    outer loop
      vertex 58.8 -2.59 0.6
      vertex 61.1 -2.79 0.6
      vertex 59.8 -3.59 0.6
    endloop
  endfacet
  facet normal 0 0 -1
    outer loop
      vertex 59.8 -3.59 0.6
      vertex 61.1 -2.79 0.6
      vertex 67.8 -3.59 0.6
    endloop
  endfacet
  facet normal 0 0 -1
    outer loop
      vertex 66.5 -2.79 0.6
      vertex 68.8 -2.59 0.6
      vertex 67.8 -3.59 0.6
    endloop
  endfacet
  facet normal -0 0 -1
    outer loop
      vertex 68.8 -2.59 0.6
      vertex 66.5 -2.79 0.6
      vertex 66.5 -0.789999 0.6
    endloop
  endfacet
  facet normal 0 0 -1
    outer loop
      vertex 68.8 -2.59 0.6
      vertex 66.5 -0.789999 0.6
      vertex 68.8 0 0.6
    endloop
  endfacet
  facet normal 0 0 -1
    outer loop
      vertex 61.1 -0.789999 0.6
      vertex 68.8 0 0.6
      vertex 66.5 -0.789999 0.6
    endloop
  endfacet
  facet normal 0 0 -1
    outer loop
      vertex 61.1 -2.79 0.6
      vertex 58.8 -2.59 0.6
      vertex 61.1 -0.789999 0.6
    endloop
  endfacet
  facet normal 0 0 -1
    outer loop
      vertex 61.1 -0.789999 0.6
      vertex 58.8 0 0.6
      vertex 68.8 0 0.6
    endloop
  endfacet
  facet normal 0 0 -1
    outer loop
      vertex 58.8 0 0.6
      vertex 61.1 -0.789999 0.6
      vertex 58.8 -2.59 0.6
    endloop
  endfacet
  facet normal -0.707107 -0.707107 -0
    outer loop
      vertex 59.8 -3.59 7.6
      vertex 58.8 -2.59 0.6
      vertex 59.8 -3.59 0.6
    endloop
  endfacet
  facet normal -0.707107 -0.707107 0
    outer loop
      vertex 58.8 -2.59 0.6
      vertex 59.8 -3.59 7.6
      vertex 58.8 -2.59 8.6
    endloop
  endfacet
  facet normal 0 0 1
    outer loop
      vertex 68.8 0 8.6
      vertex 66.5 -0.789999 8.6
      vertex 68.8 -2.59 8.6
    endloop
  endfacet
  facet normal 0 0 1
    outer loop
      vertex 68.8 0 8.6
      vertex 61.1 -0.789999 8.6
      vertex 66.5 -0.789999 8.6
    endloop
  endfacet
  facet normal -0 0 1
    outer loop
      vertex 58.8 0 8.6
      vertex 61.1 -0.789999 8.6
      vertex 68.8 0 8.6
    endloop
  endfacet
  facet normal 0 0 1
    outer loop
      vertex 58.8 -2.59 8.6
      vertex 61.1 -0.789999 8.6
      vertex 58.8 0 8.6
    endloop
  endfacet
  facet normal 0 0 1
    outer loop
      vertex 61.1 -0.789999 8.6
      vertex 58.8 -2.59 8.6
      vertex 61.1 -2.59 8.6
    endloop
  endfacet
  facet normal 0 0 1
    outer loop
      vertex 68.8 -2.59 8.6
      vertex 66.5 -0.789999 8.6
      vertex 66.5 -2.59 8.6
    endloop
  endfacet
  facet normal 0.707107 -0.707107 0
    outer loop
      vertex 67.8 -3.59 7.6
      vertex 68.8 -2.59 0.6
      vertex 68.8 -2.59 8.6
    endloop
  endfacet
  facet normal 0.707107 -0.707107 0
    outer loop
      vertex 68.8 -2.59 0.6
      vertex 67.8 -3.59 7.6
      vertex 67.8 -3.59 0.6
    endloop
  endfacet
  facet normal 0 -1 0
    outer loop
      vertex 59.8 -3.59 0.6
      vertex 67.8 -3.59 7.6
      vertex 59.8 -3.59 7.6
    endloop
  endfacet
  facet normal 0 -1 -0
    outer loop
      vertex 67.8 -3.59 7.6
      vertex 59.8 -3.59 0.6
      vertex 67.8 -3.59 0.6
    endloop
  endfacet
  facet normal 1 0 0
    outer loop
      vertex 61.1 -2.79 8.4
      vertex 61.1 -0.789999 8.6
      vertex 61.1 -2.59 8.6
    endloop
  endfacet
  facet normal 1 0 0
    outer loop
      vertex 61.1 -0.789999 8.6
      vertex 61.1 -2.79 8.4
      vertex 61.1 -0.789999 0.6
    endloop
  endfacet
  facet normal 1 0 0
    outer loop
      vertex 61.1 -0.789999 0.6
      vertex 61.1 -2.79 8.4
      vertex 61.1 -2.79 0.6
    endloop
  endfacet
  facet normal -1 0 0
    outer loop
      vertex 66.5 -2.79 8.4
      vertex 66.5 -0.789999 8.6
      vertex 66.5 -0.789999 0.6
    endloop
  endfacet
  facet normal -1 0 0
    outer loop
      vertex 66.5 -2.79 8.4
      vertex 66.5 -0.789999 0.6
      vertex 66.5 -2.79 0.6
    endloop
  endfacet
  facet normal -1 -0 0
    outer loop
      vertex 66.5 -0.789999 8.6
      vertex 66.5 -2.79 8.4
      vertex 66.5 -2.59 8.6
    endloop
  endfacet
  facet normal 0 -1 0
    outer loop
      vertex 61.1 -0.789999 0.6
      vertex 66.5 -0.789999 8.6
      vertex 61.1 -0.789999 8.6
    endloop
  endfacet
  facet normal 0 -1 -0
    outer loop
      vertex 66.5 -0.789999 8.6
      vertex 61.1 -0.789999 0.6
      vertex 66.5 -0.789999 0.6
    endloop
  endfacet
  facet normal 0 1 -0
    outer loop
      vertex 66.5 -2.79 0.6
      vertex 61.1 -2.79 8.4
      vertex 66.5 -2.79 8.4
    endloop
  endfacet
  facet normal 0 1 0
    outer loop
      vertex 61.1 -2.79 8.4
      vertex 66.5 -2.79 0.6
      vertex 61.1 -2.79 0.6
    endloop
  endfacet
  facet normal -1 0 0
    outer loop
      vertex 12 56.8 0.6
      vertex 12 59.39 8.6
      vertex 12 59.39 0.6
    endloop
  endfacet
  facet normal -1 -0 0
    outer loop
      vertex 12 59.39 8.6
      vertex 12 56.8 0.6
      vertex 12 56.8 8.6
    endloop
  endfacet
  facet normal 1 -0 0
    outer loop
      vertex 22 56.8 8.6
      vertex 22 59.39 0.6
      vertex 22 59.39 8.6
    endloop
  endfacet
  facet normal 1 0 0
    outer loop
      vertex 22 59.39 0.6
      vertex 22 56.8 8.6
      vertex 22 56.8 0.6
    endloop
  endfacet
  facet normal 0 0.707107 0.707107
    outer loop
      vertex 21 60.39 7.6
      vertex 19.7 59.39 8.6
      vertex 22 59.39 8.6
    endloop
  endfacet
  facet normal 0 0.707107 0.707107
    outer loop
      vertex 19.7 59.59 8.4
      vertex 21 60.39 7.6
      vertex 14.3 59.59 8.4
    endloop
  endfacet
  facet normal 9.66211e-15 0.707107 0.707107
    outer loop
      vertex 19.7 59.39 8.6
      vertex 21 60.39 7.6
      vertex 19.7 59.59 8.4
    endloop
  endfacet
  facet normal -9.66211e-15 0.707107 0.707107
    outer loop
      vertex 13 60.39 7.6
      vertex 14.3 59.39 8.6
      vertex 14.3 59.59 8.4
    endloop
  endfacet
  facet normal -0 0.707107 0.707107
    outer loop
      vertex 13 60.39 7.6
      vertex 14.3 59.59 8.4
      vertex 21 60.39 7.6
    endloop
  endfacet
  facet normal 0 0.707107 0.707107
    outer loop
      vertex 14.3 59.39 8.6
      vertex 13 60.39 7.6
      vertex 12 59.39 8.6
    endloop
  endfacet
  facet normal 0 0 -1
    outer loop
      vertex 19.7 57.59 0.6
      vertex 22 59.39 0.6
      vertex 22 56.8 0.6
    endloop
  endfacet
  facet normal 0 0 -1
    outer loop
      vertex 19.7 59.59 0.6
      vertex 22 59.39 0.6
      vertex 19.7 57.59 0.6
    endloop
  endfacet
  facet normal 0 0 -1
    outer loop
      vertex 22 56.8 0.6
      vertex 14.3 57.59 0.6
      vertex 19.7 57.59 0.6
    endloop
  endfacet
  facet normal 0 0 -1
    outer loop
      vertex 12 59.39 0.6
      vertex 14.3 59.59 0.6
      vertex 14.3 57.59 0.6
    endloop
  endfacet
  facet normal 0 0 -1
    outer loop
      vertex 12 56.8 0.6
      vertex 14.3 57.59 0.6
      vertex 22 56.8 0.6
    endloop
  endfacet
  facet normal 0 0 -1
    outer loop
      vertex 12 59.39 0.6
      vertex 14.3 57.59 0.6
      vertex 12 56.8 0.6
    endloop
  endfacet
  facet normal -0 0 -1
    outer loop
      vertex 14.3 59.59 0.6
      vertex 12 59.39 0.6
      vertex 13 60.39 0.6
    endloop
  endfacet
  facet normal 0 0 -1
    outer loop
      vertex 22 59.39 0.6
      vertex 19.7 59.59 0.6
      vertex 21 60.39 0.6
    endloop
  endfacet
  facet normal 0 0 -1
    outer loop
      vertex 14.3 59.59 0.6
      vertex 21 60.39 0.6
      vertex 19.7 59.59 0.6
    endloop
  endfacet
  facet normal -0 0 -1
    outer loop
      vertex 21 60.39 0.6
      vertex 14.3 59.59 0.6
      vertex 13 60.39 0.6
    endloop
  endfacet
  facet normal -0.707107 0.707107 0
    outer loop
      vertex 12 59.39 0.6
      vertex 13 60.39 7.6
      vertex 13 60.39 0.6
    endloop
  endfacet
  facet normal -0.707107 0.707107 0
    outer loop
      vertex 13 60.39 7.6
      vertex 12 59.39 0.6
      vertex 12 59.39 8.6
    endloop
  endfacet
  facet normal 0 0 1
    outer loop
      vertex 14.3 59.39 8.6
      vertex 12 59.39 8.6
      vertex 14.3 57.59 8.6
    endloop
  endfacet
  facet normal 0 0 1
    outer loop
      vertex 19.7 57.59 8.6
      vertex 22 59.39 8.6
      vertex 19.7 59.39 8.6
    endloop
  endfacet
  facet normal 0 0 1
    outer loop
      vertex 22 59.39 8.6
      vertex 19.7 57.59 8.6
      vertex 22 56.8 8.6
    endloop
  endfacet
  facet normal -0 0 1
    outer loop
      vertex 14.3 57.59 8.6
      vertex 22 56.8 8.6
      vertex 19.7 57.59 8.6
    endloop
  endfacet
  facet normal 0 0 1
    outer loop
      vertex 14.3 57.59 8.6
      vertex 12 56.8 8.6
      vertex 22 56.8 8.6
    endloop
  endfacet
  facet normal 0 0 1
    outer loop
      vertex 12 56.8 8.6
      vertex 14.3 57.59 8.6
      vertex 12 59.39 8.6
    endloop
  endfacet
  facet normal 0.707107 0.707107 -0
    outer loop
      vertex 22 59.39 0.6
      vertex 21 60.39 7.6
      vertex 22 59.39 8.6
    endloop
  endfacet
  facet normal 0.707107 0.707107 0
    outer loop
      vertex 21 60.39 7.6
      vertex 22 59.39 0.6
      vertex 21 60.39 0.6
    endloop
  endfacet
  facet normal 0 1 -0
    outer loop
      vertex 21 60.39 0.6
      vertex 13 60.39 7.6
      vertex 21 60.39 7.6
    endloop
  endfacet
  facet normal 0 1 0
    outer loop
      vertex 13 60.39 7.6
      vertex 21 60.39 0.6
      vertex 13 60.39 0.6
    endloop
  endfacet
  facet normal 1 -0 0
    outer loop
      vertex 14.3 57.59 8.6
      vertex 14.3 59.59 8.4
      vertex 14.3 59.39 8.6
    endloop
  endfacet
  facet normal 1 0 0
    outer loop
      vertex 14.3 59.59 8.4
      vertex 14.3 57.59 8.6
      vertex 14.3 57.59 0.6
    endloop
  endfacet
  facet normal 1 0 0
    outer loop
      vertex 14.3 59.59 8.4
      vertex 14.3 57.59 0.6
      vertex 14.3 59.59 0.6
    endloop
  endfacet
  facet normal -1 0 0
    outer loop
      vertex 19.7 57.59 0.6
      vertex 19.7 59.59 8.4
      vertex 19.7 59.59 0.6
    endloop
  endfacet
  facet normal -1 0 0
    outer loop
      vertex 19.7 57.59 8.6
      vertex 19.7 59.59 8.4
      vertex 19.7 57.59 0.6
    endloop
  endfacet
  facet normal -1 0 0
    outer loop
      vertex 19.7 59.59 8.4
      vertex 19.7 57.59 8.6
      vertex 19.7 59.39 8.6
    endloop
  endfacet
  facet normal 0 1 -0
    outer loop
      vertex 19.7 57.59 0.6
      vertex 14.3 57.59 8.6
      vertex 19.7 57.59 8.6
    endloop
  endfacet
  facet normal 0 1 0
    outer loop
      vertex 14.3 57.59 8.6
      vertex 19.7 57.59 0.6
      vertex 14.3 57.59 0.6
    endloop
  endfacet
  facet normal 0 -1 0
    outer loop
      vertex 14.3 59.59 0.6
      vertex 19.7 59.59 8.4
      vertex 14.3 59.59 8.4
    endloop
  endfacet
  facet normal 0 -1 -0
    outer loop
      vertex 19.7 59.59 8.4
      vertex 14.3 59.59 0.6
      vertex 19.7 59.59 0.6
    endloop
  endfacet
  facet normal -1 0 0
    outer loop
      vertex 58.8 56.8 0.6
      vertex 58.8 59.39 8.6
      vertex 58.8 59.39 0.6
    endloop
  endfacet
  facet normal -1 -0 0
    outer loop
      vertex 58.8 59.39 8.6
      vertex 58.8 56.8 0.6
      vertex 58.8 56.8 8.6
    endloop
  endfacet
  facet normal 1 -0 0
    outer loop
      vertex 68.8 56.8 8.6
      vertex 68.8 59.39 0.6
      vertex 68.8 59.39 8.6
    endloop
  endfacet
  facet normal 1 0 0
    outer loop
      vertex 68.8 59.39 0.6
      vertex 68.8 56.8 8.6
      vertex 68.8 56.8 0.6
    endloop
  endfacet
  facet normal 0 0.707107 0.707107
    outer loop
      vertex 67.8 60.39 7.6
      vertex 66.5 59.39 8.6
      vertex 68.8 59.39 8.6
    endloop
  endfacet
  facet normal 0 0.707107 0.707107
    outer loop
      vertex 66.5 59.59 8.4
      vertex 67.8 60.39 7.6
      vertex 61.1 59.59 8.4
    endloop
  endfacet
  facet normal 9.66211e-15 0.707107 0.707107
    outer loop
      vertex 66.5 59.39 8.6
      vertex 67.8 60.39 7.6
      vertex 66.5 59.59 8.4
    endloop
  endfacet
  facet normal -9.66211e-15 0.707107 0.707107
    outer loop
      vertex 59.8 60.39 7.6
      vertex 61.1 59.39 8.6
      vertex 61.1 59.59 8.4
    endloop
  endfacet
  facet normal -0 0.707107 0.707107
    outer loop
      vertex 59.8 60.39 7.6
      vertex 61.1 59.59 8.4
      vertex 67.8 60.39 7.6
    endloop
  endfacet
  facet normal 0 0.707107 0.707107
    outer loop
      vertex 61.1 59.39 8.6
      vertex 59.8 60.39 7.6
      vertex 58.8 59.39 8.6
    endloop
  endfacet
  facet normal 0 0 -1
    outer loop
      vertex 66.5 57.59 0.6
      vertex 68.8 59.39 0.6
      vertex 68.8 56.8 0.6
    endloop
  endfacet
  facet normal 0 0 -1
    outer loop
      vertex 66.5 59.59 0.6
      vertex 68.8 59.39 0.6
      vertex 66.5 57.59 0.6
    endloop
  endfacet
  facet normal 0 0 -1
    outer loop
      vertex 68.8 56.8 0.6
      vertex 61.1 57.59 0.6
      vertex 66.5 57.59 0.6
    endloop
  endfacet
  facet normal 0 0 -1
    outer loop
      vertex 58.8 59.39 0.6
      vertex 61.1 59.59 0.6
      vertex 61.1 57.59 0.6
    endloop
  endfacet
  facet normal 0 0 -1
    outer loop
      vertex 58.8 56.8 0.6
      vertex 61.1 57.59 0.6
      vertex 68.8 56.8 0.6
    endloop
  endfacet
  facet normal 0 0 -1
    outer loop
      vertex 58.8 59.39 0.6
      vertex 61.1 57.59 0.6
      vertex 58.8 56.8 0.6
    endloop
  endfacet
  facet normal -0 0 -1
    outer loop
      vertex 61.1 59.59 0.6
      vertex 58.8 59.39 0.6
      vertex 59.8 60.39 0.6
    endloop
  endfacet
  facet normal 0 0 -1
    outer loop
      vertex 68.8 59.39 0.6
      vertex 66.5 59.59 0.6
      vertex 67.8 60.39 0.6
    endloop
  endfacet
  facet normal 0 0 -1
    outer loop
      vertex 61.1 59.59 0.6
      vertex 67.8 60.39 0.6
      vertex 66.5 59.59 0.6
    endloop
  endfacet
  facet normal -0 0 -1
    outer loop
      vertex 67.8 60.39 0.6
      vertex 61.1 59.59 0.6
      vertex 59.8 60.39 0.6
    endloop
  endfacet
  facet normal -0.707107 0.707107 0
    outer loop
      vertex 58.8 59.39 0.6
      vertex 59.8 60.39 7.6
      vertex 59.8 60.39 0.6
    endloop
  endfacet
  facet normal -0.707107 0.707107 0
    outer loop
      vertex 59.8 60.39 7.6
      vertex 58.8 59.39 0.6
      vertex 58.8 59.39 8.6
    endloop
  endfacet
  facet normal 0 0 1
    outer loop
      vertex 61.1 59.39 8.6
      vertex 58.8 59.39 8.6
      vertex 61.1 57.59 8.6
    endloop
  endfacet
  facet normal 0 0 1
    outer loop
      vertex 66.5 57.59 8.6
      vertex 68.8 59.39 8.6
      vertex 66.5 59.39 8.6
    endloop
  endfacet
  facet normal 0 0 1
    outer loop
      vertex 68.8 59.39 8.6
      vertex 66.5 57.59 8.6
      vertex 68.8 56.8 8.6
    endloop
  endfacet
  facet normal -0 0 1
    outer loop
      vertex 61.1 57.59 8.6
      vertex 68.8 56.8 8.6
      vertex 66.5 57.59 8.6
    endloop
  endfacet
  facet normal 0 0 1
    outer loop
      vertex 61.1 57.59 8.6
      vertex 58.8 56.8 8.6
      vertex 68.8 56.8 8.6
    endloop
  endfacet
  facet normal 0 0 1
    outer loop
      vertex 58.8 56.8 8.6
      vertex 61.1 57.59 8.6
      vertex 58.8 59.39 8.6
    endloop
  endfacet
  facet normal 0.707107 0.707107 -0
    outer loop
      vertex 68.8 59.39 0.6
      vertex 67.8 60.39 7.6
      vertex 68.8 59.39 8.6
    endloop
  endfacet
  facet normal 0.707107 0.707107 0
    outer loop
      vertex 67.8 60.39 7.6
      vertex 68.8 59.39 0.6
      vertex 67.8 60.39 0.6
    endloop
  endfacet
  facet normal 0 1 -0
    outer loop
      vertex 67.8 60.39 0.6
      vertex 59.8 60.39 7.6
      vertex 67.8 60.39 7.6
    endloop
  endfacet
  facet normal 0 1 0
    outer loop
      vertex 59.8 60.39 7.6
      vertex 67.8 60.39 0.6
      vertex 59.8 60.39 0.6
    endloop
  endfacet
  facet normal 1 -0 0
    outer loop
      vertex 61.1 57.59 8.6
      vertex 61.1 59.59 8.4
      vertex 61.1 59.39 8.6
    endloop
  endfacet
  facet normal 1 0 0
    outer loop
      vertex 61.1 59.59 8.4
      vertex 61.1 57.59 8.6
      vertex 61.1 57.59 0.6
    endloop
  endfacet
  facet normal 1 0 0
    outer loop
      vertex 61.1 59.59 8.4
      vertex 61.1 57.59 0.6
      vertex 61.1 59.59 0.6
    endloop
  endfacet
  facet normal -1 0 0
    outer loop
      vertex 66.5 57.59 0.6
      vertex 66.5 59.59 8.4
      vertex 66.5 59.59 0.6
    endloop
  endfacet
  facet normal -1 0 0
    outer loop
      vertex 66.5 57.59 8.6
      vertex 66.5 59.59 8.4
      vertex 66.5 57.59 0.6
    endloop
  endfacet
  facet normal -1 0 0
    outer loop
      vertex 66.5 59.59 8.4
      vertex 66.5 57.59 8.6
      vertex 66.5 59.39 8.6
    endloop
  endfacet
  facet normal 0 1 -0
    outer loop
      vertex 66.5 57.59 0.6
      vertex 61.1 57.59 8.6
      vertex 66.5 57.59 8.6
    endloop
  endfacet
  facet normal 0 1 0
    outer loop
      vertex 61.1 57.59 8.6
      vertex 66.5 57.59 0.6
      vertex 61.1 57.59 0.6
    endloop
  endfacet
  facet normal 0 -1 0
    outer loop
      vertex 61.1 59.59 0.6
      vertex 66.5 59.59 8.4
      vertex 61.1 59.59 8.4
    endloop
  endfacet
  facet normal 0 -1 -0
    outer loop
      vertex 66.5 59.59 8.4
      vertex 61.1 59.59 0.6
      vertex 66.5 59.59 0.6
    endloop
  endfacet
  facet normal -0.194951 0.980813 0
    outer loop
      vertex 3.76064 55.2777 11.8
      vertex 3.42708 55.2114 12.8
      vertex 3.76064 55.2777 12.8
    endloop
  endfacet
  facet normal -0.194951 0.980813 0
    outer loop
      vertex 3.42708 55.2114 12.8
      vertex 3.76064 55.2777 11.8
      vertex 3.42708 55.2114 11.8
    endloop
  endfacet
  facet normal -0.659372 -0.751817 0
    outer loop
      vertex 2.26154 2.26154 11.8
      vertex 2.51723 2.03729 12.8
      vertex 2.26154 2.26154 12.8
    endloop
  endfacet
  facet normal -0.659372 -0.751817 -0
    outer loop
      vertex 2.51723 2.03729 12.8
      vertex 2.26154 2.26154 11.8
      vertex 2.51723 2.03729 11.8
    endloop
  endfacet
  facet normal -0.0654222 -0.997858 0
    outer loop
      vertex 3.76064 1.52225 11.8
      vertex 4.10001 1.5 12.8
      vertex 3.76064 1.52225 12.8
    endloop
  endfacet
  facet normal -0.0654222 -0.997858 -0
    outer loop
      vertex 4.10001 1.5 12.8
      vertex 3.76064 1.52225 11.8
      vertex 4.10001 1.5 11.8
    endloop
  endfacet
  facet normal -0.997858 0.0654164 0
    outer loop
      vertex 1.5 52.7 11.8
      vertex 1.52225 53.0394 12.8
      vertex 1.52225 53.0394 11.8
    endloop
  endfacet
  facet normal -0.997858 0.0654164 0
    outer loop
      vertex 1.52225 53.0394 12.8
      vertex 1.5 52.7 11.8
      vertex 1.5 52.7 12.8
    endloop
  endfacet
  facet normal 0 0 1
    outer loop
      vertex 29.4 55.3 12.8
      vertex 4.5 54.3 12.8
      vertex 29.4 54.3 12.8
    endloop
  endfacet
  facet normal -0 0 1
    outer loop
      vertex 4.10001 55.3 12.8
      vertex 4.5 54.3 12.8
      vertex 29.4 55.3 12.8
    endloop
  endfacet
  facet normal 0 0 1
    outer loop
      vertex 4.10001 55.3 12.8
      vertex 4.23895 54.2829 12.8
      vertex 4.5 54.3 12.8
    endloop
  endfacet
  facet normal 0 0 1
    outer loop
      vertex 4.10001 55.3 12.8
      vertex 3.98236 54.2318 12.8
      vertex 4.23895 54.2829 12.8
    endloop
  endfacet
  facet normal -0 0 1
    outer loop
      vertex 3.76064 55.2777 12.8
      vertex 3.98236 54.2318 12.8
      vertex 4.10001 55.3 12.8
    endloop
  endfacet
  facet normal -0 0 1
    outer loop
      vertex 3.42708 55.2114 12.8
      vertex 3.98236 54.2318 12.8
      vertex 3.76064 55.2777 12.8
    endloop
  endfacet
  facet normal 0 0 1
    outer loop
      vertex 3.98236 54.2318 12.8
      vertex 3.42708 55.2114 12.8
      vertex 3.73463 54.1478 12.8
    endloop
  endfacet
  facet normal -0 0 1
    outer loop
      vertex 3.10503 55.1021 12.8
      vertex 3.73463 54.1478 12.8
      vertex 3.42708 55.2114 12.8
    endloop
  endfacet
  facet normal 0 0 1
    outer loop
      vertex 3.73463 54.1478 12.8
      vertex 3.10503 55.1021 12.8
      vertex 3.5 54.032 12.8
    endloop
  endfacet
  facet normal -0 0 1
    outer loop
      vertex 2.8 54.9516 12.8
      vertex 3.5 54.032 12.8
      vertex 3.10503 55.1021 12.8
    endloop
  endfacet
  facet normal 0 0 1
    outer loop
      vertex 3.5 54.032 12.8
      vertex 2.8 54.9516 12.8
      vertex 3.28247 53.8867 12.8
    endloop
  endfacet
  facet normal -0 0 1
    outer loop
      vertex 2.51723 54.7627 12.8
      vertex 3.28247 53.8867 12.8
      vertex 2.8 54.9516 12.8
    endloop
  endfacet
  facet normal 0 0 1
    outer loop
      vertex 3.28247 53.8867 12.8
      vertex 2.51723 54.7627 12.8
      vertex 3.08578 53.7142 12.8
    endloop
  endfacet
  facet normal -0 0 1
    outer loop
      vertex 2.26154 54.5385 12.8
      vertex 3.08578 53.7142 12.8
      vertex 2.51723 54.7627 12.8
    endloop
  endfacet
  facet normal -0 0 1
    outer loop
      vertex 2.03729 54.2828 12.8
      vertex 3.08578 53.7142 12.8
      vertex 2.26154 54.5385 12.8
    endloop
  endfacet
  facet normal 0 0 1
    outer loop
      vertex 3.08578 53.7142 12.8
      vertex 2.03729 54.2828 12.8
      vertex 2.9133 53.5175 12.8
    endloop
  endfacet
  facet normal -0 0 1
    outer loop
      vertex 1.84834 54 12.8
      vertex 2.9133 53.5175 12.8
      vertex 2.03729 54.2828 12.8
    endloop
  endfacet
  facet normal 0 0 1
    outer loop
      vertex 2.9133 53.5175 12.8
      vertex 1.84834 54 12.8
      vertex 2.76794 53.3 12.8
    endloop
  endfacet
  facet normal -0 0 1
    outer loop
      vertex 1.69792 53.695 12.8
      vertex 2.76794 53.3 12.8
      vertex 1.84834 54 12.8
    endloop
  endfacet
  facet normal -0 0 1
    outer loop
      vertex 1.58859 53.3729 12.8
      vertex 2.65224 53.0654 12.8
      vertex 1.69792 53.695 12.8
    endloop
  endfacet
  facet normal 0 0 1
    outer loop
      vertex 2.76794 53.3 12.8
      vertex 1.69792 53.695 12.8
      vertex 2.65224 53.0654 12.8
    endloop
  endfacet
  facet normal -0 0 1
    outer loop
      vertex 4.5 2.5 12.8
      vertex 29.4 1.5 12.8
      vertex 29.4 2.5 12.8
    endloop
  endfacet
  facet normal 0 0 1
    outer loop
      vertex 4.5 2.5 12.8
      vertex 4.10001 1.5 12.8
      vertex 29.4 1.5 12.8
    endloop
  endfacet
  facet normal 0 0 1
    outer loop
      vertex 4.23895 2.51711 12.8
      vertex 4.10001 1.5 12.8
      vertex 4.5 2.5 12.8
    endloop
  endfacet
  facet normal 0 0 1
    outer loop
      vertex 3.98236 2.56815 12.8
      vertex 4.10001 1.5 12.8
      vertex 4.23895 2.51711 12.8
    endloop
  endfacet
  facet normal 0 0 1
    outer loop
      vertex 3.98236 2.56815 12.8
      vertex 3.76064 1.52225 12.8
      vertex 4.10001 1.5 12.8
    endloop
  endfacet
  facet normal 0 0 1
    outer loop
      vertex 3.42708 1.58859 12.8
      vertex 3.98236 2.56815 12.8
      vertex 3.73463 2.65224 12.8
    endloop
  endfacet
  facet normal 0 0 1
    outer loop
      vertex 3.10503 1.69792 12.8
      vertex 3.73463 2.65224 12.8
      vertex 3.5 2.76794 12.8
    endloop
  endfacet
  facet normal 0 0 1
    outer loop
      vertex 3.98236 2.56815 12.8
      vertex 3.42708 1.58859 12.8
      vertex 3.76064 1.52225 12.8
    endloop
  endfacet
  facet normal 0 0 1
    outer loop
      vertex 2.8 1.84834 12.8
      vertex 3.5 2.76794 12.8
      vertex 3.28247 2.9133 12.8
    endloop
  endfacet
  facet normal 0 0 1
    outer loop
      vertex 3.73463 2.65224 12.8
      vertex 3.10503 1.69792 12.8
      vertex 3.42708 1.58859 12.8
    endloop
  endfacet
  facet normal 0 0 1
    outer loop
      vertex 2.51723 2.03729 12.8
      vertex 3.28247 2.9133 12.8
      vertex 3.08578 3.08578 12.8
    endloop
  endfacet
  facet normal 0 0 1
    outer loop
      vertex 2.03729 2.51723 12.8
      vertex 3.08578 3.08578 12.8
      vertex 2.9133 3.28247 12.8
    endloop
  endfacet
  facet normal 0 0 1
    outer loop
      vertex 3.5 2.76794 12.8
      vertex 2.8 1.84834 12.8
      vertex 3.10503 1.69792 12.8
    endloop
  endfacet
  facet normal 0 0 1
    outer loop
      vertex 1.84834 2.8 12.8
      vertex 2.9133 3.28247 12.8
      vertex 2.76794 3.5 12.8
    endloop
  endfacet
  facet normal 0 0 1
    outer loop
      vertex 1.69792 3.10503 12.8
      vertex 2.76794 3.5 12.8
      vertex 2.65224 3.73463 12.8
    endloop
  endfacet
  facet normal 0 0 1
    outer loop
      vertex 1.58859 3.42708 12.8
      vertex 2.65224 3.73463 12.8
      vertex 2.56815 3.98236 12.8
    endloop
  endfacet
  facet normal 0 0 1
    outer loop
      vertex 3.28247 2.9133 12.8
      vertex 2.51723 2.03729 12.8
      vertex 2.8 1.84834 12.8
    endloop
  endfacet
  facet normal -0 0 1
    outer loop
      vertex 1.5 4.10001 12.8
      vertex 2.56815 3.98236 12.8
      vertex 2.51711 4.23895 12.8
    endloop
  endfacet
  facet normal 0 0 1
    outer loop
      vertex 1.5 4.10001 12.8
      vertex 2.51711 4.23895 12.8
      vertex 2.5 4.5 12.8
    endloop
  endfacet
  facet normal 0 0 1
    outer loop
      vertex 3.08578 3.08578 12.8
      vertex 2.26154 2.26154 12.8
      vertex 2.51723 2.03729 12.8
    endloop
  endfacet
  facet normal 0 0 1
    outer loop
      vertex 2.5 52.3 12.8
      vertex 1.5 52.7 12.8
      vertex 2.5 4.5 12.8
    endloop
  endfacet
  facet normal 0 0 1
    outer loop
      vertex 2.65224 53.0654 12.8
      vertex 1.58859 53.3729 12.8
      vertex 2.56815 52.8176 12.8
    endloop
  endfacet
  facet normal 0 0 1
    outer loop
      vertex 1.5 4.10001 12.8
      vertex 2.5 4.5 12.8
      vertex 1.5 52.7 12.8
    endloop
  endfacet
  facet normal -0 0 1
    outer loop
      vertex 1.52225 53.0394 12.8
      vertex 2.56815 52.8176 12.8
      vertex 1.58859 53.3729 12.8
    endloop
  endfacet
  facet normal 0 0 1
    outer loop
      vertex 2.56815 3.98236 12.8
      vertex 1.5 4.10001 12.8
      vertex 1.52225 3.76064 12.8
    endloop
  endfacet
  facet normal 0 0 1
    outer loop
      vertex 1.5 52.7 12.8
      vertex 2.56815 52.8176 12.8
      vertex 1.52225 53.0394 12.8
    endloop
  endfacet
  facet normal 0 0 1
    outer loop
      vertex 3.08578 3.08578 12.8
      vertex 2.03729 2.51723 12.8
      vertex 2.26154 2.26154 12.8
    endloop
  endfacet
  facet normal 0 0 1
    outer loop
      vertex 2.56815 52.8176 12.8
      vertex 1.5 52.7 12.8
      vertex 2.51711 52.561 12.8
    endloop
  endfacet
  facet normal 0 0 1
    outer loop
      vertex 2.9133 3.28247 12.8
      vertex 1.84834 2.8 12.8
      vertex 2.03729 2.51723 12.8
    endloop
  endfacet
  facet normal 0 0 1
    outer loop
      vertex 2.51711 52.561 12.8
      vertex 1.5 52.7 12.8
      vertex 2.5 52.3 12.8
    endloop
  endfacet
  facet normal 0 0 1
    outer loop
      vertex 2.76794 3.5 12.8
      vertex 1.69792 3.10503 12.8
      vertex 1.84834 2.8 12.8
    endloop
  endfacet
  facet normal 0 0 1
    outer loop
      vertex 2.65224 3.73463 12.8
      vertex 1.58859 3.42708 12.8
      vertex 1.69792 3.10503 12.8
    endloop
  endfacet
  facet normal 0 0 1
    outer loop
      vertex 2.56815 3.98236 12.8
      vertex 1.52225 3.76064 12.8
      vertex 1.58859 3.42708 12.8
    endloop
  endfacet
  facet normal -0 0 1
    outer loop
      vertex 76.3 2.5 12.8
      vertex 76.4 1.5 12.8
      vertex 76.4 2.50655 12.8
    endloop
  endfacet
  facet normal 0 0 1
    outer loop
      vertex 51.4 1.5 12.8
      vertex 76.3 2.5 12.8
      vertex 51.4 2.5 12.8
    endloop
  endfacet
  facet normal 0 0 1
    outer loop
      vertex 76.3 2.5 12.8
      vertex 51.4 1.5 12.8
      vertex 76.4 1.5 12.8
    endloop
  endfacet
  facet normal 0 0 1
    outer loop
      vertex 76.4 55.3 12.8
      vertex 76.3 54.3 12.8
      vertex 76.4 54.2934 12.8
    endloop
  endfacet
  facet normal -0 0 1
    outer loop
      vertex 51.4 55.3 12.8
      vertex 76.3 54.3 12.8
      vertex 76.4 55.3 12.8
    endloop
  endfacet
  facet normal 0 0 1
    outer loop
      vertex 76.3 54.3 12.8
      vertex 51.4 55.3 12.8
      vertex 51.4 54.3 12.8
    endloop
  endfacet
  facet normal -1 0 0
    outer loop
      vertex 1.5 4.10001 11.8
      vertex 1.5 52.7 12.8
      vertex 1.5 52.7 11.8
    endloop
  endfacet
  facet normal -1 -0 0
    outer loop
      vertex 1.5 52.7 12.8
      vertex 1.5 4.10001 11.8
      vertex 1.5 4.10001 12.8
    endloop
  endfacet
  facet normal 0 -1 0
    outer loop
      vertex 4.10001 1.5 11.8
      vertex 29.4 1.5 12.8
      vertex 4.10001 1.5 12.8
    endloop
  endfacet
  facet normal 0 -1 -0
    outer loop
      vertex 29.4 1.5 12.8
      vertex 4.10001 1.5 11.8
      vertex 29.4 1.5 11.8
    endloop
  endfacet
  facet normal 0 -1 0
    outer loop
      vertex 51.4 1.5 11.8
      vertex 76.4 1.5 12.8
      vertex 51.4 1.5 12.8
    endloop
  endfacet
  facet normal 0 -1 -0
    outer loop
      vertex 76.4 1.5 12.8
      vertex 51.4 1.5 11.8
      vertex 76.4 1.5 11.8
    endloop
  endfacet
  facet normal 0 1 -0
    outer loop
      vertex 29.4 55.3 11.8
      vertex 4.10001 55.3 12.8
      vertex 29.4 55.3 12.8
    endloop
  endfacet
  facet normal 0 1 0
    outer loop
      vertex 4.10001 55.3 12.8
      vertex 29.4 55.3 11.8
      vertex 4.10001 55.3 11.8
    endloop
  endfacet
  facet normal 0 1 -0
    outer loop
      vertex 76.4 55.3 11.8
      vertex 51.4 55.3 12.8
      vertex 76.4 55.3 12.8
    endloop
  endfacet
  facet normal 0 1 0
    outer loop
      vertex 51.4 55.3 12.8
      vertex 76.4 55.3 11.8
      vertex 51.4 55.3 11.8
    endloop
  endfacet
  facet normal -0.555487 0.831525 0
    outer loop
      vertex 2.8 54.9516 11.8
      vertex 2.51723 54.7627 12.8
      vertex 2.8 54.9516 12.8
    endloop
  endfacet
  facet normal -0.555487 0.831525 0
    outer loop
      vertex 2.51723 54.7627 12.8
      vertex 2.8 54.9516 11.8
      vertex 2.51723 54.7627 11.8
    endloop
  endfacet
  facet normal -0.442279 -0.896878 0
    outer loop
      vertex 2.8 1.84834 11.8
      vertex 3.10503 1.69792 12.8
      vertex 2.8 1.84834 12.8
    endloop
  endfacet
  facet normal -0.442279 -0.896878 -0
    outer loop
      vertex 3.10503 1.69792 12.8
      vertex 2.8 1.84834 11.8
      vertex 3.10503 1.69792 11.8
    endloop
  endfacet
  facet normal -0.555589 -0.831457 0
    outer loop
      vertex 2.51723 2.03729 11.8
      vertex 2.8 1.84834 12.8
      vertex 2.51723 2.03729 12.8
    endloop
  endfacet
  facet normal -0.555589 -0.831457 -0
    outer loop
      vertex 2.8 1.84834 12.8
      vertex 2.51723 2.03729 11.8
      vertex 2.8 1.84834 11.8
    endloop
  endfacet
  facet normal -0.195064 -0.98079 0
    outer loop
      vertex 3.42708 1.58859 11.8
      vertex 3.76064 1.52225 12.8
      vertex 3.42708 1.58859 12.8
    endloop
  endfacet
  facet normal -0.195064 -0.98079 -0
    outer loop
      vertex 3.76064 1.52225 12.8
      vertex 3.42708 1.58859 11.8
      vertex 3.76064 1.52225 11.8
    endloop
  endfacet
  facet normal -0.0655686 0.997848 0
    outer loop
      vertex 4.10001 55.3 11.8
      vertex 3.76064 55.2777 12.8
      vertex 4.10001 55.3 12.8
    endloop
  endfacet
  facet normal -0.0655686 0.997848 0
    outer loop
      vertex 3.76064 55.2777 12.8
      vertex 4.10001 55.3 11.8
      vertex 3.76064 55.2777 11.8
    endloop
  endfacet
  facet normal -0.442468 0.896784 0
    outer loop
      vertex 3.10503 55.1021 11.8
      vertex 2.8 54.9516 12.8
      vertex 3.10503 55.1021 12.8
    endloop
  endfacet
  facet normal -0.442468 0.896784 0
    outer loop
      vertex 2.8 54.9516 12.8
      vertex 3.10503 55.1021 11.8
      vertex 2.8 54.9516 11.8
    endloop
  endfacet
  facet normal -0.321383 0.946949 0
    outer loop
      vertex 3.42708 55.2114 11.8
      vertex 3.10503 55.1021 12.8
      vertex 3.42708 55.2114 12.8
    endloop
  endfacet
  facet normal -0.321383 0.946949 0
    outer loop
      vertex 3.10503 55.1021 12.8
      vertex 3.42708 55.2114 11.8
      vertex 3.10503 55.1021 11.8
    endloop
  endfacet
  facet normal -0.831484 0.555548 0
    outer loop
      vertex 1.84834 54 11.8
      vertex 2.03729 54.2828 12.8
      vertex 2.03729 54.2828 11.8
    endloop
  endfacet
  facet normal -0.831484 0.555548 0
    outer loop
      vertex 2.03729 54.2828 12.8
      vertex 1.84834 54 11.8
      vertex 1.84834 54 12.8
    endloop
  endfacet
  facet normal -0.980784 0.195098 0
    outer loop
      vertex 1.52225 53.0394 11.8
      vertex 1.58859 53.3729 12.8
      vertex 1.58859 53.3729 11.8
    endloop
  endfacet
  facet normal -0.980784 0.195098 0
    outer loop
      vertex 1.58859 53.3729 12.8
      vertex 1.52225 53.0394 11.8
      vertex 1.52225 53.0394 12.8
    endloop
  endfacet
  facet normal -0.896878 -0.442279 0
    outer loop
      vertex 1.84834 2.8 11.8
      vertex 1.69792 3.10503 12.8
      vertex 1.69792 3.10503 11.8
    endloop
  endfacet
  facet normal -0.896878 -0.442279 0
    outer loop
      vertex 1.69792 3.10503 12.8
      vertex 1.84834 2.8 11.8
      vertex 1.84834 2.8 12.8
    endloop
  endfacet
  facet normal -0.831457 -0.555589 0
    outer loop
      vertex 2.03729 2.51723 11.8
      vertex 1.84834 2.8 12.8
      vertex 1.84834 2.8 11.8
    endloop
  endfacet
  facet normal -0.831457 -0.555589 0
    outer loop
      vertex 1.84834 2.8 12.8
      vertex 2.03729 2.51723 11.8
      vertex 2.03729 2.51723 12.8
    endloop
  endfacet
  facet normal -0.751829 0.659358 0
    outer loop
      vertex 2.03729 54.2828 11.8
      vertex 2.26154 54.5385 12.8
      vertex 2.26154 54.5385 11.8
    endloop
  endfacet
  facet normal -0.751829 0.659358 0
    outer loop
      vertex 2.26154 54.5385 12.8
      vertex 2.03729 54.2828 11.8
      vertex 2.03729 54.2828 12.8
    endloop
  endfacet
  facet normal -0.659289 0.75189 0
    outer loop
      vertex 2.51723 54.7627 11.8
      vertex 2.26154 54.5385 12.8
      vertex 2.51723 54.7627 12.8
    endloop
  endfacet
  facet normal -0.659289 0.75189 0
    outer loop
      vertex 2.26154 54.5385 12.8
      vertex 2.51723 54.7627 11.8
      vertex 2.26154 54.5385 11.8
    endloop
  endfacet
  facet normal -0.89686 0.442314 0
    outer loop
      vertex 1.69792 53.695 11.8
      vertex 1.84834 54 12.8
      vertex 1.84834 54 11.8
    endloop
  endfacet
  facet normal -0.89686 0.442314 0
    outer loop
      vertex 1.84834 54 12.8
      vertex 1.69792 53.695 11.8
      vertex 1.69792 53.695 12.8
    endloop
  endfacet
  facet normal -0.946937 0.321418 0
    outer loop
      vertex 1.58859 53.3729 11.8
      vertex 1.69792 53.695 12.8
      vertex 1.69792 53.695 11.8
    endloop
  endfacet
  facet normal -0.946937 0.321418 0
    outer loop
      vertex 1.69792 53.695 12.8
      vertex 1.58859 53.3729 11.8
      vertex 1.58859 53.3729 12.8
    endloop
  endfacet
  facet normal -0.997858 -0.0654222 0
    outer loop
      vertex 1.52225 3.76064 11.8
      vertex 1.5 4.10001 12.8
      vertex 1.5 4.10001 11.8
    endloop
  endfacet
  facet normal -0.997858 -0.0654222 0
    outer loop
      vertex 1.5 4.10001 12.8
      vertex 1.52225 3.76064 11.8
      vertex 1.52225 3.76064 12.8
    endloop
  endfacet
  facet normal -0.98079 -0.195064 0
    outer loop
      vertex 1.58859 3.42708 11.8
      vertex 1.52225 3.76064 12.8
      vertex 1.52225 3.76064 11.8
    endloop
  endfacet
  facet normal -0.98079 -0.195064 0
    outer loop
      vertex 1.52225 3.76064 12.8
      vertex 1.58859 3.42708 11.8
      vertex 1.58859 3.42708 12.8
    endloop
  endfacet
  facet normal -0.946922 -0.321463 0
    outer loop
      vertex 1.69792 3.10503 11.8
      vertex 1.58859 3.42708 12.8
      vertex 1.58859 3.42708 11.8
    endloop
  endfacet
  facet normal -0.946922 -0.321463 0
    outer loop
      vertex 1.58859 3.42708 12.8
      vertex 1.69792 3.10503 11.8
      vertex 1.69792 3.10503 12.8
    endloop
  endfacet
  facet normal -0.751817 -0.659372 0
    outer loop
      vertex 2.26154 2.26154 11.8
      vertex 2.03729 2.51723 12.8
      vertex 2.03729 2.51723 11.8
    endloop
  endfacet
  facet normal -0.751817 -0.659372 0
    outer loop
      vertex 2.03729 2.51723 12.8
      vertex 2.26154 2.26154 11.8
      vertex 2.26154 2.26154 12.8
    endloop
  endfacet
  facet normal -0.321463 -0.946922 0
    outer loop
      vertex 3.10503 1.69792 11.8
      vertex 3.42708 1.58859 12.8
      vertex 3.10503 1.69792 12.8
    endloop
  endfacet
  facet normal -0.321463 -0.946922 -0
    outer loop
      vertex 3.42708 1.58859 12.8
      vertex 3.10503 1.69792 11.8
      vertex 3.42708 1.58859 11.8
    endloop
  endfacet
  facet normal 0 1 -0
    outer loop
      vertex 29.4 2.5 12.79
      vertex 4.5 2.5 12.8
      vertex 29.4 2.5 12.8
    endloop
  endfacet
  facet normal 0 1 0
    outer loop
      vertex 4.5 2.5 12.8
      vertex 29.4 2.5 12.79
      vertex 4.5 2.5 12.79
    endloop
  endfacet
  facet normal 0 1 -0
    outer loop
      vertex 76.3 2.5 12.79
      vertex 51.4 2.5 12.8
      vertex 76.3 2.5 12.8
    endloop
  endfacet
  facet normal 0 1 0
    outer loop
      vertex 51.4 2.5 12.8
      vertex 76.3 2.5 12.79
      vertex 51.4 2.5 12.79
    endloop
  endfacet
  facet normal -0.0653599 0.997862 0
    outer loop
      vertex 76.4 2.50655 12.79
      vertex 76.3 2.5 12.8
      vertex 76.4 2.50655 12.8
    endloop
  endfacet
  facet normal -0.0653599 0.997862 0
    outer loop
      vertex 76.3 2.5 12.8
      vertex 76.4 2.50655 12.79
      vertex 76.3 2.5 12.79
    endloop
  endfacet
  facet normal 0.0653646 -0.997861 0
    outer loop
      vertex 4.23895 54.2829 12.79
      vertex 4.5 54.3 12.8
      vertex 4.23895 54.2829 12.8
    endloop
  endfacet
  facet normal 0.0653646 -0.997861 0
    outer loop
      vertex 4.5 54.3 12.8
      vertex 4.23895 54.2829 12.79
      vertex 4.5 54.3 12.79
    endloop
  endfacet
  facet normal -0.0658567 -0.997829 0
    outer loop
      vertex 76.3 54.3 12.79
      vertex 76.4 54.2934 12.8
      vertex 76.3 54.3 12.8
    endloop
  endfacet
  facet normal -0.0658567 -0.997829 -0
    outer loop
      vertex 76.4 54.2934 12.8
      vertex 76.3 54.3 12.79
      vertex 76.4 54.2934 12.79
    endloop
  endfacet
  facet normal 0.659362 -0.751826 0
    outer loop
      vertex 3.08578 53.7142 12.79
      vertex 3.28247 53.8867 12.8
      vertex 3.08578 53.7142 12.8
    endloop
  endfacet
  facet normal 0.659362 -0.751826 0
    outer loop
      vertex 3.28247 53.8867 12.8
      vertex 3.08578 53.7142 12.79
      vertex 3.28247 53.8867 12.79
    endloop
  endfacet
  facet normal 0.659319 0.751863 -0
    outer loop
      vertex 3.28247 2.9133 12.79
      vertex 3.08578 3.08578 12.8
      vertex 3.28247 2.9133 12.8
    endloop
  endfacet
  facet normal 0.659319 0.751863 0
    outer loop
      vertex 3.08578 3.08578 12.8
      vertex 3.28247 2.9133 12.79
      vertex 3.08578 3.08578 12.79
    endloop
  endfacet
  facet normal 0 -1 0
    outer loop
      vertex 4.5 54.3 12.79
      vertex 29.4 54.3 12.8
      vertex 4.5 54.3 12.8
    endloop
  endfacet
  facet normal 0 -1 -0
    outer loop
      vertex 29.4 54.3 12.8
      vertex 4.5 54.3 12.79
      vertex 29.4 54.3 12.79
    endloop
  endfacet
  facet normal 0 -1 0
    outer loop
      vertex 51.4 54.3 12.79
      vertex 76.3 54.3 12.8
      vertex 51.4 54.3 12.8
    endloop
  endfacet
  facet normal 0 -1 -0
    outer loop
      vertex 76.3 54.3 12.8
      vertex 51.4 54.3 12.79
      vertex 76.3 54.3 12.79
    endloop
  endfacet
  facet normal 1 -0 0
    outer loop
      vertex 2.5 4.5 12.8
      vertex 2.5 52.3 12.79
      vertex 2.5 52.3 12.8
    endloop
  endfacet
  facet normal 1 0 0
    outer loop
      vertex 2.5 52.3 12.79
      vertex 2.5 4.5 12.8
      vertex 2.5 4.5 12.79
    endloop
  endfacet
  facet normal 0.321429 0.946934 -0
    outer loop
      vertex 3.98236 2.56815 12.79
      vertex 3.73463 2.65224 12.8
      vertex 3.98236 2.56815 12.8
    endloop
  endfacet
  facet normal 0.321429 0.946934 0
    outer loop
      vertex 3.73463 2.65224 12.8
      vertex 3.98236 2.56815 12.79
      vertex 3.73463 2.65224 12.79
    endloop
  endfacet
  facet normal 0.442268 0.896883 -0
    outer loop
      vertex 3.73463 2.65224 12.79
      vertex 3.5 2.76794 12.8
      vertex 3.73463 2.65224 12.8
    endloop
  endfacet
  facet normal 0.442268 0.896883 0
    outer loop
      vertex 3.5 2.76794 12.8
      vertex 3.73463 2.65224 12.79
      vertex 3.5 2.76794 12.79
    endloop
  endfacet
  facet normal 0.997858 -0.0654151 0
    outer loop
      vertex 2.5 52.3 12.8
      vertex 2.51711 52.561 12.79
      vertex 2.51711 52.561 12.8
    endloop
  endfacet
  facet normal 0.997858 -0.0654151 0
    outer loop
      vertex 2.51711 52.561 12.79
      vertex 2.5 52.3 12.8
      vertex 2.5 52.3 12.79
    endloop
  endfacet
  facet normal 0.83145 0.5556 0
    outer loop
      vertex 2.9133 3.28247 12.8
      vertex 2.76794 3.5 12.79
      vertex 2.76794 3.5 12.8
    endloop
  endfacet
  facet normal 0.83145 0.5556 0
    outer loop
      vertex 2.76794 3.5 12.79
      vertex 2.9133 3.28247 12.8
      vertex 2.9133 3.28247 12.79
    endloop
  endfacet
  facet normal 0.0654027 0.997859 -0
    outer loop
      vertex 4.5 2.5 12.79
      vertex 4.23895 2.51711 12.8
      vertex 4.5 2.5 12.8
    endloop
  endfacet
  facet normal 0.0654027 0.997859 0
    outer loop
      vertex 4.23895 2.51711 12.8
      vertex 4.5 2.5 12.79
      vertex 4.23895 2.51711 12.79
    endloop
  endfacet
  facet normal 0.442575 -0.896731 0
    outer loop
      vertex 3.5 54.032 12.79
      vertex 3.73463 54.1478 12.8
      vertex 3.5 54.032 12.8
    endloop
  endfacet
  facet normal 0.442575 -0.896731 0
    outer loop
      vertex 3.73463 54.1478 12.8
      vertex 3.5 54.032 12.79
      vertex 3.73463 54.1478 12.79
    endloop
  endfacet
  facet normal 0.946961 -0.321348 0
    outer loop
      vertex 2.56815 52.8176 12.8
      vertex 2.65224 53.0654 12.79
      vertex 2.65224 53.0654 12.8
    endloop
  endfacet
  facet normal 0.946961 -0.321348 0
    outer loop
      vertex 2.65224 53.0654 12.79
      vertex 2.56815 52.8176 12.8
      vertex 2.56815 52.8176 12.79
    endloop
  endfacet
  facet normal 0.980786 -0.195087 0
    outer loop
      vertex 2.51711 52.561 12.8
      vertex 2.56815 52.8176 12.79
      vertex 2.56815 52.8176 12.8
    endloop
  endfacet
  facet normal 0.980786 -0.195087 0
    outer loop
      vertex 2.56815 52.8176 12.79
      vertex 2.51711 52.561 12.8
      vertex 2.51711 52.561 12.79
    endloop
  endfacet
  facet normal 0.5556 0.83145 -0
    outer loop
      vertex 3.5 2.76794 12.79
      vertex 3.28247 2.9133 12.8
      vertex 3.5 2.76794 12.8
    endloop
  endfacet
  facet normal 0.5556 0.83145 0
    outer loop
      vertex 3.28247 2.9133 12.8
      vertex 3.5 2.76794 12.79
      vertex 3.28247 2.9133 12.79
    endloop
  endfacet
  facet normal 0.946934 0.321429 0
    outer loop
      vertex 2.65224 3.73463 12.8
      vertex 2.56815 3.98236 12.79
      vertex 2.56815 3.98236 12.8
    endloop
  endfacet
  facet normal 0.946934 0.321429 0
    outer loop
      vertex 2.56815 3.98236 12.79
      vertex 2.65224 3.73463 12.8
      vertex 2.65224 3.73463 12.79
    endloop
  endfacet
  facet normal 0.896883 0.442268 0
    outer loop
      vertex 2.76794 3.5 12.8
      vertex 2.65224 3.73463 12.79
      vertex 2.65224 3.73463 12.8
    endloop
  endfacet
  facet normal 0.896883 0.442268 0
    outer loop
      vertex 2.65224 3.73463 12.79
      vertex 2.76794 3.5 12.8
      vertex 2.76794 3.5 12.79
    endloop
  endfacet
  facet normal 0.195094 0.980784 -0
    outer loop
      vertex 4.23895 2.51711 12.79
      vertex 3.98236 2.56815 12.8
      vertex 4.23895 2.51711 12.8
    endloop
  endfacet
  facet normal 0.195094 0.980784 0
    outer loop
      vertex 3.98236 2.56815 12.8
      vertex 4.23895 2.51711 12.79
      vertex 3.98236 2.56815 12.79
    endloop
  endfacet
  facet normal 0.555441 -0.831556 0
    outer loop
      vertex 3.28247 53.8867 12.79
      vertex 3.5 54.032 12.8
      vertex 3.28247 53.8867 12.8
    endloop
  endfacet
  facet normal 0.555441 -0.831556 0
    outer loop
      vertex 3.5 54.032 12.8
      vertex 3.28247 53.8867 12.79
      vertex 3.5 54.032 12.79
    endloop
  endfacet
  facet normal 0.89686 -0.442314 0
    outer loop
      vertex 2.65224 53.0654 12.8
      vertex 2.76794 53.3 12.79
      vertex 2.76794 53.3 12.8
    endloop
  endfacet
  facet normal 0.89686 -0.442314 0
    outer loop
      vertex 2.76794 53.3 12.79
      vertex 2.65224 53.0654 12.8
      vertex 2.65224 53.0654 12.79
    endloop
  endfacet
  facet normal 0.751863 0.659319 0
    outer loop
      vertex 3.08578 3.08578 12.8
      vertex 2.9133 3.28247 12.79
      vertex 2.9133 3.28247 12.8
    endloop
  endfacet
  facet normal 0.751863 0.659319 0
    outer loop
      vertex 2.9133 3.28247 12.79
      vertex 3.08578 3.08578 12.8
      vertex 3.08578 3.08578 12.79
    endloop
  endfacet
  facet normal 0.980784 0.195094 0
    outer loop
      vertex 2.56815 3.98236 12.8
      vertex 2.51711 4.23895 12.79
      vertex 2.51711 4.23895 12.8
    endloop
  endfacet
  facet normal 0.980784 0.195094 0
    outer loop
      vertex 2.51711 4.23895 12.79
      vertex 2.56815 3.98236 12.8
      vertex 2.56815 3.98236 12.79
    endloop
  endfacet
  facet normal 0.997859 0.0654027 0
    outer loop
      vertex 2.51711 4.23895 12.8
      vertex 2.5 4.5 12.79
      vertex 2.5 4.5 12.8
    endloop
  endfacet
  facet normal 0.997859 0.0654027 0
    outer loop
      vertex 2.5 4.5 12.79
      vertex 2.51711 4.23895 12.8
      vertex 2.51711 4.23895 12.79
    endloop
  endfacet
  facet normal 0.321121 -0.947038 0
    outer loop
      vertex 3.73463 54.1478 12.79
      vertex 3.98236 54.2318 12.8
      vertex 3.73463 54.1478 12.8
    endloop
  endfacet
  facet normal 0.321121 -0.947038 0
    outer loop
      vertex 3.98236 54.2318 12.8
      vertex 3.73463 54.1478 12.79
      vertex 3.98236 54.2318 12.79
    endloop
  endfacet
  facet normal 0.195315 -0.980741 0
    outer loop
      vertex 3.98236 54.2318 12.79
      vertex 4.23895 54.2829 12.8
      vertex 3.98236 54.2318 12.8
    endloop
  endfacet
  facet normal 0.195315 -0.980741 0
    outer loop
      vertex 4.23895 54.2829 12.8
      vertex 3.98236 54.2318 12.79
      vertex 4.23895 54.2829 12.79
    endloop
  endfacet
  facet normal 0.75188 -0.6593 0
    outer loop
      vertex 2.9133 53.5175 12.8
      vertex 3.08578 53.7142 12.79
      vertex 3.08578 53.7142 12.8
    endloop
  endfacet
  facet normal 0.75188 -0.6593 0
    outer loop
      vertex 3.08578 53.7142 12.79
      vertex 2.9133 53.5175 12.8
      vertex 2.9133 53.5175 12.79
    endloop
  endfacet
  facet normal 0.831415 -0.555653 0
    outer loop
      vertex 2.76794 53.3 12.8
      vertex 2.9133 53.5175 12.79
      vertex 2.9133 53.5175 12.8
    endloop
  endfacet
  facet normal 0.831415 -0.555653 0
    outer loop
      vertex 2.9133 53.5175 12.79
      vertex 2.76794 53.3 12.8
      vertex 2.76794 53.3 12.79
    endloop
  endfacet
  facet normal 1 0 0
    outer loop
      vertex 76.4 2.50655 12.8
      vertex 76.4 2.4 12.79
      vertex 76.4 2.50655 12.79
    endloop
  endfacet
  facet normal 1 -0 0
    outer loop
      vertex 76.4 1.5 12.8
      vertex 76.4 2.4 12.79
      vertex 76.4 2.50655 12.8
    endloop
  endfacet
  facet normal 1 0 0
    outer loop
      vertex 76.4 1.5 11.8
      vertex 76.4 2.4 12.79
      vertex 76.4 1.5 12.8
    endloop
  endfacet
  facet normal 1 0 0
    outer loop
      vertex 76.4 2.4 12.79
      vertex 76.4 1.5 11.8
      vertex 76.4 2.4 11.8
    endloop
  endfacet
  facet normal 1 0 0
    outer loop
      vertex 76.4 55.3 12.8
      vertex 76.4 54.4 12.79
      vertex 76.4 55.3 11.8
    endloop
  endfacet
  facet normal 1 -0 0
    outer loop
      vertex 76.4 54.2934 12.8
      vertex 76.4 54.4 12.79
      vertex 76.4 55.3 12.8
    endloop
  endfacet
  facet normal 1 0 0
    outer loop
      vertex 76.4 54.4 12.79
      vertex 76.4 54.2934 12.8
      vertex 76.4 54.2934 12.79
    endloop
  endfacet
  facet normal 1 0 0
    outer loop
      vertex 76.4 55.3 11.8
      vertex 76.4 54.4 12.79
      vertex 76.4 54.4 11.8
    endloop
  endfacet
  facet normal 1 0 0
    outer loop
      vertex 29.4 55.3 12.8
      vertex 29.4 54.4 12.79
      vertex 29.4 55.3 11.8
    endloop
  endfacet
  facet normal 1 -0 0
    outer loop
      vertex 29.4 54.3 12.8
      vertex 29.4 54.4 12.79
      vertex 29.4 55.3 12.8
    endloop
  endfacet
  facet normal 1 0 0
    outer loop
      vertex 29.4 54.4 12.79
      vertex 29.4 54.3 12.8
      vertex 29.4 54.3 12.79
    endloop
  endfacet
  facet normal 1 0 0
    outer loop
      vertex 29.4 55.3 11.8
      vertex 29.4 54.4 12.79
      vertex 29.4 54.4 11.8
    endloop
  endfacet
  facet normal -1 0 0
    outer loop
      vertex 51.4 54.4 12.79
      vertex 51.4 55.3 11.8
      vertex 51.4 54.4 11.8
    endloop
  endfacet
  facet normal -1 0 0
    outer loop
      vertex 51.4 55.3 11.8
      vertex 51.4 54.4 12.79
      vertex 51.4 55.3 12.8
    endloop
  endfacet
  facet normal -1 0 0
    outer loop
      vertex 51.4 54.3 12.8
      vertex 51.4 54.4 12.79
      vertex 51.4 54.3 12.79
    endloop
  endfacet
  facet normal -1 0 0
    outer loop
      vertex 51.4 54.4 12.79
      vertex 51.4 54.3 12.8
      vertex 51.4 55.3 12.8
    endloop
  endfacet
  facet normal 1 0 0
    outer loop
      vertex 29.4 2.5 12.8
      vertex 29.4 2.4 12.79
      vertex 29.4 2.5 12.79
    endloop
  endfacet
  facet normal 1 -0 0
    outer loop
      vertex 29.4 1.5 12.8
      vertex 29.4 2.4 12.79
      vertex 29.4 2.5 12.8
    endloop
  endfacet
  facet normal 1 0 0
    outer loop
      vertex 29.4 1.5 11.8
      vertex 29.4 2.4 12.79
      vertex 29.4 1.5 12.8
    endloop
  endfacet
  facet normal 1 0 0
    outer loop
      vertex 29.4 2.4 12.79
      vertex 29.4 1.5 11.8
      vertex 29.4 2.4 11.8
    endloop
  endfacet
  facet normal -1 0 0
    outer loop
      vertex 51.4 2.4 11.8
      vertex 51.4 1.5 11.8
      vertex 51.4 2.4 12.79
    endloop
  endfacet
  facet normal -1 0 0
    outer loop
      vertex 51.4 2.4 12.79
      vertex 51.4 2.5 12.8
      vertex 51.4 2.5 12.79
    endloop
  endfacet
  facet normal -1 0 0
    outer loop
      vertex 51.4 2.4 12.79
      vertex 51.4 1.5 12.8
      vertex 51.4 2.5 12.8
    endloop
  endfacet
  facet normal -1 0 0
    outer loop
      vertex 51.4 1.5 12.8
      vertex 51.4 2.4 12.79
      vertex 51.4 1.5 11.8
    endloop
  endfacet
  facet normal 1 -0 0
    outer loop
      vertex 2.4 2.4 12.79
      vertex 2.4 54.4 11.8
      vertex 2.4 54.4 12.79
    endloop
  endfacet
  facet normal 1 0 0
    outer loop
      vertex 2.4 54.4 11.8
      vertex 2.4 2.4 12.79
      vertex 2.4 2.4 11.8
    endloop
  endfacet
  facet normal 1 -0 0
    outer loop
      vertex 2.4 7.6 10.6
      vertex 2.4 49.2 1.6
      vertex 2.4 49.2 10.6
    endloop
  endfacet
  facet normal 1 0 0
    outer loop
      vertex 2.4 49.2 1.6
      vertex 2.4 7.6 10.6
      vertex 2.4 7.6 1.6
    endloop
  endfacet
  facet normal -0 0 1
    outer loop
      vertex 2.4 49.2 1.6
      vertex 7.6 7.6 1.6
      vertex 7.6 49.2 1.6
    endloop
  endfacet
  facet normal 0 0 1
    outer loop
      vertex 7.6 7.6 1.6
      vertex 2.4 49.2 1.6
      vertex 2.4 7.6 1.6
    endloop
  endfacet
  facet normal -0 0 1
    outer loop
      vertex 12.6 48 1.6
      vertex 72.6 8.8 1.6
      vertex 72.6 48 1.6
    endloop
  endfacet
  facet normal 0 0 1
    outer loop
      vertex 72.6 8.8 1.6
      vertex 12.6 48 1.6
      vertex 12.6 8.8 1.6
    endloop
  endfacet
  facet normal -0 0 1
    outer loop
      vertex 72.6 49.6 1.6
      vertex 73.2 49.2 1.6
      vertex 73.2 54.4 1.6
    endloop
  endfacet
  facet normal 0 0 1
    outer loop
      vertex 73.2 49.2 1.6
      vertex 72.6 48 1.6
      vertex 73.2 7.6 1.6
    endloop
  endfacet
  facet normal 0 0 1
    outer loop
      vertex 73.2 49.2 1.6
      vertex 72.6 49.6 1.6
      vertex 72.6 48 1.6
    endloop
  endfacet
  facet normal 0 0 1
    outer loop
      vertex 73.2 54.4 1.6
      vertex 11 49.6 1.6
      vertex 72.6 49.6 1.6
    endloop
  endfacet
  facet normal 0 0 1
    outer loop
      vertex 7.6 49.2 1.6
      vertex 11 49.6 1.6
      vertex 7.6 54.4 1.6
    endloop
  endfacet
  facet normal -0 0 1
    outer loop
      vertex 7.6 54.4 1.6
      vertex 11 49.6 1.6
      vertex 73.2 54.4 1.6
    endloop
  endfacet
  facet normal -0 0 1
    outer loop
      vertex 73.2 49.2 1.6
      vertex 78.4 7.6 1.6
      vertex 78.4 49.2 1.6
    endloop
  endfacet
  facet normal 0 0 1
    outer loop
      vertex 78.4 7.6 1.6
      vertex 73.2 49.2 1.6
      vertex 73.2 7.6 1.6
    endloop
  endfacet
  facet normal -0 0 1
    outer loop
      vertex 72.6 8.8 1.6
      vertex 73.2 7.6 1.6
      vertex 72.6 48 1.6
    endloop
  endfacet
  facet normal 0 0 1
    outer loop
      vertex 72.6 7.2 1.6
      vertex 73.2 7.6 1.6
      vertex 72.6 8.8 1.6
    endloop
  endfacet
  facet normal 0 0 1
    outer loop
      vertex 73.2 7.6 1.6
      vertex 72.6 7.2 1.6
      vertex 73.2 2.4 1.6
    endloop
  endfacet
  facet normal -0 0 1
    outer loop
      vertex 11 7.2 1.6
      vertex 73.2 2.4 1.6
      vertex 72.6 7.2 1.6
    endloop
  endfacet
  facet normal 0 0 1
    outer loop
      vertex 11 49.6 1.6
      vertex 7.6 49.2 1.6
      vertex 11 7.2 1.6
    endloop
  endfacet
  facet normal -0 0 1
    outer loop
      vertex 7.6 7.6 1.6
      vertex 11 7.2 1.6
      vertex 7.6 49.2 1.6
    endloop
  endfacet
  facet normal 0 0 1
    outer loop
      vertex 11 7.2 1.6
      vertex 7.6 2.4 1.6
      vertex 73.2 2.4 1.6
    endloop
  endfacet
  facet normal 0 0 1
    outer loop
      vertex 7.6 2.4 1.6
      vertex 11 7.2 1.6
      vertex 7.6 7.6 1.6
    endloop
  endfacet
  facet normal 0 1 -0
    outer loop
      vertex 29.4 2.4 11.8
      vertex 2.4 2.4 12.79
      vertex 29.4 2.4 12.79
    endloop
  endfacet
  facet normal 0 1 0
    outer loop
      vertex 2.4 2.4 12.79
      vertex 29.4 2.4 11.8
      vertex 2.4 2.4 11.8
    endloop
  endfacet
  facet normal 0 1 0
    outer loop
      vertex 73.2 2.4 11.8
      vertex 70.4 2.4 10.6
      vertex 70.4 2.4 11.8
    endloop
  endfacet
  facet normal 0 1 -0
    outer loop
      vertex 73.2 2.4 1.6
      vertex 70.4 2.4 10.6
      vertex 73.2 2.4 11.8
    endloop
  endfacet
  facet normal 0 1 0
    outer loop
      vertex 7.6 2.4 1.6
      vertex 70.4 2.4 10.6
      vertex 73.2 2.4 1.6
    endloop
  endfacet
  facet normal 0 1 0
    outer loop
      vertex 70.4 2.4 10.6
      vertex 7.6 2.4 1.6
      vertex 7.6 2.4 10.6
    endloop
  endfacet
  facet normal 0 1 0
    outer loop
      vertex 73.2 2.4 11.8
      vertex 76.4 2.4 12.79
      vertex 76.4 2.4 11.8
    endloop
  endfacet
  facet normal 0 1 0
    outer loop
      vertex 70.4 2.4 11.8
      vertex 76.4 2.4 12.79
      vertex 73.2 2.4 11.8
    endloop
  endfacet
  facet normal 0 1 0
    outer loop
      vertex 76.4 2.4 12.79
      vertex 70.4 2.4 11.8
      vertex 51.4 2.4 12.79
    endloop
  endfacet
  facet normal 0 1 0
    outer loop
      vertex 51.4 2.4 12.79
      vertex 70.4 2.4 11.8
      vertex 51.4 2.4 11.8
    endloop
  endfacet
  facet normal 0 0 0
    outer loop
      vertex 73.2 2.4 11.8
      vertex 76.4 2.4 11.8
      vertex 78.4 2.4 11.8
    endloop
  endfacet
  facet normal 0 -1 0
    outer loop
      vertex 2.4 54.4 11.8
      vertex 29.4 54.4 12.79
      vertex 2.4 54.4 12.79
    endloop
  endfacet
  facet normal 0 -1 -0
    outer loop
      vertex 29.4 54.4 12.79
      vertex 2.4 54.4 11.8
      vertex 29.4 54.4 11.8
    endloop
  endfacet
  facet normal 0 -1 0
    outer loop
      vertex 7.6 54.4 10.6
      vertex 7.6 54.4 1.6
      vertex 70.4 54.4 10.6
    endloop
  endfacet
  facet normal 0 -1 0
    outer loop
      vertex 70.4 54.4 10.6
      vertex 73.2 54.4 11.8
      vertex 70.4 54.4 11.8
    endloop
  endfacet
  facet normal 0 -1 0
    outer loop
      vertex 70.4 54.4 10.6
      vertex 73.2 54.4 1.6
      vertex 73.2 54.4 11.8
    endloop
  endfacet
  facet normal 0 -1 0
    outer loop
      vertex 73.2 54.4 1.6
      vertex 70.4 54.4 10.6
      vertex 7.6 54.4 1.6
    endloop
  endfacet
  facet normal 0 -1 0
    outer loop
      vertex 70.4 54.4 11.8
      vertex 51.4 54.4 12.79
      vertex 51.4 54.4 11.8
    endloop
  endfacet
  facet normal 0 -1 0
    outer loop
      vertex 51.4 54.4 12.79
      vertex 70.4 54.4 11.8
      vertex 76.4 54.4 12.79
    endloop
  endfacet
  facet normal 0 -1 0
    outer loop
      vertex 73.2 54.4 11.8
      vertex 76.4 54.4 12.79
      vertex 70.4 54.4 11.8
    endloop
  endfacet
  facet normal 0 -1 -0
    outer loop
      vertex 76.4 54.4 12.79
      vertex 73.2 54.4 11.8
      vertex 76.4 54.4 11.8
    endloop
  endfacet
  facet normal 0 0 -0
    outer loop
      vertex 76.4 54.4 11.8
      vertex 73.2 54.4 11.8
      vertex 78.4 54.4 11.8
    endloop
  endfacet
  facet normal 0 0 -1
    outer loop
      vertex 29.4 2.4 12.79
      vertex 4.5 2.5 12.79
      vertex 29.4 2.5 12.79
    endloop
  endfacet
  facet normal -0 0 -1
    outer loop
      vertex 2.5 4.5 12.79
      vertex 2.4 2.4 12.79
      vertex 2.5 52.3 12.79
    endloop
  endfacet
  facet normal -0 0 -1
    outer loop
      vertex 2.51711 4.23895 12.79
      vertex 2.4 2.4 12.79
      vertex 2.5 4.5 12.79
    endloop
  endfacet
  facet normal -0 0 -1
    outer loop
      vertex 2.56815 3.98236 12.79
      vertex 2.4 2.4 12.79
      vertex 2.51711 4.23895 12.79
    endloop
  endfacet
  facet normal -0 0 -1
    outer loop
      vertex 2.65224 3.73463 12.79
      vertex 2.4 2.4 12.79
      vertex 2.56815 3.98236 12.79
    endloop
  endfacet
  facet normal -0 0 -1
    outer loop
      vertex 2.76794 3.5 12.79
      vertex 2.4 2.4 12.79
      vertex 2.65224 3.73463 12.79
    endloop
  endfacet
  facet normal -0 0 -1
    outer loop
      vertex 2.9133 3.28247 12.79
      vertex 2.4 2.4 12.79
      vertex 2.76794 3.5 12.79
    endloop
  endfacet
  facet normal -0 0 -1
    outer loop
      vertex 3.08578 3.08578 12.79
      vertex 2.4 2.4 12.79
      vertex 2.9133 3.28247 12.79
    endloop
  endfacet
  facet normal -0 0 -1
    outer loop
      vertex 3.28247 2.9133 12.79
      vertex 2.4 2.4 12.79
      vertex 3.08578 3.08578 12.79
    endloop
  endfacet
  facet normal -0 0 -1
    outer loop
      vertex 3.5 2.76794 12.79
      vertex 2.4 2.4 12.79
      vertex 3.28247 2.9133 12.79
    endloop
  endfacet
  facet normal -0 0 -1
    outer loop
      vertex 3.73463 2.65224 12.79
      vertex 2.4 2.4 12.79
      vertex 3.5 2.76794 12.79
    endloop
  endfacet
  facet normal -0 0 -1
    outer loop
      vertex 3.98236 2.56815 12.79
      vertex 2.4 2.4 12.79
      vertex 3.73463 2.65224 12.79
    endloop
  endfacet
  facet normal -0 0 -1
    outer loop
      vertex 4.23895 2.51711 12.79
      vertex 2.4 2.4 12.79
      vertex 3.98236 2.56815 12.79
    endloop
  endfacet
  facet normal -0 0 -1
    outer loop
      vertex 4.5 2.5 12.79
      vertex 2.4 2.4 12.79
      vertex 4.23895 2.51711 12.79
    endloop
  endfacet
  facet normal 0 0 -1
    outer loop
      vertex 2.4 2.4 12.79
      vertex 4.5 2.5 12.79
      vertex 29.4 2.4 12.79
    endloop
  endfacet
  facet normal 0 0 -1
    outer loop
      vertex 4.5 54.3 12.79
      vertex 29.4 54.4 12.79
      vertex 29.4 54.3 12.79
    endloop
  endfacet
  facet normal 0 0 -1
    outer loop
      vertex 4.5 54.3 12.79
      vertex 2.4 54.4 12.79
      vertex 29.4 54.4 12.79
    endloop
  endfacet
  facet normal 0 0 -1
    outer loop
      vertex 4.23895 54.2829 12.79
      vertex 2.4 54.4 12.79
      vertex 4.5 54.3 12.79
    endloop
  endfacet
  facet normal 0 0 -1
    outer loop
      vertex 3.98236 54.2318 12.79
      vertex 2.4 54.4 12.79
      vertex 4.23895 54.2829 12.79
    endloop
  endfacet
  facet normal 0 0 -1
    outer loop
      vertex 3.73463 54.1478 12.79
      vertex 2.4 54.4 12.79
      vertex 3.98236 54.2318 12.79
    endloop
  endfacet
  facet normal 0 0 -1
    outer loop
      vertex 3.5 54.032 12.79
      vertex 2.4 54.4 12.79
      vertex 3.73463 54.1478 12.79
    endloop
  endfacet
  facet normal 0 0 -1
    outer loop
      vertex 3.28247 53.8867 12.79
      vertex 2.4 54.4 12.79
      vertex 3.5 54.032 12.79
    endloop
  endfacet
  facet normal 0 0 -1
    outer loop
      vertex 3.08578 53.7142 12.79
      vertex 2.4 54.4 12.79
      vertex 3.28247 53.8867 12.79
    endloop
  endfacet
  facet normal 0 0 -1
    outer loop
      vertex 2.9133 53.5175 12.79
      vertex 2.4 54.4 12.79
      vertex 3.08578 53.7142 12.79
    endloop
  endfacet
  facet normal 0 0 -1
    outer loop
      vertex 2.76794 53.3 12.79
      vertex 2.4 54.4 12.79
      vertex 2.9133 53.5175 12.79
    endloop
  endfacet
  facet normal 0 0 -1
    outer loop
      vertex 2.65224 53.0654 12.79
      vertex 2.4 54.4 12.79
      vertex 2.76794 53.3 12.79
    endloop
  endfacet
  facet normal 0 0 -1
    outer loop
      vertex 2.56815 52.8176 12.79
      vertex 2.4 54.4 12.79
      vertex 2.65224 53.0654 12.79
    endloop
  endfacet
  facet normal 0 0 -1
    outer loop
      vertex 2.51711 52.561 12.79
      vertex 2.4 54.4 12.79
      vertex 2.56815 52.8176 12.79
    endloop
  endfacet
  facet normal 0 0 -1
    outer loop
      vertex 2.5 52.3 12.79
      vertex 2.4 54.4 12.79
      vertex 2.51711 52.561 12.79
    endloop
  endfacet
  facet normal 0 0 -1
    outer loop
      vertex 2.4 54.4 12.79
      vertex 2.5 52.3 12.79
      vertex 2.4 2.4 12.79
    endloop
  endfacet
  facet normal 0 0 -1
    outer loop
      vertex 76.3 54.3 12.79
      vertex 76.4 54.4 12.79
      vertex 76.4 54.2934 12.79
    endloop
  endfacet
  facet normal 0 0 -1
    outer loop
      vertex 51.4 54.4 12.79
      vertex 76.3 54.3 12.79
      vertex 51.4 54.3 12.79
    endloop
  endfacet
  facet normal 0 0 -1
    outer loop
      vertex 76.3 54.3 12.79
      vertex 51.4 54.4 12.79
      vertex 76.4 54.4 12.79
    endloop
  endfacet
  facet normal 0 0 -1
    outer loop
      vertex 76.4 2.4 12.79
      vertex 76.3 2.5 12.79
      vertex 76.4 2.50655 12.79
    endloop
  endfacet
  facet normal 0 0 -1
    outer loop
      vertex 51.4 2.4 12.79
      vertex 76.3 2.5 12.79
      vertex 76.4 2.4 12.79
    endloop
  endfacet
  facet normal -0 0 -1
    outer loop
      vertex 76.3 2.5 12.79
      vertex 51.4 2.4 12.79
      vertex 51.4 2.5 12.79
    endloop
  endfacet
  facet normal -1 0 0
    outer loop
      vertex 11 7.2 1.6
      vertex 11 49.6 10.6
      vertex 11 49.6 1.6
    endloop
  endfacet
  facet normal -1 -0 0
    outer loop
      vertex 11 49.6 10.6
      vertex 11 7.2 1.6
      vertex 11 7.2 10.6
    endloop
  endfacet
  facet normal -0 0 1
    outer loop
      vertex 70.4 8.8 10.6
      vertex 72.6 7.2 10.6
      vertex 72.6 8.8 10.6
    endloop
  endfacet
  facet normal 0 0 1
    outer loop
      vertex 72.6 7.2 10.6
      vertex 70.4 8.8 10.6
      vertex 70.4 7.2 10.6
    endloop
  endfacet
  facet normal 0 0 -1
    outer loop
      vertex 70.4 2.4 10.6
      vertex 11 7.2 10.6
      vertex 70.4 7.2 10.6
    endloop
  endfacet
  facet normal 0 0 -1
    outer loop
      vertex 7.6 7.6 10.6
      vertex 11 7.2 10.6
      vertex 7.6 2.4 10.6
    endloop
  endfacet
  facet normal 0 0 -1
    outer loop
      vertex 7.6 2.4 10.6
      vertex 11 7.2 10.6
      vertex 70.4 2.4 10.6
    endloop
  endfacet
  facet normal 0 0 -1
    outer loop
      vertex 11 49.6 10.6
      vertex 70.4 54.4 10.6
      vertex 70.4 49.6 10.6
    endloop
  endfacet
  facet normal 0 0 -1
    outer loop
      vertex 11 7.2 10.6
      vertex 7.6 7.6 10.6
      vertex 11 49.6 10.6
    endloop
  endfacet
  facet normal 0 0 -1
    outer loop
      vertex 7.6 49.2 10.6
      vertex 11 49.6 10.6
      vertex 7.6 7.6 10.6
    endloop
  endfacet
  facet normal 0 0 -1
    outer loop
      vertex 11 49.6 10.6
      vertex 7.6 54.4 10.6
      vertex 70.4 54.4 10.6
    endloop
  endfacet
  facet normal 0 0 -1
    outer loop
      vertex 7.6 54.4 10.6
      vertex 11 49.6 10.6
      vertex 7.6 49.2 10.6
    endloop
  endfacet
  facet normal 0 0 -1
    outer loop
      vertex 2.4 7.6 10.6
      vertex 7.6 49.2 10.6
      vertex 7.6 7.6 10.6
    endloop
  endfacet
  facet normal -0 0 -1
    outer loop
      vertex 7.6 49.2 10.6
      vertex 2.4 7.6 10.6
      vertex 2.4 49.2 10.6
    endloop
  endfacet
  facet normal -0 0 1
    outer loop
      vertex 70.4 49.6 10.6
      vertex 72.6 48 10.6
      vertex 72.6 49.6 10.6
    endloop
  endfacet
  facet normal 0 0 1
    outer loop
      vertex 72.6 48 10.6
      vertex 70.4 49.6 10.6
      vertex 70.4 48 10.6
    endloop
  endfacet
  facet normal 0 0 -1
    outer loop
      vertex 12.6 8.8 10.6
      vertex 70.4 48 10.6
      vertex 70.4 8.8 10.6
    endloop
  endfacet
  facet normal -0 0 -1
    outer loop
      vertex 70.4 48 10.6
      vertex 12.6 8.8 10.6
      vertex 12.6 48 10.6
    endloop
  endfacet
  facet normal 1 -0 0
    outer loop
      vertex 72.6 7.2 10.6
      vertex 72.6 8.8 1.6
      vertex 72.6 8.8 10.6
    endloop
  endfacet
  facet normal 1 0 0
    outer loop
      vertex 72.6 8.8 1.6
      vertex 72.6 7.2 10.6
      vertex 72.6 7.2 1.6
    endloop
  endfacet
  facet normal 0 1 -0
    outer loop
      vertex 72.6 8.8 1.6
      vertex 70.4 8.8 10.6
      vertex 72.6 8.8 10.6
    endloop
  endfacet
  facet normal 0 1 0
    outer loop
      vertex 12.6 8.8 1.6
      vertex 70.4 8.8 10.6
      vertex 72.6 8.8 1.6
    endloop
  endfacet
  facet normal 0 1 0
    outer loop
      vertex 70.4 8.8 10.6
      vertex 12.6 8.8 1.6
      vertex 12.6 8.8 10.6
    endloop
  endfacet
  facet normal 0 -1 0
    outer loop
      vertex 11 7.2 1.6
      vertex 70.4 7.2 10.6
      vertex 11 7.2 10.6
    endloop
  endfacet
  facet normal 0 -1 0
    outer loop
      vertex 72.6 7.2 1.6
      vertex 70.4 7.2 10.6
      vertex 11 7.2 1.6
    endloop
  endfacet
  facet normal 0 -1 0
    outer loop
      vertex 70.4 7.2 10.6
      vertex 72.6 7.2 1.6
      vertex 72.6 7.2 10.6
    endloop
  endfacet
  facet normal 1 -0 0
    outer loop
      vertex 72.6 48 10.6
      vertex 72.6 49.6 1.6
      vertex 72.6 49.6 10.6
    endloop
  endfacet
  facet normal 1 0 0
    outer loop
      vertex 72.6 49.6 1.6
      vertex 72.6 48 10.6
      vertex 72.6 48 1.6
    endloop
  endfacet
  facet normal 0 1 -0
    outer loop
      vertex 72.6 49.6 1.6
      vertex 70.4 49.6 10.6
      vertex 72.6 49.6 10.6
    endloop
  endfacet
  facet normal 0 1 0
    outer loop
      vertex 11 49.6 1.6
      vertex 70.4 49.6 10.6
      vertex 72.6 49.6 1.6
    endloop
  endfacet
  facet normal 0 1 0
    outer loop
      vertex 70.4 49.6 10.6
      vertex 11 49.6 1.6
      vertex 11 49.6 10.6
    endloop
  endfacet
  facet normal 0 -1 0
    outer loop
      vertex 12.6 48 1.6
      vertex 70.4 48 10.6
      vertex 12.6 48 10.6
    endloop
  endfacet
  facet normal 0 -1 0
    outer loop
      vertex 72.6 48 1.6
      vertex 70.4 48 10.6
      vertex 12.6 48 1.6
    endloop
  endfacet
  facet normal 0 -1 0
    outer loop
      vertex 70.4 48 10.6
      vertex 72.6 48 1.6
      vertex 72.6 48 10.6
    endloop
  endfacet
  facet normal 1 -0 0
    outer loop
      vertex 7.6 2.4 10.6
      vertex 7.6 7.6 1.6
      vertex 7.6 7.6 10.6
    endloop
  endfacet
  facet normal 1 0 0
    outer loop
      vertex 7.6 7.6 1.6
      vertex 7.6 2.4 10.6
      vertex 7.6 2.4 1.6
    endloop
  endfacet
  facet normal 0 1 -0
    outer loop
      vertex 7.6 7.6 1.6
      vertex 2.4 7.6 10.6
      vertex 7.6 7.6 10.6
    endloop
  endfacet
  facet normal 0 1 0
    outer loop
      vertex 2.4 7.6 10.6
      vertex 7.6 7.6 1.6
      vertex 2.4 7.6 1.6
    endloop
  endfacet
  facet normal -1 0 0
    outer loop
      vertex 73.2 2.4 1.6
      vertex 73.2 7.6 11.8
      vertex 73.2 7.6 1.6
    endloop
  endfacet
  facet normal -1 -0 0
    outer loop
      vertex 73.2 7.6 11.8
      vertex 73.2 2.4 1.6
      vertex 73.2 2.4 11.8
    endloop
  endfacet
  facet normal 0 0 1
    outer loop
      vertex 78.4 7.6 11.8
      vertex 76.7 5.2 11.8
      vertex 78.4 2.4 11.8
    endloop
  endfacet
  facet normal 0 0 1
    outer loop
      vertex 78.4 7.6 11.8
      vertex 76.6906 5.34358 11.8
      vertex 76.7 5.2 11.8
    endloop
  endfacet
  facet normal 0 0 1
    outer loop
      vertex 78.4 7.6 11.8
      vertex 76.6625 5.4847 11.8
      vertex 76.6906 5.34358 11.8
    endloop
  endfacet
  facet normal 0 0 1
    outer loop
      vertex 78.4 7.6 11.8
      vertex 76.6163 5.62095 11.8
      vertex 76.6625 5.4847 11.8
    endloop
  endfacet
  facet normal 0 0 1
    outer loop
      vertex 78.4 7.6 11.8
      vertex 76.5526 5.75 11.8
      vertex 76.6163 5.62095 11.8
    endloop
  endfacet
  facet normal 0 0 1
    outer loop
      vertex 78.4 7.6 11.8
      vertex 76.4727 5.86964 11.8
      vertex 76.5526 5.75 11.8
    endloop
  endfacet
  facet normal 0 0 1
    outer loop
      vertex 78.4 7.6 11.8
      vertex 76.3778 5.97782 11.8
      vertex 76.4727 5.86964 11.8
    endloop
  endfacet
  facet normal 0 0 1
    outer loop
      vertex 78.4 7.6 11.8
      vertex 76.2696 6.07269 11.8
      vertex 76.3778 5.97782 11.8
    endloop
  endfacet
  facet normal 0 0 1
    outer loop
      vertex 78.4 7.6 11.8
      vertex 76.15 6.15263 11.8
      vertex 76.2696 6.07269 11.8
    endloop
  endfacet
  facet normal 0 0 1
    outer loop
      vertex 78.4 7.6 11.8
      vertex 76.021 6.21627 11.8
      vertex 76.15 6.15263 11.8
    endloop
  endfacet
  facet normal 0 0 1
    outer loop
      vertex 78.4 7.6 11.8
      vertex 75.8847 6.26252 11.8
      vertex 76.021 6.21627 11.8
    endloop
  endfacet
  facet normal 0 0 1
    outer loop
      vertex 78.4 7.6 11.8
      vertex 75.7436 6.29059 11.8
      vertex 75.8847 6.26252 11.8
    endloop
  endfacet
  facet normal 0 0 1
    outer loop
      vertex 78.4 7.6 11.8
      vertex 75.6 6.3 11.8
      vertex 75.7436 6.29059 11.8
    endloop
  endfacet
  facet normal -0 0 1
    outer loop
      vertex 73.2 7.6 11.8
      vertex 75.6 6.3 11.8
      vertex 78.4 7.6 11.8
    endloop
  endfacet
  facet normal 0 0 1
    outer loop
      vertex 75.6 6.3 11.8
      vertex 73.2 7.6 11.8
      vertex 75.4564 6.29059 11.8
    endloop
  endfacet
  facet normal 0 0 1
    outer loop
      vertex 75.4564 6.29059 11.8
      vertex 73.2 7.6 11.8
      vertex 75.3153 6.26252 11.8
    endloop
  endfacet
  facet normal 0 0 1
    outer loop
      vertex 74.5094 5.34358 11.8
      vertex 73.2 7.6 11.8
      vertex 74.5 5.2 11.8
    endloop
  endfacet
  facet normal 0 0 1
    outer loop
      vertex 74.5375 5.4847 11.8
      vertex 73.2 7.6 11.8
      vertex 74.5094 5.34358 11.8
    endloop
  endfacet
  facet normal 0 0 1
    outer loop
      vertex 74.5837 5.62095 11.8
      vertex 73.2 7.6 11.8
      vertex 74.5375 5.4847 11.8
    endloop
  endfacet
  facet normal 0 0 1
    outer loop
      vertex 74.6474 5.75 11.8
      vertex 73.2 7.6 11.8
      vertex 74.5837 5.62095 11.8
    endloop
  endfacet
  facet normal 0 0 1
    outer loop
      vertex 74.7273 5.86964 11.8
      vertex 73.2 7.6 11.8
      vertex 74.6474 5.75 11.8
    endloop
  endfacet
  facet normal 0 0 1
    outer loop
      vertex 74.8222 5.97782 11.8
      vertex 73.2 7.6 11.8
      vertex 74.7273 5.86964 11.8
    endloop
  endfacet
  facet normal 0 0 1
    outer loop
      vertex 74.9304 6.07269 11.8
      vertex 73.2 7.6 11.8
      vertex 74.8222 5.97782 11.8
    endloop
  endfacet
  facet normal 0 0 1
    outer loop
      vertex 75.05 6.15263 11.8
      vertex 73.2 7.6 11.8
      vertex 74.9304 6.07269 11.8
    endloop
  endfacet
  facet normal 0 0 1
    outer loop
      vertex 75.179 6.21627 11.8
      vertex 73.2 7.6 11.8
      vertex 75.05 6.15263 11.8
    endloop
  endfacet
  facet normal 0 0 1
    outer loop
      vertex 75.3153 6.26252 11.8
      vertex 73.2 7.6 11.8
      vertex 75.179 6.21627 11.8
    endloop
  endfacet
  facet normal -0 0 1
    outer loop
      vertex 76.6906 5.05642 11.8
      vertex 78.4 2.4 11.8
      vertex 76.7 5.2 11.8
    endloop
  endfacet
  facet normal -0 0 1
    outer loop
      vertex 76.6625 4.9153 11.8
      vertex 78.4 2.4 11.8
      vertex 76.6906 5.05642 11.8
    endloop
  endfacet
  facet normal -0 0 1
    outer loop
      vertex 76.6163 4.77905 11.8
      vertex 78.4 2.4 11.8
      vertex 76.6625 4.9153 11.8
    endloop
  endfacet
  facet normal -0 0 1
    outer loop
      vertex 76.5526 4.65 11.8
      vertex 78.4 2.4 11.8
      vertex 76.6163 4.77905 11.8
    endloop
  endfacet
  facet normal -0 0 1
    outer loop
      vertex 76.4727 4.53036 11.8
      vertex 78.4 2.4 11.8
      vertex 76.5526 4.65 11.8
    endloop
  endfacet
  facet normal -0 0 1
    outer loop
      vertex 76.3778 4.42218 11.8
      vertex 78.4 2.4 11.8
      vertex 76.4727 4.53036 11.8
    endloop
  endfacet
  facet normal -0 0 1
    outer loop
      vertex 76.2696 4.32731 11.8
      vertex 78.4 2.4 11.8
      vertex 76.3778 4.42218 11.8
    endloop
  endfacet
  facet normal -0 0 1
    outer loop
      vertex 76.15 4.24737 11.8
      vertex 78.4 2.4 11.8
      vertex 76.2696 4.32731 11.8
    endloop
  endfacet
  facet normal -0 0 1
    outer loop
      vertex 76.021 4.18373 11.8
      vertex 78.4 2.4 11.8
      vertex 76.15 4.24737 11.8
    endloop
  endfacet
  facet normal -0 0 1
    outer loop
      vertex 75.8847 4.13748 11.8
      vertex 78.4 2.4 11.8
      vertex 76.021 4.18373 11.8
    endloop
  endfacet
  facet normal -0 0 1
    outer loop
      vertex 75.7436 4.10941 11.8
      vertex 78.4 2.4 11.8
      vertex 75.8847 4.13748 11.8
    endloop
  endfacet
  facet normal -0 0 1
    outer loop
      vertex 75.6 4.1 11.8
      vertex 78.4 2.4 11.8
      vertex 75.7436 4.10941 11.8
    endloop
  endfacet
  facet normal 0 0 1
    outer loop
      vertex 73.2 2.4 11.8
      vertex 75.6 4.1 11.8
      vertex 75.4564 4.10941 11.8
    endloop
  endfacet
  facet normal 0 0 1
    outer loop
      vertex 73.2 2.4 11.8
      vertex 75.4564 4.10941 11.8
      vertex 75.3153 4.13748 11.8
    endloop
  endfacet
  facet normal 0 0 1
    outer loop
      vertex 73.2 2.4 11.8
      vertex 75.3153 4.13748 11.8
      vertex 75.179 4.18373 11.8
    endloop
  endfacet
  facet normal 0 0 1
    outer loop
      vertex 73.2 2.4 11.8
      vertex 75.179 4.18373 11.8
      vertex 75.05 4.24737 11.8
    endloop
  endfacet
  facet normal 0 0 1
    outer loop
      vertex 73.2 2.4 11.8
      vertex 74.5 5.2 11.8
      vertex 73.2 7.6 11.8
    endloop
  endfacet
  facet normal 0 0 1
    outer loop
      vertex 74.5 5.2 11.8
      vertex 73.2 2.4 11.8
      vertex 74.5094 5.05642 11.8
    endloop
  endfacet
  facet normal 0 0 1
    outer loop
      vertex 74.5094 5.05642 11.8
      vertex 73.2 2.4 11.8
      vertex 74.5375 4.9153 11.8
    endloop
  endfacet
  facet normal 0 0 1
    outer loop
      vertex 75.6 4.1 11.8
      vertex 73.2 2.4 11.8
      vertex 78.4 2.4 11.8
    endloop
  endfacet
  facet normal 0 0 1
    outer loop
      vertex 74.9304 4.32731 11.8
      vertex 73.2 2.4 11.8
      vertex 75.05 4.24737 11.8
    endloop
  endfacet
  facet normal 0 0 1
    outer loop
      vertex 74.8222 4.42218 11.8
      vertex 73.2 2.4 11.8
      vertex 74.9304 4.32731 11.8
    endloop
  endfacet
  facet normal 0 0 1
    outer loop
      vertex 74.7273 4.53036 11.8
      vertex 73.2 2.4 11.8
      vertex 74.8222 4.42218 11.8
    endloop
  endfacet
  facet normal 0 0 1
    outer loop
      vertex 74.6474 4.65 11.8
      vertex 73.2 2.4 11.8
      vertex 74.7273 4.53036 11.8
    endloop
  endfacet
  facet normal 0 0 1
    outer loop
      vertex 74.5837 4.77905 11.8
      vertex 73.2 2.4 11.8
      vertex 74.6474 4.65 11.8
    endloop
  endfacet
  facet normal 0 0 1
    outer loop
      vertex 74.5375 4.9153 11.8
      vertex 73.2 2.4 11.8
      vertex 74.5837 4.77905 11.8
    endloop
  endfacet
  facet normal 0 1 -0
    outer loop
      vertex 78.4 7.6 1.6
      vertex 73.2 7.6 11.8
      vertex 78.4 7.6 11.8
    endloop
  endfacet
  facet normal 0 1 0
    outer loop
      vertex 73.2 7.6 11.8
      vertex 78.4 7.6 1.6
      vertex 73.2 7.6 1.6
    endloop
  endfacet
  facet normal 1 -0 0
    outer loop
      vertex 7.6 49.2 10.6
      vertex 7.6 54.4 1.6
      vertex 7.6 54.4 10.6
    endloop
  endfacet
  facet normal 1 0 0
    outer loop
      vertex 7.6 54.4 1.6
      vertex 7.6 49.2 10.6
      vertex 7.6 49.2 1.6
    endloop
  endfacet
  facet normal 0 -1 0
    outer loop
      vertex 2.4 49.2 1.6
      vertex 7.6 49.2 10.6
      vertex 2.4 49.2 10.6
    endloop
  endfacet
  facet normal 0 -1 -0
    outer loop
      vertex 7.6 49.2 10.6
      vertex 2.4 49.2 1.6
      vertex 7.6 49.2 1.6
    endloop
  endfacet
  facet normal -1 0 0
    outer loop
      vertex 73.2 49.2 1.6
      vertex 73.2 54.4 11.8
      vertex 73.2 54.4 1.6
    endloop
  endfacet
  facet normal -1 -0 0
    outer loop
      vertex 73.2 54.4 11.8
      vertex 73.2 49.2 1.6
      vertex 73.2 49.2 11.8
    endloop
  endfacet
  facet normal 0 0 1
    outer loop
      vertex 78.4 54.4 11.8
      vertex 76.7 51.6 11.8
      vertex 78.4 49.2 11.8
    endloop
  endfacet
  facet normal 0 0 1
    outer loop
      vertex 78.4 54.4 11.8
      vertex 76.6906 51.7436 11.8
      vertex 76.7 51.6 11.8
    endloop
  endfacet
  facet normal 0 0 1
    outer loop
      vertex 78.4 54.4 11.8
      vertex 76.6625 51.8847 11.8
      vertex 76.6906 51.7436 11.8
    endloop
  endfacet
  facet normal 0 0 1
    outer loop
      vertex 78.4 54.4 11.8
      vertex 76.6163 52.021 11.8
      vertex 76.6625 51.8847 11.8
    endloop
  endfacet
  facet normal 0 0 1
    outer loop
      vertex 78.4 54.4 11.8
      vertex 76.5526 52.15 11.8
      vertex 76.6163 52.021 11.8
    endloop
  endfacet
  facet normal 0 0 1
    outer loop
      vertex 78.4 54.4 11.8
      vertex 76.4727 52.2696 11.8
      vertex 76.5526 52.15 11.8
    endloop
  endfacet
  facet normal 0 0 1
    outer loop
      vertex 78.4 54.4 11.8
      vertex 76.3778 52.3778 11.8
      vertex 76.4727 52.2696 11.8
    endloop
  endfacet
  facet normal 0 0 1
    outer loop
      vertex 78.4 54.4 11.8
      vertex 76.2696 52.4727 11.8
      vertex 76.3778 52.3778 11.8
    endloop
  endfacet
  facet normal 0 0 1
    outer loop
      vertex 78.4 54.4 11.8
      vertex 76.15 52.5526 11.8
      vertex 76.2696 52.4727 11.8
    endloop
  endfacet
  facet normal 0 0 1
    outer loop
      vertex 78.4 54.4 11.8
      vertex 76.021 52.6163 11.8
      vertex 76.15 52.5526 11.8
    endloop
  endfacet
  facet normal 0 0 1
    outer loop
      vertex 78.4 54.4 11.8
      vertex 75.8847 52.6625 11.8
      vertex 76.021 52.6163 11.8
    endloop
  endfacet
  facet normal 0 0 1
    outer loop
      vertex 78.4 54.4 11.8
      vertex 75.7436 52.6906 11.8
      vertex 75.8847 52.6625 11.8
    endloop
  endfacet
  facet normal 0 0 1
    outer loop
      vertex 78.4 54.4 11.8
      vertex 75.6 52.7 11.8
      vertex 75.7436 52.6906 11.8
    endloop
  endfacet
  facet normal -0 0 1
    outer loop
      vertex 73.2 54.4 11.8
      vertex 75.6 52.7 11.8
      vertex 78.4 54.4 11.8
    endloop
  endfacet
  facet normal 0 0 1
    outer loop
      vertex 75.6 52.7 11.8
      vertex 73.2 54.4 11.8
      vertex 75.4564 52.6906 11.8
    endloop
  endfacet
  facet normal 0 0 1
    outer loop
      vertex 75.4564 52.6906 11.8
      vertex 73.2 54.4 11.8
      vertex 75.3153 52.6625 11.8
    endloop
  endfacet
  facet normal 0 0 1
    outer loop
      vertex 75.3153 52.6625 11.8
      vertex 73.2 54.4 11.8
      vertex 75.179 52.6163 11.8
    endloop
  endfacet
  facet normal 0 0 1
    outer loop
      vertex 74.5094 51.7436 11.8
      vertex 73.2 54.4 11.8
      vertex 74.5 51.6 11.8
    endloop
  endfacet
  facet normal 0 0 1
    outer loop
      vertex 74.5375 51.8847 11.8
      vertex 73.2 54.4 11.8
      vertex 74.5094 51.7436 11.8
    endloop
  endfacet
  facet normal 0 0 1
    outer loop
      vertex 74.5837 52.021 11.8
      vertex 73.2 54.4 11.8
      vertex 74.5375 51.8847 11.8
    endloop
  endfacet
  facet normal 0 0 1
    outer loop
      vertex 74.6474 52.15 11.8
      vertex 73.2 54.4 11.8
      vertex 74.5837 52.021 11.8
    endloop
  endfacet
  facet normal 0 0 1
    outer loop
      vertex 74.7273 52.2696 11.8
      vertex 73.2 54.4 11.8
      vertex 74.6474 52.15 11.8
    endloop
  endfacet
  facet normal 0 0 1
    outer loop
      vertex 74.8222 52.3778 11.8
      vertex 73.2 54.4 11.8
      vertex 74.7273 52.2696 11.8
    endloop
  endfacet
  facet normal 0 0 1
    outer loop
      vertex 74.9304 52.4727 11.8
      vertex 73.2 54.4 11.8
      vertex 74.8222 52.3778 11.8
    endloop
  endfacet
  facet normal 0 0 1
    outer loop
      vertex 75.05 52.5526 11.8
      vertex 73.2 54.4 11.8
      vertex 74.9304 52.4727 11.8
    endloop
  endfacet
  facet normal 0 0 1
    outer loop
      vertex 75.179 52.6163 11.8
      vertex 73.2 54.4 11.8
      vertex 75.05 52.5526 11.8
    endloop
  endfacet
  facet normal -0 0 1
    outer loop
      vertex 76.6906 51.4564 11.8
      vertex 78.4 49.2 11.8
      vertex 76.7 51.6 11.8
    endloop
  endfacet
  facet normal -0 0 1
    outer loop
      vertex 76.6625 51.3153 11.8
      vertex 78.4 49.2 11.8
      vertex 76.6906 51.4564 11.8
    endloop
  endfacet
  facet normal -0 0 1
    outer loop
      vertex 76.6163 51.1791 11.8
      vertex 78.4 49.2 11.8
      vertex 76.6625 51.3153 11.8
    endloop
  endfacet
  facet normal -0 0 1
    outer loop
      vertex 76.5526 51.05 11.8
      vertex 78.4 49.2 11.8
      vertex 76.6163 51.1791 11.8
    endloop
  endfacet
  facet normal -0 0 1
    outer loop
      vertex 76.4727 50.9304 11.8
      vertex 78.4 49.2 11.8
      vertex 76.5526 51.05 11.8
    endloop
  endfacet
  facet normal -0 0 1
    outer loop
      vertex 76.3778 50.8222 11.8
      vertex 78.4 49.2 11.8
      vertex 76.4727 50.9304 11.8
    endloop
  endfacet
  facet normal -0 0 1
    outer loop
      vertex 76.2696 50.7273 11.8
      vertex 78.4 49.2 11.8
      vertex 76.3778 50.8222 11.8
    endloop
  endfacet
  facet normal -0 0 1
    outer loop
      vertex 76.15 50.6474 11.8
      vertex 78.4 49.2 11.8
      vertex 76.2696 50.7273 11.8
    endloop
  endfacet
  facet normal -0 0 1
    outer loop
      vertex 76.021 50.5837 11.8
      vertex 78.4 49.2 11.8
      vertex 76.15 50.6474 11.8
    endloop
  endfacet
  facet normal -0 0 1
    outer loop
      vertex 75.8847 50.5375 11.8
      vertex 78.4 49.2 11.8
      vertex 76.021 50.5837 11.8
    endloop
  endfacet
  facet normal -0 0 1
    outer loop
      vertex 75.7436 50.5094 11.8
      vertex 78.4 49.2 11.8
      vertex 75.8847 50.5375 11.8
    endloop
  endfacet
  facet normal -0 0 1
    outer loop
      vertex 75.6 50.5 11.8
      vertex 78.4 49.2 11.8
      vertex 75.7436 50.5094 11.8
    endloop
  endfacet
  facet normal 0 0 1
    outer loop
      vertex 73.2 49.2 11.8
      vertex 75.6 50.5 11.8
      vertex 75.4564 50.5094 11.8
    endloop
  endfacet
  facet normal 0 0 1
    outer loop
      vertex 73.2 49.2 11.8
      vertex 75.4564 50.5094 11.8
      vertex 75.3153 50.5375 11.8
    endloop
  endfacet
  facet normal 0 0 1
    outer loop
      vertex 73.2 49.2 11.8
      vertex 75.3153 50.5375 11.8
      vertex 75.179 50.5837 11.8
    endloop
  endfacet
  facet normal 0 0 1
    outer loop
      vertex 73.2 49.2 11.8
      vertex 74.5 51.6 11.8
      vertex 73.2 54.4 11.8
    endloop
  endfacet
  facet normal 0 0 1
    outer loop
      vertex 74.5 51.6 11.8
      vertex 73.2 49.2 11.8
      vertex 74.5094 51.4564 11.8
    endloop
  endfacet
  facet normal 0 0 1
    outer loop
      vertex 74.5094 51.4564 11.8
      vertex 73.2 49.2 11.8
      vertex 74.5375 51.3153 11.8
    endloop
  endfacet
  facet normal 0 0 1
    outer loop
      vertex 75.6 50.5 11.8
      vertex 73.2 49.2 11.8
      vertex 78.4 49.2 11.8
    endloop
  endfacet
  facet normal 0 0 1
    outer loop
      vertex 75.05 50.6474 11.8
      vertex 73.2 49.2 11.8
      vertex 75.179 50.5837 11.8
    endloop
  endfacet
  facet normal 0 0 1
    outer loop
      vertex 74.9304 50.7273 11.8
      vertex 73.2 49.2 11.8
      vertex 75.05 50.6474 11.8
    endloop
  endfacet
  facet normal 0 0 1
    outer loop
      vertex 74.8222 50.8222 11.8
      vertex 73.2 49.2 11.8
      vertex 74.9304 50.7273 11.8
    endloop
  endfacet
  facet normal 0 0 1
    outer loop
      vertex 74.7273 50.9304 11.8
      vertex 73.2 49.2 11.8
      vertex 74.8222 50.8222 11.8
    endloop
  endfacet
  facet normal 0 0 1
    outer loop
      vertex 74.6474 51.05 11.8
      vertex 73.2 49.2 11.8
      vertex 74.7273 50.9304 11.8
    endloop
  endfacet
  facet normal 0 0 1
    outer loop
      vertex 74.5837 51.1791 11.8
      vertex 73.2 49.2 11.8
      vertex 74.6474 51.05 11.8
    endloop
  endfacet
  facet normal 0 0 1
    outer loop
      vertex 74.5375 51.3153 11.8
      vertex 73.2 49.2 11.8
      vertex 74.5837 51.1791 11.8
    endloop
  endfacet
  facet normal 0 -1 0
    outer loop
      vertex 73.2 49.2 1.6
      vertex 78.4 49.2 11.8
      vertex 73.2 49.2 11.8
    endloop
  endfacet
  facet normal 0 -1 -0
    outer loop
      vertex 78.4 49.2 11.8
      vertex 73.2 49.2 1.6
      vertex 78.4 49.2 1.6
    endloop
  endfacet
  facet normal 1 0 0
    outer loop
      vertex 70.4 54.4 11.8
      vertex 70.4 49.6 10.6
      vertex 70.4 54.4 10.6
    endloop
  endfacet
  facet normal 1 0 0
    outer loop
      vertex 70.4 54.4 11.8
      vertex 70.4 48 10.6
      vertex 70.4 49.6 10.6
    endloop
  endfacet
  facet normal 1 0 0
    outer loop
      vertex 70.4 54.4 11.8
      vertex 70.4 8.8 10.6
      vertex 70.4 48 10.6
    endloop
  endfacet
  facet normal 1 -0 0
    outer loop
      vertex 70.4 2.4 11.8
      vertex 70.4 8.8 10.6
      vertex 70.4 54.4 11.8
    endloop
  endfacet
  facet normal 1 0 0
    outer loop
      vertex 70.4 8.8 10.6
      vertex 70.4 2.4 11.8
      vertex 70.4 7.2 10.6
    endloop
  endfacet
  facet normal 1 0 0
    outer loop
      vertex 70.4 7.2 10.6
      vertex 70.4 2.4 11.8
      vertex 70.4 2.4 10.6
    endloop
  endfacet
  facet normal 1 -0 0
    outer loop
      vertex 12.6 8.8 10.6
      vertex 12.6 48 1.6
      vertex 12.6 48 10.6
    endloop
  endfacet
  facet normal 1 0 0
    outer loop
      vertex 12.6 48 1.6
      vertex 12.6 8.8 10.6
      vertex 12.6 8.8 1.6
    endloop
  endfacet
  facet normal -0.997859 -0.0653981 0
    outer loop
      vertex 6.3 5.2 9.31
      vertex 6.29059 5.34358 11.8
      vertex 6.29059 5.34358 9.31
    endloop
  endfacet
  facet normal -0.997859 -0.0653981 0
    outer loop
      vertex 6.29059 5.34358 11.8
      vertex 6.3 5.2 9.31
      vertex 6.3 5.2 11.8
    endloop
  endfacet
  facet normal 0.997859 -0.0653981 0
    outer loop
      vertex 4.1 5.2 11.8
      vertex 4.10941 5.34358 9.31
      vertex 4.10941 5.34358 11.8
    endloop
  endfacet
  facet normal 0.997859 -0.0653981 0
    outer loop
      vertex 4.10941 5.34358 9.31
      vertex 4.1 5.2 11.8
      vertex 4.1 5.2 9.31
    endloop
  endfacet
  facet normal -0.0653981 -0.997859 0
    outer loop
      vertex 5.2 6.3 9.31
      vertex 5.34358 6.29059 11.8
      vertex 5.2 6.3 11.8
    endloop
  endfacet
  facet normal -0.0653981 -0.997859 -0
    outer loop
      vertex 5.34358 6.29059 11.8
      vertex 5.2 6.3 9.31
      vertex 5.34358 6.29059 9.31
    endloop
  endfacet
  facet normal -0.659341 -0.751844 0
    outer loop
      vertex 5.86964 6.07269 9.31
      vertex 5.97782 5.97782 11.8
      vertex 5.86964 6.07269 11.8
    endloop
  endfacet
  facet normal -0.659341 -0.751844 -0
    outer loop
      vertex 5.97782 5.97782 11.8
      vertex 5.86964 6.07269 9.31
      vertex 5.97782 5.97782 9.31
    endloop
  endfacet
  facet normal 0.659341 -0.751844 0
    outer loop
      vertex 4.42218 5.97782 9.31
      vertex 4.53036 6.07269 11.8
      vertex 4.42218 5.97782 11.8
    endloop
  endfacet
  facet normal 0.659341 -0.751844 0
    outer loop
      vertex 4.53036 6.07269 11.8
      vertex 4.42218 5.97782 9.31
      vertex 4.53036 6.07269 9.31
    endloop
  endfacet
  facet normal 0.321435 -0.946931 0
    outer loop
      vertex 4.77905 6.21627 9.31
      vertex 4.9153 6.26252 11.8
      vertex 4.77905 6.21627 11.8
    endloop
  endfacet
  facet normal 0.321435 -0.946931 0
    outer loop
      vertex 4.9153 6.26252 11.8
      vertex 4.77905 6.21627 9.31
      vertex 4.9153 6.26252 9.31
    endloop
  endfacet
  facet normal -0.831472 0.555566 0
    outer loop
      vertex 6.07269 4.53036 9.31
      vertex 6.15263 4.65 11.8
      vertex 6.15263 4.65 9.31
    endloop
  endfacet
  facet normal -0.831472 0.555566 0
    outer loop
      vertex 6.15263 4.65 11.8
      vertex 6.07269 4.53036 9.31
      vertex 6.07269 4.53036 11.8
    endloop
  endfacet
  facet normal -0.896874 -0.442286 0
    outer loop
      vertex 6.21627 5.62095 9.31
      vertex 6.15263 5.75 11.8
      vertex 6.15263 5.75 9.31
    endloop
  endfacet
  facet normal -0.896874 -0.442286 0
    outer loop
      vertex 6.15263 5.75 11.8
      vertex 6.21627 5.62095 9.31
      vertex 6.21627 5.62095 11.8
    endloop
  endfacet
  facet normal -0.980786 -0.195087 0
    outer loop
      vertex 6.29059 5.34358 9.31
      vertex 6.26252 5.4847 11.8
      vertex 6.26252 5.4847 9.31
    endloop
  endfacet
  facet normal -0.980786 -0.195087 0
    outer loop
      vertex 6.26252 5.4847 11.8
      vertex 6.29059 5.34358 9.31
      vertex 6.29059 5.34358 11.8
    endloop
  endfacet
  facet normal -0.831472 -0.555566 0
    outer loop
      vertex 6.15263 5.75 9.31
      vertex 6.07269 5.86964 11.8
      vertex 6.07269 5.86964 9.31
    endloop
  endfacet
  facet normal -0.831472 -0.555566 0
    outer loop
      vertex 6.07269 5.86964 11.8
      vertex 6.15263 5.75 9.31
      vertex 6.15263 5.75 11.8
    endloop
  endfacet
  facet normal -0.321435 -0.946931 0
    outer loop
      vertex 5.4847 6.26252 9.31
      vertex 5.62095 6.21627 11.8
      vertex 5.4847 6.26252 11.8
    endloop
  endfacet
  facet normal -0.321435 -0.946931 -0
    outer loop
      vertex 5.62095 6.21627 11.8
      vertex 5.4847 6.26252 9.31
      vertex 5.62095 6.21627 9.31
    endloop
  endfacet
  facet normal -0.195087 -0.980786 0
    outer loop
      vertex 5.34358 6.29059 9.31
      vertex 5.4847 6.26252 11.8
      vertex 5.34358 6.29059 11.8
    endloop
  endfacet
  facet normal -0.195087 -0.980786 -0
    outer loop
      vertex 5.4847 6.26252 11.8
      vertex 5.34358 6.29059 9.31
      vertex 5.4847 6.26252 9.31
    endloop
  endfacet
  facet normal -0.555566 -0.831472 0
    outer loop
      vertex 5.75 6.15263 9.31
      vertex 5.86964 6.07269 11.8
      vertex 5.75 6.15263 11.8
    endloop
  endfacet
  facet normal -0.555566 -0.831472 -0
    outer loop
      vertex 5.86964 6.07269 11.8
      vertex 5.75 6.15263 9.31
      vertex 5.86964 6.07269 9.31
    endloop
  endfacet
  facet normal 0.896874 -0.442286 0
    outer loop
      vertex 4.18373 5.62095 11.8
      vertex 4.24737 5.75 9.31
      vertex 4.24737 5.75 11.8
    endloop
  endfacet
  facet normal 0.896874 -0.442286 0
    outer loop
      vertex 4.24737 5.75 9.31
      vertex 4.18373 5.62095 11.8
      vertex 4.18373 5.62095 9.31
    endloop
  endfacet
  facet normal 0.751844 -0.659341 0
    outer loop
      vertex 4.32731 5.86964 11.8
      vertex 4.42218 5.97782 9.31
      vertex 4.42218 5.97782 11.8
    endloop
  endfacet
  facet normal 0.751844 -0.659341 0
    outer loop
      vertex 4.42218 5.97782 9.31
      vertex 4.32731 5.86964 11.8
      vertex 4.32731 5.86964 9.31
    endloop
  endfacet
  facet normal 0.946931 -0.321435 0
    outer loop
      vertex 4.13748 5.4847 11.8
      vertex 4.18373 5.62095 9.31
      vertex 4.18373 5.62095 11.8
    endloop
  endfacet
  facet normal 0.946931 -0.321435 0
    outer loop
      vertex 4.18373 5.62095 9.31
      vertex 4.13748 5.4847 11.8
      vertex 4.13748 5.4847 9.31
    endloop
  endfacet
  facet normal 0.195087 -0.980786 0
    outer loop
      vertex 4.9153 6.26252 9.31
      vertex 5.05642 6.29059 11.8
      vertex 4.9153 6.26252 11.8
    endloop
  endfacet
  facet normal 0.195087 -0.980786 0
    outer loop
      vertex 5.05642 6.29059 11.8
      vertex 4.9153 6.26252 9.31
      vertex 5.05642 6.29059 9.31
    endloop
  endfacet
  facet normal -0.555566 0.831472 0
    outer loop
      vertex 5.86964 4.32731 9.31
      vertex 5.75 4.24737 11.8
      vertex 5.86964 4.32731 11.8
    endloop
  endfacet
  facet normal -0.555566 0.831472 0
    outer loop
      vertex 5.75 4.24737 11.8
      vertex 5.86964 4.32731 9.31
      vertex 5.75 4.24737 9.31
    endloop
  endfacet
  facet normal 0.659341 0.751844 -0
    outer loop
      vertex 4.53036 4.32731 9.31
      vertex 4.42218 4.42218 11.8
      vertex 4.53036 4.32731 11.8
    endloop
  endfacet
  facet normal 0.659341 0.751844 0
    outer loop
      vertex 4.42218 4.42218 11.8
      vertex 4.53036 4.32731 9.31
      vertex 4.42218 4.42218 9.31
    endloop
  endfacet
  facet normal 0.321435 0.946931 -0
    outer loop
      vertex 4.9153 4.13748 9.31
      vertex 4.77905 4.18373 11.8
      vertex 4.9153 4.13748 11.8
    endloop
  endfacet
  facet normal 0.321435 0.946931 0
    outer loop
      vertex 4.77905 4.18373 11.8
      vertex 4.9153 4.13748 9.31
      vertex 4.77905 4.18373 9.31
    endloop
  endfacet
  facet normal -0.946931 -0.321435 0
    outer loop
      vertex 6.26252 5.4847 9.31
      vertex 6.21627 5.62095 11.8
      vertex 6.21627 5.62095 9.31
    endloop
  endfacet
  facet normal -0.946931 -0.321435 0
    outer loop
      vertex 6.21627 5.62095 11.8
      vertex 6.26252 5.4847 9.31
      vertex 6.26252 5.4847 11.8
    endloop
  endfacet
  facet normal -0.751844 -0.659341 0
    outer loop
      vertex 6.07269 5.86964 9.31
      vertex 5.97782 5.97782 11.8
      vertex 5.97782 5.97782 9.31
    endloop
  endfacet
  facet normal -0.751844 -0.659341 0
    outer loop
      vertex 5.97782 5.97782 11.8
      vertex 6.07269 5.86964 9.31
      vertex 6.07269 5.86964 11.8
    endloop
  endfacet
  facet normal -0.442286 -0.896874 0
    outer loop
      vertex 5.62095 6.21627 9.31
      vertex 5.75 6.15263 11.8
      vertex 5.62095 6.21627 11.8
    endloop
  endfacet
  facet normal -0.442286 -0.896874 -0
    outer loop
      vertex 5.75 6.15263 11.8
      vertex 5.62095 6.21627 9.31
      vertex 5.75 6.15263 9.31
    endloop
  endfacet
  facet normal 0.831472 -0.555566 0
    outer loop
      vertex 4.24737 5.75 11.8
      vertex 4.32731 5.86964 9.31
      vertex 4.32731 5.86964 11.8
    endloop
  endfacet
  facet normal 0.831472 -0.555566 0
    outer loop
      vertex 4.32731 5.86964 9.31
      vertex 4.24737 5.75 11.8
      vertex 4.24737 5.75 9.31
    endloop
  endfacet
  facet normal 0.980786 -0.195087 0
    outer loop
      vertex 4.10941 5.34358 11.8
      vertex 4.13748 5.4847 9.31
      vertex 4.13748 5.4847 11.8
    endloop
  endfacet
  facet normal 0.980786 -0.195087 0
    outer loop
      vertex 4.13748 5.4847 9.31
      vertex 4.10941 5.34358 11.8
      vertex 4.10941 5.34358 9.31
    endloop
  endfacet
  facet normal 0.442286 -0.896874 0
    outer loop
      vertex 4.65 6.15263 9.31
      vertex 4.77905 6.21627 11.8
      vertex 4.65 6.15263 11.8
    endloop
  endfacet
  facet normal 0.442286 -0.896874 0
    outer loop
      vertex 4.77905 6.21627 11.8
      vertex 4.65 6.15263 9.31
      vertex 4.77905 6.21627 9.31
    endloop
  endfacet
  facet normal 0.555566 -0.831472 0
    outer loop
      vertex 4.53036 6.07269 9.31
      vertex 4.65 6.15263 11.8
      vertex 4.53036 6.07269 11.8
    endloop
  endfacet
  facet normal 0.555566 -0.831472 0
    outer loop
      vertex 4.65 6.15263 11.8
      vertex 4.53036 6.07269 9.31
      vertex 4.65 6.15263 9.31
    endloop
  endfacet
  facet normal 0.0653981 -0.997859 0
    outer loop
      vertex 5.05642 6.29059 9.31
      vertex 5.2 6.3 11.8
      vertex 5.05642 6.29059 11.8
    endloop
  endfacet
  facet normal 0.0653981 -0.997859 0
    outer loop
      vertex 5.2 6.3 11.8
      vertex 5.05642 6.29059 9.31
      vertex 5.2 6.3 9.31
    endloop
  endfacet
  facet normal -0.997859 0.0653981 0
    outer loop
      vertex 6.29059 5.05642 9.31
      vertex 6.3 5.2 11.8
      vertex 6.3 5.2 9.31
    endloop
  endfacet
  facet normal -0.997859 0.0653981 0
    outer loop
      vertex 6.3 5.2 11.8
      vertex 6.29059 5.05642 9.31
      vertex 6.29059 5.05642 11.8
    endloop
  endfacet
  facet normal -0.0653981 0.997859 0
    outer loop
      vertex 5.34358 4.10941 9.31
      vertex 5.2 4.1 11.8
      vertex 5.34358 4.10941 11.8
    endloop
  endfacet
  facet normal -0.0653981 0.997859 0
    outer loop
      vertex 5.2 4.1 11.8
      vertex 5.34358 4.10941 9.31
      vertex 5.2 4.1 9.31
    endloop
  endfacet
  facet normal -0.321435 0.946931 0
    outer loop
      vertex 5.62095 4.18373 9.31
      vertex 5.4847 4.13748 11.8
      vertex 5.62095 4.18373 11.8
    endloop
  endfacet
  facet normal -0.321435 0.946931 0
    outer loop
      vertex 5.4847 4.13748 11.8
      vertex 5.62095 4.18373 9.31
      vertex 5.4847 4.13748 9.31
    endloop
  endfacet
  facet normal -0.659341 0.751844 0
    outer loop
      vertex 5.97782 4.42218 9.31
      vertex 5.86964 4.32731 11.8
      vertex 5.97782 4.42218 11.8
    endloop
  endfacet
  facet normal -0.659341 0.751844 0
    outer loop
      vertex 5.86964 4.32731 11.8
      vertex 5.97782 4.42218 9.31
      vertex 5.86964 4.32731 9.31
    endloop
  endfacet
  facet normal -0.980786 0.195087 0
    outer loop
      vertex 6.26252 4.9153 9.31
      vertex 6.29059 5.05642 11.8
      vertex 6.29059 5.05642 9.31
    endloop
  endfacet
  facet normal -0.980786 0.195087 0
    outer loop
      vertex 6.29059 5.05642 11.8
      vertex 6.26252 4.9153 9.31
      vertex 6.26252 4.9153 11.8
    endloop
  endfacet
  facet normal 0.555566 0.831472 -0
    outer loop
      vertex 4.65 4.24737 9.31
      vertex 4.53036 4.32731 11.8
      vertex 4.65 4.24737 11.8
    endloop
  endfacet
  facet normal 0.555566 0.831472 0
    outer loop
      vertex 4.53036 4.32731 11.8
      vertex 4.65 4.24737 9.31
      vertex 4.53036 4.32731 9.31
    endloop
  endfacet
  facet normal 0.195087 0.980786 -0
    outer loop
      vertex 5.05642 4.10941 9.31
      vertex 4.9153 4.13748 11.8
      vertex 5.05642 4.10941 11.8
    endloop
  endfacet
  facet normal 0.195087 0.980786 0
    outer loop
      vertex 4.9153 4.13748 11.8
      vertex 5.05642 4.10941 9.31
      vertex 4.9153 4.13748 9.31
    endloop
  endfacet
  facet normal 0.896874 0.442286 0
    outer loop
      vertex 4.24737 4.65 11.8
      vertex 4.18373 4.77905 9.31
      vertex 4.18373 4.77905 11.8
    endloop
  endfacet
  facet normal 0.896874 0.442286 0
    outer loop
      vertex 4.18373 4.77905 9.31
      vertex 4.24737 4.65 11.8
      vertex 4.24737 4.65 9.31
    endloop
  endfacet
  facet normal 0.751844 0.659341 0
    outer loop
      vertex 4.42218 4.42218 11.8
      vertex 4.32731 4.53036 9.31
      vertex 4.32731 4.53036 11.8
    endloop
  endfacet
  facet normal 0.751844 0.659341 0
    outer loop
      vertex 4.32731 4.53036 9.31
      vertex 4.42218 4.42218 11.8
      vertex 4.42218 4.42218 9.31
    endloop
  endfacet
  facet normal 0.946931 0.321435 0
    outer loop
      vertex 4.18373 4.77905 11.8
      vertex 4.13748 4.9153 9.31
      vertex 4.13748 4.9153 11.8
    endloop
  endfacet
  facet normal 0.946931 0.321435 0
    outer loop
      vertex 4.13748 4.9153 9.31
      vertex 4.18373 4.77905 11.8
      vertex 4.18373 4.77905 9.31
    endloop
  endfacet
  facet normal 0.997859 0.0653981 0
    outer loop
      vertex 4.10941 5.05642 11.8
      vertex 4.1 5.2 9.31
      vertex 4.1 5.2 11.8
    endloop
  endfacet
  facet normal 0.997859 0.0653981 0
    outer loop
      vertex 4.1 5.2 9.31
      vertex 4.10941 5.05642 11.8
      vertex 4.10941 5.05642 9.31
    endloop
  endfacet
  facet normal -0.195087 0.980786 0
    outer loop
      vertex 5.4847 4.13748 9.31
      vertex 5.34358 4.10941 11.8
      vertex 5.4847 4.13748 11.8
    endloop
  endfacet
  facet normal -0.195087 0.980786 0
    outer loop
      vertex 5.34358 4.10941 11.8
      vertex 5.4847 4.13748 9.31
      vertex 5.34358 4.10941 9.31
    endloop
  endfacet
  facet normal -0.442286 0.896874 0
    outer loop
      vertex 5.75 4.24737 9.31
      vertex 5.62095 4.18373 11.8
      vertex 5.75 4.24737 11.8
    endloop
  endfacet
  facet normal -0.442286 0.896874 0
    outer loop
      vertex 5.62095 4.18373 11.8
      vertex 5.75 4.24737 9.31
      vertex 5.62095 4.18373 9.31
    endloop
  endfacet
  facet normal -0.751844 0.659341 0
    outer loop
      vertex 5.97782 4.42218 9.31
      vertex 6.07269 4.53036 11.8
      vertex 6.07269 4.53036 9.31
    endloop
  endfacet
  facet normal -0.751844 0.659341 0
    outer loop
      vertex 6.07269 4.53036 11.8
      vertex 5.97782 4.42218 9.31
      vertex 5.97782 4.42218 11.8
    endloop
  endfacet
  facet normal -0.896874 0.442286 0
    outer loop
      vertex 6.15263 4.65 9.31
      vertex 6.21627 4.77905 11.8
      vertex 6.21627 4.77905 9.31
    endloop
  endfacet
  facet normal -0.896874 0.442286 0
    outer loop
      vertex 6.21627 4.77905 11.8
      vertex 6.15263 4.65 9.31
      vertex 6.15263 4.65 11.8
    endloop
  endfacet
  facet normal 0.442286 0.896874 -0
    outer loop
      vertex 4.77905 4.18373 9.31
      vertex 4.65 4.24737 11.8
      vertex 4.77905 4.18373 11.8
    endloop
  endfacet
  facet normal 0.442286 0.896874 0
    outer loop
      vertex 4.65 4.24737 11.8
      vertex 4.77905 4.18373 9.31
      vertex 4.65 4.24737 9.31
    endloop
  endfacet
  facet normal 0.0653981 0.997859 -0
    outer loop
      vertex 5.2 4.1 9.31
      vertex 5.05642 4.10941 11.8
      vertex 5.2 4.1 11.8
    endloop
  endfacet
  facet normal 0.0653981 0.997859 0
    outer loop
      vertex 5.05642 4.10941 11.8
      vertex 5.2 4.1 9.31
      vertex 5.05642 4.10941 9.31
    endloop
  endfacet
  facet normal 0.831472 0.555566 0
    outer loop
      vertex 4.32731 4.53036 11.8
      vertex 4.24737 4.65 9.31
      vertex 4.24737 4.65 11.8
    endloop
  endfacet
  facet normal 0.831472 0.555566 0
    outer loop
      vertex 4.24737 4.65 9.31
      vertex 4.32731 4.53036 11.8
      vertex 4.32731 4.53036 9.31
    endloop
  endfacet
  facet normal 0.980786 0.195087 0
    outer loop
      vertex 4.13748 4.9153 11.8
      vertex 4.10941 5.05642 9.31
      vertex 4.10941 5.05642 11.8
    endloop
  endfacet
  facet normal 0.980786 0.195087 0
    outer loop
      vertex 4.10941 5.05642 9.31
      vertex 4.13748 4.9153 11.8
      vertex 4.13748 4.9153 9.31
    endloop
  endfacet
  facet normal -0.946931 0.321435 0
    outer loop
      vertex 6.21627 4.77905 9.31
      vertex 6.26252 4.9153 11.8
      vertex 6.26252 4.9153 9.31
    endloop
  endfacet
  facet normal -0.946931 0.321435 0
    outer loop
      vertex 6.26252 4.9153 11.8
      vertex 6.21627 4.77905 9.31
      vertex 6.21627 4.77905 11.8
    endloop
  endfacet
  facet normal -0.997858 -0.0654137 0
    outer loop
      vertex 7.5 5.2 0
      vertex 7.48032 5.50021 9.31
      vertex 7.48032 5.50021 0
    endloop
  endfacet
  facet normal -0.997858 -0.0654137 0
    outer loop
      vertex 7.48032 5.50021 9.31
      vertex 7.5 5.2 0
      vertex 7.5 5.2 9.31
    endloop
  endfacet
  facet normal 0.997858 -0.0654137 0
    outer loop
      vertex 2.9 5.2 9.31
      vertex 2.91968 5.50021 0
      vertex 2.91968 5.50021 9.31
    endloop
  endfacet
  facet normal 0.997858 -0.0654137 0
    outer loop
      vertex 2.91968 5.50021 0
      vertex 2.9 5.2 9.31
      vertex 2.9 5.2 0
    endloop
  endfacet
  facet normal 0.0654137 -0.997858 0
    outer loop
      vertex 4.89979 7.48032 0
      vertex 5.2 7.5 9.31
      vertex 4.89979 7.48032 9.31
    endloop
  endfacet
  facet normal 0.0654137 -0.997858 0
    outer loop
      vertex 5.2 7.5 9.31
      vertex 4.89979 7.48032 0
      vertex 5.2 7.5 0
    endloop
  endfacet
  facet normal -0.0654137 0.997858 0
    outer loop
      vertex 5.50021 2.91968 0
      vertex 5.2 2.9 9.31
      vertex 5.50021 2.91968 9.31
    endloop
  endfacet
  facet normal -0.0654137 0.997858 0
    outer loop
      vertex 5.2 2.9 9.31
      vertex 5.50021 2.91968 0
      vertex 5.2 2.9 0
    endloop
  endfacet
  facet normal -0.751829 0.659358 0
    outer loop
      vertex 6.82634 3.57366 0
      vertex 7.02471 3.79985 9.31
      vertex 7.02471 3.79985 0
    endloop
  endfacet
  facet normal -0.751829 0.659358 0
    outer loop
      vertex 7.02471 3.79985 9.31
      vertex 6.82634 3.57366 0
      vertex 6.82634 3.57366 9.31
    endloop
  endfacet
  facet normal -0.659358 -0.751829 0
    outer loop
      vertex 6.60015 7.02471 0
      vertex 6.82634 6.82634 9.31
      vertex 6.60015 7.02471 9.31
    endloop
  endfacet
  facet normal -0.659358 -0.751829 -0
    outer loop
      vertex 6.82634 6.82634 9.31
      vertex 6.60015 7.02471 0
      vertex 6.82634 6.82634 0
    endloop
  endfacet
  facet normal 0.751829 -0.659358 0
    outer loop
      vertex 3.37529 6.60015 9.31
      vertex 3.57366 6.82634 0
      vertex 3.57366 6.82634 9.31
    endloop
  endfacet
  facet normal 0.751829 -0.659358 0
    outer loop
      vertex 3.57366 6.82634 0
      vertex 3.37529 6.60015 9.31
      vertex 3.37529 6.60015 0
    endloop
  endfacet
  facet normal 0.442274 -0.89688 0
    outer loop
      vertex 4.05 7.19186 0
      vertex 4.31983 7.32492 9.31
      vertex 4.05 7.19186 9.31
    endloop
  endfacet
  facet normal 0.442274 -0.89688 0
    outer loop
      vertex 4.31983 7.32492 9.31
      vertex 4.05 7.19186 0
      vertex 4.31983 7.32492 0
    endloop
  endfacet
  facet normal -0.89688 -0.442274 0
    outer loop
      vertex 7.32492 6.08017 0
      vertex 7.19186 6.35 9.31
      vertex 7.19186 6.35 0
    endloop
  endfacet
  facet normal -0.89688 -0.442274 0
    outer loop
      vertex 7.19186 6.35 9.31
      vertex 7.32492 6.08017 0
      vertex 7.32492 6.08017 9.31
    endloop
  endfacet
  facet normal -0.831462 -0.555582 0
    outer loop
      vertex 7.19186 6.35 0
      vertex 7.02471 6.60015 9.31
      vertex 7.02471 6.60015 0
    endloop
  endfacet
  facet normal -0.831462 -0.555582 0
    outer loop
      vertex 7.02471 6.60015 9.31
      vertex 7.19186 6.35 0
      vertex 7.19186 6.35 9.31
    endloop
  endfacet
  facet normal -0.321448 -0.946927 0
    outer loop
      vertex 5.79528 7.42163 0
      vertex 6.08017 7.32492 9.31
      vertex 5.79528 7.42163 9.31
    endloop
  endfacet
  facet normal -0.321448 -0.946927 -0
    outer loop
      vertex 6.08017 7.32492 9.31
      vertex 5.79528 7.42163 0
      vertex 6.08017 7.32492 0
    endloop
  endfacet
  facet normal -0.19508 -0.980787 0
    outer loop
      vertex 5.50021 7.48032 0
      vertex 5.79528 7.42163 9.31
      vertex 5.50021 7.48032 9.31
    endloop
  endfacet
  facet normal -0.19508 -0.980787 -0
    outer loop
      vertex 5.79528 7.42163 9.31
      vertex 5.50021 7.48032 0
      vertex 5.79528 7.42163 0
    endloop
  endfacet
  facet normal -0.442274 -0.89688 0
    outer loop
      vertex 6.08017 7.32492 0
      vertex 6.35 7.19186 9.31
      vertex 6.08017 7.32492 9.31
    endloop
  endfacet
  facet normal -0.442274 -0.89688 -0
    outer loop
      vertex 6.35 7.19186 9.31
      vertex 6.08017 7.32492 0
      vertex 6.35 7.19186 0
    endloop
  endfacet
  facet normal 0.89688 -0.442274 0
    outer loop
      vertex 3.07508 6.08017 9.31
      vertex 3.20814 6.35 0
      vertex 3.20814 6.35 9.31
    endloop
  endfacet
  facet normal 0.89688 -0.442274 0
    outer loop
      vertex 3.20814 6.35 0
      vertex 3.07508 6.08017 9.31
      vertex 3.07508 6.08017 0
    endloop
  endfacet
  facet normal 0.831462 -0.555582 0
    outer loop
      vertex 3.20814 6.35 9.31
      vertex 3.37529 6.60015 0
      vertex 3.37529 6.60015 9.31
    endloop
  endfacet
  facet normal 0.831462 -0.555582 0
    outer loop
      vertex 3.37529 6.60015 0
      vertex 3.20814 6.35 9.31
      vertex 3.20814 6.35 0
    endloop
  endfacet
  facet normal 0 0 -1
    outer loop
      vertex 6.3 5.2 9.31
      vertex 7.5 5.2 9.31
      vertex 7.48032 4.89979 9.31
    endloop
  endfacet
  facet normal 0 0 -1
    outer loop
      vertex 6.29059 5.05642 9.31
      vertex 7.48032 4.89979 9.31
      vertex 7.42163 4.60472 9.31
    endloop
  endfacet
  facet normal 0 0 -1
    outer loop
      vertex 7.5 5.2 9.31
      vertex 6.3 5.2 9.31
      vertex 7.48032 5.50021 9.31
    endloop
  endfacet
  facet normal 0 0 -1
    outer loop
      vertex 6.26252 4.9153 9.31
      vertex 7.42163 4.60472 9.31
      vertex 7.32492 4.31983 9.31
    endloop
  endfacet
  facet normal 0 0 -1
    outer loop
      vertex 6.29059 5.34358 9.31
      vertex 7.48032 5.50021 9.31
      vertex 6.3 5.2 9.31
    endloop
  endfacet
  facet normal 0 0 -1
    outer loop
      vertex 6.21627 4.77905 9.31
      vertex 7.32492 4.31983 9.31
      vertex 7.19186 4.05 9.31
    endloop
  endfacet
  facet normal -0 0 -1
    outer loop
      vertex 7.48032 5.50021 9.31
      vertex 6.29059 5.34358 9.31
      vertex 7.42163 5.79528 9.31
    endloop
  endfacet
  facet normal 0 0 -1
    outer loop
      vertex 6.15263 4.65 9.31
      vertex 7.19186 4.05 9.31
      vertex 7.02471 3.79985 9.31
    endloop
  endfacet
  facet normal 0 0 -1
    outer loop
      vertex 6.26252 5.4847 9.31
      vertex 7.42163 5.79528 9.31
      vertex 6.29059 5.34358 9.31
    endloop
  endfacet
  facet normal 0 0 -1
    outer loop
      vertex 6.07269 4.53036 9.31
      vertex 7.02471 3.79985 9.31
      vertex 6.82634 3.57366 9.31
    endloop
  endfacet
  facet normal -0 0 -1
    outer loop
      vertex 7.42163 5.79528 9.31
      vertex 6.26252 5.4847 9.31
      vertex 7.32492 6.08017 9.31
    endloop
  endfacet
  facet normal 0 0 -1
    outer loop
      vertex 5.97782 4.42218 9.31
      vertex 6.82634 3.57366 9.31
      vertex 6.60015 3.37529 9.31
    endloop
  endfacet
  facet normal 0 0 -1
    outer loop
      vertex 6.21627 5.62095 9.31
      vertex 7.32492 6.08017 9.31
      vertex 6.26252 5.4847 9.31
    endloop
  endfacet
  facet normal 0 0 -1
    outer loop
      vertex 5.86964 4.32731 9.31
      vertex 6.60015 3.37529 9.31
      vertex 6.35 3.20814 9.31
    endloop
  endfacet
  facet normal -0 0 -1
    outer loop
      vertex 7.32492 6.08017 9.31
      vertex 6.21627 5.62095 9.31
      vertex 7.19186 6.35 9.31
    endloop
  endfacet
  facet normal 0 0 -1
    outer loop
      vertex 6.15263 5.75 9.31
      vertex 7.19186 6.35 9.31
      vertex 6.21627 5.62095 9.31
    endloop
  endfacet
  facet normal 0 0 -1
    outer loop
      vertex 7.48032 4.89979 9.31
      vertex 6.29059 5.05642 9.31
      vertex 6.3 5.2 9.31
    endloop
  endfacet
  facet normal 0 0 -1
    outer loop
      vertex 7.42163 4.60472 9.31
      vertex 6.26252 4.9153 9.31
      vertex 6.29059 5.05642 9.31
    endloop
  endfacet
  facet normal 0 0 -1
    outer loop
      vertex 7.32492 4.31983 9.31
      vertex 6.21627 4.77905 9.31
      vertex 6.26252 4.9153 9.31
    endloop
  endfacet
  facet normal 0 0 -1
    outer loop
      vertex 7.19186 4.05 9.31
      vertex 6.15263 4.65 9.31
      vertex 6.21627 4.77905 9.31
    endloop
  endfacet
  facet normal 0 0 -1
    outer loop
      vertex 5.75 4.24737 9.31
      vertex 6.35 3.20814 9.31
      vertex 6.08017 3.07508 9.31
    endloop
  endfacet
  facet normal 0 0 -1
    outer loop
      vertex 7.02471 3.79985 9.31
      vertex 6.07269 4.53036 9.31
      vertex 6.15263 4.65 9.31
    endloop
  endfacet
  facet normal 0 0 -1
    outer loop
      vertex 6.82634 3.57366 9.31
      vertex 5.97782 4.42218 9.31
      vertex 6.07269 4.53036 9.31
    endloop
  endfacet
  facet normal 0 0 -1
    outer loop
      vertex 6.60015 3.37529 9.31
      vertex 5.86964 4.32731 9.31
      vertex 5.97782 4.42218 9.31
    endloop
  endfacet
  facet normal 0 0 -1
    outer loop
      vertex 5.62095 4.18373 9.31
      vertex 6.08017 3.07508 9.31
      vertex 5.79528 2.97837 9.31
    endloop
  endfacet
  facet normal 0 0 -1
    outer loop
      vertex 6.35 3.20814 9.31
      vertex 5.75 4.24737 9.31
      vertex 5.86964 4.32731 9.31
    endloop
  endfacet
  facet normal 0 0 -1
    outer loop
      vertex 6.08017 3.07508 9.31
      vertex 5.62095 4.18373 9.31
      vertex 5.75 4.24737 9.31
    endloop
  endfacet
  facet normal 0 0 -1
    outer loop
      vertex 5.4847 4.13748 9.31
      vertex 5.79528 2.97837 9.31
      vertex 5.50021 2.91968 9.31
    endloop
  endfacet
  facet normal 0 0 -1
    outer loop
      vertex 5.79528 2.97837 9.31
      vertex 5.4847 4.13748 9.31
      vertex 5.62095 4.18373 9.31
    endloop
  endfacet
  facet normal 0 0 -1
    outer loop
      vertex 5.50021 2.91968 9.31
      vertex 5.34358 4.10941 9.31
      vertex 5.4847 4.13748 9.31
    endloop
  endfacet
  facet normal 0 0 -1
    outer loop
      vertex 5.2 2.9 9.31
      vertex 5.34358 4.10941 9.31
      vertex 5.50021 2.91968 9.31
    endloop
  endfacet
  facet normal 0 0 -1
    outer loop
      vertex 5.2 2.9 9.31
      vertex 5.2 4.1 9.31
      vertex 5.34358 4.10941 9.31
    endloop
  endfacet
  facet normal 0 0 -1
    outer loop
      vertex 5.2 2.9 9.31
      vertex 5.05642 4.10941 9.31
      vertex 5.2 4.1 9.31
    endloop
  endfacet
  facet normal 0 0 -1
    outer loop
      vertex 4.89979 2.91968 9.31
      vertex 5.05642 4.10941 9.31
      vertex 5.2 2.9 9.31
    endloop
  endfacet
  facet normal -0 0 -1
    outer loop
      vertex 5.05642 4.10941 9.31
      vertex 4.89979 2.91968 9.31
      vertex 4.9153 4.13748 9.31
    endloop
  endfacet
  facet normal 0 0 -1
    outer loop
      vertex 4.60472 2.97837 9.31
      vertex 4.9153 4.13748 9.31
      vertex 4.89979 2.91968 9.31
    endloop
  endfacet
  facet normal -0 0 -1
    outer loop
      vertex 4.9153 4.13748 9.31
      vertex 4.60472 2.97837 9.31
      vertex 4.77905 4.18373 9.31
    endloop
  endfacet
  facet normal 0 0 -1
    outer loop
      vertex 4.31983 3.07508 9.31
      vertex 4.77905 4.18373 9.31
      vertex 4.60472 2.97837 9.31
    endloop
  endfacet
  facet normal -0 0 -1
    outer loop
      vertex 4.77905 4.18373 9.31
      vertex 4.31983 3.07508 9.31
      vertex 4.65 4.24737 9.31
    endloop
  endfacet
  facet normal 0 0 -1
    outer loop
      vertex 4.05 3.20814 9.31
      vertex 4.65 4.24737 9.31
      vertex 4.31983 3.07508 9.31
    endloop
  endfacet
  facet normal -0 0 -1
    outer loop
      vertex 4.65 4.24737 9.31
      vertex 4.05 3.20814 9.31
      vertex 4.53036 4.32731 9.31
    endloop
  endfacet
  facet normal 0 0 -1
    outer loop
      vertex 3.79985 3.37529 9.31
      vertex 4.53036 4.32731 9.31
      vertex 4.05 3.20814 9.31
    endloop
  endfacet
  facet normal -0 0 -1
    outer loop
      vertex 4.53036 4.32731 9.31
      vertex 3.79985 3.37529 9.31
      vertex 4.42218 4.42218 9.31
    endloop
  endfacet
  facet normal 0 0 -1
    outer loop
      vertex 3.57366 3.57366 9.31
      vertex 4.42218 4.42218 9.31
      vertex 3.79985 3.37529 9.31
    endloop
  endfacet
  facet normal -0 0 -1
    outer loop
      vertex 4.42218 4.42218 9.31
      vertex 3.57366 3.57366 9.31
      vertex 4.32731 4.53036 9.31
    endloop
  endfacet
  facet normal 0 0 -1
    outer loop
      vertex 3.37529 3.79985 9.31
      vertex 4.32731 4.53036 9.31
      vertex 3.57366 3.57366 9.31
    endloop
  endfacet
  facet normal 0 0 -1
    outer loop
      vertex 3.20814 4.05 9.31
      vertex 4.24737 4.65 9.31
      vertex 3.37529 3.79985 9.31
    endloop
  endfacet
  facet normal -0 0 -1
    outer loop
      vertex 4.32731 4.53036 9.31
      vertex 3.37529 3.79985 9.31
      vertex 4.24737 4.65 9.31
    endloop
  endfacet
  facet normal -0 0 -1
    outer loop
      vertex 7.19186 6.35 9.31
      vertex 6.15263 5.75 9.31
      vertex 7.02471 6.60015 9.31
    endloop
  endfacet
  facet normal 0 0 -1
    outer loop
      vertex 6.07269 5.86964 9.31
      vertex 7.02471 6.60015 9.31
      vertex 6.15263 5.75 9.31
    endloop
  endfacet
  facet normal -0 0 -1
    outer loop
      vertex 7.02471 6.60015 9.31
      vertex 6.07269 5.86964 9.31
      vertex 6.82634 6.82634 9.31
    endloop
  endfacet
  facet normal 0 0 -1
    outer loop
      vertex 5.97782 5.97782 9.31
      vertex 6.82634 6.82634 9.31
      vertex 6.07269 5.86964 9.31
    endloop
  endfacet
  facet normal -0 0 -1
    outer loop
      vertex 6.82634 6.82634 9.31
      vertex 5.97782 5.97782 9.31
      vertex 6.60015 7.02471 9.31
    endloop
  endfacet
  facet normal 0 0 -1
    outer loop
      vertex 5.86964 6.07269 9.31
      vertex 6.60015 7.02471 9.31
      vertex 5.97782 5.97782 9.31
    endloop
  endfacet
  facet normal -0 0 -1
    outer loop
      vertex 6.60015 7.02471 9.31
      vertex 5.86964 6.07269 9.31
      vertex 6.35 7.19186 9.31
    endloop
  endfacet
  facet normal 0 0 -1
    outer loop
      vertex 5.75 6.15263 9.31
      vertex 6.35 7.19186 9.31
      vertex 5.86964 6.07269 9.31
    endloop
  endfacet
  facet normal -0 0 -1
    outer loop
      vertex 6.35 7.19186 9.31
      vertex 5.75 6.15263 9.31
      vertex 6.08017 7.32492 9.31
    endloop
  endfacet
  facet normal 0 0 -1
    outer loop
      vertex 5.62095 6.21627 9.31
      vertex 6.08017 7.32492 9.31
      vertex 5.75 6.15263 9.31
    endloop
  endfacet
  facet normal -0 0 -1
    outer loop
      vertex 6.08017 7.32492 9.31
      vertex 5.62095 6.21627 9.31
      vertex 5.79528 7.42163 9.31
    endloop
  endfacet
  facet normal 0 0 -1
    outer loop
      vertex 5.4847 6.26252 9.31
      vertex 5.79528 7.42163 9.31
      vertex 5.62095 6.21627 9.31
    endloop
  endfacet
  facet normal -0 0 -1
    outer loop
      vertex 5.79528 7.42163 9.31
      vertex 5.4847 6.26252 9.31
      vertex 5.50021 7.48032 9.31
    endloop
  endfacet
  facet normal 0 0 -1
    outer loop
      vertex 5.34358 6.29059 9.31
      vertex 5.50021 7.48032 9.31
      vertex 5.4847 6.26252 9.31
    endloop
  endfacet
  facet normal 0 0 -1
    outer loop
      vertex 5.2 6.3 9.31
      vertex 5.50021 7.48032 9.31
      vertex 5.34358 6.29059 9.31
    endloop
  endfacet
  facet normal 0 0 -1
    outer loop
      vertex 5.2 6.3 9.31
      vertex 5.2 7.5 9.31
      vertex 5.50021 7.48032 9.31
    endloop
  endfacet
  facet normal 0 0 -1
    outer loop
      vertex 5.05642 6.29059 9.31
      vertex 5.2 7.5 9.31
      vertex 5.2 6.3 9.31
    endloop
  endfacet
  facet normal 0 0 -1
    outer loop
      vertex 4.89979 7.48032 9.31
      vertex 5.05642 6.29059 9.31
      vertex 4.9153 6.26252 9.31
    endloop
  endfacet
  facet normal 0 0 -1
    outer loop
      vertex 5.05642 6.29059 9.31
      vertex 4.89979 7.48032 9.31
      vertex 5.2 7.5 9.31
    endloop
  endfacet
  facet normal 0 0 -1
    outer loop
      vertex 4.60472 7.42163 9.31
      vertex 4.9153 6.26252 9.31
      vertex 4.77905 6.21627 9.31
    endloop
  endfacet
  facet normal 0 0 -1
    outer loop
      vertex 4.31983 7.32492 9.31
      vertex 4.77905 6.21627 9.31
      vertex 4.65 6.15263 9.31
    endloop
  endfacet
  facet normal 0 0 -1
    outer loop
      vertex 4.9153 6.26252 9.31
      vertex 4.60472 7.42163 9.31
      vertex 4.89979 7.48032 9.31
    endloop
  endfacet
  facet normal 0 0 -1
    outer loop
      vertex 4.05 7.19186 9.31
      vertex 4.65 6.15263 9.31
      vertex 4.53036 6.07269 9.31
    endloop
  endfacet
  facet normal 0 0 -1
    outer loop
      vertex 3.79985 7.02471 9.31
      vertex 4.53036 6.07269 9.31
      vertex 4.42218 5.97782 9.31
    endloop
  endfacet
  facet normal 0 0 -1
    outer loop
      vertex 3.57366 6.82634 9.31
      vertex 4.42218 5.97782 9.31
      vertex 4.32731 5.86964 9.31
    endloop
  endfacet
  facet normal 0 0 -1
    outer loop
      vertex 4.77905 6.21627 9.31
      vertex 4.31983 7.32492 9.31
      vertex 4.60472 7.42163 9.31
    endloop
  endfacet
  facet normal 0 0 -1
    outer loop
      vertex 3.37529 6.60015 9.31
      vertex 4.32731 5.86964 9.31
      vertex 4.24737 5.75 9.31
    endloop
  endfacet
  facet normal 0 0 -1
    outer loop
      vertex 3.20814 6.35 9.31
      vertex 4.24737 5.75 9.31
      vertex 4.18373 5.62095 9.31
    endloop
  endfacet
  facet normal 0 0 -1
    outer loop
      vertex 3.07508 6.08017 9.31
      vertex 4.18373 5.62095 9.31
      vertex 4.13748 5.4847 9.31
    endloop
  endfacet
  facet normal 0 0 -1
    outer loop
      vertex 2.97837 5.79528 9.31
      vertex 4.13748 5.4847 9.31
      vertex 4.10941 5.34358 9.31
    endloop
  endfacet
  facet normal 0 0 -1
    outer loop
      vertex 4.65 6.15263 9.31
      vertex 4.05 7.19186 9.31
      vertex 4.31983 7.32492 9.31
    endloop
  endfacet
  facet normal 0 0 -1
    outer loop
      vertex 2.91968 5.50021 9.31
      vertex 4.10941 5.34358 9.31
      vertex 4.1 5.2 9.31
    endloop
  endfacet
  facet normal -0 0 -1
    outer loop
      vertex 4.24737 4.65 9.31
      vertex 3.20814 4.05 9.31
      vertex 4.18373 4.77905 9.31
    endloop
  endfacet
  facet normal 0 0 -1
    outer loop
      vertex 3.07508 4.31983 9.31
      vertex 4.18373 4.77905 9.31
      vertex 3.20814 4.05 9.31
    endloop
  endfacet
  facet normal 0 0 -1
    outer loop
      vertex 4.53036 6.07269 9.31
      vertex 3.79985 7.02471 9.31
      vertex 4.05 7.19186 9.31
    endloop
  endfacet
  facet normal -0 0 -1
    outer loop
      vertex 4.18373 4.77905 9.31
      vertex 3.07508 4.31983 9.31
      vertex 4.13748 4.9153 9.31
    endloop
  endfacet
  facet normal 0 0 -1
    outer loop
      vertex 4.42218 5.97782 9.31
      vertex 3.57366 6.82634 9.31
      vertex 3.79985 7.02471 9.31
    endloop
  endfacet
  facet normal 0 0 -1
    outer loop
      vertex 2.97837 4.60472 9.31
      vertex 4.13748 4.9153 9.31
      vertex 3.07508 4.31983 9.31
    endloop
  endfacet
  facet normal 0 0 -1
    outer loop
      vertex 4.32731 5.86964 9.31
      vertex 3.37529 6.60015 9.31
      vertex 3.57366 6.82634 9.31
    endloop
  endfacet
  facet normal -0 0 -1
    outer loop
      vertex 4.13748 4.9153 9.31
      vertex 2.97837 4.60472 9.31
      vertex 4.10941 5.05642 9.31
    endloop
  endfacet
  facet normal 0 0 -1
    outer loop
      vertex 4.24737 5.75 9.31
      vertex 3.20814 6.35 9.31
      vertex 3.37529 6.60015 9.31
    endloop
  endfacet
  facet normal 0 0 -1
    outer loop
      vertex 2.91968 4.89979 9.31
      vertex 4.10941 5.05642 9.31
      vertex 2.97837 4.60472 9.31
    endloop
  endfacet
  facet normal 0 0 -1
    outer loop
      vertex 4.18373 5.62095 9.31
      vertex 3.07508 6.08017 9.31
      vertex 3.20814 6.35 9.31
    endloop
  endfacet
  facet normal -0 0 -1
    outer loop
      vertex 4.10941 5.05642 9.31
      vertex 2.91968 4.89979 9.31
      vertex 4.1 5.2 9.31
    endloop
  endfacet
  facet normal 0 0 -1
    outer loop
      vertex 4.13748 5.4847 9.31
      vertex 2.97837 5.79528 9.31
      vertex 3.07508 6.08017 9.31
    endloop
  endfacet
  facet normal 0 0 -1
    outer loop
      vertex 2.9 5.2 9.31
      vertex 4.1 5.2 9.31
      vertex 2.91968 4.89979 9.31
    endloop
  endfacet
  facet normal 0 0 -1
    outer loop
      vertex 4.10941 5.34358 9.31
      vertex 2.91968 5.50021 9.31
      vertex 2.97837 5.79528 9.31
    endloop
  endfacet
  facet normal 0 0 -1
    outer loop
      vertex 4.1 5.2 9.31
      vertex 2.9 5.2 9.31
      vertex 2.91968 5.50021 9.31
    endloop
  endfacet
  facet normal 0.555582 -0.831462 0
    outer loop
      vertex 3.79985 7.02471 0
      vertex 4.05 7.19186 9.31
      vertex 3.79985 7.02471 9.31
    endloop
  endfacet
  facet normal 0.555582 -0.831462 0
    outer loop
      vertex 4.05 7.19186 9.31
      vertex 3.79985 7.02471 0
      vertex 4.05 7.19186 0
    endloop
  endfacet
  facet normal 0.321448 -0.946927 0
    outer loop
      vertex 4.31983 7.32492 0
      vertex 4.60472 7.42163 9.31
      vertex 4.31983 7.32492 9.31
    endloop
  endfacet
  facet normal 0.321448 -0.946927 0
    outer loop
      vertex 4.60472 7.42163 9.31
      vertex 4.31983 7.32492 0
      vertex 4.60472 7.42163 0
    endloop
  endfacet
  facet normal -0.19508 0.980787 0
    outer loop
      vertex 5.79528 2.97837 0
      vertex 5.50021 2.91968 9.31
      vertex 5.79528 2.97837 9.31
    endloop
  endfacet
  facet normal -0.19508 0.980787 0
    outer loop
      vertex 5.50021 2.91968 9.31
      vertex 5.79528 2.97837 0
      vertex 5.50021 2.91968 0
    endloop
  endfacet
  facet normal -0.442274 0.89688 0
    outer loop
      vertex 6.35 3.20814 0
      vertex 6.08017 3.07508 9.31
      vertex 6.35 3.20814 9.31
    endloop
  endfacet
  facet normal -0.442274 0.89688 0
    outer loop
      vertex 6.08017 3.07508 9.31
      vertex 6.35 3.20814 0
      vertex 6.08017 3.07508 0
    endloop
  endfacet
  facet normal -0.946927 -0.321448 0
    outer loop
      vertex 7.42163 5.79528 0
      vertex 7.32492 6.08017 9.31
      vertex 7.32492 6.08017 0
    endloop
  endfacet
  facet normal -0.946927 -0.321448 0
    outer loop
      vertex 7.32492 6.08017 9.31
      vertex 7.42163 5.79528 0
      vertex 7.42163 5.79528 9.31
    endloop
  endfacet
  facet normal -0.980787 -0.19508 0
    outer loop
      vertex 7.48032 5.50021 0
      vertex 7.42163 5.79528 9.31
      vertex 7.42163 5.79528 0
    endloop
  endfacet
  facet normal -0.980787 -0.19508 0
    outer loop
      vertex 7.42163 5.79528 9.31
      vertex 7.48032 5.50021 0
      vertex 7.48032 5.50021 9.31
    endloop
  endfacet
  facet normal -0.751829 -0.659358 0
    outer loop
      vertex 7.02471 6.60015 0
      vertex 6.82634 6.82634 9.31
      vertex 6.82634 6.82634 0
    endloop
  endfacet
  facet normal -0.751829 -0.659358 0
    outer loop
      vertex 6.82634 6.82634 9.31
      vertex 7.02471 6.60015 0
      vertex 7.02471 6.60015 9.31
    endloop
  endfacet
  facet normal -0.0654137 -0.997858 0
    outer loop
      vertex 5.2 7.5 0
      vertex 5.50021 7.48032 9.31
      vertex 5.2 7.5 9.31
    endloop
  endfacet
  facet normal -0.0654137 -0.997858 -0
    outer loop
      vertex 5.50021 7.48032 9.31
      vertex 5.2 7.5 0
      vertex 5.50021 7.48032 0
    endloop
  endfacet
  facet normal -0.555582 -0.831462 0
    outer loop
      vertex 6.35 7.19186 0
      vertex 6.60015 7.02471 9.31
      vertex 6.35 7.19186 9.31
    endloop
  endfacet
  facet normal -0.555582 -0.831462 -0
    outer loop
      vertex 6.60015 7.02471 9.31
      vertex 6.35 7.19186 0
      vertex 6.60015 7.02471 0
    endloop
  endfacet
  facet normal 0.946927 -0.321448 0
    outer loop
      vertex 2.97837 5.79528 9.31
      vertex 3.07508 6.08017 0
      vertex 3.07508 6.08017 9.31
    endloop
  endfacet
  facet normal 0.946927 -0.321448 0
    outer loop
      vertex 3.07508 6.08017 0
      vertex 2.97837 5.79528 9.31
      vertex 2.97837 5.79528 0
    endloop
  endfacet
  facet normal 0.980787 -0.19508 0
    outer loop
      vertex 2.91968 5.50021 9.31
      vertex 2.97837 5.79528 0
      vertex 2.97837 5.79528 9.31
    endloop
  endfacet
  facet normal 0.980787 -0.19508 0
    outer loop
      vertex 2.97837 5.79528 0
      vertex 2.91968 5.50021 9.31
      vertex 2.91968 5.50021 0
    endloop
  endfacet
  facet normal 0.659358 -0.751829 0
    outer loop
      vertex 3.57366 6.82634 0
      vertex 3.79985 7.02471 9.31
      vertex 3.57366 6.82634 9.31
    endloop
  endfacet
  facet normal 0.659358 -0.751829 0
    outer loop
      vertex 3.79985 7.02471 9.31
      vertex 3.57366 6.82634 0
      vertex 3.79985 7.02471 0
    endloop
  endfacet
  facet normal 0.19508 -0.980787 0
    outer loop
      vertex 4.60472 7.42163 0
      vertex 4.89979 7.48032 9.31
      vertex 4.60472 7.42163 9.31
    endloop
  endfacet
  facet normal 0.19508 -0.980787 0
    outer loop
      vertex 4.89979 7.48032 9.31
      vertex 4.60472 7.42163 0
      vertex 4.89979 7.48032 0
    endloop
  endfacet
  facet normal -0.946927 0.321448 0
    outer loop
      vertex 7.32492 4.31983 0
      vertex 7.42163 4.60472 9.31
      vertex 7.42163 4.60472 0
    endloop
  endfacet
  facet normal -0.946927 0.321448 0
    outer loop
      vertex 7.42163 4.60472 9.31
      vertex 7.32492 4.31983 0
      vertex 7.32492 4.31983 9.31
    endloop
  endfacet
  facet normal -0.980787 0.19508 0
    outer loop
      vertex 7.42163 4.60472 0
      vertex 7.48032 4.89979 9.31
      vertex 7.48032 4.89979 0
    endloop
  endfacet
  facet normal -0.980787 0.19508 0
    outer loop
      vertex 7.48032 4.89979 9.31
      vertex 7.42163 4.60472 0
      vertex 7.42163 4.60472 9.31
    endloop
  endfacet
  facet normal 0.89688 0.442274 0
    outer loop
      vertex 3.20814 4.05 9.31
      vertex 3.07508 4.31983 0
      vertex 3.07508 4.31983 9.31
    endloop
  endfacet
  facet normal 0.89688 0.442274 0
    outer loop
      vertex 3.07508 4.31983 0
      vertex 3.20814 4.05 9.31
      vertex 3.20814 4.05 0
    endloop
  endfacet
  facet normal -0.555582 0.831462 0
    outer loop
      vertex 6.60015 3.37529 0
      vertex 6.35 3.20814 9.31
      vertex 6.60015 3.37529 9.31
    endloop
  endfacet
  facet normal -0.555582 0.831462 0
    outer loop
      vertex 6.35 3.20814 9.31
      vertex 6.60015 3.37529 0
      vertex 6.35 3.20814 0
    endloop
  endfacet
  facet normal -0.997858 0.0654137 0
    outer loop
      vertex 7.48032 4.89979 0
      vertex 7.5 5.2 9.31
      vertex 7.5 5.2 0
    endloop
  endfacet
  facet normal -0.997858 0.0654137 0
    outer loop
      vertex 7.5 5.2 9.31
      vertex 7.48032 4.89979 0
      vertex 7.48032 4.89979 9.31
    endloop
  endfacet
  facet normal 0.980787 0.19508 0
    outer loop
      vertex 2.97837 4.60472 9.31
      vertex 2.91968 4.89979 0
      vertex 2.91968 4.89979 9.31
    endloop
  endfacet
  facet normal 0.980787 0.19508 0
    outer loop
      vertex 2.91968 4.89979 0
      vertex 2.97837 4.60472 9.31
      vertex 2.97837 4.60472 0
    endloop
  endfacet
  facet normal 0.997858 0.0654137 0
    outer loop
      vertex 2.91968 4.89979 9.31
      vertex 2.9 5.2 0
      vertex 2.9 5.2 9.31
    endloop
  endfacet
  facet normal 0.997858 0.0654137 0
    outer loop
      vertex 2.9 5.2 0
      vertex 2.91968 4.89979 9.31
      vertex 2.91968 4.89979 0
    endloop
  endfacet
  facet normal 0.946927 0.321448 0
    outer loop
      vertex 3.07508 4.31983 9.31
      vertex 2.97837 4.60472 0
      vertex 2.97837 4.60472 9.31
    endloop
  endfacet
  facet normal 0.946927 0.321448 0
    outer loop
      vertex 2.97837 4.60472 0
      vertex 3.07508 4.31983 9.31
      vertex 3.07508 4.31983 0
    endloop
  endfacet
  facet normal -0.659358 0.751829 0
    outer loop
      vertex 6.82634 3.57366 0
      vertex 6.60015 3.37529 9.31
      vertex 6.82634 3.57366 9.31
    endloop
  endfacet
  facet normal -0.659358 0.751829 0
    outer loop
      vertex 6.60015 3.37529 9.31
      vertex 6.82634 3.57366 0
      vertex 6.60015 3.37529 0
    endloop
  endfacet
  facet normal -0.321448 0.946927 0
    outer loop
      vertex 6.08017 3.07508 0
      vertex 5.79528 2.97837 9.31
      vertex 6.08017 3.07508 9.31
    endloop
  endfacet
  facet normal -0.321448 0.946927 0
    outer loop
      vertex 5.79528 2.97837 9.31
      vertex 6.08017 3.07508 0
      vertex 5.79528 2.97837 0
    endloop
  endfacet
  facet normal -0.89688 0.442274 0
    outer loop
      vertex 7.19186 4.05 0
      vertex 7.32492 4.31983 9.31
      vertex 7.32492 4.31983 0
    endloop
  endfacet
  facet normal -0.89688 0.442274 0
    outer loop
      vertex 7.32492 4.31983 9.31
      vertex 7.19186 4.05 0
      vertex 7.19186 4.05 9.31
    endloop
  endfacet
  facet normal -0.831462 0.555582 0
    outer loop
      vertex 7.02471 3.79985 0
      vertex 7.19186 4.05 9.31
      vertex 7.19186 4.05 0
    endloop
  endfacet
  facet normal -0.831462 0.555582 0
    outer loop
      vertex 7.19186 4.05 9.31
      vertex 7.02471 3.79985 0
      vertex 7.02471 3.79985 9.31
    endloop
  endfacet
  facet normal 0.321448 0.946927 -0
    outer loop
      vertex 4.60472 2.97837 0
      vertex 4.31983 3.07508 9.31
      vertex 4.60472 2.97837 9.31
    endloop
  endfacet
  facet normal 0.321448 0.946927 0
    outer loop
      vertex 4.31983 3.07508 9.31
      vertex 4.60472 2.97837 0
      vertex 4.31983 3.07508 0
    endloop
  endfacet
  facet normal 0.19508 0.980787 -0
    outer loop
      vertex 4.89979 2.91968 0
      vertex 4.60472 2.97837 9.31
      vertex 4.89979 2.91968 9.31
    endloop
  endfacet
  facet normal 0.19508 0.980787 0
    outer loop
      vertex 4.60472 2.97837 9.31
      vertex 4.89979 2.91968 0
      vertex 4.60472 2.97837 0
    endloop
  endfacet
  facet normal 0.751829 0.659358 0
    outer loop
      vertex 3.57366 3.57366 9.31
      vertex 3.37529 3.79985 0
      vertex 3.37529 3.79985 9.31
    endloop
  endfacet
  facet normal 0.751829 0.659358 0
    outer loop
      vertex 3.37529 3.79985 0
      vertex 3.57366 3.57366 9.31
      vertex 3.57366 3.57366 0
    endloop
  endfacet
  facet normal 0.659358 0.751829 -0
    outer loop
      vertex 3.79985 3.37529 0
      vertex 3.57366 3.57366 9.31
      vertex 3.79985 3.37529 9.31
    endloop
  endfacet
  facet normal 0.659358 0.751829 0
    outer loop
      vertex 3.57366 3.57366 9.31
      vertex 3.79985 3.37529 0
      vertex 3.57366 3.57366 0
    endloop
  endfacet
  facet normal 0.555582 0.831462 -0
    outer loop
      vertex 4.05 3.20814 0
      vertex 3.79985 3.37529 9.31
      vertex 4.05 3.20814 9.31
    endloop
  endfacet
  facet normal 0.555582 0.831462 0
    outer loop
      vertex 3.79985 3.37529 9.31
      vertex 4.05 3.20814 0
      vertex 3.79985 3.37529 0
    endloop
  endfacet
  facet normal 0.0654137 0.997858 -0
    outer loop
      vertex 5.2 2.9 0
      vertex 4.89979 2.91968 9.31
      vertex 5.2 2.9 9.31
    endloop
  endfacet
  facet normal 0.0654137 0.997858 0
    outer loop
      vertex 4.89979 2.91968 9.31
      vertex 5.2 2.9 0
      vertex 4.89979 2.91968 0
    endloop
  endfacet
  facet normal 0.831462 0.555582 0
    outer loop
      vertex 3.37529 3.79985 9.31
      vertex 3.20814 4.05 0
      vertex 3.20814 4.05 9.31
    endloop
  endfacet
  facet normal 0.831462 0.555582 0
    outer loop
      vertex 3.20814 4.05 0
      vertex 3.37529 3.79985 9.31
      vertex 3.37529 3.79985 0
    endloop
  endfacet
  facet normal 0.442274 0.89688 -0
    outer loop
      vertex 4.31983 3.07508 0
      vertex 4.05 3.20814 9.31
      vertex 4.31983 3.07508 9.31
    endloop
  endfacet
  facet normal 0.442274 0.89688 0
    outer loop
      vertex 4.05 3.20814 9.31
      vertex 4.31983 3.07508 0
      vertex 4.05 3.20814 0
    endloop
  endfacet
  facet normal -0.997864 -0.0653289 0
    outer loop
      vertex 76.7 5.2 9.31
      vertex 76.6906 5.34358 11.8
      vertex 76.6906 5.34358 9.31
    endloop
  endfacet
  facet normal -0.997864 -0.0653289 0
    outer loop
      vertex 76.6906 5.34358 11.8
      vertex 76.7 5.2 9.31
      vertex 76.7 5.2 11.8
    endloop
  endfacet
  facet normal 0.997864 -0.0653289 0
    outer loop
      vertex 74.5 5.2 11.8
      vertex 74.5094 5.34358 9.31
      vertex 74.5094 5.34358 11.8
    endloop
  endfacet
  facet normal 0.997864 -0.0653289 0
    outer loop
      vertex 74.5094 5.34358 9.31
      vertex 74.5 5.2 11.8
      vertex 74.5 5.2 9.31
    endloop
  endfacet
  facet normal -0.065389 -0.99786 0
    outer loop
      vertex 75.6 6.3 9.31
      vertex 75.7436 6.29059 11.8
      vertex 75.6 6.3 11.8
    endloop
  endfacet
  facet normal -0.065389 -0.99786 -0
    outer loop
      vertex 75.7436 6.29059 11.8
      vertex 75.6 6.3 9.31
      vertex 75.7436 6.29059 9.31
    endloop
  endfacet
  facet normal -0.659272 -0.751905 0
    outer loop
      vertex 76.2696 6.07269 9.31
      vertex 76.3778 5.97782 11.8
      vertex 76.2696 6.07269 11.8
    endloop
  endfacet
  facet normal -0.659272 -0.751905 -0
    outer loop
      vertex 76.3778 5.97782 11.8
      vertex 76.2696 6.07269 9.31
      vertex 76.3778 5.97782 9.31
    endloop
  endfacet
  facet normal 0.659272 -0.751905 0
    outer loop
      vertex 74.8222 5.97782 9.31
      vertex 74.9304 6.07269 11.8
      vertex 74.8222 5.97782 11.8
    endloop
  endfacet
  facet normal 0.659272 -0.751905 0
    outer loop
      vertex 74.9304 6.07269 11.8
      vertex 74.8222 5.97782 9.31
      vertex 74.9304 6.07269 9.31
    endloop
  endfacet
  facet normal 0.32133 -0.946967 0
    outer loop
      vertex 75.179 6.21627 9.31
      vertex 75.3153 6.26252 11.8
      vertex 75.179 6.21627 11.8
    endloop
  endfacet
  facet normal 0.32133 -0.946967 0
    outer loop
      vertex 75.3153 6.26252 11.8
      vertex 75.179 6.21627 9.31
      vertex 75.3153 6.26252 9.31
    endloop
  endfacet
  facet normal 0.751741 0.659458 0
    outer loop
      vertex 74.8222 4.42218 11.8
      vertex 74.7273 4.53036 9.31
      vertex 74.7273 4.53036 11.8
    endloop
  endfacet
  facet normal 0.751741 0.659458 0
    outer loop
      vertex 74.7273 4.53036 9.31
      vertex 74.8222 4.42218 11.8
      vertex 74.8222 4.42218 9.31
    endloop
  endfacet
  facet normal -0.947037 -0.321124 0
    outer loop
      vertex 76.6625 5.4847 9.31
      vertex 76.6163 5.62095 11.8
      vertex 76.6163 5.62095 9.31
    endloop
  endfacet
  facet normal -0.947037 -0.321124 0
    outer loop
      vertex 76.6163 5.62095 11.8
      vertex 76.6625 5.4847 9.31
      vertex 76.6625 5.4847 11.8
    endloop
  endfacet
  facet normal -0.980746 -0.195287 0
    outer loop
      vertex 76.6906 5.34358 9.31
      vertex 76.6625 5.4847 11.8
      vertex 76.6625 5.4847 9.31
    endloop
  endfacet
  facet normal -0.980746 -0.195287 0
    outer loop
      vertex 76.6625 5.4847 11.8
      vertex 76.6906 5.34358 9.31
      vertex 76.6906 5.34358 11.8
    endloop
  endfacet
  facet normal -0.831601 -0.555374 0
    outer loop
      vertex 76.5526 5.75 9.31
      vertex 76.4727 5.86964 11.8
      vertex 76.4727 5.86964 9.31
    endloop
  endfacet
  facet normal -0.831601 -0.555374 0
    outer loop
      vertex 76.4727 5.86964 11.8
      vertex 76.5526 5.75 9.31
      vertex 76.5526 5.75 11.8
    endloop
  endfacet
  facet normal -0.32133 -0.946967 0
    outer loop
      vertex 75.8847 6.26252 9.31
      vertex 76.021 6.21627 11.8
      vertex 75.8847 6.26252 11.8
    endloop
  endfacet
  facet normal -0.32133 -0.946967 -0
    outer loop
      vertex 76.021 6.21627 11.8
      vertex 75.8847 6.26252 9.31
      vertex 76.021 6.21627 9.31
    endloop
  endfacet
  facet normal -0.195113 -0.980781 0
    outer loop
      vertex 75.7436 6.29059 9.31
      vertex 75.8847 6.26252 11.8
      vertex 75.7436 6.29059 11.8
    endloop
  endfacet
  facet normal -0.195113 -0.980781 -0
    outer loop
      vertex 75.8847 6.26252 11.8
      vertex 75.7436 6.29059 9.31
      vertex 75.8847 6.26252 9.31
    endloop
  endfacet
  facet normal -0.555694 -0.831387 0
    outer loop
      vertex 76.15 6.15263 9.31
      vertex 76.2696 6.07269 11.8
      vertex 76.15 6.15263 11.8
    endloop
  endfacet
  facet normal -0.555694 -0.831387 -0
    outer loop
      vertex 76.2696 6.07269 11.8
      vertex 76.15 6.15263 9.31
      vertex 76.2696 6.07269 9.31
    endloop
  endfacet
  facet normal 0.831601 -0.555374 0
    outer loop
      vertex 74.6474 5.75 11.8
      vertex 74.7273 5.86964 9.31
      vertex 74.7273 5.86964 11.8
    endloop
  endfacet
  facet normal 0.831601 -0.555374 0
    outer loop
      vertex 74.7273 5.86964 9.31
      vertex 74.6474 5.75 11.8
      vertex 74.6474 5.75 9.31
    endloop
  endfacet
  facet normal 0.751741 -0.659458 0
    outer loop
      vertex 74.7273 5.86964 11.8
      vertex 74.8222 5.97782 9.31
      vertex 74.8222 5.97782 11.8
    endloop
  endfacet
  facet normal 0.751741 -0.659458 0
    outer loop
      vertex 74.8222 5.97782 9.31
      vertex 74.7273 5.86964 11.8
      vertex 74.7273 5.86964 9.31
    endloop
  endfacet
  facet normal 0.947037 -0.321124 0
    outer loop
      vertex 74.5375 5.4847 11.8
      vertex 74.5837 5.62095 9.31
      vertex 74.5837 5.62095 11.8
    endloop
  endfacet
  facet normal 0.947037 -0.321124 0
    outer loop
      vertex 74.5837 5.62095 9.31
      vertex 74.5375 5.4847 11.8
      vertex 74.5375 5.4847 9.31
    endloop
  endfacet
  facet normal 0.555694 -0.831387 0
    outer loop
      vertex 74.9304 6.07269 9.31
      vertex 75.05 6.15263 11.8
      vertex 74.9304 6.07269 11.8
    endloop
  endfacet
  facet normal 0.555694 -0.831387 0
    outer loop
      vertex 75.05 6.15263 11.8
      vertex 74.9304 6.07269 9.31
      vertex 75.05 6.15263 9.31
    endloop
  endfacet
  facet normal 0.065389 -0.99786 0
    outer loop
      vertex 75.4564 6.29059 9.31
      vertex 75.6 6.3 11.8
      vertex 75.4564 6.29059 11.8
    endloop
  endfacet
  facet normal 0.065389 -0.99786 0
    outer loop
      vertex 75.6 6.3 11.8
      vertex 75.4564 6.29059 9.31
      vertex 75.6 6.3 9.31
    endloop
  endfacet
  facet normal -0.32133 0.946967 0
    outer loop
      vertex 76.021 4.18373 9.31
      vertex 75.8847 4.13748 11.8
      vertex 76.021 4.18373 11.8
    endloop
  endfacet
  facet normal -0.32133 0.946967 0
    outer loop
      vertex 75.8847 4.13748 11.8
      vertex 76.021 4.18373 9.31
      vertex 75.8847 4.13748 9.31
    endloop
  endfacet
  facet normal -0.751741 0.659458 0
    outer loop
      vertex 76.3778 4.42218 9.31
      vertex 76.4727 4.53036 11.8
      vertex 76.4727 4.53036 9.31
    endloop
  endfacet
  facet normal -0.751741 0.659458 0
    outer loop
      vertex 76.4727 4.53036 11.8
      vertex 76.3778 4.42218 9.31
      vertex 76.3778 4.42218 11.8
    endloop
  endfacet
  facet normal -0.555694 0.831387 0
    outer loop
      vertex 76.2696 4.32731 9.31
      vertex 76.15 4.24737 11.8
      vertex 76.2696 4.32731 11.8
    endloop
  endfacet
  facet normal -0.555694 0.831387 0
    outer loop
      vertex 76.15 4.24737 11.8
      vertex 76.2696 4.32731 9.31
      vertex 76.15 4.24737 9.31
    endloop
  endfacet
  facet normal -0.997864 0.0653289 0
    outer loop
      vertex 76.6906 5.05642 9.31
      vertex 76.7 5.2 11.8
      vertex 76.7 5.2 9.31
    endloop
  endfacet
  facet normal -0.997864 0.0653289 0
    outer loop
      vertex 76.7 5.2 11.8
      vertex 76.6906 5.05642 9.31
      vertex 76.6906 5.05642 11.8
    endloop
  endfacet
  facet normal 0.659272 0.751905 -0
    outer loop
      vertex 74.9304 4.32731 9.31
      vertex 74.8222 4.42218 11.8
      vertex 74.9304 4.32731 11.8
    endloop
  endfacet
  facet normal 0.659272 0.751905 0
    outer loop
      vertex 74.8222 4.42218 11.8
      vertex 74.9304 4.32731 9.31
      vertex 74.8222 4.42218 9.31
    endloop
  endfacet
  facet normal 0.32133 0.946967 -0
    outer loop
      vertex 75.3153 4.13748 9.31
      vertex 75.179 4.18373 11.8
      vertex 75.3153 4.13748 11.8
    endloop
  endfacet
  facet normal 0.32133 0.946967 0
    outer loop
      vertex 75.179 4.18373 11.8
      vertex 75.3153 4.13748 9.31
      vertex 75.179 4.18373 9.31
    endloop
  endfacet
  facet normal 0.980746 0.195287 0
    outer loop
      vertex 74.5375 4.9153 11.8
      vertex 74.5094 5.05642 9.31
      vertex 74.5094 5.05642 11.8
    endloop
  endfacet
  facet normal 0.980746 0.195287 0
    outer loop
      vertex 74.5094 5.05642 9.31
      vertex 74.5375 4.9153 11.8
      vertex 74.5375 4.9153 9.31
    endloop
  endfacet
  facet normal -0.896708 -0.442622 0
    outer loop
      vertex 76.6163 5.62095 9.31
      vertex 76.5526 5.75 11.8
      vertex 76.5526 5.75 9.31
    endloop
  endfacet
  facet normal -0.896708 -0.442622 0
    outer loop
      vertex 76.5526 5.75 11.8
      vertex 76.6163 5.62095 9.31
      vertex 76.6163 5.62095 11.8
    endloop
  endfacet
  facet normal 0.896708 -0.442622 0
    outer loop
      vertex 74.5837 5.62095 11.8
      vertex 74.6474 5.75 9.31
      vertex 74.6474 5.75 11.8
    endloop
  endfacet
  facet normal 0.896708 -0.442622 0
    outer loop
      vertex 74.6474 5.75 9.31
      vertex 74.5837 5.62095 11.8
      vertex 74.5837 5.62095 9.31
    endloop
  endfacet
  facet normal 0.195113 -0.980781 0
    outer loop
      vertex 75.3153 6.26252 9.31
      vertex 75.4564 6.29059 11.8
      vertex 75.3153 6.26252 11.8
    endloop
  endfacet
  facet normal 0.195113 -0.980781 0
    outer loop
      vertex 75.4564 6.29059 11.8
      vertex 75.3153 6.26252 9.31
      vertex 75.4564 6.29059 9.31
    endloop
  endfacet
  facet normal -0.065389 0.99786 0
    outer loop
      vertex 75.7436 4.10941 9.31
      vertex 75.6 4.1 11.8
      vertex 75.7436 4.10941 11.8
    endloop
  endfacet
  facet normal -0.065389 0.99786 0
    outer loop
      vertex 75.6 4.1 11.8
      vertex 75.7436 4.10941 9.31
      vertex 75.6 4.1 9.31
    endloop
  endfacet
  facet normal -0.195113 0.980781 0
    outer loop
      vertex 75.8847 4.13748 9.31
      vertex 75.7436 4.10941 11.8
      vertex 75.8847 4.13748 11.8
    endloop
  endfacet
  facet normal -0.195113 0.980781 0
    outer loop
      vertex 75.7436 4.10941 11.8
      vertex 75.8847 4.13748 9.31
      vertex 75.7436 4.10941 9.31
    endloop
  endfacet
  facet normal -0.659272 0.751905 0
    outer loop
      vertex 76.3778 4.42218 9.31
      vertex 76.2696 4.32731 11.8
      vertex 76.3778 4.42218 11.8
    endloop
  endfacet
  facet normal -0.659272 0.751905 0
    outer loop
      vertex 76.2696 4.32731 11.8
      vertex 76.3778 4.42218 9.31
      vertex 76.2696 4.32731 9.31
    endloop
  endfacet
  facet normal -0.831601 0.555374 0
    outer loop
      vertex 76.4727 4.53036 9.31
      vertex 76.5526 4.65 11.8
      vertex 76.5526 4.65 9.31
    endloop
  endfacet
  facet normal -0.831601 0.555374 0
    outer loop
      vertex 76.5526 4.65 11.8
      vertex 76.4727 4.53036 9.31
      vertex 76.4727 4.53036 11.8
    endloop
  endfacet
  facet normal -0.947037 0.321124 0
    outer loop
      vertex 76.6163 4.77905 9.31
      vertex 76.6625 4.9153 11.8
      vertex 76.6625 4.9153 9.31
    endloop
  endfacet
  facet normal -0.947037 0.321124 0
    outer loop
      vertex 76.6625 4.9153 11.8
      vertex 76.6163 4.77905 9.31
      vertex 76.6163 4.77905 11.8
    endloop
  endfacet
  facet normal -0.980746 0.195287 0
    outer loop
      vertex 76.6625 4.9153 9.31
      vertex 76.6906 5.05642 11.8
      vertex 76.6906 5.05642 9.31
    endloop
  endfacet
  facet normal -0.980746 0.195287 0
    outer loop
      vertex 76.6906 5.05642 11.8
      vertex 76.6625 4.9153 9.31
      vertex 76.6625 4.9153 11.8
    endloop
  endfacet
  facet normal 0.195113 0.980781 -0
    outer loop
      vertex 75.4564 4.10941 9.31
      vertex 75.3153 4.13748 11.8
      vertex 75.4564 4.10941 11.8
    endloop
  endfacet
  facet normal 0.195113 0.980781 0
    outer loop
      vertex 75.3153 4.13748 11.8
      vertex 75.4564 4.10941 9.31
      vertex 75.3153 4.13748 9.31
    endloop
  endfacet
  facet normal 0.555694 0.831387 -0
    outer loop
      vertex 75.05 4.24737 9.31
      vertex 74.9304 4.32731 11.8
      vertex 75.05 4.24737 11.8
    endloop
  endfacet
  facet normal 0.555694 0.831387 0
    outer loop
      vertex 74.9304 4.32731 11.8
      vertex 75.05 4.24737 9.31
      vertex 74.9304 4.32731 9.31
    endloop
  endfacet
  facet normal 0.442424 0.896806 -0
    outer loop
      vertex 75.179 4.18373 9.31
      vertex 75.05 4.24737 11.8
      vertex 75.179 4.18373 11.8
    endloop
  endfacet
  facet normal 0.442424 0.896806 0
    outer loop
      vertex 75.05 4.24737 11.8
      vertex 75.179 4.18373 9.31
      vertex 75.05 4.24737 9.31
    endloop
  endfacet
  facet normal 0.065389 0.99786 -0
    outer loop
      vertex 75.6 4.1 9.31
      vertex 75.4564 4.10941 11.8
      vertex 75.6 4.1 11.8
    endloop
  endfacet
  facet normal 0.065389 0.99786 0
    outer loop
      vertex 75.4564 4.10941 11.8
      vertex 75.6 4.1 9.31
      vertex 75.4564 4.10941 9.31
    endloop
  endfacet
  facet normal 0.896708 0.442622 0
    outer loop
      vertex 74.6474 4.65 11.8
      vertex 74.5837 4.77905 9.31
      vertex 74.5837 4.77905 11.8
    endloop
  endfacet
  facet normal 0.896708 0.442622 0
    outer loop
      vertex 74.5837 4.77905 9.31
      vertex 74.6474 4.65 11.8
      vertex 74.6474 4.65 9.31
    endloop
  endfacet
  facet normal 0.947037 0.321124 0
    outer loop
      vertex 74.5837 4.77905 11.8
      vertex 74.5375 4.9153 9.31
      vertex 74.5375 4.9153 11.8
    endloop
  endfacet
  facet normal 0.947037 0.321124 0
    outer loop
      vertex 74.5375 4.9153 9.31
      vertex 74.5837 4.77905 11.8
      vertex 74.5837 4.77905 9.31
    endloop
  endfacet
  facet normal 0.997864 0.0653289 0
    outer loop
      vertex 74.5094 5.05642 11.8
      vertex 74.5 5.2 9.31
      vertex 74.5 5.2 11.8
    endloop
  endfacet
  facet normal 0.997864 0.0653289 0
    outer loop
      vertex 74.5 5.2 9.31
      vertex 74.5094 5.05642 11.8
      vertex 74.5094 5.05642 9.31
    endloop
  endfacet
  facet normal -0.751741 -0.659458 0
    outer loop
      vertex 76.4727 5.86964 9.31
      vertex 76.3778 5.97782 11.8
      vertex 76.3778 5.97782 9.31
    endloop
  endfacet
  facet normal -0.751741 -0.659458 0
    outer loop
      vertex 76.3778 5.97782 11.8
      vertex 76.4727 5.86964 9.31
      vertex 76.4727 5.86964 11.8
    endloop
  endfacet
  facet normal -0.442424 -0.896806 0
    outer loop
      vertex 76.021 6.21627 9.31
      vertex 76.15 6.15263 11.8
      vertex 76.021 6.21627 11.8
    endloop
  endfacet
  facet normal -0.442424 -0.896806 -0
    outer loop
      vertex 76.15 6.15263 11.8
      vertex 76.021 6.21627 9.31
      vertex 76.15 6.15263 9.31
    endloop
  endfacet
  facet normal 0.980746 -0.195287 0
    outer loop
      vertex 74.5094 5.34358 11.8
      vertex 74.5375 5.4847 9.31
      vertex 74.5375 5.4847 11.8
    endloop
  endfacet
  facet normal 0.980746 -0.195287 0
    outer loop
      vertex 74.5375 5.4847 9.31
      vertex 74.5094 5.34358 11.8
      vertex 74.5094 5.34358 9.31
    endloop
  endfacet
  facet normal 0.442424 -0.896806 0
    outer loop
      vertex 75.05 6.15263 9.31
      vertex 75.179 6.21627 11.8
      vertex 75.05 6.15263 11.8
    endloop
  endfacet
  facet normal 0.442424 -0.896806 0
    outer loop
      vertex 75.179 6.21627 11.8
      vertex 75.05 6.15263 9.31
      vertex 75.179 6.21627 9.31
    endloop
  endfacet
  facet normal -0.442424 0.896806 0
    outer loop
      vertex 76.15 4.24737 9.31
      vertex 76.021 4.18373 11.8
      vertex 76.15 4.24737 11.8
    endloop
  endfacet
  facet normal -0.442424 0.896806 0
    outer loop
      vertex 76.021 4.18373 11.8
      vertex 76.15 4.24737 9.31
      vertex 76.021 4.18373 9.31
    endloop
  endfacet
  facet normal -0.896708 0.442622 0
    outer loop
      vertex 76.5526 4.65 9.31
      vertex 76.6163 4.77905 11.8
      vertex 76.6163 4.77905 9.31
    endloop
  endfacet
  facet normal -0.896708 0.442622 0
    outer loop
      vertex 76.6163 4.77905 11.8
      vertex 76.5526 4.65 9.31
      vertex 76.5526 4.65 11.8
    endloop
  endfacet
  facet normal 0.831601 0.555374 0
    outer loop
      vertex 74.7273 4.53036 11.8
      vertex 74.6474 4.65 9.31
      vertex 74.6474 4.65 11.8
    endloop
  endfacet
  facet normal 0.831601 0.555374 0
    outer loop
      vertex 74.6474 4.65 9.31
      vertex 74.7273 4.53036 11.8
      vertex 74.7273 4.53036 9.31
    endloop
  endfacet
  facet normal -0.997854 -0.0654799 0
    outer loop
      vertex 77.9 5.2 0
      vertex 77.8803 5.50021 9.31
      vertex 77.8803 5.50021 0
    endloop
  endfacet
  facet normal -0.997854 -0.0654799 0
    outer loop
      vertex 77.8803 5.50021 9.31
      vertex 77.9 5.2 0
      vertex 77.9 5.2 9.31
    endloop
  endfacet
  facet normal 0.997854 -0.0654799 0
    outer loop
      vertex 73.3 5.2 9.31
      vertex 73.3197 5.50021 0
      vertex 73.3197 5.50021 9.31
    endloop
  endfacet
  facet normal 0.997854 -0.0654799 0
    outer loop
      vertex 73.3197 5.50021 0
      vertex 73.3 5.2 9.31
      vertex 73.3 5.2 0
    endloop
  endfacet
  facet normal 0.0654159 -0.997858 0
    outer loop
      vertex 75.2998 7.48032 0
      vertex 75.6 7.5 9.31
      vertex 75.2998 7.48032 9.31
    endloop
  endfacet
  facet normal 0.0654159 -0.997858 0
    outer loop
      vertex 75.6 7.5 9.31
      vertex 75.2998 7.48032 0
      vertex 75.6 7.5 0
    endloop
  endfacet
  facet normal -0.659507 -0.751699 0
    outer loop
      vertex 77.0002 7.02471 0
      vertex 77.2263 6.82634 9.31
      vertex 77.0002 7.02471 9.31
    endloop
  endfacet
  facet normal -0.659507 -0.751699 -0
    outer loop
      vertex 77.2263 6.82634 9.31
      vertex 77.0002 7.02471 0
      vertex 77.2263 6.82634 0
    endloop
  endfacet
  facet normal 0.751779 -0.659415 0
    outer loop
      vertex 73.7753 6.60015 9.31
      vertex 73.9737 6.82634 0
      vertex 73.9737 6.82634 9.31
    endloop
  endfacet
  facet normal 0.751779 -0.659415 0
    outer loop
      vertex 73.9737 6.82634 0
      vertex 73.7753 6.60015 9.31
      vertex 73.7753 6.60015 0
    endloop
  endfacet
  facet normal 0.442314 -0.89686 0
    outer loop
      vertex 74.45 7.19186 0
      vertex 74.7198 7.32492 9.31
      vertex 74.45 7.19186 9.31
    endloop
  endfacet
  facet normal 0.442314 -0.89686 0
    outer loop
      vertex 74.7198 7.32492 9.31
      vertex 74.45 7.19186 0
      vertex 74.7198 7.32492 0
    endloop
  endfacet
  facet normal -0.896959 -0.442114 0
    outer loop
      vertex 77.7249 6.08017 0
      vertex 77.5919 6.35 9.31
      vertex 77.5919 6.35 0
    endloop
  endfacet
  facet normal -0.896959 -0.442114 0
    outer loop
      vertex 77.5919 6.35 9.31
      vertex 77.7249 6.08017 0
      vertex 77.7249 6.08017 9.31
    endloop
  endfacet
  facet normal -0.831385 -0.555697 0
    outer loop
      vertex 77.5919 6.35 0
      vertex 77.4247 6.60015 9.31
      vertex 77.4247 6.60015 0
    endloop
  endfacet
  facet normal -0.831385 -0.555697 0
    outer loop
      vertex 77.4247 6.60015 9.31
      vertex 77.5919 6.35 0
      vertex 77.5919 6.35 9.31
    endloop
  endfacet
  facet normal -0.321438 -0.946931 0
    outer loop
      vertex 76.1953 7.42163 0
      vertex 76.4802 7.32492 9.31
      vertex 76.1953 7.42163 9.31
    endloop
  endfacet
  facet normal -0.321438 -0.946931 -0
    outer loop
      vertex 76.4802 7.32492 9.31
      vertex 76.1953 7.42163 0
      vertex 76.4802 7.32492 0
    endloop
  endfacet
  facet normal -0.195061 -0.980791 0
    outer loop
      vertex 75.9002 7.48032 0
      vertex 76.1953 7.42163 9.31
      vertex 75.9002 7.48032 9.31
    endloop
  endfacet
  facet normal -0.195061 -0.980791 -0
    outer loop
      vertex 76.1953 7.42163 9.31
      vertex 75.9002 7.48032 0
      vertex 76.1953 7.42163 0
    endloop
  endfacet
  facet normal -0.555505 -0.831513 0
    outer loop
      vertex 76.75 7.19186 0
      vertex 77.0002 7.02471 9.31
      vertex 76.75 7.19186 9.31
    endloop
  endfacet
  facet normal -0.555505 -0.831513 -0
    outer loop
      vertex 77.0002 7.02471 9.31
      vertex 76.75 7.19186 0
      vertex 77.0002 7.02471 0
    endloop
  endfacet
  facet normal 0.896959 -0.442114 0
    outer loop
      vertex 73.4751 6.08017 9.31
      vertex 73.6081 6.35 0
      vertex 73.6081 6.35 9.31
    endloop
  endfacet
  facet normal 0.896959 -0.442114 0
    outer loop
      vertex 73.6081 6.35 0
      vertex 73.4751 6.08017 9.31
      vertex 73.4751 6.08017 0
    endloop
  endfacet
  facet normal 0.831385 -0.555697 0
    outer loop
      vertex 73.6081 6.35 9.31
      vertex 73.7753 6.60015 0
      vertex 73.7753 6.60015 9.31
    endloop
  endfacet
  facet normal 0.831385 -0.555697 0
    outer loop
      vertex 73.7753 6.60015 0
      vertex 73.6081 6.35 9.31
      vertex 73.6081 6.35 0
    endloop
  endfacet
  facet normal 0.980781 -0.195112 0
    outer loop
      vertex 73.3197 5.50021 9.31
      vertex 73.3784 5.79528 0
      vertex 73.3784 5.79528 9.31
    endloop
  endfacet
  facet normal 0.980781 -0.195112 0
    outer loop
      vertex 73.3784 5.79528 0
      vertex 73.3197 5.50021 9.31
      vertex 73.3197 5.50021 0
    endloop
  endfacet
  facet normal 0.555659 -0.83141 0
    outer loop
      vertex 74.1999 7.02471 0
      vertex 74.45 7.19186 9.31
      vertex 74.1999 7.02471 9.31
    endloop
  endfacet
  facet normal 0.555659 -0.83141 0
    outer loop
      vertex 74.45 7.19186 9.31
      vertex 74.1999 7.02471 0
      vertex 74.45 7.19186 0
    endloop
  endfacet
  facet normal 0.195061 -0.980791 0
    outer loop
      vertex 75.0047 7.42163 0
      vertex 75.2998 7.48032 9.31
      vertex 75.0047 7.42163 9.31
    endloop
  endfacet
  facet normal 0.195061 -0.980791 0
    outer loop
      vertex 75.2998 7.48032 9.31
      vertex 75.0047 7.42163 0
      vertex 75.2998 7.48032 0
    endloop
  endfacet
  facet normal -0.831385 0.555697 0
    outer loop
      vertex 77.4247 3.79985 0
      vertex 77.5919 4.05 9.31
      vertex 77.5919 4.05 0
    endloop
  endfacet
  facet normal -0.831385 0.555697 0
    outer loop
      vertex 77.5919 4.05 9.31
      vertex 77.4247 3.79985 0
      vertex 77.4247 3.79985 9.31
    endloop
  endfacet
  facet normal 0.195061 0.980791 -0
    outer loop
      vertex 75.2998 2.91968 0
      vertex 75.0047 2.97837 9.31
      vertex 75.2998 2.91968 9.31
    endloop
  endfacet
  facet normal 0.195061 0.980791 0
    outer loop
      vertex 75.0047 2.97837 9.31
      vertex 75.2998 2.91968 0
      vertex 75.0047 2.97837 0
    endloop
  endfacet
  facet normal -0.195061 0.980791 0
    outer loop
      vertex 76.1953 2.97837 0
      vertex 75.9002 2.91968 9.31
      vertex 76.1953 2.97837 9.31
    endloop
  endfacet
  facet normal -0.195061 0.980791 0
    outer loop
      vertex 75.9002 2.91968 9.31
      vertex 76.1953 2.97837 0
      vertex 75.9002 2.91968 0
    endloop
  endfacet
  facet normal -0.946937 -0.321418 0
    outer loop
      vertex 77.8216 5.79528 0
      vertex 77.7249 6.08017 9.31
      vertex 77.7249 6.08017 0
    endloop
  endfacet
  facet normal -0.946937 -0.321418 0
    outer loop
      vertex 77.7249 6.08017 9.31
      vertex 77.8216 5.79528 0
      vertex 77.8216 5.79528 9.31
    endloop
  endfacet
  facet normal -0.980781 -0.195112 0
    outer loop
      vertex 77.8803 5.50021 0
      vertex 77.8216 5.79528 9.31
      vertex 77.8216 5.79528 0
    endloop
  endfacet
  facet normal -0.980781 -0.195112 0
    outer loop
      vertex 77.8216 5.79528 9.31
      vertex 77.8803 5.50021 0
      vertex 77.8803 5.50021 9.31
    endloop
  endfacet
  facet normal -0.751779 -0.659415 0
    outer loop
      vertex 77.4247 6.60015 0
      vertex 77.2263 6.82634 9.31
      vertex 77.2263 6.82634 0
    endloop
  endfacet
  facet normal -0.751779 -0.659415 0
    outer loop
      vertex 77.2263 6.82634 9.31
      vertex 77.4247 6.60015 0
      vertex 77.4247 6.60015 9.31
    endloop
  endfacet
  facet normal -0.0654159 -0.997858 0
    outer loop
      vertex 75.6 7.5 0
      vertex 75.9002 7.48032 9.31
      vertex 75.6 7.5 9.31
    endloop
  endfacet
  facet normal -0.0654159 -0.997858 -0
    outer loop
      vertex 75.9002 7.48032 9.31
      vertex 75.6 7.5 0
      vertex 75.9002 7.48032 0
    endloop
  endfacet
  facet normal -0.442314 -0.89686 0
    outer loop
      vertex 76.4802 7.32492 0
      vertex 76.75 7.19186 9.31
      vertex 76.4802 7.32492 9.31
    endloop
  endfacet
  facet normal -0.442314 -0.89686 -0
    outer loop
      vertex 76.75 7.19186 9.31
      vertex 76.4802 7.32492 0
      vertex 76.75 7.19186 0
    endloop
  endfacet
  facet normal 0 0 -1
    outer loop
      vertex 76.7 5.2 9.31
      vertex 77.9 5.2 9.31
      vertex 77.8803 4.89979 9.31
    endloop
  endfacet
  facet normal 0 0 -1
    outer loop
      vertex 76.6906 5.05642 9.31
      vertex 77.8803 4.89979 9.31
      vertex 77.8216 4.60472 9.31
    endloop
  endfacet
  facet normal 0 0 -1
    outer loop
      vertex 77.9 5.2 9.31
      vertex 76.7 5.2 9.31
      vertex 77.8803 5.50021 9.31
    endloop
  endfacet
  facet normal 0 0 -1
    outer loop
      vertex 76.6625 4.9153 9.31
      vertex 77.8216 4.60472 9.31
      vertex 77.7249 4.31983 9.31
    endloop
  endfacet
  facet normal 0 0 -1
    outer loop
      vertex 76.6906 5.34358 9.31
      vertex 77.8803 5.50021 9.31
      vertex 76.7 5.2 9.31
    endloop
  endfacet
  facet normal 0 0 -1
    outer loop
      vertex 76.6163 4.77905 9.31
      vertex 77.7249 4.31983 9.31
      vertex 77.5919 4.05 9.31
    endloop
  endfacet
  facet normal -0 0 -1
    outer loop
      vertex 77.8803 5.50021 9.31
      vertex 76.6906 5.34358 9.31
      vertex 77.8216 5.79528 9.31
    endloop
  endfacet
  facet normal 0 0 -1
    outer loop
      vertex 76.5526 4.65 9.31
      vertex 77.5919 4.05 9.31
      vertex 77.4247 3.79985 9.31
    endloop
  endfacet
  facet normal 0 0 -1
    outer loop
      vertex 76.6625 5.4847 9.31
      vertex 77.8216 5.79528 9.31
      vertex 76.6906 5.34358 9.31
    endloop
  endfacet
  facet normal 0 0 -1
    outer loop
      vertex 76.4727 4.53036 9.31
      vertex 77.4247 3.79985 9.31
      vertex 77.2263 3.57366 9.31
    endloop
  endfacet
  facet normal -0 0 -1
    outer loop
      vertex 77.8216 5.79528 9.31
      vertex 76.6625 5.4847 9.31
      vertex 77.7249 6.08017 9.31
    endloop
  endfacet
  facet normal 0 0 -1
    outer loop
      vertex 76.3778 4.42218 9.31
      vertex 77.2263 3.57366 9.31
      vertex 77.0002 3.37529 9.31
    endloop
  endfacet
  facet normal 0 0 -1
    outer loop
      vertex 76.6163 5.62095 9.31
      vertex 77.7249 6.08017 9.31
      vertex 76.6625 5.4847 9.31
    endloop
  endfacet
  facet normal 0 0 -1
    outer loop
      vertex 76.2696 4.32731 9.31
      vertex 77.0002 3.37529 9.31
      vertex 76.75 3.20814 9.31
    endloop
  endfacet
  facet normal -0 0 -1
    outer loop
      vertex 77.7249 6.08017 9.31
      vertex 76.6163 5.62095 9.31
      vertex 77.5919 6.35 9.31
    endloop
  endfacet
  facet normal 0 0 -1
    outer loop
      vertex 76.5526 5.75 9.31
      vertex 77.5919 6.35 9.31
      vertex 76.6163 5.62095 9.31
    endloop
  endfacet
  facet normal 0 0 -1
    outer loop
      vertex 77.8803 4.89979 9.31
      vertex 76.6906 5.05642 9.31
      vertex 76.7 5.2 9.31
    endloop
  endfacet
  facet normal 0 0 -1
    outer loop
      vertex 77.8216 4.60472 9.31
      vertex 76.6625 4.9153 9.31
      vertex 76.6906 5.05642 9.31
    endloop
  endfacet
  facet normal 0 0 -1
    outer loop
      vertex 77.7249 4.31983 9.31
      vertex 76.6163 4.77905 9.31
      vertex 76.6625 4.9153 9.31
    endloop
  endfacet
  facet normal 0 0 -1
    outer loop
      vertex 77.5919 4.05 9.31
      vertex 76.5526 4.65 9.31
      vertex 76.6163 4.77905 9.31
    endloop
  endfacet
  facet normal 0 0 -1
    outer loop
      vertex 76.15 4.24737 9.31
      vertex 76.75 3.20814 9.31
      vertex 76.4802 3.07508 9.31
    endloop
  endfacet
  facet normal 0 0 -1
    outer loop
      vertex 77.4247 3.79985 9.31
      vertex 76.4727 4.53036 9.31
      vertex 76.5526 4.65 9.31
    endloop
  endfacet
  facet normal 0 0 -1
    outer loop
      vertex 77.2263 3.57366 9.31
      vertex 76.3778 4.42218 9.31
      vertex 76.4727 4.53036 9.31
    endloop
  endfacet
  facet normal 0 0 -1
    outer loop
      vertex 77.0002 3.37529 9.31
      vertex 76.2696 4.32731 9.31
      vertex 76.3778 4.42218 9.31
    endloop
  endfacet
  facet normal 0 0 -1
    outer loop
      vertex 76.021 4.18373 9.31
      vertex 76.4802 3.07508 9.31
      vertex 76.1953 2.97837 9.31
    endloop
  endfacet
  facet normal 0 0 -1
    outer loop
      vertex 76.75 3.20814 9.31
      vertex 76.15 4.24737 9.31
      vertex 76.2696 4.32731 9.31
    endloop
  endfacet
  facet normal 0 0 -1
    outer loop
      vertex 76.4802 3.07508 9.31
      vertex 76.021 4.18373 9.31
      vertex 76.15 4.24737 9.31
    endloop
  endfacet
  facet normal 0 0 -1
    outer loop
      vertex 75.8847 4.13748 9.31
      vertex 76.1953 2.97837 9.31
      vertex 75.9002 2.91968 9.31
    endloop
  endfacet
  facet normal 0 0 -1
    outer loop
      vertex 76.1953 2.97837 9.31
      vertex 75.8847 4.13748 9.31
      vertex 76.021 4.18373 9.31
    endloop
  endfacet
  facet normal 0 0 -1
    outer loop
      vertex 75.9002 2.91968 9.31
      vertex 75.7436 4.10941 9.31
      vertex 75.8847 4.13748 9.31
    endloop
  endfacet
  facet normal 0 0 -1
    outer loop
      vertex 75.6 2.9 9.31
      vertex 75.7436 4.10941 9.31
      vertex 75.9002 2.91968 9.31
    endloop
  endfacet
  facet normal 0 0 -1
    outer loop
      vertex 75.6 2.9 9.31
      vertex 75.6 4.1 9.31
      vertex 75.7436 4.10941 9.31
    endloop
  endfacet
  facet normal 0 0 -1
    outer loop
      vertex 75.6 2.9 9.31
      vertex 75.4564 4.10941 9.31
      vertex 75.6 4.1 9.31
    endloop
  endfacet
  facet normal 0 0 -1
    outer loop
      vertex 75.2998 2.91968 9.31
      vertex 75.4564 4.10941 9.31
      vertex 75.6 2.9 9.31
    endloop
  endfacet
  facet normal -0 0 -1
    outer loop
      vertex 75.4564 4.10941 9.31
      vertex 75.2998 2.91968 9.31
      vertex 75.3153 4.13748 9.31
    endloop
  endfacet
  facet normal 0 0 -1
    outer loop
      vertex 75.0047 2.97837 9.31
      vertex 75.3153 4.13748 9.31
      vertex 75.2998 2.91968 9.31
    endloop
  endfacet
  facet normal -0 0 -1
    outer loop
      vertex 75.3153 4.13748 9.31
      vertex 75.0047 2.97837 9.31
      vertex 75.179 4.18373 9.31
    endloop
  endfacet
  facet normal 0 0 -1
    outer loop
      vertex 74.7198 3.07508 9.31
      vertex 75.179 4.18373 9.31
      vertex 75.0047 2.97837 9.31
    endloop
  endfacet
  facet normal -0 0 -1
    outer loop
      vertex 75.179 4.18373 9.31
      vertex 74.7198 3.07508 9.31
      vertex 75.05 4.24737 9.31
    endloop
  endfacet
  facet normal 0 0 -1
    outer loop
      vertex 74.45 3.20814 9.31
      vertex 75.05 4.24737 9.31
      vertex 74.7198 3.07508 9.31
    endloop
  endfacet
  facet normal -0 0 -1
    outer loop
      vertex 75.05 4.24737 9.31
      vertex 74.45 3.20814 9.31
      vertex 74.9304 4.32731 9.31
    endloop
  endfacet
  facet normal 0 0 -1
    outer loop
      vertex 74.1999 3.37529 9.31
      vertex 74.9304 4.32731 9.31
      vertex 74.45 3.20814 9.31
    endloop
  endfacet
  facet normal -0 0 -1
    outer loop
      vertex 74.9304 4.32731 9.31
      vertex 74.1999 3.37529 9.31
      vertex 74.8222 4.42218 9.31
    endloop
  endfacet
  facet normal 0 0 -1
    outer loop
      vertex 73.9737 3.57366 9.31
      vertex 74.8222 4.42218 9.31
      vertex 74.1999 3.37529 9.31
    endloop
  endfacet
  facet normal -0 0 -1
    outer loop
      vertex 74.8222 4.42218 9.31
      vertex 73.9737 3.57366 9.31
      vertex 74.7273 4.53036 9.31
    endloop
  endfacet
  facet normal 0 0 -1
    outer loop
      vertex 73.7753 3.79985 9.31
      vertex 74.7273 4.53036 9.31
      vertex 73.9737 3.57366 9.31
    endloop
  endfacet
  facet normal 0 0 -1
    outer loop
      vertex 73.6081 4.05 9.31
      vertex 74.6474 4.65 9.31
      vertex 73.7753 3.79985 9.31
    endloop
  endfacet
  facet normal -0 0 -1
    outer loop
      vertex 74.7273 4.53036 9.31
      vertex 73.7753 3.79985 9.31
      vertex 74.6474 4.65 9.31
    endloop
  endfacet
  facet normal -0 0 -1
    outer loop
      vertex 77.5919 6.35 9.31
      vertex 76.5526 5.75 9.31
      vertex 77.4247 6.60015 9.31
    endloop
  endfacet
  facet normal 0 0 -1
    outer loop
      vertex 76.4727 5.86964 9.31
      vertex 77.4247 6.60015 9.31
      vertex 76.5526 5.75 9.31
    endloop
  endfacet
  facet normal -0 0 -1
    outer loop
      vertex 77.4247 6.60015 9.31
      vertex 76.4727 5.86964 9.31
      vertex 77.2263 6.82634 9.31
    endloop
  endfacet
  facet normal 0 0 -1
    outer loop
      vertex 76.3778 5.97782 9.31
      vertex 77.2263 6.82634 9.31
      vertex 76.4727 5.86964 9.31
    endloop
  endfacet
  facet normal -0 0 -1
    outer loop
      vertex 77.2263 6.82634 9.31
      vertex 76.3778 5.97782 9.31
      vertex 77.0002 7.02471 9.31
    endloop
  endfacet
  facet normal 0 0 -1
    outer loop
      vertex 76.2696 6.07269 9.31
      vertex 77.0002 7.02471 9.31
      vertex 76.3778 5.97782 9.31
    endloop
  endfacet
  facet normal -0 0 -1
    outer loop
      vertex 77.0002 7.02471 9.31
      vertex 76.2696 6.07269 9.31
      vertex 76.75 7.19186 9.31
    endloop
  endfacet
  facet normal 0 0 -1
    outer loop
      vertex 76.15 6.15263 9.31
      vertex 76.75 7.19186 9.31
      vertex 76.2696 6.07269 9.31
    endloop
  endfacet
  facet normal -0 0 -1
    outer loop
      vertex 76.75 7.19186 9.31
      vertex 76.15 6.15263 9.31
      vertex 76.4802 7.32492 9.31
    endloop
  endfacet
  facet normal 0 0 -1
    outer loop
      vertex 76.021 6.21627 9.31
      vertex 76.4802 7.32492 9.31
      vertex 76.15 6.15263 9.31
    endloop
  endfacet
  facet normal -0 0 -1
    outer loop
      vertex 76.4802 7.32492 9.31
      vertex 76.021 6.21627 9.31
      vertex 76.1953 7.42163 9.31
    endloop
  endfacet
  facet normal 0 0 -1
    outer loop
      vertex 75.8847 6.26252 9.31
      vertex 76.1953 7.42163 9.31
      vertex 76.021 6.21627 9.31
    endloop
  endfacet
  facet normal -0 0 -1
    outer loop
      vertex 76.1953 7.42163 9.31
      vertex 75.8847 6.26252 9.31
      vertex 75.9002 7.48032 9.31
    endloop
  endfacet
  facet normal 0 0 -1
    outer loop
      vertex 75.7436 6.29059 9.31
      vertex 75.9002 7.48032 9.31
      vertex 75.8847 6.26252 9.31
    endloop
  endfacet
  facet normal 0 0 -1
    outer loop
      vertex 75.6 6.3 9.31
      vertex 75.9002 7.48032 9.31
      vertex 75.7436 6.29059 9.31
    endloop
  endfacet
  facet normal 0 0 -1
    outer loop
      vertex 75.6 6.3 9.31
      vertex 75.6 7.5 9.31
      vertex 75.9002 7.48032 9.31
    endloop
  endfacet
  facet normal 0 0 -1
    outer loop
      vertex 75.4564 6.29059 9.31
      vertex 75.6 7.5 9.31
      vertex 75.6 6.3 9.31
    endloop
  endfacet
  facet normal 0 0 -1
    outer loop
      vertex 75.2998 7.48032 9.31
      vertex 75.4564 6.29059 9.31
      vertex 75.3153 6.26252 9.31
    endloop
  endfacet
  facet normal 0 0 -1
    outer loop
      vertex 75.4564 6.29059 9.31
      vertex 75.2998 7.48032 9.31
      vertex 75.6 7.5 9.31
    endloop
  endfacet
  facet normal 0 0 -1
    outer loop
      vertex 75.0047 7.42163 9.31
      vertex 75.3153 6.26252 9.31
      vertex 75.179 6.21627 9.31
    endloop
  endfacet
  facet normal 0 0 -1
    outer loop
      vertex 74.7198 7.32492 9.31
      vertex 75.179 6.21627 9.31
      vertex 75.05 6.15263 9.31
    endloop
  endfacet
  facet normal 0 0 -1
    outer loop
      vertex 75.3153 6.26252 9.31
      vertex 75.0047 7.42163 9.31
      vertex 75.2998 7.48032 9.31
    endloop
  endfacet
  facet normal 0 0 -1
    outer loop
      vertex 74.45 7.19186 9.31
      vertex 75.05 6.15263 9.31
      vertex 74.9304 6.07269 9.31
    endloop
  endfacet
  facet normal 0 0 -1
    outer loop
      vertex 74.1999 7.02471 9.31
      vertex 74.9304 6.07269 9.31
      vertex 74.8222 5.97782 9.31
    endloop
  endfacet
  facet normal 0 0 -1
    outer loop
      vertex 73.9737 6.82634 9.31
      vertex 74.8222 5.97782 9.31
      vertex 74.7273 5.86964 9.31
    endloop
  endfacet
  facet normal 0 0 -1
    outer loop
      vertex 75.179 6.21627 9.31
      vertex 74.7198 7.32492 9.31
      vertex 75.0047 7.42163 9.31
    endloop
  endfacet
  facet normal 0 0 -1
    outer loop
      vertex 73.7753 6.60015 9.31
      vertex 74.7273 5.86964 9.31
      vertex 74.6474 5.75 9.31
    endloop
  endfacet
  facet normal 0 0 -1
    outer loop
      vertex 73.6081 6.35 9.31
      vertex 74.6474 5.75 9.31
      vertex 74.5837 5.62095 9.31
    endloop
  endfacet
  facet normal 0 0 -1
    outer loop
      vertex 73.4751 6.08017 9.31
      vertex 74.5837 5.62095 9.31
      vertex 74.5375 5.4847 9.31
    endloop
  endfacet
  facet normal 0 0 -1
    outer loop
      vertex 73.3784 5.79528 9.31
      vertex 74.5375 5.4847 9.31
      vertex 74.5094 5.34358 9.31
    endloop
  endfacet
  facet normal 0 0 -1
    outer loop
      vertex 75.05 6.15263 9.31
      vertex 74.45 7.19186 9.31
      vertex 74.7198 7.32492 9.31
    endloop
  endfacet
  facet normal 0 0 -1
    outer loop
      vertex 73.3197 5.50021 9.31
      vertex 74.5094 5.34358 9.31
      vertex 74.5 5.2 9.31
    endloop
  endfacet
  facet normal -0 0 -1
    outer loop
      vertex 74.6474 4.65 9.31
      vertex 73.6081 4.05 9.31
      vertex 74.5837 4.77905 9.31
    endloop
  endfacet
  facet normal 0 0 -1
    outer loop
      vertex 73.4751 4.31983 9.31
      vertex 74.5837 4.77905 9.31
      vertex 73.6081 4.05 9.31
    endloop
  endfacet
  facet normal 0 0 -1
    outer loop
      vertex 74.9304 6.07269 9.31
      vertex 74.1999 7.02471 9.31
      vertex 74.45 7.19186 9.31
    endloop
  endfacet
  facet normal -0 0 -1
    outer loop
      vertex 74.5837 4.77905 9.31
      vertex 73.4751 4.31983 9.31
      vertex 74.5375 4.9153 9.31
    endloop
  endfacet
  facet normal 0 0 -1
    outer loop
      vertex 74.8222 5.97782 9.31
      vertex 73.9737 6.82634 9.31
      vertex 74.1999 7.02471 9.31
    endloop
  endfacet
  facet normal 0 0 -1
    outer loop
      vertex 73.3784 4.60472 9.31
      vertex 74.5375 4.9153 9.31
      vertex 73.4751 4.31983 9.31
    endloop
  endfacet
  facet normal 0 0 -1
    outer loop
      vertex 74.7273 5.86964 9.31
      vertex 73.7753 6.60015 9.31
      vertex 73.9737 6.82634 9.31
    endloop
  endfacet
  facet normal -0 0 -1
    outer loop
      vertex 74.5375 4.9153 9.31
      vertex 73.3784 4.60472 9.31
      vertex 74.5094 5.05642 9.31
    endloop
  endfacet
  facet normal 0 0 -1
    outer loop
      vertex 74.6474 5.75 9.31
      vertex 73.6081 6.35 9.31
      vertex 73.7753 6.60015 9.31
    endloop
  endfacet
  facet normal 0 0 -1
    outer loop
      vertex 73.3197 4.89979 9.31
      vertex 74.5094 5.05642 9.31
      vertex 73.3784 4.60472 9.31
    endloop
  endfacet
  facet normal 0 0 -1
    outer loop
      vertex 74.5837 5.62095 9.31
      vertex 73.4751 6.08017 9.31
      vertex 73.6081 6.35 9.31
    endloop
  endfacet
  facet normal -0 0 -1
    outer loop
      vertex 74.5094 5.05642 9.31
      vertex 73.3197 4.89979 9.31
      vertex 74.5 5.2 9.31
    endloop
  endfacet
  facet normal 0 0 -1
    outer loop
      vertex 74.5375 5.4847 9.31
      vertex 73.3784 5.79528 9.31
      vertex 73.4751 6.08017 9.31
    endloop
  endfacet
  facet normal 0 0 -1
    outer loop
      vertex 73.3 5.2 9.31
      vertex 74.5 5.2 9.31
      vertex 73.3197 4.89979 9.31
    endloop
  endfacet
  facet normal 0 0 -1
    outer loop
      vertex 74.5094 5.34358 9.31
      vertex 73.3197 5.50021 9.31
      vertex 73.3784 5.79528 9.31
    endloop
  endfacet
  facet normal 0 0 -1
    outer loop
      vertex 74.5 5.2 9.31
      vertex 73.3 5.2 9.31
      vertex 73.3197 5.50021 9.31
    endloop
  endfacet
  facet normal 0.659342 -0.751843 0
    outer loop
      vertex 73.9737 6.82634 0
      vertex 74.1999 7.02471 9.31
      vertex 73.9737 6.82634 9.31
    endloop
  endfacet
  facet normal 0.659342 -0.751843 0
    outer loop
      vertex 74.1999 7.02471 9.31
      vertex 73.9737 6.82634 0
      vertex 74.1999 7.02471 0
    endloop
  endfacet
  facet normal 0.321438 -0.946931 0
    outer loop
      vertex 74.7198 7.32492 0
      vertex 75.0047 7.42163 9.31
      vertex 74.7198 7.32492 9.31
    endloop
  endfacet
  facet normal 0.321438 -0.946931 0
    outer loop
      vertex 75.0047 7.42163 9.31
      vertex 74.7198 7.32492 0
      vertex 75.0047 7.42163 0
    endloop
  endfacet
  facet normal -0.555505 0.831513 0
    outer loop
      vertex 77.0002 3.37529 0
      vertex 76.75 3.20814 9.31
      vertex 77.0002 3.37529 9.31
    endloop
  endfacet
  facet normal -0.555505 0.831513 0
    outer loop
      vertex 76.75 3.20814 9.31
      vertex 77.0002 3.37529 0
      vertex 76.75 3.20814 0
    endloop
  endfacet
  facet normal -0.946937 0.321418 0
    outer loop
      vertex 77.7249 4.31983 0
      vertex 77.8216 4.60472 9.31
      vertex 77.8216 4.60472 0
    endloop
  endfacet
  facet normal -0.946937 0.321418 0
    outer loop
      vertex 77.8216 4.60472 9.31
      vertex 77.7249 4.31983 0
      vertex 77.7249 4.31983 9.31
    endloop
  endfacet
  facet normal -0.896959 0.442114 0
    outer loop
      vertex 77.5919 4.05 0
      vertex 77.7249 4.31983 9.31
      vertex 77.7249 4.31983 0
    endloop
  endfacet
  facet normal -0.896959 0.442114 0
    outer loop
      vertex 77.7249 4.31983 9.31
      vertex 77.5919 4.05 0
      vertex 77.5919 4.05 9.31
    endloop
  endfacet
  facet normal -0.980781 0.195112 0
    outer loop
      vertex 77.8216 4.60472 0
      vertex 77.8803 4.89979 9.31
      vertex 77.8803 4.89979 0
    endloop
  endfacet
  facet normal -0.980781 0.195112 0
    outer loop
      vertex 77.8803 4.89979 9.31
      vertex 77.8216 4.60472 0
      vertex 77.8216 4.60472 9.31
    endloop
  endfacet
  facet normal 0.0654159 0.997858 -0
    outer loop
      vertex 75.6 2.9 0
      vertex 75.2998 2.91968 9.31
      vertex 75.6 2.9 9.31
    endloop
  endfacet
  facet normal 0.0654159 0.997858 0
    outer loop
      vertex 75.2998 2.91968 9.31
      vertex 75.6 2.9 0
      vertex 75.2998 2.91968 0
    endloop
  endfacet
  facet normal 0.997854 0.0654799 0
    outer loop
      vertex 73.3197 4.89979 9.31
      vertex 73.3 5.2 0
      vertex 73.3 5.2 9.31
    endloop
  endfacet
  facet normal 0.997854 0.0654799 0
    outer loop
      vertex 73.3 5.2 0
      vertex 73.3197 4.89979 9.31
      vertex 73.3197 4.89979 0
    endloop
  endfacet
  facet normal 0.946937 0.321418 0
    outer loop
      vertex 73.4751 4.31983 9.31
      vertex 73.3784 4.60472 0
      vertex 73.3784 4.60472 9.31
    endloop
  endfacet
  facet normal 0.946937 0.321418 0
    outer loop
      vertex 73.3784 4.60472 0
      vertex 73.4751 4.31983 9.31
      vertex 73.4751 4.31983 0
    endloop
  endfacet
  facet normal -0.442314 0.89686 0
    outer loop
      vertex 76.75 3.20814 0
      vertex 76.4802 3.07508 9.31
      vertex 76.75 3.20814 9.31
    endloop
  endfacet
  facet normal -0.442314 0.89686 0
    outer loop
      vertex 76.4802 3.07508 9.31
      vertex 76.75 3.20814 0
      vertex 76.4802 3.07508 0
    endloop
  endfacet
  facet normal -0.321438 0.946931 0
    outer loop
      vertex 76.4802 3.07508 0
      vertex 76.1953 2.97837 9.31
      vertex 76.4802 3.07508 9.31
    endloop
  endfacet
  facet normal -0.321438 0.946931 0
    outer loop
      vertex 76.1953 2.97837 9.31
      vertex 76.4802 3.07508 0
      vertex 76.1953 2.97837 0
    endloop
  endfacet
  facet normal 0.946937 -0.321418 0
    outer loop
      vertex 73.3784 5.79528 9.31
      vertex 73.4751 6.08017 0
      vertex 73.4751 6.08017 9.31
    endloop
  endfacet
  facet normal 0.946937 -0.321418 0
    outer loop
      vertex 73.4751 6.08017 0
      vertex 73.3784 5.79528 9.31
      vertex 73.3784 5.79528 0
    endloop
  endfacet
  facet normal -0.997854 0.0654799 0
    outer loop
      vertex 77.8803 4.89979 0
      vertex 77.9 5.2 9.31
      vertex 77.9 5.2 0
    endloop
  endfacet
  facet normal -0.997854 0.0654799 0
    outer loop
      vertex 77.9 5.2 9.31
      vertex 77.8803 4.89979 0
      vertex 77.8803 4.89979 9.31
    endloop
  endfacet
  facet normal 0.321438 0.946931 -0
    outer loop
      vertex 75.0047 2.97837 0
      vertex 74.7198 3.07508 9.31
      vertex 75.0047 2.97837 9.31
    endloop
  endfacet
  facet normal 0.321438 0.946931 0
    outer loop
      vertex 74.7198 3.07508 9.31
      vertex 75.0047 2.97837 0
      vertex 74.7198 3.07508 0
    endloop
  endfacet
  facet normal 0.751779 0.659415 0
    outer loop
      vertex 73.9737 3.57366 9.31
      vertex 73.7753 3.79985 0
      vertex 73.7753 3.79985 9.31
    endloop
  endfacet
  facet normal 0.751779 0.659415 0
    outer loop
      vertex 73.7753 3.79985 0
      vertex 73.9737 3.57366 9.31
      vertex 73.9737 3.57366 0
    endloop
  endfacet
  facet normal 0.980781 0.195112 0
    outer loop
      vertex 73.3784 4.60472 9.31
      vertex 73.3197 4.89979 0
      vertex 73.3197 4.89979 9.31
    endloop
  endfacet
  facet normal 0.980781 0.195112 0
    outer loop
      vertex 73.3197 4.89979 0
      vertex 73.3784 4.60472 9.31
      vertex 73.3784 4.60472 0
    endloop
  endfacet
  facet normal -0.659507 0.751699 0
    outer loop
      vertex 77.2263 3.57366 0
      vertex 77.0002 3.37529 9.31
      vertex 77.2263 3.57366 9.31
    endloop
  endfacet
  facet normal -0.659507 0.751699 0
    outer loop
      vertex 77.0002 3.37529 9.31
      vertex 77.2263 3.57366 0
      vertex 77.0002 3.37529 0
    endloop
  endfacet
  facet normal -0.751779 0.659415 0
    outer loop
      vertex 77.2263 3.57366 0
      vertex 77.4247 3.79985 9.31
      vertex 77.4247 3.79985 0
    endloop
  endfacet
  facet normal -0.751779 0.659415 0
    outer loop
      vertex 77.4247 3.79985 9.31
      vertex 77.2263 3.57366 0
      vertex 77.2263 3.57366 9.31
    endloop
  endfacet
  facet normal -0.0654159 0.997858 0
    outer loop
      vertex 75.9002 2.91968 0
      vertex 75.6 2.9 9.31
      vertex 75.9002 2.91968 9.31
    endloop
  endfacet
  facet normal -0.0654159 0.997858 0
    outer loop
      vertex 75.6 2.9 9.31
      vertex 75.9002 2.91968 0
      vertex 75.6 2.9 0
    endloop
  endfacet
  facet normal 0.555659 0.83141 -0
    outer loop
      vertex 74.45 3.20814 0
      vertex 74.1999 3.37529 9.31
      vertex 74.45 3.20814 9.31
    endloop
  endfacet
  facet normal 0.555659 0.83141 0
    outer loop
      vertex 74.1999 3.37529 9.31
      vertex 74.45 3.20814 0
      vertex 74.1999 3.37529 0
    endloop
  endfacet
  facet normal 0.659342 0.751843 -0
    outer loop
      vertex 74.1999 3.37529 0
      vertex 73.9737 3.57366 9.31
      vertex 74.1999 3.37529 9.31
    endloop
  endfacet
  facet normal 0.659342 0.751843 0
    outer loop
      vertex 73.9737 3.57366 9.31
      vertex 74.1999 3.37529 0
      vertex 73.9737 3.57366 0
    endloop
  endfacet
  facet normal 0.896959 0.442114 0
    outer loop
      vertex 73.6081 4.05 9.31
      vertex 73.4751 4.31983 0
      vertex 73.4751 4.31983 9.31
    endloop
  endfacet
  facet normal 0.896959 0.442114 0
    outer loop
      vertex 73.4751 4.31983 0
      vertex 73.6081 4.05 9.31
      vertex 73.6081 4.05 0
    endloop
  endfacet
  facet normal 0.831385 0.555697 0
    outer loop
      vertex 73.7753 3.79985 9.31
      vertex 73.6081 4.05 0
      vertex 73.6081 4.05 9.31
    endloop
  endfacet
  facet normal 0.831385 0.555697 0
    outer loop
      vertex 73.6081 4.05 0
      vertex 73.7753 3.79985 9.31
      vertex 73.7753 3.79985 0
    endloop
  endfacet
  facet normal 0.442314 0.89686 -0
    outer loop
      vertex 74.7198 3.07508 0
      vertex 74.45 3.20814 9.31
      vertex 74.7198 3.07508 9.31
    endloop
  endfacet
  facet normal 0.442314 0.89686 0
    outer loop
      vertex 74.45 3.20814 9.31
      vertex 74.7198 3.07508 0
      vertex 74.45 3.20814 0
    endloop
  endfacet
  facet normal -0.99786 -0.065389 0
    outer loop
      vertex 6.3 51.6 9.31
      vertex 6.29059 51.7436 11.8
      vertex 6.29059 51.7436 9.31
    endloop
  endfacet
  facet normal -0.99786 -0.065389 0
    outer loop
      vertex 6.29059 51.7436 11.8
      vertex 6.3 51.6 9.31
      vertex 6.3 51.6 11.8
    endloop
  endfacet
  facet normal 0.99786 -0.065389 0
    outer loop
      vertex 4.1 51.6 11.8
      vertex 4.10941 51.7436 9.31
      vertex 4.10941 51.7436 11.8
    endloop
  endfacet
  facet normal 0.99786 -0.065389 0
    outer loop
      vertex 4.10941 51.7436 9.31
      vertex 4.1 51.6 11.8
      vertex 4.1 51.6 9.31
    endloop
  endfacet
  facet normal -0.0653289 -0.997864 0
    outer loop
      vertex 5.2 52.7 9.31
      vertex 5.34358 52.6906 11.8
      vertex 5.2 52.7 11.8
    endloop
  endfacet
  facet normal -0.0653289 -0.997864 -0
    outer loop
      vertex 5.34358 52.6906 11.8
      vertex 5.2 52.7 9.31
      vertex 5.34358 52.6906 9.31
    endloop
  endfacet
  facet normal 0.0653289 0.997864 -0
    outer loop
      vertex 5.2 50.5 9.31
      vertex 5.05642 50.5094 11.8
      vertex 5.2 50.5 11.8
    endloop
  endfacet
  facet normal 0.0653289 0.997864 0
    outer loop
      vertex 5.05642 50.5094 11.8
      vertex 5.2 50.5 9.31
      vertex 5.05642 50.5094 9.31
    endloop
  endfacet
  facet normal -0.659458 -0.751741 0
    outer loop
      vertex 5.86964 52.4727 9.31
      vertex 5.97782 52.3778 11.8
      vertex 5.86964 52.4727 11.8
    endloop
  endfacet
  facet normal -0.659458 -0.751741 -0
    outer loop
      vertex 5.97782 52.3778 11.8
      vertex 5.86964 52.4727 9.31
      vertex 5.97782 52.3778 9.31
    endloop
  endfacet
  facet normal 0.659458 -0.751741 0
    outer loop
      vertex 4.42218 52.3778 9.31
      vertex 4.53036 52.4727 11.8
      vertex 4.42218 52.3778 11.8
    endloop
  endfacet
  facet normal 0.659458 -0.751741 0
    outer loop
      vertex 4.53036 52.4727 11.8
      vertex 4.42218 52.3778 9.31
      vertex 4.53036 52.4727 9.31
    endloop
  endfacet
  facet normal 0.321124 -0.947037 0
    outer loop
      vertex 4.77905 52.6163 9.31
      vertex 4.9153 52.6625 11.8
      vertex 4.77905 52.6163 11.8
    endloop
  endfacet
  facet normal 0.321124 -0.947037 0
    outer loop
      vertex 4.9153 52.6625 11.8
      vertex 4.77905 52.6163 9.31
      vertex 4.9153 52.6625 9.31
    endloop
  endfacet
  facet normal -0.896806 -0.442424 0
    outer loop
      vertex 6.21627 52.021 9.31
      vertex 6.15263 52.15 11.8
      vertex 6.15263 52.15 9.31
    endloop
  endfacet
  facet normal -0.896806 -0.442424 0
    outer loop
      vertex 6.15263 52.15 11.8
      vertex 6.21627 52.021 9.31
      vertex 6.21627 52.021 11.8
    endloop
  endfacet
  facet normal -0.980781 -0.195113 0
    outer loop
      vertex 6.29059 51.7436 9.31
      vertex 6.26252 51.8847 11.8
      vertex 6.26252 51.8847 9.31
    endloop
  endfacet
  facet normal -0.980781 -0.195113 0
    outer loop
      vertex 6.26252 51.8847 11.8
      vertex 6.29059 51.7436 9.31
      vertex 6.29059 51.7436 11.8
    endloop
  endfacet
  facet normal -0.831387 -0.555694 0
    outer loop
      vertex 6.15263 52.15 9.31
      vertex 6.07269 52.2696 11.8
      vertex 6.07269 52.2696 9.31
    endloop
  endfacet
  facet normal -0.831387 -0.555694 0
    outer loop
      vertex 6.07269 52.2696 11.8
      vertex 6.15263 52.15 9.31
      vertex 6.15263 52.15 11.8
    endloop
  endfacet
  facet normal -0.321124 -0.947037 0
    outer loop
      vertex 5.4847 52.6625 9.31
      vertex 5.62095 52.6163 11.8
      vertex 5.4847 52.6625 11.8
    endloop
  endfacet
  facet normal -0.321124 -0.947037 -0
    outer loop
      vertex 5.62095 52.6163 11.8
      vertex 5.4847 52.6625 9.31
      vertex 5.62095 52.6163 9.31
    endloop
  endfacet
  facet normal -0.195287 -0.980746 0
    outer loop
      vertex 5.34358 52.6906 9.31
      vertex 5.4847 52.6625 11.8
      vertex 5.34358 52.6906 11.8
    endloop
  endfacet
  facet normal -0.195287 -0.980746 -0
    outer loop
      vertex 5.4847 52.6625 11.8
      vertex 5.34358 52.6906 9.31
      vertex 5.4847 52.6625 9.31
    endloop
  endfacet
  facet normal -0.555374 -0.831601 0
    outer loop
      vertex 5.75 52.5526 9.31
      vertex 5.86964 52.4727 11.8
      vertex 5.75 52.5526 11.8
    endloop
  endfacet
  facet normal -0.555374 -0.831601 -0
    outer loop
      vertex 5.86964 52.4727 11.8
      vertex 5.75 52.5526 9.31
      vertex 5.86964 52.4727 9.31
    endloop
  endfacet
  facet normal 0.831387 -0.555694 0
    outer loop
      vertex 4.24737 52.15 11.8
      vertex 4.32731 52.2696 9.31
      vertex 4.32731 52.2696 11.8
    endloop
  endfacet
  facet normal 0.831387 -0.555694 0
    outer loop
      vertex 4.32731 52.2696 9.31
      vertex 4.24737 52.15 11.8
      vertex 4.24737 52.15 9.31
    endloop
  endfacet
  facet normal 0.751905 -0.659272 0
    outer loop
      vertex 4.32731 52.2696 11.8
      vertex 4.42218 52.3778 9.31
      vertex 4.42218 52.3778 11.8
    endloop
  endfacet
  facet normal 0.751905 -0.659272 0
    outer loop
      vertex 4.42218 52.3778 9.31
      vertex 4.32731 52.2696 11.8
      vertex 4.32731 52.2696 9.31
    endloop
  endfacet
  facet normal 0.946967 -0.32133 0
    outer loop
      vertex 4.13748 51.8847 11.8
      vertex 4.18373 52.021 9.31
      vertex 4.18373 52.021 11.8
    endloop
  endfacet
  facet normal 0.946967 -0.32133 0
    outer loop
      vertex 4.18373 52.021 9.31
      vertex 4.13748 51.8847 11.8
      vertex 4.13748 51.8847 9.31
    endloop
  endfacet
  facet normal 0.555374 -0.831601 0
    outer loop
      vertex 4.53036 52.4727 9.31
      vertex 4.65 52.5526 11.8
      vertex 4.53036 52.4727 11.8
    endloop
  endfacet
  facet normal 0.555374 -0.831601 0
    outer loop
      vertex 4.65 52.5526 11.8
      vertex 4.53036 52.4727 9.31
      vertex 4.65 52.5526 9.31
    endloop
  endfacet
  facet normal 0.195287 -0.980746 0
    outer loop
      vertex 4.9153 52.6625 9.31
      vertex 5.05642 52.6906 11.8
      vertex 4.9153 52.6625 11.8
    endloop
  endfacet
  facet normal 0.195287 -0.980746 0
    outer loop
      vertex 5.05642 52.6906 11.8
      vertex 4.9153 52.6625 9.31
      vertex 5.05642 52.6906 9.31
    endloop
  endfacet
  facet normal -0.946896 0.321541 0
    outer loop
      vertex 6.21627 51.1791 9.31
      vertex 6.26252 51.3153 11.8
      vertex 6.26252 51.3153 9.31
    endloop
  endfacet
  facet normal -0.946896 0.321541 0
    outer loop
      vertex 6.26252 51.3153 11.8
      vertex 6.21627 51.1791 9.31
      vertex 6.21627 51.1791 11.8
    endloop
  endfacet
  facet normal -0.321124 0.947037 0
    outer loop
      vertex 5.62095 50.5837 9.31
      vertex 5.4847 50.5375 11.8
      vertex 5.62095 50.5837 11.8
    endloop
  endfacet
  facet normal -0.321124 0.947037 0
    outer loop
      vertex 5.4847 50.5375 11.8
      vertex 5.62095 50.5837 9.31
      vertex 5.4847 50.5375 9.31
    endloop
  endfacet
  facet normal -0.751905 0.659272 0
    outer loop
      vertex 5.97782 50.8222 9.31
      vertex 6.07269 50.9304 11.8
      vertex 6.07269 50.9304 9.31
    endloop
  endfacet
  facet normal -0.751905 0.659272 0
    outer loop
      vertex 6.07269 50.9304 11.8
      vertex 5.97782 50.8222 9.31
      vertex 5.97782 50.8222 11.8
    endloop
  endfacet
  facet normal -0.555374 0.831601 0
    outer loop
      vertex 5.86964 50.7273 9.31
      vertex 5.75 50.6474 11.8
      vertex 5.86964 50.7273 11.8
    endloop
  endfacet
  facet normal -0.555374 0.831601 0
    outer loop
      vertex 5.75 50.6474 11.8
      vertex 5.86964 50.7273 9.31
      vertex 5.75 50.6474 9.31
    endloop
  endfacet
  facet normal 0.659458 0.751741 -0
    outer loop
      vertex 4.53036 50.7273 9.31
      vertex 4.42218 50.8222 11.8
      vertex 4.53036 50.7273 11.8
    endloop
  endfacet
  facet normal 0.659458 0.751741 0
    outer loop
      vertex 4.42218 50.8222 11.8
      vertex 4.53036 50.7273 9.31
      vertex 4.42218 50.8222 9.31
    endloop
  endfacet
  facet normal 0.321124 0.947037 -0
    outer loop
      vertex 4.9153 50.5375 9.31
      vertex 4.77905 50.5837 11.8
      vertex 4.9153 50.5375 11.8
    endloop
  endfacet
  facet normal 0.321124 0.947037 0
    outer loop
      vertex 4.77905 50.5837 11.8
      vertex 4.9153 50.5375 9.31
      vertex 4.77905 50.5837 9.31
    endloop
  endfacet
  facet normal 0.751905 0.659272 0
    outer loop
      vertex 4.42218 50.8222 11.8
      vertex 4.32731 50.9304 9.31
      vertex 4.32731 50.9304 11.8
    endloop
  endfacet
  facet normal 0.751905 0.659272 0
    outer loop
      vertex 4.32731 50.9304 9.31
      vertex 4.42218 50.8222 11.8
      vertex 4.42218 50.8222 9.31
    endloop
  endfacet
  facet normal -0.946967 -0.32133 0
    outer loop
      vertex 6.26252 51.8847 9.31
      vertex 6.21627 52.021 11.8
      vertex 6.21627 52.021 9.31
    endloop
  endfacet
  facet normal -0.946967 -0.32133 0
    outer loop
      vertex 6.21627 52.021 11.8
      vertex 6.26252 51.8847 9.31
      vertex 6.26252 51.8847 11.8
    endloop
  endfacet
  facet normal 0.896806 -0.442424 0
    outer loop
      vertex 4.18373 52.021 11.8
      vertex 4.24737 52.15 9.31
      vertex 4.24737 52.15 11.8
    endloop
  endfacet
  facet normal 0.896806 -0.442424 0
    outer loop
      vertex 4.24737 52.15 9.31
      vertex 4.18373 52.021 11.8
      vertex 4.18373 52.021 9.31
    endloop
  endfacet
  facet normal 0.980781 -0.195113 0
    outer loop
      vertex 4.10941 51.7436 11.8
      vertex 4.13748 51.8847 9.31
      vertex 4.13748 51.8847 11.8
    endloop
  endfacet
  facet normal 0.980781 -0.195113 0
    outer loop
      vertex 4.13748 51.8847 9.31
      vertex 4.10941 51.7436 11.8
      vertex 4.10941 51.7436 9.31
    endloop
  endfacet
  facet normal 0.0653289 -0.997864 0
    outer loop
      vertex 5.05642 52.6906 9.31
      vertex 5.2 52.7 11.8
      vertex 5.05642 52.6906 11.8
    endloop
  endfacet
  facet normal 0.0653289 -0.997864 0
    outer loop
      vertex 5.2 52.7 11.8
      vertex 5.05642 52.6906 9.31
      vertex 5.2 52.7 9.31
    endloop
  endfacet
  facet normal -0.99786 0.065389 0
    outer loop
      vertex 6.29059 51.4564 9.31
      vertex 6.3 51.6 11.8
      vertex 6.3 51.6 9.31
    endloop
  endfacet
  facet normal -0.99786 0.065389 0
    outer loop
      vertex 6.3 51.6 11.8
      vertex 6.29059 51.4564 9.31
      vertex 6.29059 51.4564 11.8
    endloop
  endfacet
  facet normal -0.0653289 0.997864 0
    outer loop
      vertex 5.34358 50.5094 9.31
      vertex 5.2 50.5 11.8
      vertex 5.34358 50.5094 11.8
    endloop
  endfacet
  facet normal -0.0653289 0.997864 0
    outer loop
      vertex 5.2 50.5 11.8
      vertex 5.34358 50.5094 9.31
      vertex 5.2 50.5 9.31
    endloop
  endfacet
  facet normal -0.659458 0.751741 0
    outer loop
      vertex 5.97782 50.8222 9.31
      vertex 5.86964 50.7273 11.8
      vertex 5.97782 50.8222 11.8
    endloop
  endfacet
  facet normal -0.659458 0.751741 0
    outer loop
      vertex 5.86964 50.7273 11.8
      vertex 5.97782 50.8222 9.31
      vertex 5.86964 50.7273 9.31
    endloop
  endfacet
  facet normal -0.831387 0.555694 0
    outer loop
      vertex 6.07269 50.9304 9.31
      vertex 6.15263 51.05 11.8
      vertex 6.15263 51.05 9.31
    endloop
  endfacet
  facet normal -0.831387 0.555694 0
    outer loop
      vertex 6.15263 51.05 11.8
      vertex 6.07269 50.9304 9.31
      vertex 6.07269 50.9304 11.8
    endloop
  endfacet
  facet normal -0.980781 0.195113 0
    outer loop
      vertex 6.26252 51.3153 9.31
      vertex 6.29059 51.4564 11.8
      vertex 6.29059 51.4564 9.31
    endloop
  endfacet
  facet normal -0.980781 0.195113 0
    outer loop
      vertex 6.29059 51.4564 11.8
      vertex 6.26252 51.3153 9.31
      vertex 6.26252 51.3153 11.8
    endloop
  endfacet
  facet normal 0.555374 0.831601 -0
    outer loop
      vertex 4.65 50.6474 9.31
      vertex 4.53036 50.7273 11.8
      vertex 4.65 50.6474 11.8
    endloop
  endfacet
  facet normal 0.555374 0.831601 0
    outer loop
      vertex 4.53036 50.7273 11.8
      vertex 4.65 50.6474 9.31
      vertex 4.53036 50.7273 9.31
    endloop
  endfacet
  facet normal 0.442622 0.896708 -0
    outer loop
      vertex 4.77905 50.5837 9.31
      vertex 4.65 50.6474 11.8
      vertex 4.77905 50.5837 11.8
    endloop
  endfacet
  facet normal 0.442622 0.896708 0
    outer loop
      vertex 4.65 50.6474 11.8
      vertex 4.77905 50.5837 9.31
      vertex 4.65 50.6474 9.31
    endloop
  endfacet
  facet normal 0.195287 0.980746 -0
    outer loop
      vertex 5.05642 50.5094 9.31
      vertex 4.9153 50.5375 11.8
      vertex 5.05642 50.5094 11.8
    endloop
  endfacet
  facet normal 0.195287 0.980746 0
    outer loop
      vertex 4.9153 50.5375 11.8
      vertex 5.05642 50.5094 9.31
      vertex 4.9153 50.5375 9.31
    endloop
  endfacet
  facet normal 0.896942 0.442149 0
    outer loop
      vertex 4.24737 51.05 11.8
      vertex 4.18373 51.1791 9.31
      vertex 4.18373 51.1791 11.8
    endloop
  endfacet
  facet normal 0.896942 0.442149 0
    outer loop
      vertex 4.18373 51.1791 9.31
      vertex 4.24737 51.05 11.8
      vertex 4.24737 51.05 9.31
    endloop
  endfacet
  facet normal 0.946896 0.321541 0
    outer loop
      vertex 4.18373 51.1791 11.8
      vertex 4.13748 51.3153 9.31
      vertex 4.13748 51.3153 11.8
    endloop
  endfacet
  facet normal 0.946896 0.321541 0
    outer loop
      vertex 4.13748 51.3153 9.31
      vertex 4.18373 51.1791 11.8
      vertex 4.18373 51.1791 9.31
    endloop
  endfacet
  facet normal 0.99786 0.065389 0
    outer loop
      vertex 4.10941 51.4564 11.8
      vertex 4.1 51.6 9.31
      vertex 4.1 51.6 11.8
    endloop
  endfacet
  facet normal 0.99786 0.065389 0
    outer loop
      vertex 4.1 51.6 9.31
      vertex 4.10941 51.4564 11.8
      vertex 4.10941 51.4564 9.31
    endloop
  endfacet
  facet normal -0.751905 -0.659272 0
    outer loop
      vertex 6.07269 52.2696 9.31
      vertex 5.97782 52.3778 11.8
      vertex 5.97782 52.3778 9.31
    endloop
  endfacet
  facet normal -0.751905 -0.659272 0
    outer loop
      vertex 5.97782 52.3778 11.8
      vertex 6.07269 52.2696 9.31
      vertex 6.07269 52.2696 11.8
    endloop
  endfacet
  facet normal -0.442622 -0.896708 0
    outer loop
      vertex 5.62095 52.6163 9.31
      vertex 5.75 52.5526 11.8
      vertex 5.62095 52.6163 11.8
    endloop
  endfacet
  facet normal -0.442622 -0.896708 -0
    outer loop
      vertex 5.75 52.5526 11.8
      vertex 5.62095 52.6163 9.31
      vertex 5.75 52.5526 9.31
    endloop
  endfacet
  facet normal 0.442622 -0.896708 0
    outer loop
      vertex 4.65 52.5526 9.31
      vertex 4.77905 52.6163 11.8
      vertex 4.65 52.5526 11.8
    endloop
  endfacet
  facet normal 0.442622 -0.896708 0
    outer loop
      vertex 4.77905 52.6163 11.8
      vertex 4.65 52.5526 9.31
      vertex 4.77905 52.6163 9.31
    endloop
  endfacet
  facet normal -0.195287 0.980746 0
    outer loop
      vertex 5.4847 50.5375 9.31
      vertex 5.34358 50.5094 11.8
      vertex 5.4847 50.5375 11.8
    endloop
  endfacet
  facet normal -0.195287 0.980746 0
    outer loop
      vertex 5.34358 50.5094 11.8
      vertex 5.4847 50.5375 9.31
      vertex 5.34358 50.5094 9.31
    endloop
  endfacet
  facet normal -0.442622 0.896708 0
    outer loop
      vertex 5.75 50.6474 9.31
      vertex 5.62095 50.5837 11.8
      vertex 5.75 50.6474 11.8
    endloop
  endfacet
  facet normal -0.442622 0.896708 0
    outer loop
      vertex 5.62095 50.5837 11.8
      vertex 5.75 50.6474 9.31
      vertex 5.62095 50.5837 9.31
    endloop
  endfacet
  facet normal -0.896942 0.442149 0
    outer loop
      vertex 6.15263 51.05 9.31
      vertex 6.21627 51.1791 11.8
      vertex 6.21627 51.1791 9.31
    endloop
  endfacet
  facet normal -0.896942 0.442149 0
    outer loop
      vertex 6.21627 51.1791 11.8
      vertex 6.15263 51.05 9.31
      vertex 6.15263 51.05 11.8
    endloop
  endfacet
  facet normal 0.831387 0.555694 0
    outer loop
      vertex 4.32731 50.9304 11.8
      vertex 4.24737 51.05 9.31
      vertex 4.24737 51.05 11.8
    endloop
  endfacet
  facet normal 0.831387 0.555694 0
    outer loop
      vertex 4.24737 51.05 9.31
      vertex 4.32731 50.9304 11.8
      vertex 4.32731 50.9304 9.31
    endloop
  endfacet
  facet normal 0.980781 0.195113 0
    outer loop
      vertex 4.13748 51.3153 11.8
      vertex 4.10941 51.4564 9.31
      vertex 4.10941 51.4564 11.8
    endloop
  endfacet
  facet normal 0.980781 0.195113 0
    outer loop
      vertex 4.10941 51.4564 9.31
      vertex 4.13748 51.3153 11.8
      vertex 4.13748 51.3153 9.31
    endloop
  endfacet
  facet normal -0.997858 -0.0654159 0
    outer loop
      vertex 7.5 51.6 0
      vertex 7.48032 51.9002 9.31
      vertex 7.48032 51.9002 0
    endloop
  endfacet
  facet normal -0.997858 -0.0654159 0
    outer loop
      vertex 7.48032 51.9002 9.31
      vertex 7.5 51.6 0
      vertex 7.5 51.6 9.31
    endloop
  endfacet
  facet normal 0.997858 -0.0654159 0
    outer loop
      vertex 2.9 51.6 9.31
      vertex 2.91968 51.9002 0
      vertex 2.91968 51.9002 9.31
    endloop
  endfacet
  facet normal 0.997858 -0.0654159 0
    outer loop
      vertex 2.91968 51.9002 0
      vertex 2.9 51.6 9.31
      vertex 2.9 51.6 0
    endloop
  endfacet
  facet normal 0.0654799 -0.997854 0
    outer loop
      vertex 4.89979 53.8803 0
      vertex 5.2 53.9 9.31
      vertex 4.89979 53.8803 9.31
    endloop
  endfacet
  facet normal 0.0654799 -0.997854 0
    outer loop
      vertex 5.2 53.9 9.31
      vertex 4.89979 53.8803 0
      vertex 5.2 53.9 0
    endloop
  endfacet
  facet normal -0.0654799 0.997854 0
    outer loop
      vertex 5.50021 49.3197 0
      vertex 5.2 49.3 9.31
      vertex 5.50021 49.3197 9.31
    endloop
  endfacet
  facet normal -0.0654799 0.997854 0
    outer loop
      vertex 5.2 49.3 9.31
      vertex 5.50021 49.3197 0
      vertex 5.2 49.3 0
    endloop
  endfacet
  facet normal -0.659415 -0.751779 0
    outer loop
      vertex 6.60015 53.4247 0
      vertex 6.82634 53.2263 9.31
      vertex 6.60015 53.4247 9.31
    endloop
  endfacet
  facet normal -0.659415 -0.751779 -0
    outer loop
      vertex 6.82634 53.2263 9.31
      vertex 6.60015 53.4247 0
      vertex 6.82634 53.2263 0
    endloop
  endfacet
  facet normal 0.751699 -0.659507 0
    outer loop
      vertex 3.37529 53.0002 9.31
      vertex 3.57366 53.2263 0
      vertex 3.57366 53.2263 9.31
    endloop
  endfacet
  facet normal 0.751699 -0.659507 0
    outer loop
      vertex 3.57366 53.2263 0
      vertex 3.37529 53.0002 9.31
      vertex 3.37529 53.0002 0
    endloop
  endfacet
  facet normal 0.442114 -0.896959 0
    outer loop
      vertex 4.05 53.5919 0
      vertex 4.31983 53.7249 9.31
      vertex 4.05 53.5919 9.31
    endloop
  endfacet
  facet normal 0.442114 -0.896959 0
    outer loop
      vertex 4.31983 53.7249 9.31
      vertex 4.05 53.5919 0
      vertex 4.31983 53.7249 0
    endloop
  endfacet
  facet normal -0.89686 -0.442314 0
    outer loop
      vertex 7.32492 52.4802 0
      vertex 7.19186 52.75 9.31
      vertex 7.19186 52.75 0
    endloop
  endfacet
  facet normal -0.89686 -0.442314 0
    outer loop
      vertex 7.19186 52.75 9.31
      vertex 7.32492 52.4802 0
      vertex 7.32492 52.4802 9.31
    endloop
  endfacet
  facet normal -0.831513 -0.555505 0
    outer loop
      vertex 7.19186 52.75 0
      vertex 7.02471 53.0002 9.31
      vertex 7.02471 53.0002 0
    endloop
  endfacet
  facet normal -0.831513 -0.555505 0
    outer loop
      vertex 7.02471 53.0002 9.31
      vertex 7.19186 52.75 0
      vertex 7.19186 52.75 9.31
    endloop
  endfacet
  facet normal -0.321418 -0.946937 0
    outer loop
      vertex 5.79528 53.8216 0
      vertex 6.08017 53.7249 9.31
      vertex 5.79528 53.8216 9.31
    endloop
  endfacet
  facet normal -0.321418 -0.946937 -0
    outer loop
      vertex 6.08017 53.7249 9.31
      vertex 5.79528 53.8216 0
      vertex 6.08017 53.7249 0
    endloop
  endfacet
  facet normal -0.195112 -0.980781 0
    outer loop
      vertex 5.50021 53.8803 0
      vertex 5.79528 53.8216 9.31
      vertex 5.50021 53.8803 9.31
    endloop
  endfacet
  facet normal -0.195112 -0.980781 -0
    outer loop
      vertex 5.79528 53.8216 9.31
      vertex 5.50021 53.8803 0
      vertex 5.79528 53.8216 0
    endloop
  endfacet
  facet normal -0.442114 -0.896959 0
    outer loop
      vertex 6.08017 53.7249 0
      vertex 6.35 53.5919 9.31
      vertex 6.08017 53.7249 9.31
    endloop
  endfacet
  facet normal -0.442114 -0.896959 -0
    outer loop
      vertex 6.35 53.5919 9.31
      vertex 6.08017 53.7249 0
      vertex 6.35 53.5919 0
    endloop
  endfacet
  facet normal 0.89686 -0.442314 0
    outer loop
      vertex 3.07508 52.4802 9.31
      vertex 3.20814 52.75 0
      vertex 3.20814 52.75 9.31
    endloop
  endfacet
  facet normal 0.89686 -0.442314 0
    outer loop
      vertex 3.20814 52.75 0
      vertex 3.07508 52.4802 9.31
      vertex 3.07508 52.4802 0
    endloop
  endfacet
  facet normal 0.831513 -0.555505 0
    outer loop
      vertex 3.20814 52.75 9.31
      vertex 3.37529 53.0002 0
      vertex 3.37529 53.0002 9.31
    endloop
  endfacet
  facet normal 0.831513 -0.555505 0
    outer loop
      vertex 3.37529 53.0002 0
      vertex 3.20814 52.75 9.31
      vertex 3.20814 52.75 0
    endloop
  endfacet
  facet normal 0 0 -1
    outer loop
      vertex 6.3 51.6 9.31
      vertex 7.5 51.6 9.31
      vertex 7.48032 51.2998 9.31
    endloop
  endfacet
  facet normal 0 0 -1
    outer loop
      vertex 6.29059 51.4564 9.31
      vertex 7.48032 51.2998 9.31
      vertex 7.42163 51.0047 9.31
    endloop
  endfacet
  facet normal 0 0 -1
    outer loop
      vertex 7.5 51.6 9.31
      vertex 6.3 51.6 9.31
      vertex 7.48032 51.9002 9.31
    endloop
  endfacet
  facet normal 0 0 -1
    outer loop
      vertex 6.26252 51.3153 9.31
      vertex 7.42163 51.0047 9.31
      vertex 7.32492 50.7198 9.31
    endloop
  endfacet
  facet normal 0 0 -1
    outer loop
      vertex 6.29059 51.7436 9.31
      vertex 7.48032 51.9002 9.31
      vertex 6.3 51.6 9.31
    endloop
  endfacet
  facet normal 0 0 -1
    outer loop
      vertex 6.21627 51.1791 9.31
      vertex 7.32492 50.7198 9.31
      vertex 7.19186 50.45 9.31
    endloop
  endfacet
  facet normal -0 0 -1
    outer loop
      vertex 7.48032 51.9002 9.31
      vertex 6.29059 51.7436 9.31
      vertex 7.42163 52.1953 9.31
    endloop
  endfacet
  facet normal 0 0 -1
    outer loop
      vertex 6.15263 51.05 9.31
      vertex 7.19186 50.45 9.31
      vertex 7.02471 50.1998 9.31
    endloop
  endfacet
  facet normal 0 0 -1
    outer loop
      vertex 6.26252 51.8847 9.31
      vertex 7.42163 52.1953 9.31
      vertex 6.29059 51.7436 9.31
    endloop
  endfacet
  facet normal 0 0 -1
    outer loop
      vertex 6.07269 50.9304 9.31
      vertex 7.02471 50.1998 9.31
      vertex 6.82634 49.9737 9.31
    endloop
  endfacet
  facet normal -0 0 -1
    outer loop
      vertex 7.42163 52.1953 9.31
      vertex 6.26252 51.8847 9.31
      vertex 7.32492 52.4802 9.31
    endloop
  endfacet
  facet normal 0 0 -1
    outer loop
      vertex 5.97782 50.8222 9.31
      vertex 6.82634 49.9737 9.31
      vertex 6.60015 49.7753 9.31
    endloop
  endfacet
  facet normal 0 0 -1
    outer loop
      vertex 6.21627 52.021 9.31
      vertex 7.32492 52.4802 9.31
      vertex 6.26252 51.8847 9.31
    endloop
  endfacet
  facet normal 0 0 -1
    outer loop
      vertex 5.86964 50.7273 9.31
      vertex 6.60015 49.7753 9.31
      vertex 6.35 49.6081 9.31
    endloop
  endfacet
  facet normal -0 0 -1
    outer loop
      vertex 7.32492 52.4802 9.31
      vertex 6.21627 52.021 9.31
      vertex 7.19186 52.75 9.31
    endloop
  endfacet
  facet normal 0 0 -1
    outer loop
      vertex 6.15263 52.15 9.31
      vertex 7.19186 52.75 9.31
      vertex 6.21627 52.021 9.31
    endloop
  endfacet
  facet normal 0 0 -1
    outer loop
      vertex 7.48032 51.2998 9.31
      vertex 6.29059 51.4564 9.31
      vertex 6.3 51.6 9.31
    endloop
  endfacet
  facet normal 0 0 -1
    outer loop
      vertex 7.42163 51.0047 9.31
      vertex 6.26252 51.3153 9.31
      vertex 6.29059 51.4564 9.31
    endloop
  endfacet
  facet normal 0 0 -1
    outer loop
      vertex 7.32492 50.7198 9.31
      vertex 6.21627 51.1791 9.31
      vertex 6.26252 51.3153 9.31
    endloop
  endfacet
  facet normal 0 0 -1
    outer loop
      vertex 7.19186 50.45 9.31
      vertex 6.15263 51.05 9.31
      vertex 6.21627 51.1791 9.31
    endloop
  endfacet
  facet normal 0 0 -1
    outer loop
      vertex 5.75 50.6474 9.31
      vertex 6.35 49.6081 9.31
      vertex 6.08017 49.4751 9.31
    endloop
  endfacet
  facet normal 0 0 -1
    outer loop
      vertex 7.02471 50.1998 9.31
      vertex 6.07269 50.9304 9.31
      vertex 6.15263 51.05 9.31
    endloop
  endfacet
  facet normal 0 0 -1
    outer loop
      vertex 6.82634 49.9737 9.31
      vertex 5.97782 50.8222 9.31
      vertex 6.07269 50.9304 9.31
    endloop
  endfacet
  facet normal 0 0 -1
    outer loop
      vertex 6.60015 49.7753 9.31
      vertex 5.86964 50.7273 9.31
      vertex 5.97782 50.8222 9.31
    endloop
  endfacet
  facet normal 0 0 -1
    outer loop
      vertex 5.62095 50.5837 9.31
      vertex 6.08017 49.4751 9.31
      vertex 5.79528 49.3784 9.31
    endloop
  endfacet
  facet normal 0 0 -1
    outer loop
      vertex 6.35 49.6081 9.31
      vertex 5.75 50.6474 9.31
      vertex 5.86964 50.7273 9.31
    endloop
  endfacet
  facet normal 0 0 -1
    outer loop
      vertex 6.08017 49.4751 9.31
      vertex 5.62095 50.5837 9.31
      vertex 5.75 50.6474 9.31
    endloop
  endfacet
  facet normal 0 0 -1
    outer loop
      vertex 5.4847 50.5375 9.31
      vertex 5.79528 49.3784 9.31
      vertex 5.50021 49.3197 9.31
    endloop
  endfacet
  facet normal 0 0 -1
    outer loop
      vertex 5.79528 49.3784 9.31
      vertex 5.4847 50.5375 9.31
      vertex 5.62095 50.5837 9.31
    endloop
  endfacet
  facet normal 0 0 -1
    outer loop
      vertex 5.50021 49.3197 9.31
      vertex 5.34358 50.5094 9.31
      vertex 5.4847 50.5375 9.31
    endloop
  endfacet
  facet normal 0 0 -1
    outer loop
      vertex 5.2 49.3 9.31
      vertex 5.34358 50.5094 9.31
      vertex 5.50021 49.3197 9.31
    endloop
  endfacet
  facet normal 0 0 -1
    outer loop
      vertex 5.2 49.3 9.31
      vertex 5.2 50.5 9.31
      vertex 5.34358 50.5094 9.31
    endloop
  endfacet
  facet normal 0 0 -1
    outer loop
      vertex 5.2 49.3 9.31
      vertex 5.05642 50.5094 9.31
      vertex 5.2 50.5 9.31
    endloop
  endfacet
  facet normal 0 0 -1
    outer loop
      vertex 4.89979 49.3197 9.31
      vertex 5.05642 50.5094 9.31
      vertex 5.2 49.3 9.31
    endloop
  endfacet
  facet normal -0 0 -1
    outer loop
      vertex 5.05642 50.5094 9.31
      vertex 4.89979 49.3197 9.31
      vertex 4.9153 50.5375 9.31
    endloop
  endfacet
  facet normal 0 0 -1
    outer loop
      vertex 4.60472 49.3784 9.31
      vertex 4.9153 50.5375 9.31
      vertex 4.89979 49.3197 9.31
    endloop
  endfacet
  facet normal -0 0 -1
    outer loop
      vertex 4.9153 50.5375 9.31
      vertex 4.60472 49.3784 9.31
      vertex 4.77905 50.5837 9.31
    endloop
  endfacet
  facet normal 0 0 -1
    outer loop
      vertex 4.31983 49.4751 9.31
      vertex 4.77905 50.5837 9.31
      vertex 4.60472 49.3784 9.31
    endloop
  endfacet
  facet normal -0 0 -1
    outer loop
      vertex 4.77905 50.5837 9.31
      vertex 4.31983 49.4751 9.31
      vertex 4.65 50.6474 9.31
    endloop
  endfacet
  facet normal 0 0 -1
    outer loop
      vertex 4.05 49.6081 9.31
      vertex 4.65 50.6474 9.31
      vertex 4.31983 49.4751 9.31
    endloop
  endfacet
  facet normal -0 0 -1
    outer loop
      vertex 4.65 50.6474 9.31
      vertex 4.05 49.6081 9.31
      vertex 4.53036 50.7273 9.31
    endloop
  endfacet
  facet normal 0 0 -1
    outer loop
      vertex 3.79985 49.7753 9.31
      vertex 4.53036 50.7273 9.31
      vertex 4.05 49.6081 9.31
    endloop
  endfacet
  facet normal -0 0 -1
    outer loop
      vertex 4.53036 50.7273 9.31
      vertex 3.79985 49.7753 9.31
      vertex 4.42218 50.8222 9.31
    endloop
  endfacet
  facet normal 0 0 -1
    outer loop
      vertex 3.57366 49.9737 9.31
      vertex 4.42218 50.8222 9.31
      vertex 3.79985 49.7753 9.31
    endloop
  endfacet
  facet normal -0 0 -1
    outer loop
      vertex 4.42218 50.8222 9.31
      vertex 3.57366 49.9737 9.31
      vertex 4.32731 50.9304 9.31
    endloop
  endfacet
  facet normal 0 0 -1
    outer loop
      vertex 3.37529 50.1998 9.31
      vertex 4.32731 50.9304 9.31
      vertex 3.57366 49.9737 9.31
    endloop
  endfacet
  facet normal 0 0 -1
    outer loop
      vertex 3.20814 50.45 9.31
      vertex 4.24737 51.05 9.31
      vertex 3.37529 50.1998 9.31
    endloop
  endfacet
  facet normal -0 0 -1
    outer loop
      vertex 4.32731 50.9304 9.31
      vertex 3.37529 50.1998 9.31
      vertex 4.24737 51.05 9.31
    endloop
  endfacet
  facet normal -0 0 -1
    outer loop
      vertex 7.19186 52.75 9.31
      vertex 6.15263 52.15 9.31
      vertex 7.02471 53.0002 9.31
    endloop
  endfacet
  facet normal 0 0 -1
    outer loop
      vertex 6.07269 52.2696 9.31
      vertex 7.02471 53.0002 9.31
      vertex 6.15263 52.15 9.31
    endloop
  endfacet
  facet normal -0 0 -1
    outer loop
      vertex 7.02471 53.0002 9.31
      vertex 6.07269 52.2696 9.31
      vertex 6.82634 53.2263 9.31
    endloop
  endfacet
  facet normal 0 0 -1
    outer loop
      vertex 5.97782 52.3778 9.31
      vertex 6.82634 53.2263 9.31
      vertex 6.07269 52.2696 9.31
    endloop
  endfacet
  facet normal -0 0 -1
    outer loop
      vertex 6.82634 53.2263 9.31
      vertex 5.97782 52.3778 9.31
      vertex 6.60015 53.4247 9.31
    endloop
  endfacet
  facet normal 0 0 -1
    outer loop
      vertex 5.86964 52.4727 9.31
      vertex 6.60015 53.4247 9.31
      vertex 5.97782 52.3778 9.31
    endloop
  endfacet
  facet normal -0 0 -1
    outer loop
      vertex 6.60015 53.4247 9.31
      vertex 5.86964 52.4727 9.31
      vertex 6.35 53.5919 9.31
    endloop
  endfacet
  facet normal 0 0 -1
    outer loop
      vertex 5.75 52.5526 9.31
      vertex 6.35 53.5919 9.31
      vertex 5.86964 52.4727 9.31
    endloop
  endfacet
  facet normal -0 0 -1
    outer loop
      vertex 6.35 53.5919 9.31
      vertex 5.75 52.5526 9.31
      vertex 6.08017 53.7249 9.31
    endloop
  endfacet
  facet normal 0 0 -1
    outer loop
      vertex 5.62095 52.6163 9.31
      vertex 6.08017 53.7249 9.31
      vertex 5.75 52.5526 9.31
    endloop
  endfacet
  facet normal -0 0 -1
    outer loop
      vertex 6.08017 53.7249 9.31
      vertex 5.62095 52.6163 9.31
      vertex 5.79528 53.8216 9.31
    endloop
  endfacet
  facet normal 0 0 -1
    outer loop
      vertex 5.4847 52.6625 9.31
      vertex 5.79528 53.8216 9.31
      vertex 5.62095 52.6163 9.31
    endloop
  endfacet
  facet normal -0 0 -1
    outer loop
      vertex 5.79528 53.8216 9.31
      vertex 5.4847 52.6625 9.31
      vertex 5.50021 53.8803 9.31
    endloop
  endfacet
  facet normal 0 0 -1
    outer loop
      vertex 5.34358 52.6906 9.31
      vertex 5.50021 53.8803 9.31
      vertex 5.4847 52.6625 9.31
    endloop
  endfacet
  facet normal 0 0 -1
    outer loop
      vertex 5.2 52.7 9.31
      vertex 5.50021 53.8803 9.31
      vertex 5.34358 52.6906 9.31
    endloop
  endfacet
  facet normal 0 0 -1
    outer loop
      vertex 5.2 52.7 9.31
      vertex 5.2 53.9 9.31
      vertex 5.50021 53.8803 9.31
    endloop
  endfacet
  facet normal 0 0 -1
    outer loop
      vertex 5.05642 52.6906 9.31
      vertex 5.2 53.9 9.31
      vertex 5.2 52.7 9.31
    endloop
  endfacet
  facet normal 0 0 -1
    outer loop
      vertex 4.89979 53.8803 9.31
      vertex 5.05642 52.6906 9.31
      vertex 4.9153 52.6625 9.31
    endloop
  endfacet
  facet normal 0 0 -1
    outer loop
      vertex 5.05642 52.6906 9.31
      vertex 4.89979 53.8803 9.31
      vertex 5.2 53.9 9.31
    endloop
  endfacet
  facet normal 0 0 -1
    outer loop
      vertex 4.60472 53.8216 9.31
      vertex 4.9153 52.6625 9.31
      vertex 4.77905 52.6163 9.31
    endloop
  endfacet
  facet normal 0 0 -1
    outer loop
      vertex 4.31983 53.7249 9.31
      vertex 4.77905 52.6163 9.31
      vertex 4.65 52.5526 9.31
    endloop
  endfacet
  facet normal 0 0 -1
    outer loop
      vertex 4.9153 52.6625 9.31
      vertex 4.60472 53.8216 9.31
      vertex 4.89979 53.8803 9.31
    endloop
  endfacet
  facet normal 0 0 -1
    outer loop
      vertex 4.05 53.5919 9.31
      vertex 4.65 52.5526 9.31
      vertex 4.53036 52.4727 9.31
    endloop
  endfacet
  facet normal 0 0 -1
    outer loop
      vertex 3.79985 53.4247 9.31
      vertex 4.53036 52.4727 9.31
      vertex 4.42218 52.3778 9.31
    endloop
  endfacet
  facet normal 0 0 -1
    outer loop
      vertex 3.57366 53.2263 9.31
      vertex 4.42218 52.3778 9.31
      vertex 4.32731 52.2696 9.31
    endloop
  endfacet
  facet normal 0 0 -1
    outer loop
      vertex 4.77905 52.6163 9.31
      vertex 4.31983 53.7249 9.31
      vertex 4.60472 53.8216 9.31
    endloop
  endfacet
  facet normal 0 0 -1
    outer loop
      vertex 3.37529 53.0002 9.31
      vertex 4.32731 52.2696 9.31
      vertex 4.24737 52.15 9.31
    endloop
  endfacet
  facet normal 0 0 -1
    outer loop
      vertex 3.20814 52.75 9.31
      vertex 4.24737 52.15 9.31
      vertex 4.18373 52.021 9.31
    endloop
  endfacet
  facet normal 0 0 -1
    outer loop
      vertex 3.07508 52.4802 9.31
      vertex 4.18373 52.021 9.31
      vertex 4.13748 51.8847 9.31
    endloop
  endfacet
  facet normal 0 0 -1
    outer loop
      vertex 2.97837 52.1953 9.31
      vertex 4.13748 51.8847 9.31
      vertex 4.10941 51.7436 9.31
    endloop
  endfacet
  facet normal 0 0 -1
    outer loop
      vertex 4.65 52.5526 9.31
      vertex 4.05 53.5919 9.31
      vertex 4.31983 53.7249 9.31
    endloop
  endfacet
  facet normal 0 0 -1
    outer loop
      vertex 2.91968 51.9002 9.31
      vertex 4.10941 51.7436 9.31
      vertex 4.1 51.6 9.31
    endloop
  endfacet
  facet normal -0 0 -1
    outer loop
      vertex 4.24737 51.05 9.31
      vertex 3.20814 50.45 9.31
      vertex 4.18373 51.1791 9.31
    endloop
  endfacet
  facet normal 0 0 -1
    outer loop
      vertex 3.07508 50.7198 9.31
      vertex 4.18373 51.1791 9.31
      vertex 3.20814 50.45 9.31
    endloop
  endfacet
  facet normal 0 0 -1
    outer loop
      vertex 4.53036 52.4727 9.31
      vertex 3.79985 53.4247 9.31
      vertex 4.05 53.5919 9.31
    endloop
  endfacet
  facet normal -0 0 -1
    outer loop
      vertex 4.18373 51.1791 9.31
      vertex 3.07508 50.7198 9.31
      vertex 4.13748 51.3153 9.31
    endloop
  endfacet
  facet normal 0 0 -1
    outer loop
      vertex 4.42218 52.3778 9.31
      vertex 3.57366 53.2263 9.31
      vertex 3.79985 53.4247 9.31
    endloop
  endfacet
  facet normal 0 0 -1
    outer loop
      vertex 2.97837 51.0047 9.31
      vertex 4.13748 51.3153 9.31
      vertex 3.07508 50.7198 9.31
    endloop
  endfacet
  facet normal 0 0 -1
    outer loop
      vertex 4.32731 52.2696 9.31
      vertex 3.37529 53.0002 9.31
      vertex 3.57366 53.2263 9.31
    endloop
  endfacet
  facet normal -0 0 -1
    outer loop
      vertex 4.13748 51.3153 9.31
      vertex 2.97837 51.0047 9.31
      vertex 4.10941 51.4564 9.31
    endloop
  endfacet
  facet normal 0 0 -1
    outer loop
      vertex 4.24737 52.15 9.31
      vertex 3.20814 52.75 9.31
      vertex 3.37529 53.0002 9.31
    endloop
  endfacet
  facet normal 0 0 -1
    outer loop
      vertex 2.91968 51.2998 9.31
      vertex 4.10941 51.4564 9.31
      vertex 2.97837 51.0047 9.31
    endloop
  endfacet
  facet normal 0 0 -1
    outer loop
      vertex 4.18373 52.021 9.31
      vertex 3.07508 52.4802 9.31
      vertex 3.20814 52.75 9.31
    endloop
  endfacet
  facet normal -0 0 -1
    outer loop
      vertex 4.10941 51.4564 9.31
      vertex 2.91968 51.2998 9.31
      vertex 4.1 51.6 9.31
    endloop
  endfacet
  facet normal 0 0 -1
    outer loop
      vertex 4.13748 51.8847 9.31
      vertex 2.97837 52.1953 9.31
      vertex 3.07508 52.4802 9.31
    endloop
  endfacet
  facet normal 0 0 -1
    outer loop
      vertex 2.9 51.6 9.31
      vertex 4.1 51.6 9.31
      vertex 2.91968 51.2998 9.31
    endloop
  endfacet
  facet normal 0 0 -1
    outer loop
      vertex 4.10941 51.7436 9.31
      vertex 2.91968 51.9002 9.31
      vertex 2.97837 52.1953 9.31
    endloop
  endfacet
  facet normal 0 0 -1
    outer loop
      vertex 4.1 51.6 9.31
      vertex 2.9 51.6 9.31
      vertex 2.91968 51.9002 9.31
    endloop
  endfacet
  facet normal 0.555697 -0.831385 0
    outer loop
      vertex 3.79985 53.4247 0
      vertex 4.05 53.5919 9.31
      vertex 3.79985 53.4247 9.31
    endloop
  endfacet
  facet normal 0.555697 -0.831385 0
    outer loop
      vertex 4.05 53.5919 9.31
      vertex 3.79985 53.4247 0
      vertex 4.05 53.5919 0
    endloop
  endfacet
  facet normal 0.321418 -0.946937 0
    outer loop
      vertex 4.31983 53.7249 0
      vertex 4.60472 53.8216 9.31
      vertex 4.31983 53.7249 9.31
    endloop
  endfacet
  facet normal 0.321418 -0.946937 0
    outer loop
      vertex 4.60472 53.8216 9.31
      vertex 4.31983 53.7249 0
      vertex 4.60472 53.8216 0
    endloop
  endfacet
  facet normal -0.195112 0.980781 0
    outer loop
      vertex 5.79528 49.3784 0
      vertex 5.50021 49.3197 9.31
      vertex 5.79528 49.3784 9.31
    endloop
  endfacet
  facet normal -0.195112 0.980781 0
    outer loop
      vertex 5.50021 49.3197 9.31
      vertex 5.79528 49.3784 0
      vertex 5.50021 49.3197 0
    endloop
  endfacet
  facet normal -0.946931 -0.321438 0
    outer loop
      vertex 7.42163 52.1953 0
      vertex 7.32492 52.4802 9.31
      vertex 7.32492 52.4802 0
    endloop
  endfacet
  facet normal -0.946931 -0.321438 0
    outer loop
      vertex 7.32492 52.4802 9.31
      vertex 7.42163 52.1953 0
      vertex 7.42163 52.1953 9.31
    endloop
  endfacet
  facet normal -0.980791 -0.195061 0
    outer loop
      vertex 7.48032 51.9002 0
      vertex 7.42163 52.1953 9.31
      vertex 7.42163 52.1953 0
    endloop
  endfacet
  facet normal -0.980791 -0.195061 0
    outer loop
      vertex 7.42163 52.1953 9.31
      vertex 7.48032 51.9002 0
      vertex 7.48032 51.9002 9.31
    endloop
  endfacet
  facet normal -0.751699 -0.659507 0
    outer loop
      vertex 7.02471 53.0002 0
      vertex 6.82634 53.2263 9.31
      vertex 6.82634 53.2263 0
    endloop
  endfacet
  facet normal -0.751699 -0.659507 0
    outer loop
      vertex 6.82634 53.2263 9.31
      vertex 7.02471 53.0002 0
      vertex 7.02471 53.0002 9.31
    endloop
  endfacet
  facet normal -0.0654799 -0.997854 0
    outer loop
      vertex 5.2 53.9 0
      vertex 5.50021 53.8803 9.31
      vertex 5.2 53.9 9.31
    endloop
  endfacet
  facet normal -0.0654799 -0.997854 -0
    outer loop
      vertex 5.50021 53.8803 9.31
      vertex 5.2 53.9 0
      vertex 5.50021 53.8803 0
    endloop
  endfacet
  facet normal -0.555697 -0.831385 0
    outer loop
      vertex 6.35 53.5919 0
      vertex 6.60015 53.4247 9.31
      vertex 6.35 53.5919 9.31
    endloop
  endfacet
  facet normal -0.555697 -0.831385 -0
    outer loop
      vertex 6.60015 53.4247 9.31
      vertex 6.35 53.5919 0
      vertex 6.60015 53.4247 0
    endloop
  endfacet
  facet normal 0.980791 -0.195061 0
    outer loop
      vertex 2.91968 51.9002 9.31
      vertex 2.97837 52.1953 0
      vertex 2.97837 52.1953 9.31
    endloop
  endfacet
  facet normal 0.980791 -0.195061 0
    outer loop
      vertex 2.97837 52.1953 0
      vertex 2.91968 51.9002 9.31
      vertex 2.91968 51.9002 0
    endloop
  endfacet
  facet normal 0.195112 -0.980781 0
    outer loop
      vertex 4.60472 53.8216 0
      vertex 4.89979 53.8803 9.31
      vertex 4.60472 53.8216 9.31
    endloop
  endfacet
  facet normal 0.195112 -0.980781 0
    outer loop
      vertex 4.89979 53.8803 9.31
      vertex 4.60472 53.8216 0
      vertex 4.89979 53.8803 0
    endloop
  endfacet
  facet normal -0.997858 0.0654159 0
    outer loop
      vertex 7.48032 51.2998 0
      vertex 7.5 51.6 9.31
      vertex 7.5 51.6 0
    endloop
  endfacet
  facet normal -0.997858 0.0654159 0
    outer loop
      vertex 7.5 51.6 9.31
      vertex 7.48032 51.2998 0
      vertex 7.48032 51.2998 9.31
    endloop
  endfacet
  facet normal -0.946931 0.321438 0
    outer loop
      vertex 7.32492 50.7198 0
      vertex 7.42163 51.0047 9.31
      vertex 7.42163 51.0047 0
    endloop
  endfacet
  facet normal -0.946931 0.321438 0
    outer loop
      vertex 7.42163 51.0047 9.31
      vertex 7.32492 50.7198 0
      vertex 7.32492 50.7198 9.31
    endloop
  endfacet
  facet normal -0.980791 0.195061 0
    outer loop
      vertex 7.42163 51.0047 0
      vertex 7.48032 51.2998 9.31
      vertex 7.48032 51.2998 0
    endloop
  endfacet
  facet normal -0.980791 0.195061 0
    outer loop
      vertex 7.48032 51.2998 9.31
      vertex 7.42163 51.0047 0
      vertex 7.42163 51.0047 9.31
    endloop
  endfacet
  facet normal -0.555697 0.831385 0
    outer loop
      vertex 6.60015 49.7753 0
      vertex 6.35 49.6081 9.31
      vertex 6.60015 49.7753 9.31
    endloop
  endfacet
  facet normal -0.555697 0.831385 0
    outer loop
      vertex 6.35 49.6081 9.31
      vertex 6.60015 49.7753 0
      vertex 6.35 49.6081 0
    endloop
  endfacet
  facet normal -0.442114 0.896959 0
    outer loop
      vertex 6.35 49.6081 0
      vertex 6.08017 49.4751 9.31
      vertex 6.35 49.6081 9.31
    endloop
  endfacet
  facet normal -0.442114 0.896959 0
    outer loop
      vertex 6.08017 49.4751 9.31
      vertex 6.35 49.6081 0
      vertex 6.08017 49.4751 0
    endloop
  endfacet
  facet normal 0.946931 -0.321438 0
    outer loop
      vertex 2.97837 52.1953 9.31
      vertex 3.07508 52.4802 0
      vertex 3.07508 52.4802 9.31
    endloop
  endfacet
  facet normal 0.946931 -0.321438 0
    outer loop
      vertex 3.07508 52.4802 0
      vertex 2.97837 52.1953 9.31
      vertex 2.97837 52.1953 0
    endloop
  endfacet
  facet normal 0.659415 -0.751779 0
    outer loop
      vertex 3.57366 53.2263 0
      vertex 3.79985 53.4247 9.31
      vertex 3.57366 53.2263 9.31
    endloop
  endfacet
  facet normal 0.659415 -0.751779 0
    outer loop
      vertex 3.79985 53.4247 9.31
      vertex 3.57366 53.2263 0
      vertex 3.79985 53.4247 0
    endloop
  endfacet
  facet normal 0.321418 0.946937 -0
    outer loop
      vertex 4.60472 49.3784 0
      vertex 4.31983 49.4751 9.31
      vertex 4.60472 49.3784 9.31
    endloop
  endfacet
  facet normal 0.321418 0.946937 0
    outer loop
      vertex 4.31983 49.4751 9.31
      vertex 4.60472 49.3784 0
      vertex 4.31983 49.4751 0
    endloop
  endfacet
  facet normal 0.751699 0.659507 0
    outer loop
      vertex 3.57366 49.9737 9.31
      vertex 3.37529 50.1998 0
      vertex 3.37529 50.1998 9.31
    endloop
  endfacet
  facet normal 0.751699 0.659507 0
    outer loop
      vertex 3.37529 50.1998 0
      vertex 3.57366 49.9737 9.31
      vertex 3.57366 49.9737 0
    endloop
  endfacet
  facet normal 0.997858 0.0654159 0
    outer loop
      vertex 2.91968 51.2998 9.31
      vertex 2.9 51.6 0
      vertex 2.9 51.6 9.31
    endloop
  endfacet
  facet normal 0.997858 0.0654159 0
    outer loop
      vertex 2.9 51.6 0
      vertex 2.91968 51.2998 9.31
      vertex 2.91968 51.2998 0
    endloop
  endfacet
  facet normal 0.980791 0.195061 0
    outer loop
      vertex 2.97837 51.0047 9.31
      vertex 2.91968 51.2998 0
      vertex 2.91968 51.2998 9.31
    endloop
  endfacet
  facet normal 0.980791 0.195061 0
    outer loop
      vertex 2.91968 51.2998 0
      vertex 2.97837 51.0047 9.31
      vertex 2.97837 51.0047 0
    endloop
  endfacet
  facet normal 0.946931 0.321438 0
    outer loop
      vertex 3.07508 50.7198 9.31
      vertex 2.97837 51.0047 0
      vertex 2.97837 51.0047 9.31
    endloop
  endfacet
  facet normal 0.946931 0.321438 0
    outer loop
      vertex 2.97837 51.0047 0
      vertex 3.07508 50.7198 9.31
      vertex 3.07508 50.7198 0
    endloop
  endfacet
  facet normal -0.659415 0.751779 0
    outer loop
      vertex 6.82634 49.9737 0
      vertex 6.60015 49.7753 9.31
      vertex 6.82634 49.9737 9.31
    endloop
  endfacet
  facet normal -0.659415 0.751779 0
    outer loop
      vertex 6.60015 49.7753 9.31
      vertex 6.82634 49.9737 0
      vertex 6.60015 49.7753 0
    endloop
  endfacet
  facet normal -0.321418 0.946937 0
    outer loop
      vertex 6.08017 49.4751 0
      vertex 5.79528 49.3784 9.31
      vertex 6.08017 49.4751 9.31
    endloop
  endfacet
  facet normal -0.321418 0.946937 0
    outer loop
      vertex 5.79528 49.3784 9.31
      vertex 6.08017 49.4751 0
      vertex 5.79528 49.3784 0
    endloop
  endfacet
  facet normal -0.89686 0.442314 0
    outer loop
      vertex 7.19186 50.45 0
      vertex 7.32492 50.7198 9.31
      vertex 7.32492 50.7198 0
    endloop
  endfacet
  facet normal -0.89686 0.442314 0
    outer loop
      vertex 7.32492 50.7198 9.31
      vertex 7.19186 50.45 0
      vertex 7.19186 50.45 9.31
    endloop
  endfacet
  facet normal -0.831513 0.555505 0
    outer loop
      vertex 7.02471 50.1998 0
      vertex 7.19186 50.45 9.31
      vertex 7.19186 50.45 0
    endloop
  endfacet
  facet normal -0.831513 0.555505 0
    outer loop
      vertex 7.19186 50.45 9.31
      vertex 7.02471 50.1998 0
      vertex 7.02471 50.1998 9.31
    endloop
  endfacet
  facet normal 0.0654799 0.997854 -0
    outer loop
      vertex 5.2 49.3 0
      vertex 4.89979 49.3197 9.31
      vertex 5.2 49.3 9.31
    endloop
  endfacet
  facet normal 0.0654799 0.997854 0
    outer loop
      vertex 4.89979 49.3197 9.31
      vertex 5.2 49.3 0
      vertex 4.89979 49.3197 0
    endloop
  endfacet
  facet normal 0.555697 0.831385 -0
    outer loop
      vertex 4.05 49.6081 0
      vertex 3.79985 49.7753 9.31
      vertex 4.05 49.6081 9.31
    endloop
  endfacet
  facet normal 0.555697 0.831385 0
    outer loop
      vertex 3.79985 49.7753 9.31
      vertex 4.05 49.6081 0
      vertex 3.79985 49.7753 0
    endloop
  endfacet
  facet normal 0.195112 0.980781 -0
    outer loop
      vertex 4.89979 49.3197 0
      vertex 4.60472 49.3784 9.31
      vertex 4.89979 49.3197 9.31
    endloop
  endfacet
  facet normal 0.195112 0.980781 0
    outer loop
      vertex 4.60472 49.3784 9.31
      vertex 4.89979 49.3197 0
      vertex 4.60472 49.3784 0
    endloop
  endfacet
  facet normal 0.659415 0.751779 -0
    outer loop
      vertex 3.79985 49.7753 0
      vertex 3.57366 49.9737 9.31
      vertex 3.79985 49.7753 9.31
    endloop
  endfacet
  facet normal 0.659415 0.751779 0
    outer loop
      vertex 3.57366 49.9737 9.31
      vertex 3.79985 49.7753 0
      vertex 3.57366 49.9737 0
    endloop
  endfacet
  facet normal 0.831513 0.555505 0
    outer loop
      vertex 3.37529 50.1998 9.31
      vertex 3.20814 50.45 0
      vertex 3.20814 50.45 9.31
    endloop
  endfacet
  facet normal 0.831513 0.555505 0
    outer loop
      vertex 3.20814 50.45 0
      vertex 3.37529 50.1998 9.31
      vertex 3.37529 50.1998 0
    endloop
  endfacet
  facet normal 0.89686 0.442314 0
    outer loop
      vertex 3.20814 50.45 9.31
      vertex 3.07508 50.7198 0
      vertex 3.07508 50.7198 9.31
    endloop
  endfacet
  facet normal 0.89686 0.442314 0
    outer loop
      vertex 3.07508 50.7198 0
      vertex 3.20814 50.45 9.31
      vertex 3.20814 50.45 0
    endloop
  endfacet
  facet normal -0.751699 0.659507 0
    outer loop
      vertex 6.82634 49.9737 0
      vertex 7.02471 50.1998 9.31
      vertex 7.02471 50.1998 0
    endloop
  endfacet
  facet normal -0.751699 0.659507 0
    outer loop
      vertex 7.02471 50.1998 9.31
      vertex 6.82634 49.9737 0
      vertex 6.82634 49.9737 9.31
    endloop
  endfacet
  facet normal 0.442114 0.896959 -0
    outer loop
      vertex 4.31983 49.4751 0
      vertex 4.05 49.6081 9.31
      vertex 4.31983 49.4751 9.31
    endloop
  endfacet
  facet normal 0.442114 0.896959 0
    outer loop
      vertex 4.05 49.6081 9.31
      vertex 4.31983 49.4751 0
      vertex 4.05 49.6081 0
    endloop
  endfacet
  facet normal -0.997864 -0.0653198 0
    outer loop
      vertex 76.7 51.6 9.31
      vertex 76.6906 51.7436 11.8
      vertex 76.6906 51.7436 9.31
    endloop
  endfacet
  facet normal -0.997864 -0.0653198 0
    outer loop
      vertex 76.6906 51.7436 11.8
      vertex 76.7 51.6 9.31
      vertex 76.7 51.6 11.8
    endloop
  endfacet
  facet normal 0.997864 -0.0653198 0
    outer loop
      vertex 74.5 51.6 11.8
      vertex 74.5094 51.7436 9.31
      vertex 74.5094 51.7436 11.8
    endloop
  endfacet
  facet normal 0.997864 -0.0653198 0
    outer loop
      vertex 74.5094 51.7436 9.31
      vertex 74.5 51.6 11.8
      vertex 74.5 51.6 9.31
    endloop
  endfacet
  facet normal -0.0653198 -0.997864 0
    outer loop
      vertex 75.6 52.7 9.31
      vertex 75.7436 52.6906 11.8
      vertex 75.6 52.7 11.8
    endloop
  endfacet
  facet normal -0.0653198 -0.997864 -0
    outer loop
      vertex 75.7436 52.6906 11.8
      vertex 75.6 52.7 9.31
      vertex 75.7436 52.6906 9.31
    endloop
  endfacet
  facet normal -0.65939 -0.751801 0
    outer loop
      vertex 76.2696 52.4727 9.31
      vertex 76.3778 52.3778 11.8
      vertex 76.2696 52.4727 11.8
    endloop
  endfacet
  facet normal -0.65939 -0.751801 -0
    outer loop
      vertex 76.3778 52.3778 11.8
      vertex 76.2696 52.4727 9.31
      vertex 76.3778 52.3778 9.31
    endloop
  endfacet
  facet normal 0.65939 -0.751801 0
    outer loop
      vertex 74.8222 52.3778 9.31
      vertex 74.9304 52.4727 11.8
      vertex 74.8222 52.3778 11.8
    endloop
  endfacet
  facet normal 0.65939 -0.751801 0
    outer loop
      vertex 74.9304 52.4727 11.8
      vertex 74.8222 52.3778 9.31
      vertex 74.9304 52.4727 9.31
    endloop
  endfacet
  facet normal 0.321018 -0.947073 0
    outer loop
      vertex 75.179 52.6163 9.31
      vertex 75.3153 52.6625 11.8
      vertex 75.179 52.6163 11.8
    endloop
  endfacet
  facet normal 0.321018 -0.947073 0
    outer loop
      vertex 75.3153 52.6625 11.8
      vertex 75.179 52.6163 9.31
      vertex 75.3153 52.6625 9.31
    endloop
  endfacet
  facet normal -0.831515 0.555502 0
    outer loop
      vertex 76.4727 50.9304 9.31
      vertex 76.5526 51.05 11.8
      vertex 76.5526 51.05 9.31
    endloop
  endfacet
  facet normal -0.831515 0.555502 0
    outer loop
      vertex 76.5526 51.05 11.8
      vertex 76.4727 50.9304 9.31
      vertex 76.4727 50.9304 11.8
    endloop
  endfacet
  facet normal -0.89664 -0.44276 0
    outer loop
      vertex 76.6163 52.021 9.31
      vertex 76.5526 52.15 11.8
      vertex 76.5526 52.15 9.31
    endloop
  endfacet
  facet normal -0.89664 -0.44276 0
    outer loop
      vertex 76.5526 52.15 11.8
      vertex 76.6163 52.021 9.31
      vertex 76.6163 52.021 11.8
    endloop
  endfacet
  facet normal -0.980741 -0.195314 0
    outer loop
      vertex 76.6906 51.7436 9.31
      vertex 76.6625 51.8847 11.8
      vertex 76.6625 51.8847 9.31
    endloop
  endfacet
  facet normal -0.980741 -0.195314 0
    outer loop
      vertex 76.6625 51.8847 11.8
      vertex 76.6906 51.7436 9.31
      vertex 76.6906 51.7436 11.8
    endloop
  endfacet
  facet normal -0.831515 -0.555502 0
    outer loop
      vertex 76.5526 52.15 9.31
      vertex 76.4727 52.2696 11.8
      vertex 76.4727 52.2696 9.31
    endloop
  endfacet
  facet normal -0.831515 -0.555502 0
    outer loop
      vertex 76.4727 52.2696 11.8
      vertex 76.5526 52.15 9.31
      vertex 76.5526 52.15 11.8
    endloop
  endfacet
  facet normal -0.321018 -0.947073 0
    outer loop
      vertex 75.8847 52.6625 9.31
      vertex 76.021 52.6163 11.8
      vertex 75.8847 52.6625 11.8
    endloop
  endfacet
  facet normal -0.321018 -0.947073 -0
    outer loop
      vertex 76.021 52.6163 11.8
      vertex 75.8847 52.6625 9.31
      vertex 76.021 52.6163 9.31
    endloop
  endfacet
  facet normal -0.195314 -0.980741 0
    outer loop
      vertex 75.7436 52.6906 9.31
      vertex 75.8847 52.6625 11.8
      vertex 75.7436 52.6906 11.8
    endloop
  endfacet
  facet normal -0.195314 -0.980741 -0
    outer loop
      vertex 75.8847 52.6625 11.8
      vertex 75.7436 52.6906 9.31
      vertex 75.8847 52.6625 9.31
    endloop
  endfacet
  facet normal -0.555502 -0.831515 0
    outer loop
      vertex 76.15 52.5526 9.31
      vertex 76.2696 52.4727 11.8
      vertex 76.15 52.5526 11.8
    endloop
  endfacet
  facet normal -0.555502 -0.831515 -0
    outer loop
      vertex 76.2696 52.4727 11.8
      vertex 76.15 52.5526 9.31
      vertex 76.2696 52.4727 9.31
    endloop
  endfacet
  facet normal 0.831515 -0.555502 0
    outer loop
      vertex 74.6474 52.15 11.8
      vertex 74.7273 52.2696 9.31
      vertex 74.7273 52.2696 11.8
    endloop
  endfacet
  facet normal 0.831515 -0.555502 0
    outer loop
      vertex 74.7273 52.2696 9.31
      vertex 74.6474 52.15 11.8
      vertex 74.6474 52.15 9.31
    endloop
  endfacet
  facet normal 0.751801 -0.65939 0
    outer loop
      vertex 74.7273 52.2696 11.8
      vertex 74.8222 52.3778 9.31
      vertex 74.8222 52.3778 11.8
    endloop
  endfacet
  facet normal 0.751801 -0.65939 0
    outer loop
      vertex 74.8222 52.3778 9.31
      vertex 74.7273 52.2696 11.8
      vertex 74.7273 52.2696 9.31
    endloop
  endfacet
  facet normal 0.947073 -0.321018 0
    outer loop
      vertex 74.5375 51.8847 11.8
      vertex 74.5837 52.021 9.31
      vertex 74.5837 52.021 11.8
    endloop
  endfacet
  facet normal 0.947073 -0.321018 0
    outer loop
      vertex 74.5837 52.021 9.31
      vertex 74.5375 51.8847 11.8
      vertex 74.5375 51.8847 9.31
    endloop
  endfacet
  facet normal 0.555502 -0.831515 0
    outer loop
      vertex 74.9304 52.4727 9.31
      vertex 75.05 52.5526 11.8
      vertex 74.9304 52.4727 11.8
    endloop
  endfacet
  facet normal 0.555502 -0.831515 0
    outer loop
      vertex 75.05 52.5526 11.8
      vertex 74.9304 52.4727 9.31
      vertex 75.05 52.5526 9.31
    endloop
  endfacet
  facet normal 0.195314 -0.980741 0
    outer loop
      vertex 75.3153 52.6625 9.31
      vertex 75.4564 52.6906 11.8
      vertex 75.3153 52.6625 11.8
    endloop
  endfacet
  facet normal 0.195314 -0.980741 0
    outer loop
      vertex 75.4564 52.6906 11.8
      vertex 75.3153 52.6625 9.31
      vertex 75.4564 52.6906 9.31
    endloop
  endfacet
  facet normal -0.947001 0.32123 0
    outer loop
      vertex 76.6163 51.1791 9.31
      vertex 76.6625 51.3153 11.8
      vertex 76.6625 51.3153 9.31
    endloop
  endfacet
  facet normal -0.947001 0.32123 0
    outer loop
      vertex 76.6625 51.3153 11.8
      vertex 76.6163 51.1791 9.31
      vertex 76.6163 51.1791 11.8
    endloop
  endfacet
  facet normal -0.321018 0.947073 0
    outer loop
      vertex 76.021 50.5837 9.31
      vertex 75.8847 50.5375 11.8
      vertex 76.021 50.5837 11.8
    endloop
  endfacet
  facet normal -0.321018 0.947073 0
    outer loop
      vertex 75.8847 50.5375 11.8
      vertex 76.021 50.5837 9.31
      vertex 75.8847 50.5375 9.31
    endloop
  endfacet
  facet normal -0.751801 0.65939 0
    outer loop
      vertex 76.3778 50.8222 9.31
      vertex 76.4727 50.9304 11.8
      vertex 76.4727 50.9304 9.31
    endloop
  endfacet
  facet normal -0.751801 0.65939 0
    outer loop
      vertex 76.4727 50.9304 11.8
      vertex 76.3778 50.8222 9.31
      vertex 76.3778 50.8222 11.8
    endloop
  endfacet
  facet normal -0.555502 0.831515 0
    outer loop
      vertex 76.2696 50.7273 9.31
      vertex 76.15 50.6474 11.8
      vertex 76.2696 50.7273 11.8
    endloop
  endfacet
  facet normal -0.555502 0.831515 0
    outer loop
      vertex 76.15 50.6474 11.8
      vertex 76.2696 50.7273 9.31
      vertex 76.15 50.6474 9.31
    endloop
  endfacet
  facet normal 0.65939 0.751801 -0
    outer loop
      vertex 74.9304 50.7273 9.31
      vertex 74.8222 50.8222 11.8
      vertex 74.9304 50.7273 11.8
    endloop
  endfacet
  facet normal 0.65939 0.751801 0
    outer loop
      vertex 74.8222 50.8222 11.8
      vertex 74.9304 50.7273 9.31
      vertex 74.8222 50.8222 9.31
    endloop
  endfacet
  facet normal 0.321018 0.947073 -0
    outer loop
      vertex 75.3153 50.5375 9.31
      vertex 75.179 50.5837 11.8
      vertex 75.3153 50.5375 11.8
    endloop
  endfacet
  facet normal 0.321018 0.947073 0
    outer loop
      vertex 75.179 50.5837 11.8
      vertex 75.3153 50.5375 9.31
      vertex 75.179 50.5837 9.31
    endloop
  endfacet
  facet normal 0.751801 0.65939 0
    outer loop
      vertex 74.8222 50.8222 11.8
      vertex 74.7273 50.9304 9.31
      vertex 74.7273 50.9304 11.8
    endloop
  endfacet
  facet normal 0.751801 0.65939 0
    outer loop
      vertex 74.7273 50.9304 9.31
      vertex 74.8222 50.8222 11.8
      vertex 74.8222 50.8222 9.31
    endloop
  endfacet
  facet normal -0.947073 -0.321018 0
    outer loop
      vertex 76.6625 51.8847 9.31
      vertex 76.6163 52.021 11.8
      vertex 76.6163 52.021 9.31
    endloop
  endfacet
  facet normal -0.947073 -0.321018 0
    outer loop
      vertex 76.6163 52.021 11.8
      vertex 76.6625 51.8847 9.31
      vertex 76.6625 51.8847 11.8
    endloop
  endfacet
  facet normal -0.751801 -0.65939 0
    outer loop
      vertex 76.4727 52.2696 9.31
      vertex 76.3778 52.3778 11.8
      vertex 76.3778 52.3778 9.31
    endloop
  endfacet
  facet normal -0.751801 -0.65939 0
    outer loop
      vertex 76.3778 52.3778 11.8
      vertex 76.4727 52.2696 9.31
      vertex 76.4727 52.2696 11.8
    endloop
  endfacet
  facet normal -0.44276 -0.89664 0
    outer loop
      vertex 76.021 52.6163 9.31
      vertex 76.15 52.5526 11.8
      vertex 76.021 52.6163 11.8
    endloop
  endfacet
  facet normal -0.44276 -0.89664 -0
    outer loop
      vertex 76.15 52.5526 11.8
      vertex 76.021 52.6163 9.31
      vertex 76.15 52.5526 9.31
    endloop
  endfacet
  facet normal 0.89664 -0.44276 0
    outer loop
      vertex 74.5837 52.021 11.8
      vertex 74.6474 52.15 9.31
      vertex 74.6474 52.15 11.8
    endloop
  endfacet
  facet normal 0.89664 -0.44276 0
    outer loop
      vertex 74.6474 52.15 9.31
      vertex 74.5837 52.021 11.8
      vertex 74.5837 52.021 9.31
    endloop
  endfacet
  facet normal 0.980741 -0.195314 0
    outer loop
      vertex 74.5094 51.7436 11.8
      vertex 74.5375 51.8847 9.31
      vertex 74.5375 51.8847 11.8
    endloop
  endfacet
  facet normal 0.980741 -0.195314 0
    outer loop
      vertex 74.5375 51.8847 9.31
      vertex 74.5094 51.7436 11.8
      vertex 74.5094 51.7436 9.31
    endloop
  endfacet
  facet normal 0.44276 -0.89664 0
    outer loop
      vertex 75.05 52.5526 9.31
      vertex 75.179 52.6163 11.8
      vertex 75.05 52.5526 11.8
    endloop
  endfacet
  facet normal 0.44276 -0.89664 0
    outer loop
      vertex 75.179 52.6163 11.8
      vertex 75.05 52.5526 9.31
      vertex 75.179 52.6163 9.31
    endloop
  endfacet
  facet normal 0.0653198 -0.997864 0
    outer loop
      vertex 75.4564 52.6906 9.31
      vertex 75.6 52.7 11.8
      vertex 75.4564 52.6906 11.8
    endloop
  endfacet
  facet normal 0.0653198 -0.997864 0
    outer loop
      vertex 75.6 52.7 11.8
      vertex 75.4564 52.6906 9.31
      vertex 75.6 52.7 9.31
    endloop
  endfacet
  facet normal -0.0653198 0.997864 0
    outer loop
      vertex 75.7436 50.5094 9.31
      vertex 75.6 50.5 11.8
      vertex 75.7436 50.5094 11.8
    endloop
  endfacet
  facet normal -0.0653198 0.997864 0
    outer loop
      vertex 75.6 50.5 11.8
      vertex 75.7436 50.5094 9.31
      vertex 75.6 50.5 9.31
    endloop
  endfacet
  facet normal -0.65939 0.751801 0
    outer loop
      vertex 76.3778 50.8222 9.31
      vertex 76.2696 50.7273 11.8
      vertex 76.3778 50.8222 11.8
    endloop
  endfacet
  facet normal -0.65939 0.751801 0
    outer loop
      vertex 76.2696 50.7273 11.8
      vertex 76.3778 50.8222 9.31
      vertex 76.2696 50.7273 9.31
    endloop
  endfacet
  facet normal -0.980741 0.195314 0
    outer loop
      vertex 76.6625 51.3153 9.31
      vertex 76.6906 51.4564 11.8
      vertex 76.6906 51.4564 9.31
    endloop
  endfacet
  facet normal -0.980741 0.195314 0
    outer loop
      vertex 76.6906 51.4564 11.8
      vertex 76.6625 51.3153 9.31
      vertex 76.6625 51.3153 11.8
    endloop
  endfacet
  facet normal 0.555502 0.831515 -0
    outer loop
      vertex 75.05 50.6474 9.31
      vertex 74.9304 50.7273 11.8
      vertex 75.05 50.6474 11.8
    endloop
  endfacet
  facet normal 0.555502 0.831515 0
    outer loop
      vertex 74.9304 50.7273 11.8
      vertex 75.05 50.6474 9.31
      vertex 74.9304 50.7273 9.31
    endloop
  endfacet
  facet normal 0.195314 0.980741 -0
    outer loop
      vertex 75.4564 50.5094 9.31
      vertex 75.3153 50.5375 11.8
      vertex 75.4564 50.5094 11.8
    endloop
  endfacet
  facet normal 0.195314 0.980741 0
    outer loop
      vertex 75.3153 50.5375 11.8
      vertex 75.4564 50.5094 9.31
      vertex 75.3153 50.5375 9.31
    endloop
  endfacet
  facet normal 0.896776 0.442484 0
    outer loop
      vertex 74.6474 51.05 11.8
      vertex 74.5837 51.1791 9.31
      vertex 74.5837 51.1791 11.8
    endloop
  endfacet
  facet normal 0.896776 0.442484 0
    outer loop
      vertex 74.5837 51.1791 9.31
      vertex 74.6474 51.05 11.8
      vertex 74.6474 51.05 9.31
    endloop
  endfacet
  facet normal 0.947001 0.32123 0
    outer loop
      vertex 74.5837 51.1791 11.8
      vertex 74.5375 51.3153 9.31
      vertex 74.5375 51.3153 11.8
    endloop
  endfacet
  facet normal 0.947001 0.32123 0
    outer loop
      vertex 74.5375 51.3153 9.31
      vertex 74.5837 51.1791 11.8
      vertex 74.5837 51.1791 9.31
    endloop
  endfacet
  facet normal 0.997864 0.0653198 0
    outer loop
      vertex 74.5094 51.4564 11.8
      vertex 74.5 51.6 9.31
      vertex 74.5 51.6 11.8
    endloop
  endfacet
  facet normal 0.997864 0.0653198 0
    outer loop
      vertex 74.5 51.6 9.31
      vertex 74.5094 51.4564 11.8
      vertex 74.5094 51.4564 9.31
    endloop
  endfacet
  facet normal -0.195314 0.980741 0
    outer loop
      vertex 75.8847 50.5375 9.31
      vertex 75.7436 50.5094 11.8
      vertex 75.8847 50.5375 11.8
    endloop
  endfacet
  facet normal -0.195314 0.980741 0
    outer loop
      vertex 75.7436 50.5094 11.8
      vertex 75.8847 50.5375 9.31
      vertex 75.7436 50.5094 9.31
    endloop
  endfacet
  facet normal -0.44276 0.89664 0
    outer loop
      vertex 76.15 50.6474 9.31
      vertex 76.021 50.5837 11.8
      vertex 76.15 50.6474 11.8
    endloop
  endfacet
  facet normal -0.44276 0.89664 0
    outer loop
      vertex 76.021 50.5837 11.8
      vertex 76.15 50.6474 9.31
      vertex 76.021 50.5837 9.31
    endloop
  endfacet
  facet normal -0.896776 0.442484 0
    outer loop
      vertex 76.5526 51.05 9.31
      vertex 76.6163 51.1791 11.8
      vertex 76.6163 51.1791 9.31
    endloop
  endfacet
  facet normal -0.896776 0.442484 0
    outer loop
      vertex 76.6163 51.1791 11.8
      vertex 76.5526 51.05 9.31
      vertex 76.5526 51.05 11.8
    endloop
  endfacet
  facet normal -0.997864 0.0653198 0
    outer loop
      vertex 76.6906 51.4564 9.31
      vertex 76.7 51.6 11.8
      vertex 76.7 51.6 9.31
    endloop
  endfacet
  facet normal -0.997864 0.0653198 0
    outer loop
      vertex 76.7 51.6 11.8
      vertex 76.6906 51.4564 9.31
      vertex 76.6906 51.4564 11.8
    endloop
  endfacet
  facet normal 0.44276 0.89664 -0
    outer loop
      vertex 75.179 50.5837 9.31
      vertex 75.05 50.6474 11.8
      vertex 75.179 50.5837 11.8
    endloop
  endfacet
  facet normal 0.44276 0.89664 0
    outer loop
      vertex 75.05 50.6474 11.8
      vertex 75.179 50.5837 9.31
      vertex 75.05 50.6474 9.31
    endloop
  endfacet
  facet normal 0.0653198 0.997864 -0
    outer loop
      vertex 75.6 50.5 9.31
      vertex 75.4564 50.5094 11.8
      vertex 75.6 50.5 11.8
    endloop
  endfacet
  facet normal 0.0653198 0.997864 0
    outer loop
      vertex 75.4564 50.5094 11.8
      vertex 75.6 50.5 9.31
      vertex 75.4564 50.5094 9.31
    endloop
  endfacet
  facet normal 0.831515 0.555502 0
    outer loop
      vertex 74.7273 50.9304 11.8
      vertex 74.6474 51.05 9.31
      vertex 74.6474 51.05 11.8
    endloop
  endfacet
  facet normal 0.831515 0.555502 0
    outer loop
      vertex 74.6474 51.05 9.31
      vertex 74.7273 50.9304 11.8
      vertex 74.7273 50.9304 9.31
    endloop
  endfacet
  facet normal 0.980741 0.195314 0
    outer loop
      vertex 74.5375 51.3153 11.8
      vertex 74.5094 51.4564 9.31
      vertex 74.5094 51.4564 11.8
    endloop
  endfacet
  facet normal 0.980741 0.195314 0
    outer loop
      vertex 74.5094 51.4564 9.31
      vertex 74.5375 51.3153 11.8
      vertex 74.5375 51.3153 9.31
    endloop
  endfacet
  facet normal -0.997854 -0.0654821 0
    outer loop
      vertex 77.9 51.6 0
      vertex 77.8803 51.9002 9.31
      vertex 77.8803 51.9002 0
    endloop
  endfacet
  facet normal -0.997854 -0.0654821 0
    outer loop
      vertex 77.8803 51.9002 9.31
      vertex 77.9 51.6 0
      vertex 77.9 51.6 9.31
    endloop
  endfacet
  facet normal 0.997854 -0.0654821 0
    outer loop
      vertex 73.3 51.6 9.31
      vertex 73.3197 51.9002 0
      vertex 73.3197 51.9002 9.31
    endloop
  endfacet
  facet normal 0.997854 -0.0654821 0
    outer loop
      vertex 73.3197 51.9002 0
      vertex 73.3 51.6 9.31
      vertex 73.3 51.6 0
    endloop
  endfacet
  facet normal 0.0654821 -0.997854 0
    outer loop
      vertex 75.2998 53.8803 0
      vertex 75.6 53.9 9.31
      vertex 75.2998 53.8803 9.31
    endloop
  endfacet
  facet normal 0.0654821 -0.997854 0
    outer loop
      vertex 75.6 53.9 9.31
      vertex 75.2998 53.8803 0
      vertex 75.6 53.9 0
    endloop
  endfacet
  facet normal -0.0654821 0.997854 0
    outer loop
      vertex 75.9002 49.3197 0
      vertex 75.6 49.3 9.31
      vertex 75.9002 49.3197 9.31
    endloop
  endfacet
  facet normal -0.0654821 0.997854 0
    outer loop
      vertex 75.6 49.3 9.31
      vertex 75.9002 49.3197 0
      vertex 75.6 49.3 0
    endloop
  endfacet
  facet normal -0.751649 0.659563 0
    outer loop
      vertex 77.2263 49.9737 0
      vertex 77.4247 50.1998 9.31
      vertex 77.4247 50.1998 0
    endloop
  endfacet
  facet normal -0.751649 0.659563 0
    outer loop
      vertex 77.4247 50.1998 9.31
      vertex 77.2263 49.9737 0
      vertex 77.2263 49.9737 9.31
    endloop
  endfacet
  facet normal -0.659563 -0.751649 0
    outer loop
      vertex 77.0002 53.4247 0
      vertex 77.2263 53.2263 9.31
      vertex 77.0002 53.4247 9.31
    endloop
  endfacet
  facet normal -0.659563 -0.751649 -0
    outer loop
      vertex 77.2263 53.2263 9.31
      vertex 77.0002 53.4247 0
      vertex 77.2263 53.2263 0
    endloop
  endfacet
  facet normal 0.751649 -0.659563 0
    outer loop
      vertex 73.7753 53.0002 9.31
      vertex 73.9737 53.2263 0
      vertex 73.9737 53.2263 9.31
    endloop
  endfacet
  facet normal 0.751649 -0.659563 0
    outer loop
      vertex 73.9737 53.2263 0
      vertex 73.7753 53.0002 9.31
      vertex 73.7753 53.0002 0
    endloop
  endfacet
  facet normal 0.442153 -0.89694 0
    outer loop
      vertex 74.45 53.5919 0
      vertex 74.7198 53.7249 9.31
      vertex 74.45 53.5919 9.31
    endloop
  endfacet
  facet normal 0.442153 -0.89694 0
    outer loop
      vertex 74.7198 53.7249 9.31
      vertex 74.45 53.5919 0
      vertex 74.7198 53.7249 0
    endloop
  endfacet
  facet normal -0.89694 -0.442153 0
    outer loop
      vertex 77.7249 52.4802 0
      vertex 77.5919 52.75 9.31
      vertex 77.5919 52.75 0
    endloop
  endfacet
  facet normal -0.89694 -0.442153 0
    outer loop
      vertex 77.5919 52.75 9.31
      vertex 77.7249 52.4802 0
      vertex 77.7249 52.4802 9.31
    endloop
  endfacet
  facet normal -0.831436 -0.55562 0
    outer loop
      vertex 77.5919 52.75 0
      vertex 77.4247 53.0002 9.31
      vertex 77.4247 53.0002 0
    endloop
  endfacet
  facet normal -0.831436 -0.55562 0
    outer loop
      vertex 77.4247 53.0002 9.31
      vertex 77.5919 52.75 0
      vertex 77.5919 52.75 9.31
    endloop
  endfacet
  facet normal -0.321408 -0.946941 0
    outer loop
      vertex 76.1953 53.8216 0
      vertex 76.4802 53.7249 9.31
      vertex 76.1953 53.8216 9.31
    endloop
  endfacet
  facet normal -0.321408 -0.946941 -0
    outer loop
      vertex 76.4802 53.7249 9.31
      vertex 76.1953 53.8216 0
      vertex 76.4802 53.7249 0
    endloop
  endfacet
  facet normal -0.195093 -0.980785 0
    outer loop
      vertex 75.9002 53.8803 0
      vertex 76.1953 53.8216 9.31
      vertex 75.9002 53.8803 9.31
    endloop
  endfacet
  facet normal -0.195093 -0.980785 -0
    outer loop
      vertex 76.1953 53.8216 9.31
      vertex 75.9002 53.8803 0
      vertex 76.1953 53.8216 0
    endloop
  endfacet
  facet normal -0.442153 -0.89694 0
    outer loop
      vertex 76.4802 53.7249 0
      vertex 76.75 53.5919 9.31
      vertex 76.4802 53.7249 9.31
    endloop
  endfacet
  facet normal -0.442153 -0.89694 -0
    outer loop
      vertex 76.75 53.5919 9.31
      vertex 76.4802 53.7249 0
      vertex 76.75 53.5919 0
    endloop
  endfacet
  facet normal 0.89694 -0.442153 0
    outer loop
      vertex 73.4751 52.4802 9.31
      vertex 73.6081 52.75 0
      vertex 73.6081 52.75 9.31
    endloop
  endfacet
  facet normal 0.89694 -0.442153 0
    outer loop
      vertex 73.6081 52.75 0
      vertex 73.4751 52.4802 9.31
      vertex 73.4751 52.4802 0
    endloop
  endfacet
  facet normal 0.831436 -0.55562 0
    outer loop
      vertex 73.6081 52.75 9.31
      vertex 73.7753 53.0002 0
      vertex 73.7753 53.0002 9.31
    endloop
  endfacet
  facet normal 0.831436 -0.55562 0
    outer loop
      vertex 73.7753 53.0002 0
      vertex 73.6081 52.75 9.31
      vertex 73.6081 52.75 0
    endloop
  endfacet
  facet normal 0 0 -1
    outer loop
      vertex 76.7 51.6 9.31
      vertex 77.9 51.6 9.31
      vertex 77.8803 51.2998 9.31
    endloop
  endfacet
  facet normal 0 0 -1
    outer loop
      vertex 76.6906 51.4564 9.31
      vertex 77.8803 51.2998 9.31
      vertex 77.8216 51.0047 9.31
    endloop
  endfacet
  facet normal 0 0 -1
    outer loop
      vertex 77.9 51.6 9.31
      vertex 76.7 51.6 9.31
      vertex 77.8803 51.9002 9.31
    endloop
  endfacet
  facet normal 0 0 -1
    outer loop
      vertex 76.6625 51.3153 9.31
      vertex 77.8216 51.0047 9.31
      vertex 77.7249 50.7198 9.31
    endloop
  endfacet
  facet normal 0 0 -1
    outer loop
      vertex 76.6906 51.7436 9.31
      vertex 77.8803 51.9002 9.31
      vertex 76.7 51.6 9.31
    endloop
  endfacet
  facet normal 0 0 -1
    outer loop
      vertex 76.6163 51.1791 9.31
      vertex 77.7249 50.7198 9.31
      vertex 77.5919 50.45 9.31
    endloop
  endfacet
  facet normal -0 0 -1
    outer loop
      vertex 77.8803 51.9002 9.31
      vertex 76.6906 51.7436 9.31
      vertex 77.8216 52.1953 9.31
    endloop
  endfacet
  facet normal 0 0 -1
    outer loop
      vertex 76.5526 51.05 9.31
      vertex 77.5919 50.45 9.31
      vertex 77.4247 50.1998 9.31
    endloop
  endfacet
  facet normal 0 0 -1
    outer loop
      vertex 76.6625 51.8847 9.31
      vertex 77.8216 52.1953 9.31
      vertex 76.6906 51.7436 9.31
    endloop
  endfacet
  facet normal 0 0 -1
    outer loop
      vertex 76.4727 50.9304 9.31
      vertex 77.4247 50.1998 9.31
      vertex 77.2263 49.9737 9.31
    endloop
  endfacet
  facet normal -0 0 -1
    outer loop
      vertex 77.8216 52.1953 9.31
      vertex 76.6625 51.8847 9.31
      vertex 77.7249 52.4802 9.31
    endloop
  endfacet
  facet normal 0 0 -1
    outer loop
      vertex 76.3778 50.8222 9.31
      vertex 77.2263 49.9737 9.31
      vertex 77.0002 49.7753 9.31
    endloop
  endfacet
  facet normal 0 0 -1
    outer loop
      vertex 76.6163 52.021 9.31
      vertex 77.7249 52.4802 9.31
      vertex 76.6625 51.8847 9.31
    endloop
  endfacet
  facet normal 0 0 -1
    outer loop
      vertex 76.2696 50.7273 9.31
      vertex 77.0002 49.7753 9.31
      vertex 76.75 49.6081 9.31
    endloop
  endfacet
  facet normal -0 0 -1
    outer loop
      vertex 77.7249 52.4802 9.31
      vertex 76.6163 52.021 9.31
      vertex 77.5919 52.75 9.31
    endloop
  endfacet
  facet normal 0 0 -1
    outer loop
      vertex 76.5526 52.15 9.31
      vertex 77.5919 52.75 9.31
      vertex 76.6163 52.021 9.31
    endloop
  endfacet
  facet normal 0 0 -1
    outer loop
      vertex 77.8803 51.2998 9.31
      vertex 76.6906 51.4564 9.31
      vertex 76.7 51.6 9.31
    endloop
  endfacet
  facet normal 0 0 -1
    outer loop
      vertex 77.8216 51.0047 9.31
      vertex 76.6625 51.3153 9.31
      vertex 76.6906 51.4564 9.31
    endloop
  endfacet
  facet normal 0 0 -1
    outer loop
      vertex 77.7249 50.7198 9.31
      vertex 76.6163 51.1791 9.31
      vertex 76.6625 51.3153 9.31
    endloop
  endfacet
  facet normal 0 0 -1
    outer loop
      vertex 77.5919 50.45 9.31
      vertex 76.5526 51.05 9.31
      vertex 76.6163 51.1791 9.31
    endloop
  endfacet
  facet normal 0 0 -1
    outer loop
      vertex 76.15 50.6474 9.31
      vertex 76.75 49.6081 9.31
      vertex 76.4802 49.4751 9.31
    endloop
  endfacet
  facet normal 0 0 -1
    outer loop
      vertex 77.4247 50.1998 9.31
      vertex 76.4727 50.9304 9.31
      vertex 76.5526 51.05 9.31
    endloop
  endfacet
  facet normal 0 0 -1
    outer loop
      vertex 77.2263 49.9737 9.31
      vertex 76.3778 50.8222 9.31
      vertex 76.4727 50.9304 9.31
    endloop
  endfacet
  facet normal 0 0 -1
    outer loop
      vertex 77.0002 49.7753 9.31
      vertex 76.2696 50.7273 9.31
      vertex 76.3778 50.8222 9.31
    endloop
  endfacet
  facet normal 0 0 -1
    outer loop
      vertex 76.021 50.5837 9.31
      vertex 76.4802 49.4751 9.31
      vertex 76.1953 49.3784 9.31
    endloop
  endfacet
  facet normal 0 0 -1
    outer loop
      vertex 76.75 49.6081 9.31
      vertex 76.15 50.6474 9.31
      vertex 76.2696 50.7273 9.31
    endloop
  endfacet
  facet normal 0 0 -1
    outer loop
      vertex 76.4802 49.4751 9.31
      vertex 76.021 50.5837 9.31
      vertex 76.15 50.6474 9.31
    endloop
  endfacet
  facet normal 0 0 -1
    outer loop
      vertex 75.8847 50.5375 9.31
      vertex 76.1953 49.3784 9.31
      vertex 75.9002 49.3197 9.31
    endloop
  endfacet
  facet normal 0 0 -1
    outer loop
      vertex 76.1953 49.3784 9.31
      vertex 75.8847 50.5375 9.31
      vertex 76.021 50.5837 9.31
    endloop
  endfacet
  facet normal 0 0 -1
    outer loop
      vertex 75.9002 49.3197 9.31
      vertex 75.7436 50.5094 9.31
      vertex 75.8847 50.5375 9.31
    endloop
  endfacet
  facet normal 0 0 -1
    outer loop
      vertex 75.6 49.3 9.31
      vertex 75.7436 50.5094 9.31
      vertex 75.9002 49.3197 9.31
    endloop
  endfacet
  facet normal 0 0 -1
    outer loop
      vertex 75.6 49.3 9.31
      vertex 75.6 50.5 9.31
      vertex 75.7436 50.5094 9.31
    endloop
  endfacet
  facet normal 0 0 -1
    outer loop
      vertex 75.6 49.3 9.31
      vertex 75.4564 50.5094 9.31
      vertex 75.6 50.5 9.31
    endloop
  endfacet
  facet normal 0 0 -1
    outer loop
      vertex 75.2998 49.3197 9.31
      vertex 75.4564 50.5094 9.31
      vertex 75.6 49.3 9.31
    endloop
  endfacet
  facet normal -0 0 -1
    outer loop
      vertex 75.4564 50.5094 9.31
      vertex 75.2998 49.3197 9.31
      vertex 75.3153 50.5375 9.31
    endloop
  endfacet
  facet normal 0 0 -1
    outer loop
      vertex 75.0047 49.3784 9.31
      vertex 75.3153 50.5375 9.31
      vertex 75.2998 49.3197 9.31
    endloop
  endfacet
  facet normal -0 0 -1
    outer loop
      vertex 75.3153 50.5375 9.31
      vertex 75.0047 49.3784 9.31
      vertex 75.179 50.5837 9.31
    endloop
  endfacet
  facet normal 0 0 -1
    outer loop
      vertex 74.7198 49.4751 9.31
      vertex 75.179 50.5837 9.31
      vertex 75.0047 49.3784 9.31
    endloop
  endfacet
  facet normal -0 0 -1
    outer loop
      vertex 75.179 50.5837 9.31
      vertex 74.7198 49.4751 9.31
      vertex 75.05 50.6474 9.31
    endloop
  endfacet
  facet normal 0 0 -1
    outer loop
      vertex 74.45 49.6081 9.31
      vertex 75.05 50.6474 9.31
      vertex 74.7198 49.4751 9.31
    endloop
  endfacet
  facet normal -0 0 -1
    outer loop
      vertex 75.05 50.6474 9.31
      vertex 74.45 49.6081 9.31
      vertex 74.9304 50.7273 9.31
    endloop
  endfacet
  facet normal 0 0 -1
    outer loop
      vertex 74.1999 49.7753 9.31
      vertex 74.9304 50.7273 9.31
      vertex 74.45 49.6081 9.31
    endloop
  endfacet
  facet normal -0 0 -1
    outer loop
      vertex 74.9304 50.7273 9.31
      vertex 74.1999 49.7753 9.31
      vertex 74.8222 50.8222 9.31
    endloop
  endfacet
  facet normal 0 0 -1
    outer loop
      vertex 73.9737 49.9737 9.31
      vertex 74.8222 50.8222 9.31
      vertex 74.1999 49.7753 9.31
    endloop
  endfacet
  facet normal -0 0 -1
    outer loop
      vertex 74.8222 50.8222 9.31
      vertex 73.9737 49.9737 9.31
      vertex 74.7273 50.9304 9.31
    endloop
  endfacet
  facet normal 0 0 -1
    outer loop
      vertex 73.7753 50.1998 9.31
      vertex 74.7273 50.9304 9.31
      vertex 73.9737 49.9737 9.31
    endloop
  endfacet
  facet normal 0 0 -1
    outer loop
      vertex 73.6081 50.45 9.31
      vertex 74.6474 51.05 9.31
      vertex 73.7753 50.1998 9.31
    endloop
  endfacet
  facet normal -0 0 -1
    outer loop
      vertex 74.7273 50.9304 9.31
      vertex 73.7753 50.1998 9.31
      vertex 74.6474 51.05 9.31
    endloop
  endfacet
  facet normal -0 0 -1
    outer loop
      vertex 77.5919 52.75 9.31
      vertex 76.5526 52.15 9.31
      vertex 77.4247 53.0002 9.31
    endloop
  endfacet
  facet normal 0 0 -1
    outer loop
      vertex 76.4727 52.2696 9.31
      vertex 77.4247 53.0002 9.31
      vertex 76.5526 52.15 9.31
    endloop
  endfacet
  facet normal -0 0 -1
    outer loop
      vertex 77.4247 53.0002 9.31
      vertex 76.4727 52.2696 9.31
      vertex 77.2263 53.2263 9.31
    endloop
  endfacet
  facet normal 0 0 -1
    outer loop
      vertex 76.3778 52.3778 9.31
      vertex 77.2263 53.2263 9.31
      vertex 76.4727 52.2696 9.31
    endloop
  endfacet
  facet normal -0 0 -1
    outer loop
      vertex 77.2263 53.2263 9.31
      vertex 76.3778 52.3778 9.31
      vertex 77.0002 53.4247 9.31
    endloop
  endfacet
  facet normal 0 0 -1
    outer loop
      vertex 76.2696 52.4727 9.31
      vertex 77.0002 53.4247 9.31
      vertex 76.3778 52.3778 9.31
    endloop
  endfacet
  facet normal -0 0 -1
    outer loop
      vertex 77.0002 53.4247 9.31
      vertex 76.2696 52.4727 9.31
      vertex 76.75 53.5919 9.31
    endloop
  endfacet
  facet normal 0 0 -1
    outer loop
      vertex 76.15 52.5526 9.31
      vertex 76.75 53.5919 9.31
      vertex 76.2696 52.4727 9.31
    endloop
  endfacet
  facet normal -0 0 -1
    outer loop
      vertex 76.75 53.5919 9.31
      vertex 76.15 52.5526 9.31
      vertex 76.4802 53.7249 9.31
    endloop
  endfacet
  facet normal 0 0 -1
    outer loop
      vertex 76.021 52.6163 9.31
      vertex 76.4802 53.7249 9.31
      vertex 76.15 52.5526 9.31
    endloop
  endfacet
  facet normal -0 0 -1
    outer loop
      vertex 76.4802 53.7249 9.31
      vertex 76.021 52.6163 9.31
      vertex 76.1953 53.8216 9.31
    endloop
  endfacet
  facet normal 0 0 -1
    outer loop
      vertex 75.8847 52.6625 9.31
      vertex 76.1953 53.8216 9.31
      vertex 76.021 52.6163 9.31
    endloop
  endfacet
  facet normal -0 0 -1
    outer loop
      vertex 76.1953 53.8216 9.31
      vertex 75.8847 52.6625 9.31
      vertex 75.9002 53.8803 9.31
    endloop
  endfacet
  facet normal 0 0 -1
    outer loop
      vertex 75.7436 52.6906 9.31
      vertex 75.9002 53.8803 9.31
      vertex 75.8847 52.6625 9.31
    endloop
  endfacet
  facet normal 0 0 -1
    outer loop
      vertex 75.6 52.7 9.31
      vertex 75.9002 53.8803 9.31
      vertex 75.7436 52.6906 9.31
    endloop
  endfacet
  facet normal 0 0 -1
    outer loop
      vertex 75.6 52.7 9.31
      vertex 75.6 53.9 9.31
      vertex 75.9002 53.8803 9.31
    endloop
  endfacet
  facet normal 0 0 -1
    outer loop
      vertex 75.4564 52.6906 9.31
      vertex 75.6 53.9 9.31
      vertex 75.6 52.7 9.31
    endloop
  endfacet
  facet normal 0 0 -1
    outer loop
      vertex 75.2998 53.8803 9.31
      vertex 75.4564 52.6906 9.31
      vertex 75.3153 52.6625 9.31
    endloop
  endfacet
  facet normal 0 0 -1
    outer loop
      vertex 75.4564 52.6906 9.31
      vertex 75.2998 53.8803 9.31
      vertex 75.6 53.9 9.31
    endloop
  endfacet
  facet normal 0 0 -1
    outer loop
      vertex 75.0047 53.8216 9.31
      vertex 75.3153 52.6625 9.31
      vertex 75.179 52.6163 9.31
    endloop
  endfacet
  facet normal 0 0 -1
    outer loop
      vertex 74.7198 53.7249 9.31
      vertex 75.179 52.6163 9.31
      vertex 75.05 52.5526 9.31
    endloop
  endfacet
  facet normal 0 0 -1
    outer loop
      vertex 75.3153 52.6625 9.31
      vertex 75.0047 53.8216 9.31
      vertex 75.2998 53.8803 9.31
    endloop
  endfacet
  facet normal 0 0 -1
    outer loop
      vertex 74.45 53.5919 9.31
      vertex 75.05 52.5526 9.31
      vertex 74.9304 52.4727 9.31
    endloop
  endfacet
  facet normal 0 0 -1
    outer loop
      vertex 74.1999 53.4247 9.31
      vertex 74.9304 52.4727 9.31
      vertex 74.8222 52.3778 9.31
    endloop
  endfacet
  facet normal 0 0 -1
    outer loop
      vertex 73.9737 53.2263 9.31
      vertex 74.8222 52.3778 9.31
      vertex 74.7273 52.2696 9.31
    endloop
  endfacet
  facet normal 0 0 -1
    outer loop
      vertex 75.179 52.6163 9.31
      vertex 74.7198 53.7249 9.31
      vertex 75.0047 53.8216 9.31
    endloop
  endfacet
  facet normal 0 0 -1
    outer loop
      vertex 73.7753 53.0002 9.31
      vertex 74.7273 52.2696 9.31
      vertex 74.6474 52.15 9.31
    endloop
  endfacet
  facet normal 0 0 -1
    outer loop
      vertex 73.6081 52.75 9.31
      vertex 74.6474 52.15 9.31
      vertex 74.5837 52.021 9.31
    endloop
  endfacet
  facet normal 0 0 -1
    outer loop
      vertex 73.4751 52.4802 9.31
      vertex 74.5837 52.021 9.31
      vertex 74.5375 51.8847 9.31
    endloop
  endfacet
  facet normal 0 0 -1
    outer loop
      vertex 73.3784 52.1953 9.31
      vertex 74.5375 51.8847 9.31
      vertex 74.5094 51.7436 9.31
    endloop
  endfacet
  facet normal 0 0 -1
    outer loop
      vertex 75.05 52.5526 9.31
      vertex 74.45 53.5919 9.31
      vertex 74.7198 53.7249 9.31
    endloop
  endfacet
  facet normal 0 0 -1
    outer loop
      vertex 73.3197 51.9002 9.31
      vertex 74.5094 51.7436 9.31
      vertex 74.5 51.6 9.31
    endloop
  endfacet
  facet normal -0 0 -1
    outer loop
      vertex 74.6474 51.05 9.31
      vertex 73.6081 50.45 9.31
      vertex 74.5837 51.1791 9.31
    endloop
  endfacet
  facet normal 0 0 -1
    outer loop
      vertex 73.4751 50.7198 9.31
      vertex 74.5837 51.1791 9.31
      vertex 73.6081 50.45 9.31
    endloop
  endfacet
  facet normal 0 0 -1
    outer loop
      vertex 74.9304 52.4727 9.31
      vertex 74.1999 53.4247 9.31
      vertex 74.45 53.5919 9.31
    endloop
  endfacet
  facet normal -0 0 -1
    outer loop
      vertex 74.5837 51.1791 9.31
      vertex 73.4751 50.7198 9.31
      vertex 74.5375 51.3153 9.31
    endloop
  endfacet
  facet normal 0 0 -1
    outer loop
      vertex 74.8222 52.3778 9.31
      vertex 73.9737 53.2263 9.31
      vertex 74.1999 53.4247 9.31
    endloop
  endfacet
  facet normal 0 0 -1
    outer loop
      vertex 73.3784 51.0047 9.31
      vertex 74.5375 51.3153 9.31
      vertex 73.4751 50.7198 9.31
    endloop
  endfacet
  facet normal 0 0 -1
    outer loop
      vertex 74.7273 52.2696 9.31
      vertex 73.7753 53.0002 9.31
      vertex 73.9737 53.2263 9.31
    endloop
  endfacet
  facet normal -0 0 -1
    outer loop
      vertex 74.5375 51.3153 9.31
      vertex 73.3784 51.0047 9.31
      vertex 74.5094 51.4564 9.31
    endloop
  endfacet
  facet normal 0 0 -1
    outer loop
      vertex 74.6474 52.15 9.31
      vertex 73.6081 52.75 9.31
      vertex 73.7753 53.0002 9.31
    endloop
  endfacet
  facet normal 0 0 -1
    outer loop
      vertex 73.3197 51.2998 9.31
      vertex 74.5094 51.4564 9.31
      vertex 73.3784 51.0047 9.31
    endloop
  endfacet
  facet normal 0 0 -1
    outer loop
      vertex 74.5837 52.021 9.31
      vertex 73.4751 52.4802 9.31
      vertex 73.6081 52.75 9.31
    endloop
  endfacet
  facet normal -0 0 -1
    outer loop
      vertex 74.5094 51.4564 9.31
      vertex 73.3197 51.2998 9.31
      vertex 74.5 51.6 9.31
    endloop
  endfacet
  facet normal 0 0 -1
    outer loop
      vertex 74.5375 51.8847 9.31
      vertex 73.3784 52.1953 9.31
      vertex 73.4751 52.4802 9.31
    endloop
  endfacet
  facet normal 0 0 -1
    outer loop
      vertex 73.3 51.6 9.31
      vertex 74.5 51.6 9.31
      vertex 73.3197 51.2998 9.31
    endloop
  endfacet
  facet normal 0 0 -1
    outer loop
      vertex 74.5094 51.7436 9.31
      vertex 73.3197 51.9002 9.31
      vertex 73.3784 52.1953 9.31
    endloop
  endfacet
  facet normal 0 0 -1
    outer loop
      vertex 74.5 51.6 9.31
      vertex 73.3 51.6 9.31
      vertex 73.3197 51.9002 9.31
    endloop
  endfacet
  facet normal 0.555774 -0.831334 0
    outer loop
      vertex 74.1999 53.4247 0
      vertex 74.45 53.5919 9.31
      vertex 74.1999 53.4247 9.31
    endloop
  endfacet
  facet normal 0.555774 -0.831334 0
    outer loop
      vertex 74.45 53.5919 9.31
      vertex 74.1999 53.4247 0
      vertex 74.45 53.5919 0
    endloop
  endfacet
  facet normal 0.321408 -0.946941 0
    outer loop
      vertex 74.7198 53.7249 0
      vertex 75.0047 53.8216 9.31
      vertex 74.7198 53.7249 9.31
    endloop
  endfacet
  facet normal 0.321408 -0.946941 0
    outer loop
      vertex 75.0047 53.8216 9.31
      vertex 74.7198 53.7249 0
      vertex 75.0047 53.8216 0
    endloop
  endfacet
  facet normal -0.195093 0.980785 0
    outer loop
      vertex 76.1953 49.3784 0
      vertex 75.9002 49.3197 9.31
      vertex 76.1953 49.3784 9.31
    endloop
  endfacet
  facet normal -0.195093 0.980785 0
    outer loop
      vertex 75.9002 49.3197 9.31
      vertex 76.1953 49.3784 0
      vertex 75.9002 49.3197 0
    endloop
  endfacet
  facet normal -0.442153 0.89694 0
    outer loop
      vertex 76.75 49.6081 0
      vertex 76.4802 49.4751 9.31
      vertex 76.75 49.6081 9.31
    endloop
  endfacet
  facet normal -0.442153 0.89694 0
    outer loop
      vertex 76.4802 49.4751 9.31
      vertex 76.75 49.6081 0
      vertex 76.4802 49.4751 0
    endloop
  endfacet
  facet normal -0.946941 -0.321408 0
    outer loop
      vertex 77.8216 52.1953 0
      vertex 77.7249 52.4802 9.31
      vertex 77.7249 52.4802 0
    endloop
  endfacet
  facet normal -0.946941 -0.321408 0
    outer loop
      vertex 77.7249 52.4802 9.31
      vertex 77.8216 52.1953 0
      vertex 77.8216 52.1953 9.31
    endloop
  endfacet
  facet normal -0.980785 -0.195093 0
    outer loop
      vertex 77.8803 51.9002 0
      vertex 77.8216 52.1953 9.31
      vertex 77.8216 52.1953 0
    endloop
  endfacet
  facet normal -0.980785 -0.195093 0
    outer loop
      vertex 77.8216 52.1953 9.31
      vertex 77.8803 51.9002 0
      vertex 77.8803 51.9002 9.31
    endloop
  endfacet
  facet normal -0.751649 -0.659563 0
    outer loop
      vertex 77.4247 53.0002 0
      vertex 77.2263 53.2263 9.31
      vertex 77.2263 53.2263 0
    endloop
  endfacet
  facet normal -0.751649 -0.659563 0
    outer loop
      vertex 77.2263 53.2263 9.31
      vertex 77.4247 53.0002 0
      vertex 77.4247 53.0002 9.31
    endloop
  endfacet
  facet normal -0.0654821 -0.997854 0
    outer loop
      vertex 75.6 53.9 0
      vertex 75.9002 53.8803 9.31
      vertex 75.6 53.9 9.31
    endloop
  endfacet
  facet normal -0.0654821 -0.997854 -0
    outer loop
      vertex 75.9002 53.8803 9.31
      vertex 75.6 53.9 0
      vertex 75.9002 53.8803 0
    endloop
  endfacet
  facet normal -0.55562 -0.831436 0
    outer loop
      vertex 76.75 53.5919 0
      vertex 77.0002 53.4247 9.31
      vertex 76.75 53.5919 9.31
    endloop
  endfacet
  facet normal -0.55562 -0.831436 -0
    outer loop
      vertex 77.0002 53.4247 9.31
      vertex 76.75 53.5919 0
      vertex 77.0002 53.4247 0
    endloop
  endfacet
  facet normal 0.946941 -0.321408 0
    outer loop
      vertex 73.3784 52.1953 9.31
      vertex 73.4751 52.4802 0
      vertex 73.4751 52.4802 9.31
    endloop
  endfacet
  facet normal 0.946941 -0.321408 0
    outer loop
      vertex 73.4751 52.4802 0
      vertex 73.3784 52.1953 9.31
      vertex 73.3784 52.1953 0
    endloop
  endfacet
  facet normal 0.980785 -0.195093 0
    outer loop
      vertex 73.3197 51.9002 9.31
      vertex 73.3784 52.1953 0
      vertex 73.3784 52.1953 9.31
    endloop
  endfacet
  facet normal 0.980785 -0.195093 0
    outer loop
      vertex 73.3784 52.1953 0
      vertex 73.3197 51.9002 9.31
      vertex 73.3197 51.9002 0
    endloop
  endfacet
  facet normal 0.659398 -0.751794 0
    outer loop
      vertex 73.9737 53.2263 0
      vertex 74.1999 53.4247 9.31
      vertex 73.9737 53.2263 9.31
    endloop
  endfacet
  facet normal 0.659398 -0.751794 0
    outer loop
      vertex 74.1999 53.4247 9.31
      vertex 73.9737 53.2263 0
      vertex 74.1999 53.4247 0
    endloop
  endfacet
  facet normal 0.195093 -0.980785 0
    outer loop
      vertex 75.0047 53.8216 0
      vertex 75.2998 53.8803 9.31
      vertex 75.0047 53.8216 9.31
    endloop
  endfacet
  facet normal 0.195093 -0.980785 0
    outer loop
      vertex 75.2998 53.8803 9.31
      vertex 75.0047 53.8216 0
      vertex 75.2998 53.8803 0
    endloop
  endfacet
  facet normal -0.997854 0.0654821 0
    outer loop
      vertex 77.8803 51.2998 0
      vertex 77.9 51.6 9.31
      vertex 77.9 51.6 0
    endloop
  endfacet
  facet normal -0.997854 0.0654821 0
    outer loop
      vertex 77.9 51.6 9.31
      vertex 77.8803 51.2998 0
      vertex 77.8803 51.2998 9.31
    endloop
  endfacet
  facet normal -0.946941 0.321408 0
    outer loop
      vertex 77.7249 50.7198 0
      vertex 77.8216 51.0047 9.31
      vertex 77.8216 51.0047 0
    endloop
  endfacet
  facet normal -0.946941 0.321408 0
    outer loop
      vertex 77.8216 51.0047 9.31
      vertex 77.7249 50.7198 0
      vertex 77.7249 50.7198 9.31
    endloop
  endfacet
  facet normal -0.980785 0.195093 0
    outer loop
      vertex 77.8216 51.0047 0
      vertex 77.8803 51.2998 9.31
      vertex 77.8803 51.2998 0
    endloop
  endfacet
  facet normal -0.980785 0.195093 0
    outer loop
      vertex 77.8803 51.2998 9.31
      vertex 77.8216 51.0047 0
      vertex 77.8216 51.0047 9.31
    endloop
  endfacet
  facet normal 0.89694 0.442153 0
    outer loop
      vertex 73.6081 50.45 9.31
      vertex 73.4751 50.7198 0
      vertex 73.4751 50.7198 9.31
    endloop
  endfacet
  facet normal 0.89694 0.442153 0
    outer loop
      vertex 73.4751 50.7198 0
      vertex 73.6081 50.45 9.31
      vertex 73.6081 50.45 0
    endloop
  endfacet
  facet normal 0.997854 0.0654821 0
    outer loop
      vertex 73.3197 51.2998 9.31
      vertex 73.3 51.6 0
      vertex 73.3 51.6 9.31
    endloop
  endfacet
  facet normal 0.997854 0.0654821 0
    outer loop
      vertex 73.3 51.6 0
      vertex 73.3197 51.2998 9.31
      vertex 73.3197 51.2998 0
    endloop
  endfacet
  facet normal -0.55562 0.831436 0
    outer loop
      vertex 77.0002 49.7753 0
      vertex 76.75 49.6081 9.31
      vertex 77.0002 49.7753 9.31
    endloop
  endfacet
  facet normal -0.55562 0.831436 0
    outer loop
      vertex 76.75 49.6081 9.31
      vertex 77.0002 49.7753 0
      vertex 76.75 49.6081 0
    endloop
  endfacet
  facet normal -0.831436 0.55562 0
    outer loop
      vertex 77.4247 50.1998 0
      vertex 77.5919 50.45 9.31
      vertex 77.5919 50.45 0
    endloop
  endfacet
  facet normal -0.831436 0.55562 0
    outer loop
      vertex 77.5919 50.45 9.31
      vertex 77.4247 50.1998 0
      vertex 77.4247 50.1998 9.31
    endloop
  endfacet
  facet normal 0.980785 0.195093 0
    outer loop
      vertex 73.3784 51.0047 9.31
      vertex 73.3197 51.2998 0
      vertex 73.3197 51.2998 9.31
    endloop
  endfacet
  facet normal 0.980785 0.195093 0
    outer loop
      vertex 73.3197 51.2998 0
      vertex 73.3784 51.0047 9.31
      vertex 73.3784 51.0047 0
    endloop
  endfacet
  facet normal 0.946941 0.321408 0
    outer loop
      vertex 73.4751 50.7198 9.31
      vertex 73.3784 51.0047 0
      vertex 73.3784 51.0047 9.31
    endloop
  endfacet
  facet normal 0.946941 0.321408 0
    outer loop
      vertex 73.3784 51.0047 0
      vertex 73.4751 50.7198 9.31
      vertex 73.4751 50.7198 0
    endloop
  endfacet
  facet normal -0.659563 0.751649 0
    outer loop
      vertex 77.2263 49.9737 0
      vertex 77.0002 49.7753 9.31
      vertex 77.2263 49.9737 9.31
    endloop
  endfacet
  facet normal -0.659563 0.751649 0
    outer loop
      vertex 77.0002 49.7753 9.31
      vertex 77.2263 49.9737 0
      vertex 77.0002 49.7753 0
    endloop
  endfacet
  facet normal -0.321408 0.946941 0
    outer loop
      vertex 76.4802 49.4751 0
      vertex 76.1953 49.3784 9.31
      vertex 76.4802 49.4751 9.31
    endloop
  endfacet
  facet normal -0.321408 0.946941 0
    outer loop
      vertex 76.1953 49.3784 9.31
      vertex 76.4802 49.4751 0
      vertex 76.1953 49.3784 0
    endloop
  endfacet
  facet normal -0.89694 0.442153 0
    outer loop
      vertex 77.5919 50.45 0
      vertex 77.7249 50.7198 9.31
      vertex 77.7249 50.7198 0
    endloop
  endfacet
  facet normal -0.89694 0.442153 0
    outer loop
      vertex 77.7249 50.7198 9.31
      vertex 77.5919 50.45 0
      vertex 77.5919 50.45 9.31
    endloop
  endfacet
  facet normal 0.321408 0.946941 -0
    outer loop
      vertex 75.0047 49.3784 0
      vertex 74.7198 49.4751 9.31
      vertex 75.0047 49.3784 9.31
    endloop
  endfacet
  facet normal 0.321408 0.946941 0
    outer loop
      vertex 74.7198 49.4751 9.31
      vertex 75.0047 49.3784 0
      vertex 74.7198 49.4751 0
    endloop
  endfacet
  facet normal 0.195093 0.980785 -0
    outer loop
      vertex 75.2998 49.3197 0
      vertex 75.0047 49.3784 9.31
      vertex 75.2998 49.3197 9.31
    endloop
  endfacet
  facet normal 0.195093 0.980785 0
    outer loop
      vertex 75.0047 49.3784 9.31
      vertex 75.2998 49.3197 0
      vertex 75.0047 49.3784 0
    endloop
  endfacet
  facet normal 0.751649 0.659563 0
    outer loop
      vertex 73.9737 49.9737 9.31
      vertex 73.7753 50.1998 0
      vertex 73.7753 50.1998 9.31
    endloop
  endfacet
  facet normal 0.751649 0.659563 0
    outer loop
      vertex 73.7753 50.1998 0
      vertex 73.9737 49.9737 9.31
      vertex 73.9737 49.9737 0
    endloop
  endfacet
  facet normal 0.659398 0.751794 -0
    outer loop
      vertex 74.1999 49.7753 0
      vertex 73.9737 49.9737 9.31
      vertex 74.1999 49.7753 9.31
    endloop
  endfacet
  facet normal 0.659398 0.751794 0
    outer loop
      vertex 73.9737 49.9737 9.31
      vertex 74.1999 49.7753 0
      vertex 73.9737 49.9737 0
    endloop
  endfacet
  facet normal 0.0654821 0.997854 -0
    outer loop
      vertex 75.6 49.3 0
      vertex 75.2998 49.3197 9.31
      vertex 75.6 49.3 9.31
    endloop
  endfacet
  facet normal 0.0654821 0.997854 0
    outer loop
      vertex 75.2998 49.3197 9.31
      vertex 75.6 49.3 0
      vertex 75.2998 49.3197 0
    endloop
  endfacet
  facet normal 0.831436 0.55562 0
    outer loop
      vertex 73.7753 50.1998 9.31
      vertex 73.6081 50.45 0
      vertex 73.6081 50.45 9.31
    endloop
  endfacet
  facet normal 0.831436 0.55562 0
    outer loop
      vertex 73.6081 50.45 0
      vertex 73.7753 50.1998 9.31
      vertex 73.7753 50.1998 0
    endloop
  endfacet
  facet normal 0.442153 0.89694 -0
    outer loop
      vertex 74.7198 49.4751 0
      vertex 74.45 49.6081 9.31
      vertex 74.7198 49.4751 9.31
    endloop
  endfacet
  facet normal 0.442153 0.89694 0
    outer loop
      vertex 74.45 49.6081 9.31
      vertex 74.7198 49.4751 0
      vertex 74.45 49.6081 0
    endloop
  endfacet
  facet normal 0.555774 0.831334 -0
    outer loop
      vertex 74.45 49.6081 0
      vertex 74.1999 49.7753 9.31
      vertex 74.45 49.6081 9.31
    endloop
  endfacet
  facet normal 0.555774 0.831334 0
    outer loop
      vertex 74.1999 49.7753 9.31
      vertex 74.45 49.6081 0
      vertex 74.1999 49.7753 0
    endloop
  endfacet
endsolid OpenSCAD_Model
